Sl.No,Project Code,Project Name,Agency,State,Date of Approval (MM/YYYY),Start Date (MM/YYYY),Original DoC (MM/YYYY),Revised DoC (MM/YYYY),Original Cost (Rs. Crore),Revised Cost (Rs. Crore),Cumulative Expenditure (Rs. Crore),DEC25 progress (%),Sector
1,612786,"Construction of New Domestic Terminal Building Building and miscellaneous works including maintenance, operations and AICMC at Kadapa Airport",Airport Authority of India [AAI],Andhra Pradesh,03/2023,01/2024,01/2026,03/2026,265.91,265.91,88.87,46,Aviation & Aviation Infrastructure
2,701107,Construction of New Integrated Terminal Building and associated works including apron to park 3 code E type of aircraft or 6 code C type of aircraft at Vijayawada Airport.,Airport Authority of India [AAI],Andhra Pradesh,06/2020,09/2020,09/2022,03/2026,611.8,611.8,523.14,87,Aviation & Aviation Infrastructure
3,701121,Construction of New Domestic Terminal Building at Rajahmundry Airport.,Airport Authority of India [AAI],Andhra Pradesh,12/2022,08/2023,08/2025,03/2026,347.15,347.15,129.31,68,Aviation & Aviation Infrastructure
4,706724,Guwahati Airport New Integrated Terminal Building Construction Project,Adani Airport Holdings Limited,Assam,12/2016,03/2018,03/2025,03/2026,1712,2520,2514.59,96,Aviation & Aviation Infrastructure
5,612183,Development of New Civil Enclave at Bihta,Airport Authority of India [AAI],Bihar,08/2024,03/2025,03/2027,-,1413,1413,0,1,Aviation & Aviation Infrastructure
6,612194,Development of New Civil Enclave and associated works at Darbhanga Airport,Airport Authority of India [AAI],Bihar,07/2024,07/2024,07/2026,-,911.66,911.66,258.93,48,Aviation & Aviation Infrastructure
7,701101,"Construction of New Domestic Terminal Building [Phase-I and II] and other allied structures at JPNI Airport, Patna",Airport Authority of India [AAI],Bihar,12/2018,10/2018,07/2023,05/2026,1216.9,1216.9,1166.71,97,Aviation & Aviation Infrastructure
8,701105,Goa Airport Terminal Building Extension Project,Airport Authority of India [AAI],Goa,11/2017,12/2019,12/2021,01/2026,255.69,255.69,154.3,98,Aviation & Aviation Infrastructure
9,701126,"Development of Dholera International Greenfield Airport , Gujarat",Airport Authority of India [AAI],Gujarat,06/2022,07/2022,06/2026,06/2026,1305,1551,739.77,72,Aviation & Aviation Infrastructure
10,611047,"Construction of NTB complex including apron, taxi track and other associated civil works and electrical & mechanical installations towards Tawi River side at CA Jammu.",Airport Authority of India [AAI],Jammu and Kashmir,07/2022,07/2023,06/2026,06/2026,861.37,861.37,248.88,42,Aviation & Aviation Infrastructure
11,612787,Construction of New Domestic Terminal Building and Miscellaneous works at Hubli Airport,Airport Authority of India [AAI],Karnataka,06/2023,01/2024,01/2026,03/2026,320.47,320.47,99.39,59,Aviation & Aviation Infrastructure
12,612788,Construction of New Domestic Terminal Building and Miscellaneous Works at Belagavi Airport.,Airport Authority of India [AAI],Karnataka,06/2023,02/2024,01/2026,04/2026,322.45,322.45,152.09,67,Aviation & Aviation Infrastructure
13,612789,"Development of additional RESA on either end on Runway 10-28 at Calicut Airport. Construction of embankment with slope protection, drainage system and associated works for additional RESA on either end on Runway 10-28",Airport Authority of India [AAI],Kerala,06/2023,02/2024,09/2025,06/2026,484.57,484.57,116.14,31,Aviation & Aviation Infrastructure
14,400010,"Construction of Terminal Building & Associated works at Leh Airport, Ladakh",Airport Authority of India [AAI],Ladakh,07/2018,09/2018,09/2021,07/2026,480,640,484.6,78,Aviation & Aviation Infrastructure
15,706718,C/o NITB Imphal Airport,Airport Authority of India [AAI],Manipur,11/2021,07/2022,07/2024,12/2026,499,499,160.06,42,Aviation & Aviation Infrastructure
16,611570,"SITC of ATM Automation System and ASMGCS [Including SMR & MLAT] for Mumbai, Navi Mumbai, Jewar [earlier MOPA, without ASMGCS], HIAL & BIAL",Airport Authority of India [AAI],"Multi-States (Karnataka, Maharashtra, Telangana, Uttar Pradesh)",12/2020,10/2022,09/2025,08/2026,500.48,500.48,348.09,76,Aviation & Aviation Infrastructure
17,618977,"Development of New Greenfield Airport at Bundi, Kota Rajasthan.",Airport Authority of India [AAI],Rajasthan,08/2025,10/2025,10/2027,-,1507,1507,10.05,1,Aviation & Aviation Infrastructure
18,701127,Construction of New Passenger Terminal Building for Domestic Operations at Jodhpur Airport.,Airport Authority of India [AAI],Rajasthan,05/2022,04/2023,11/2024,01/2026,480,480,330.65,93,Aviation & Aviation Infrastructure
19,701128,Construction of New Integrated Passenger Terminal Building at Udaipur Airport,Airport Authority of India [AAI],Rajasthan,06/2023,11/2023,03/2026,09/2026,887,887,462.38,57,Aviation & Aviation Infrastructure
20,612793,"Widening of basic strip at Western Side of Runway Chainage 80m to 920m i/c slope stabilization Measures [Balance work] of uphill and Improvement of Storm Water Drainage System at Pakyong Airport, Sikkim on design & build basis [EPC] with integrated 10 years maintenance.",Airport Authority of India [AAI],Sikkim,11/2023,12/2023,02/2026,-,323.26,323.26,51.21,22,Aviation & Aviation Infrastructure
21,611602,"Modernization of Chennai Airport, Phase II, Part 2",Airport Authority of India [AAI],Tamil Nadu,05/2018,06/2023,07/2025,06/2026,1207,1207,208.06,27,Aviation & Aviation Infrastructure
22,701113,"Development of Lal Bahadur Shastri International airport, Varanasi including C/o New Terminal Building, Apron Extension, Runway Extension, PTT and allied works.",Airport Authority of India [AAI],Uttar Pradesh,07/2024,07/2024,07/2027,07/2027,2869.65,2869.65,410.36,21,Aviation & Aviation Infrastructure
23,701122,Development of New Integrated Civil Enclave at Agra Airport,Airport Authority of India [AAI],Uttar Pradesh,06/2024,07/2024,07/2026,-,579,579,133.8,28,Aviation & Aviation Infrastructure
24,611495,Development of New Civil Enclave at Bagdogra Airport,Airport Authority of India [AAI],West Bengal,08/2024,09/2024,01/2027,01/2027,1549,1549,359.56,16,Aviation & Aviation Infrastructure
25,612791,"Re-Construction of Rigid portions of Secondary Runway, K and A Taxiway and Strengthening of C Taxiway at NSCBI Airport Kolkata.",Airport Authority of India [AAI],West Bengal,04/2023,12/2023,02/2025,08/2026,328.3,328.3,109.99,49,Aviation & Aviation Infrastructure
26,615820,TIKAK EXTENSION OCP,MIS MoCoal Integration Logins,Assam,07/2022,07/2022,07/2031,-,159.77,159.77,81.47,88,Coal
27,615821,TIRAP OCP,MIS MoCoal Integration Logins,Assam,11/2022,11/2022,11/2030,-,289.46,289.46,105.61,3,Coal
28,400144,PORDA CHIMTAPANI OCP [10 MTY],South Eastern Coalfields Limited [SECL],Chhattisgarh,12/2020,12/2020,03/2029,-,2310.12,2310.12,91.43,10,Coal
29,400149,BAROUD OC EXPANSION [3.0-10.0M,South Eastern Coalfields Limited [SECL],Chhattisgarh,08/2020,08/2020,03/2029,-,2309.8,2309.8,956.88,50,Coal
30,400354,DIPKA EXPANSION OCP [40 MTY],South Eastern Coalfields Limited [SECL],Chhattisgarh,12/2020,12/2020,03/2029,-,5241.4,5241.4,2862.43,37,Coal
31,400424,GEVRA OC [70 MTY],South Eastern Coalfields Limited [SECL],Chhattisgarh,03/2016,03/2016,03/2023,03/2027,11816.4,11816.4,6813.01,78,Coal
32,613798,AMERA OC RCE [1.0 MTY],South Eastern Coalfields Limited [SECL],Chhattisgarh,02/2015,02/2015,03/2026,-,335.97,335.97,88.28,42,Coal
33,613799,AMGAON OC RCE [1.0 MTY],South Eastern Coalfields Limited [SECL],Chhattisgarh,07/2015,07/2015,03/2026,-,316.11,316.11,188.72,78,Coal
34,613800,JAGANNATHPUR OC RCE PROJECT,South Eastern Coalfields Limited [SECL],Chhattisgarh,07/2016,07/2016,03/2025,03/2026,459.49,459.49,274.35,96,Coal
35,613801,MAHAMAYA OCP [1.50 MTY],South Eastern Coalfields Limited [SECL],Chhattisgarh,05/2018,05/2018,03/2026,03/2028,410.26,410.26,183.37,54,Coal
36,615191,KATKONA RO UG MINE,South Eastern Coalfields Limited [SECL],Chhattisgarh,01/2023,01/2023,03/2029,-,329.21,329.21,61.34,2,Coal
37,616234,PELMA OC MDO,South Eastern Coalfields Limited [SECL],Chhattisgarh,10/2022,10/2022,03/2033,-,1725.04,1725.04,15.66,40,Coal
38,617287,KUSMUNDA OC EXPANSION PROJECT,SECL - CIL,Chhattisgarh,11/2024,11/2024,03/2030,-,4516.88,4516.88,783.28,21,Coal
39,617288,MANIKPUR OC EXPANSION PROJECT,South Eastern Coalfields Limited [SECL],Chhattisgarh,01/2025,01/2025,03/2029,-,382.61,382.61,113.03,21,Coal
40,400018,HURA C OCP,ECL - CIL,Jharkhand,08/2022,08/2022,03/2029,-,859.41,859.41,453,62,Coal
41,400073,KONAR EXPANSION OCP,Ministry of Coal,Jharkhand,01/2022,01/2022,03/2032,-,799.34,799.34,429.33,45,Coal
42,400074,KARO EXPANSION OCP,Ministry of Coal,Jharkhand,01/2022,01/2022,03/2029,-,908.47,908.47,269.26,22,Coal
43,400136,SANGHMITRA OC,Ministry of Coal,Jharkhand,03/2024,03/2024,03/2032,-,2660,2660,6.61,16,Coal
44,400138,CHANDRAGUPT OCP,Ministry of Coal,Jharkhand,08/2020,08/2020,03/2032,-,973.5,973.5,440.75,24,Coal
45,400139,KOTRE BASANTPUR PACHMO OCP,Ministry of Coal,Jharkhand,08/2020,08/2020,03/2032,-,861.06,625.4,455.95,42,Coal
46,400142,Pachwara South Coal Block,NLC India Limited [NLCIL],Jharkhand,03/2016,11/2019,09/2028,-,2242.9,2242.9,1253.92,74,Coal
47,400150,RPR MAGADH EXP OCP,Ministry of Coal,Jharkhand,08/2020,08/2020,03/2028,-,7254.37,7254.37,1599.39,38,Coal
48,400151,NORTH URIMARI EXPANSION OCP,Ministry of Coal,Jharkhand,07/2021,07/2021,03/2029,-,778.8,778.8,696.05,68,Coal
49,400153,EPR ROHINI - KARKETTA OCP,Ministry of Coal,Jharkhand,01/2021,01/2021,03/2028,-,1020.42,1020.42,84.74,21,Coal
50,400154,EPR PUNDI OCP,Ministry of Coal,Jharkhand,11/2020,11/2020,03/2027,-,713.35,713.35,236.58,10,Coal
51,400155,EPR ASHOK OC,Ministry of Coal,Jharkhand,05/2021,05/2021,03/2031,-,2898.28,2898.28,185.04,24,Coal
52,400156,EPR AMRAPALI OCP,Ministry of Coal,Jharkhand,02/2020,02/2020,03/2028,-,5136.15,5136.15,1257.44,42,Coal
53,400160,RAJRAPPA RCE OCP,Ministry of Coal,Jharkhand,12/2009,12/2009,03/2016,03/2027,510.85,510.85,488.69,76,Coal
54,400172,CHITRA EAST OC,Eastern Coal Fields Limited [ECL],Jharkhand,08/2018,08/2018,03/2026,03/2028,513.99,513.99,230.87,51,Coal
55,400352,JHARKHAND-LAIYO OCP,Ministry of Coal,Jharkhand,08/2020,08/2020,03/2031,-,764.57,764.57,145.81,29,Coal
56,400425,MOONIDIH XV SEAM UG,Ministry of Coal,Jharkhand,08/2011,08/2011,03/2019,05/2026,1230.27,1230.27,635.78,82,Coal
57,611017,2.5 MTPA PATHERDIH NLW WASHERY,Ministry of Coal,Jharkhand,10/2015,04/2016,04/2018,03/2026,334.27,334.27,151.09,49,Coal
58,611864,AMALAGAMATED NTST KUJAMA OCP 8.5MTY,Ministry of Coal,Jharkhand,01/2023,01/2023,03/2030,-,4011.85,4011.85,414.41,28,Coal
59,613808,MURAIDIH UG PROJECT,Ministry of Coal,Jharkhand,02/2011,02/2011,04/2014,12/2026,339.87,339.87,191,70,Coal
60,615349,TAPIN SOUTH EXPN,Ministry of Coal,Jharkhand,11/2020,11/2020,03/2028,-,230.41,230.41,22.02,21,Coal
61,615822,SIRKA OC,Ministry of Coal,Jharkhand,05/2020,05/2020,03/2028,-,222.82,222.82,140.58,53,Coal
62,615843,TETARIAKHAR OC,Ministry of Coal,Jharkhand,11/2019,11/2019,03/2025,03/2027,243.52,243.52,49.54,29,Coal
63,616225,CHUPERBHITA SIMLONG OCP MDO 6,Eastern Coal Fields Limited [ECL],Jharkhand,12/2023,12/2023,03/2037,-,979.08,979.08,0,0,Coal
64,616236,JARANGDIH EXPN. OCP 1.5 MTY,CCL - CIL,Jharkhand,02/2020,02/2020,03/2029,-,414.37,414.37,85.6,33,Coal
65,616253,BLOCK E OCP,Ministry of Coal,Jharkhand,03/2024,03/2024,03/2029,-,5850.83,5850.83,20.32,3,Coal
66,617416,"Revised Jharia Master Plan for Dealing with Fire, Subsidence & Rehabilitation of affected families in Jharia Coalfield- Reg.",Bharat Coking Coal Limited (BCCL),Jharkhand,06/2025,07/2025,12/2028,-,5940.47,5940.47,26.31,19,Coal
67,400148,AMADAND OCP[4.0MTY],Ministry of Coal,Madhya Pradesh,03/2016,03/2016,03/2021,03/2027,869.44,869.44,278.78,75,Coal
68,400152,RAMPUR BATURA OCP [4.0MTY],South Eastern Coalfields Limited [SECL],Madhya Pradesh,07/2019,07/2019,03/2026,-,1248.93,1248.93,498.6,44,Coal
69,400162,BLOCK B EXPANSION [3.5 TO 8.0,Northern Coalfields Limited [NCL],Madhya Pradesh,07/2019,07/2019,03/2023,03/2027,998.71,998.71,488.66,48,Coal
70,400321,NIGAHI EXPANSION [15 TO 25 MTP,Northern Coalfields Limited [NCL],Madhya Pradesh,11/2020,11/2020,03/2025,03/2028,1729.68,1729.68,859.8,48,Coal
71,613802,KANCHAN OC EXP,South Eastern Coalfields Limited [SECL],Madhya Pradesh,12/2014,12/2014,03/2026,03/2028,371.04,371.04,144.61,58,Coal
72,613803,JHIRIA WEST OCP [1.5 MTY],South Eastern Coalfields Limited [SECL],Madhya Pradesh,01/2024,01/2024,03/2029,-,366.94,366.94,34.12,41,Coal
73,613804,RPR TAWA-III UG 0.84 MTY,Western Coalfields Limited [WCL],Madhya Pradesh,12/2021,12/2021,03/2027,-,314.09,314.09,6.08,17,Coal
74,615185,AMALGAMATED DHANKASA & JAMUNIA,Western Coalfields Limited [WCL],Madhya Pradesh,09/2022,09/2022,03/2027,-,399.2,399.2,96.21,66,Coal
75,615187,RPR OF VISHNUPURI UG TO OC,Western Coalfields Limited [WCL],Madhya Pradesh,11/2022,11/2022,03/2029,-,220.62,220.62,0,11,Coal
76,615194,URDHAN EXPANSION OC COST PLUS,Western Coalfields Limited [WCL],Madhya Pradesh,07/2022,01/2023,03/2031,-,206.88,206.88,27.19,0,Coal
77,615195,SHARDA UG MINE,Western Coalfields Limited [WCL],Madhya Pradesh,07/2022,09/2023,03/2028,-,166.25,166.25,4.41,9,Coal
78,615206,GANDHIGRAM UG MINE,Western Coalfields Limited [WCL],Madhya Pradesh,08/2019,08/2019,03/2026,-,414.15,414.15,18.04,56,Coal
79,400033,BHATADI EXPANSION OC,Western Coalfields Limited [WCL],Maharashtra,02/2020,05/2022,03/2028,-,580.61,580.61,84.73,31,Coal
80,400177,AMALGAMATED YEKONA I & YEKONA,Western Coalfields Limited [WCL],Maharashtra,08/2015,08/2015,03/2025,03/2026,727.28,727.28,539.9,80,Coal
81,400178,DINESH[MAKARDHOKRA-III] OC,Western Coalfields Limited [WCL],Maharashtra,02/2020,02/2020,03/2027,-,822.88,822.88,623.1,34,Coal
82,400353,DHUPTALA OC [SASTI UG TO OC ],Western Coalfields Limited [WCL],Maharashtra,02/2019,10/2021,03/2028,-,711.01,711.01,169.79,19,Coal
83,615184,SAONER UG MINE -1 EXPANSION 1.,Western Coalfields Limited [WCL],Maharashtra,01/2022,01/2022,03/2028,-,228.64,228.64,146.08,68,Coal
84,615186,SASTI EXPANSION OPENCAST,Western Coalfields Limited [WCL],Maharashtra,08/2020,08/2020,03/2026,-,319.04,319.04,91.82,20,Coal
85,615188,NEW MAJRI UG TO OC 3 MTY COST,Western Coalfields Limited [WCL],Maharashtra,05/2019,09/2022,03/2027,-,402.27,402.27,60.25,24,Coal
86,615189,MAKARDHOKRA EXPN OC 4.9 MTY,Western Coalfields Limited [WCL],Maharashtra,06/2022,06/2022,03/2026,-,361.87,361.87,85.39,11,Coal
87,615190,SINGHORI DEEP OC MIN 2.0 MTY,Western Coalfields Limited [WCL],Maharashtra,05/2022,05/2022,03/2029,-,335.75,335.75,35.89,6,Coal
88,615192,GOKUL EXTENSION OC MINE,Western Coalfields Limited [WCL],Maharashtra,04/2021,04/2021,03/2026,-,309.58,309.58,46.56,8,Coal
89,615199,KOLGAON EXPANSION DEEP OC MINE,Western Coalfields Limited [WCL],Maharashtra,01/2023,09/2023,03/2027,-,198.71,198.71,12.89,2,Coal
90,615330,BALLARPUR NORTH WEST OC MINE,Western Coalfields Limited [WCL],Maharashtra,12/2022,12/2022,03/2029,-,360.81,360.81,0.02,4,Coal
91,615331,GADEGAON OC 3 MTY,Western Coalfields Limited [WCL],Maharashtra,10/2023,10/2023,03/2030,-,497.41,497.41,0.08,0,Coal
92,615914,GHONSA EXPANSION DEEP OC MINE,Western Coalfields Limited [WCL],Maharashtra,03/2021,03/2021,03/2029,-,184.71,184.71,14.88,5,Coal
93,615916,AMLG GAURI PAUNI EXPANSION OC,Western Coalfields Limited [WCL],Maharashtra,04/2024,04/2024,03/2030,-,1225.21,1225.21,80.14,2,Coal
94,615917,GAURIDEEP/GAURI CENTRAL OCP 7.,Western Coalfields Limited [WCL],Maharashtra,08/2023,06/2024,03/2030,-,973.07,973.07,0.67,0,Coal
95,615918,RPR OF BHANEGAON OC,Western Coalfields Limited [WCL],Maharashtra,02/2017,09/2022,03/2028,-,405.2,405.2,12.64,7,Coal
96,615919,N. EXTN. MUNGOLI NIRGUDA D OCP,Western Coalfields Limited [WCL],Maharashtra,06/2024,06/2024,03/2029,-,1024.91,1024.91,175.86,0,Coal
97,615982,NILJAI EXPANSION DEEP OCP,Western Coalfields Limited [WCL],Maharashtra,08/2016,08/2016,03/2022,03/2026,319.75,319.75,187.1,79,Coal
98,616044,UKNI DEEP OC MINE -COST PLUS,Western Coalfields Limited [WCL],Maharashtra,11/2018,01/2019,03/2021,03/2026,237.06,237.06,165.81,87,Coal
99,616050,AMALGAMATED INDER-KAMPTEE DEEP,Western Coalfields Limited [WCL],Maharashtra,09/2018,09/2018,03/2024,03/2026,235.9,235.9,132.25,98,Coal
100,616223,ADASA UG TO OC MINE,Western Coalfields Limited [WCL],Maharashtra,11/2018,11/2018,03/2024,03/2026,316,316,208.73,86,Coal
101,616229,AMAL GONDEGAON GHATROHANA EXPN,Western Coalfields Limited [WCL],Maharashtra,09/2024,09/2024,03/2029,-,668.54,668.54,1.19,0,Coal
102,617233,WAGHODA UG MINE [1.02 MTY],Western Coalfields Limited [WCL],Maharashtra,01/2024,01/2025,03/2030,-,379.3,379.3,0,0,Coal
103,617278,KOLARPIMPRI EXPANSION OC [2.5,Western Coalfields Limited [WCL],Maharashtra,06/2024,02/2025,03/2030,-,630.37,630.37,0,0,Coal
104,400313,Master Plan for Jharia and Raniganj Coalfields,Bharat Coking Coal Limited [BCCL],"Multi-States (Jharkhand, West Bengal)",08/2009,08/2009,08/2019,12/2028,2661.73,2661.73,792.93,43,Coal
105,400369,BINA KAKRI AMALGAMATION EXPANS,Northern Coalfields Limited [NCL],"Multi-States (Madhya Pradesh, Uttar Pradesh)",08/2020,08/2020,03/2024,03/2027,836.42,836.42,829.04,89,Coal
106,615183,KHADIA EXPANSION [10 TO 16 MTP,Northern Coalfields Limited [NCL],"Multi-States (Madhya Pradesh, Uttar Pradesh)",06/2021,06/2021,03/2025,03/2027,491.67,491.67,258.02,52,Coal
107,400165,SUBHADRA OCP,Mahanadi Coalfields Limited [MCL],Odisha,05/2021,05/2021,04/2032,-,1693.81,1693.81,1326.59,42,Coal
108,400166,SIARMAL OCP,Mahanadi Coalfields Limited [MCL],Odisha,02/2021,02/2021,03/2029,-,5194.95,5194.95,3462.73,57,Coal
109,400183,BALARAM EXPANSION OCP,Mahanadi Coalfields Limited (MCL),Odisha,08/2020,08/2020,03/2029,-,3504.21,3504.21,927.17,53,Coal
110,400185,GOPALJI KANIHA OCP [10 TO 30 M,MCL - CIL,Odisha,04/2022,04/2022,03/2030,-,8416.19,6107.87,1745.72,17,Coal
111,400187,INTEGRATED LAKHANPUR-BELPAHAR-,Mahanadi Coalfields Limited [MCL],Odisha,05/2018,05/2018,03/2027,-,2434.75,2434.75,1859.96,71,Coal
112,400392,BHARATPUR RE-ORGANIZATION OCP,Mahanadi Coalfields Limited [MCL],Odisha,11/2018,11/2018,03/2029,-,2838.86,2838.86,1676.51,48,Coal
113,615193,BASUNDHARA WEST EXTENSION OPEN,MCL - CIL,Odisha,05/2014,05/2014,03/2019,03/2029,479.15,479.15,275.1,65,Coal
114,615857,Naini Coal Mine,Singareni Collieries Company Limited [SCCL],Odisha,03/2020,03/2020,03/2026,-,494.3,494.3,491.33,80,Coal
115,616226,INTEGRATED KULDA GARJANBAHAL O,Mahanadi Coalfields Limited [MCL],Odisha,04/2023,04/2023,03/2033,-,3563.5,3563.5,604.11,3,Coal
116,616231,BHUBANESWARI EXPN OCP 50 MTY,MCL - CIL,Odisha,03/2024,03/2024,03/2033,-,5366.27,5366.27,472.43,29,Coal
117,616232,HINGULA II OC EXPN PH III 15 M,MCL - CIL,Odisha,11/2022,11/2022,03/2029,-,1561.85,1561.85,274.97,24,Coal
118,616233,BALABHADRA OCP,MCL - CIL,Odisha,04/2023,04/2023,03/2030,-,978.44,978.44,214.56,12,Coal
119,618982,Talabira II & III OCP - FMC,NLC India Limited [NLCIL],Odisha,10/2022,05/2023,06/2026,-,522.45,522.45,311.28,68,Coal
120,615818,Jawahar Khani Open Cast Mine,Singareni Collieries Company Limited [SCCL],Telangana,12/2021,12/2021,03/2025,03/2027,297.88,297.88,47.06,20,Coal
121,615858,Kalyanikhani Opencast Project,Singareni Collieries Company Limited [SCCL],Telangana,03/2016,05/2017,03/2026,-,384.32,384.32,284.94,75,Coal
122,615860,Godavarikhani Coal Mine - 5,Singareni Collieries Company Limited [SCCL],Telangana,07/2019,05/2019,03/2025,03/2026,607.04,607.04,196.67,71,Coal
123,615861,Indaram Opencast Project,Singareni Collieries Company Limited [SCCL],Telangana,08/2017,12/2022,03/2025,03/2026,424.81,424.81,405.12,80,Coal
124,615862,Goleti Opencast Mine,Singareni Collieries Company Limited [SCCL],Telangana,07/2021,08/2021,03/2026,-,345.6,345.6,80.24,21,Coal
125,615863,Venkatesh Khani Coal Mine,Singareni Collieries Company Limited [SCCL],Telangana,10/2020,06/2020,03/2026,-,484.5,484.5,477.14,97,Coal
126,615865,Kakatiyakhani OC - 2 Project,Singareni Collieries Company Limited [SCCL],Telangana,08/2017,09/2017,03/2025,03/2026,442.42,442.42,230.39,63,Coal
127,400173,MOHANPUR EXPANSION OC -PHASE I,Eastern Coal Fields Limited [ECL],West Bengal,11/2020,11/2020,03/2026,03/2030,888.99,888.99,119.09,30,Coal
128,400180,BONJEMEHARI EXPANSION OCP,Eastern Coal Fields Limited [ECL],West Bengal,08/2021,08/2021,03/2026,03/2030,570.11,570.11,83.36,16,Coal
129,400181,NAKRAKONDA KUMARDIH- B OCP,Eastern Coal Fields Limited [ECL],West Bengal,08/2018,08/2018,03/2029,-,502.68,502.67,71.85,26,Coal
130,400182,SIDULI [OC & UG],ECL - CIL,West Bengal,05/2018,05/2018,03/2027,03/2030,535.18,535.17,5.32,14,Coal
131,400186,TILABONI UG,Eastern Coal Fields Limited [ECL],West Bengal,01/2023,01/2023,03/2029,-,749.08,749.07,52.89,10,Coal
132,400312,JHANJRA EXPANSION UG,Eastern Coal Fields Limited [ECL],West Bengal,04/2020,04/2020,03/2029,-,1210.12,1210.12,550.2,44,Coal
133,400315,SONEPUR BAZARI EXPANSION OCP [,Eastern Coal Fields Limited [ECL],West Bengal,07/2021,07/2021,03/2029,-,5365.88,5365.88,596.74,17,Coal
134,611016,2.0 MTPA BHOJUDIH NLW WASHERY,Ministry of Coal,West Bengal,12/2015,03/2019,09/2020,12/2025,384.57,384.57,358.11,97,Coal
135,612816,ITAPARA OCP,Eastern Coal Fields Limited [ECL],West Bengal,12/2023,12/2023,03/2030,-,929.1,929.1,69.88,7,Coal
136,613793,SHYAMSUNDARPUR UG INCLUDING SA,Eastern Coal Fields Limited [ECL],West Bengal,04/2020,04/2020,03/2026,03/2028,483.65,483.65,61.75,16,Coal
137,613794,PARASEA-BELBAID UG PROJECT,Eastern Coal Fields Limited [ECL],West Bengal,01/2023,01/2023,03/2028,-,389.1,389.1,132.48,21,Coal
138,616230,PARASCOLE JAMBAD OCP,Eastern Coal Fields Limited [ECL],West Bengal,11/2024,11/2024,03/2037,-,1193.55,1193.55,10.9,0,Coal
139,617299,50 MW Wind Power Project,NLC India Limited [NLCIL],Gujarat,07/2022,01/2024,06/2025,01/2026,383.84,383.84,323.92,51,Electricity Generation
140,617730,600 MW Khavda Solar Power Project,NLC India Limited [NLCIL],Gujarat,08/2023,06/2024,06/2026,-,3335.85,3335.85,1143.13,25,Electricity Generation
141,618991,200 MW SPP part of 510 MW CPSU scheme,NLC India Limited [NLCIL],Gujarat,07/2022,03/2024,12/2026,-,1221.41,1221.41,61.81,0,Electricity Generation
142,618992,100 MW SPP part of SECI 150 MW Hybrid,NLC India Limited [NLCIL],Gujarat,07/2022,04/2024,12/2026,-,480.68,480.68,2.52,1,Electricity Generation
143,400231,NLC Talabira Thermal Power Project,NLC India Limited [NLCIL],Odisha,01/2017,01/2024,03/2030,-,27212.96,27213,2607.89,1,Electricity Generation
144,612819,300 MW SPP part of 510 MW CPSU scheme,NLC India Limited [NLCIL],Rajasthan,07/2022,03/2023,09/2024,12/2025,1813,1813,1627.06,93,Electricity Generation
145,615327,50 MW Solar PP Minedout Area,NLC India Limited [NLCIL],Tamil Nadu,08/2023,02/2024,03/2025,12/2025,218.03,218.03,165.5,85,Electricity Generation
146,400259,Ghatampur Thermal Power Plant 3 X 660 MW,NLC India Limited [NLCIL],Uttar Pradesh,07/2016,08/2016,11/2020,03/2026,17237.8,21780.9,20743.86,94,Electricity Generation
147,400203,Dharamjaigarh-Korba,Railway,Chhattisgarh,05/2018,03/2017,12/2026,08/2026,1686.22,1686.22,484.26,42,Railways
148,400416,Shivpur-Kathautia New Rail [BG] Line [49 km] [Package II of Tori-Shivpur-Kathautia line],Ministry of Coal,Jharkhand,02/2018,05/2022,06/2025,06/2026,1799.64,2564.34,1489.74,64,Railways
149,400192,Tubed Coal Mine,Damodar Valley Corporation,Jharkhand,07/2016,10/2016,05/2026,05/2026,1581,1581,599.18,36,Coal
150,603293,Badam Coal Mining project of NTPC,National Thermal Power Corporation [NTPC],Jharkhand,02/2019,09/2019,12/2056,04/2027,502,784,388.29,59,Coal
151,602182,Dibang Multipurpose Project,National Hydroelectric Power Corporation Limited (NHPC),Arunachal Pradesh,02/2023,02/2023,02/2032,02/2032,31876.39,31876.4,3861.98,16,Electricity Generation
152,611698,240MW Heo HE Project,North Eastern Electric Power Corporation Limited,Arunachal Pradesh,12/2024,05/2025,07/2029,-,1938.85,1938.85,66.73,3,Electricity Generation
153,611699,186 MW Tato-I H E Project,North Eastern Electric Power Corporation Limited,Arunachal Pradesh,12/2024,05/2025,07/2029,-,1750.07,1750.07,61.45,2,Electricity Generation
154,602579,Buxar Thermal Power Project [1320 MW],Satluj Jal Vidyut Nigam [SJVN] Thermal Limited,Bihar,03/2019,06/2019,01/2024,12/2025,10439.09,13756.6,12911.13,93,Electricity Generation
155,611930,Lara Super Thermal Power Project Stage-II [2 x 800 MW],National Thermal Power Corporation [NTPC],Chhattisgarh,08/2023,08/2023,06/2028,09/2028,15530,16106,3498.35,21,Electricity Generation
156,617188,"Sipat Super Thermal Power Project, Stage-III [1x800 MW]",National Thermal Power Corporation [NTPC],Chhattisgarh,09/2024,09/2024,09/2029,-,9791,9791,1054.25,8,Electricity Generation
157,709747,Bagodara Solar Power Project,Satluj Jal Vidyut Nigam [SJVN] Thermal Limited,Gujarat,03/2021,05/2021,12/2025,12/2025,339.35,339.35,317.59,51,Electricity Generation
158,602582,Dhaulasidh Hydro Electric Project [66 MW],Satluj Jal Vidyut Nigam [SJVN] Thermal Limited,Himachal Pradesh,10/2020,05/2021,11/2025,03/2027,687.97,1561.21,1027.23,72,Electricity Generation
159,602593,Luhri Stage-I Hydro Electric Project [210 MW],Satluj Jal Vidyut Nigam [SJVN] Thermal Limited,Himachal Pradesh,11/2020,11/2020,01/2026,02/2030,1810.56,4681.64,1841.71,51,Electricity Generation
160,602633,382 MW Sunni Dam HEP,Satluj Jal Vidyut Nigam [SJVN] Thermal Limited,Himachal Pradesh,NA,04/2018,03/2027,-,2615,2615,495.57,0.5,Electricity Generation
161,611586,Sunni Dam Hydro Electric Project [382 MW],Satluj Jal Vidyut Nigam [SJVN] Thermal Limited,Himachal Pradesh,01/2023,01/2023,04/2028,12/2029,2614.51,4925.87,1025.3,31,Electricity Generation
162,602525,"Pakal Dul [Drangdhuran] Hydroelectric Project, 1000 MW",National Hydroelectric Power Corporation Limited [NHPC],Jammu and Kashmir,10/2014,02/2018,04/2020,12/2026,8112.12,12728,8057.69,77,Electricity Generation
163,602532,Kiru HE Project,National Hydroelectric Power Corporation Limited [NHPC],Jammu and Kashmir,03/2019,02/2020,09/2023,12/2026,4287.59,5409,3313.59,75,Electricity Generation
164,602535,"Ratle HE Project - 850 MW, Ratle Hydroelectric Power Corporation Limited.",National Hydroelectric Power Corporation Limited [NHPC],Jammu and Kashmir,02/2021,01/2022,02/2026,11/2028,5281.94,5281.94,1384.07,26,Electricity Generation
165,605155,Kwar HE Project,National Hydroelectric Power Corporation Limited [NHPC],Jammu and Kashmir,05/2022,11/2022,11/2026,03/2028,4526.12,4526.12,1203.55,26,Electricity Generation
166,400261,Patratu Thermal Power Station Expansion Project Phase-I [3x800 MW],National Thermal Power Corporation [NTPC],Jharkhand,11/2017,11/2017,03/2023,02/2027,18668,20302,18166,86,Electricity Generation
167,611509,"Koderma Thermal Power Station Phase II [2X800 MW] At Koderma, Jharkhand",Damodar Valley Corporation,Jharkhand,04/2023,11/2024,03/2029,-,14358,14358,1538.88,6,Electricity Generation
168,618976,"Gadarwara Super Thermal Power Project, Stage-II [3x800 MW]",National Thermal Power Corporation [NTPC],Madhya Pradesh,11/2024,05/2025,03/2030,-,20446,20446,1145.83,4,Electricity Generation
169,602096,Subansiri Lower HE Project [2000 MW],National Hydroelectric Power Corporation Limited (NHPC),"Multi-States (Arunachal Pradesh, Assam)",09/2003,01/2005,09/2010,05/2026,6285.33,26075.5,25718.57,97,Electricity Generation
170,602961,Talcher Thermal Power Station Stage III [2 x 660 MW] Expansion,National Thermal Power Corporation [NTPC],Odisha,08/2022,09/2022,05/2027,03/2028,11843.75,12543,5347.06,44,Electricity Generation
171,602181,"TEESTA-VI HE PROJECT, SIKKIM [500 MW], executed by LANCO TEESTA HYDRO POWER LIMITED [A wholly owned Subsidiary of NHPC LTD. acquired through NCLT]",National Hydroelectric Power Corporation Limited (NHPC),Sikkim,03/2019,03/2020,03/2024,12/2027,5748.04,5748.04,3972.89,71,Electricity Generation
172,605156,Rangit-IV HE Project [120 MW] executed by Jal Power Corporation Ltd. [JPCL] - A wholly owned subsidiary of NHPC Ltd. acquired through NCLT,National Hydroelectric Power Corporation Limited (NHPC),Sikkim,03/2021,08/2021,05/2024,12/2025,938.29,1828.11,1531.04,94,Electricity Generation
173,612142,"Singrauli Super Thermal Power Project, Stage-III [2x800 MW]",National Thermal Power Corporation [NTPC],Uttar Pradesh,03/2024,03/2024,02/2030,-,17195,17195,2418.36,13,Electricity Generation
174,602185,Tapovan-Vishnugad HEP [4x130 MW],National Thermal Power Corporation [NTPC],Uttarakhand,NA,11/2006,03/2013,04/2029,2978,10907.3,6769.58,77,Electricity Generation
175,602193,Tehri Pumped Storage Plant Project [4x250 MW],THDC India Limited,Uttarakhand,07/2006,06/2011,06/2022,03/2026,4825.6,8339,8169.51,98,Electricity Generation
176,602195,Vishnugad Pipalkoti Hydro Electric Project [444 MW],THDC India Limited,Uttarakhand,08/2008,01/2014,12/2022,09/2027,3860.35,6405.08,5004.46,74,Electricity Generation
177,400062,"Raghunathpur Thermal Power Station Phase II [2X660 MW] at Raghunathpur, Purulia, West Bengal",Damodar Valley Corporation,West Bengal,01/2023,02/2025,06/2029,-,17673,17673,1479.89,4,Electricity Generation
178,602184,Rammam-III HEPP [3x40 MW],National Thermal Power Corporation [NTPC],West Bengal,09/2014,09/2014,09/2019,03/2029,1381.84,2865.56,1431.94,52,Electricity Generation
179,602538,Installation of FGD for 4x210 & 2x250 MW MTPS U 1-6,Damodar Valley Corporation,West Bengal,06/2019,02/2021,01/2024,12/2025,1037,1106,1115.65,93,Electricity Generation
180,611967,Transmission Scheme for Solar Energy Zone in Ananthpuram 2500MW and Kurnool 1000MW,Power Grid Corporation of India Limited [POWERGRID],Andhra Pradesh,09/2023,09/2023,09/2025,03/2026,1248.69,1248.69,1077.61,91,Transmission & Distribution
181,612856,Augmentation of 1x1500 MVA 3rd 765/400 kV transformation capacity at Kurnool New Substation,Power Grid Corporation of India Limited [POWERGRID],Andhra Pradesh,05/2023,12/2023,09/2025,03/2026,163.61,163.61,111.04,82,Transmission & Distribution
182,617183,Transmission system strengthening at Kurnool- III PS for integration of additional RE generation projects [POWERGRID Kurnool III PS RE Transmission Limited],Power Grid Corporation of India Limited [POWERGRID],Andhra Pradesh,03/2025,03/2025,12/2027,-,2886,2886,155.84,4,Transmission & Distribution
183,617375,North Eastern Region Expansion Scheme-XXIII [NERES-XXIII],Power Grid Corporation of India Limited [POWERGRID],Arunachal Pradesh,08/2025,08/2025,02/2028,-,209.38,209.38,0.04,0,Transmission & Distribution
184,611657,Transmission scheme for evacuation of 4.5GW RE injection at Khavda PS under Phase II- Part C,Power Grid Corporation of India Limited [POWERGRID],Gujarat,03/2023,03/2023,03/2025,01/2026,2820.99,2820.99,2783.19,98,Transmission & Distribution
185,612139,Transmission system for Evacuation of Additional 7 GW RE power from Khavda RE park under Phase-III Part B [Vataman Transmission Limited],Power Grid Corporation of India Limited [POWERGRID],Gujarat,12/2023,12/2023,12/2025,12/2026,3751.82,3751.82,2101.02,38,Transmission & Distribution
186,612151,Transmission System for Evacuation of Power from potential Renewable Energy zone in Khavda Area of Gujarat under Phase IV [7 GW] Part E3,Power Grid Corporation of India Limited [POWERGRID],Gujarat,07/2023,07/2023,07/2025,03/2026,334,334,236.17,78,Transmission & Distribution
187,612855,Transmission System for Evacuation of Power from Potential Energy Renewable Zone in Khavda Area of Gujarat under Ph-IV [7GW] Part E2,Power Grid Corporation of India Limited [POWERGRID],Gujarat,05/2024,05/2024,05/2026,06/2026,679,679,176.54,31,Transmission & Distribution
188,615342,Augmentation of Transformation Capacity at jam Khambhaliya PS [GIS] [SPV Name POWERGRID Jam Khambhaliya Transmission Limited],Power Grid Corporation of India Limited [POWERGRID],Gujarat,10/2024,10/2024,07/2026,-,329,329,14.67,5,Transmission & Distribution
189,615343,Provision of Dynamic Reactive Compensation at Khavda pooling Station 1 [KPS1] and Khavda Pooling station 3 [KPS3],Power Grid Corporation of India Limited [POWERGRID],Gujarat,11/2024,11/2024,11/2026,-,501,501,8.11,2,Transmission & Distribution
190,615345,Transmission System for Evacuation of Power from Potential Renewable Energy Zone in Khavda area of Gujarat under Phase-IV [7GW] Part B [SPV Name POWERGRID South Olpad Transmission Limited],Power Grid Corporation of India Limited [POWERGRID],Gujarat,10/2024,10/2024,10/2026,03/2027,4766,4766,1048.56,12,Transmission & Distribution
191,617069,Augmentation of Transformation Capacity at KPS1 [GIS] and KPS2 [GIS] [Phase-V Part B1 and Part B2 Scheme] [SPV Name- POWERGRID KPS1 and 2 Augmentation Transmission Limited],Power Grid Corporation of India Limited [POWERGRID],Gujarat,02/2025,02/2025,02/2027,-,466,466,23.99,1,Transmission & Distribution
192,617182,Augmentation of Banaskantha [Raghanesda] PS [GIS] [POWERGRID Banaskantha Transco Limited],Power Grid Corporation of India Limited [POWERGRID],Gujarat,03/2025,03/2025,03/2027,-,172,172,20.64,19,Transmission & Distribution
193,617391,Augmentation of Transformation Capacity at Bhuj-II PS [GIS],Power Grid Corporation of India Limited [POWERGRID],Gujarat,02/2025,02/2025,11/2026,03/2027,488.29,488.29,0.98,0,Transmission & Distribution
194,617405,Jamnagar Transmission Limited,Adani Transmission Limited,Gujarat,NA,10/2024,10/2026,-,4000,4000,268,16,Transmission & Distribution
195,617801,Provision of ICT Augmentation & Bus Reactor at Bhuj-II PS,Power Grid Corporation of India Limited [POWERGRID],Gujarat,03/2025,03/2025,12/2026,03/2027,581.74,581.74,1.16,0,Transmission & Distribution
196,617272,Implementation of LILO of both circuits of 400KV vindhyachal PS-Sasan D/C Line at Hindalco Switchyard,Power Grid Corporation of India Limited [POWERGRID],Haryana,06/2024,06/2024,12/2026,-,370,370,22.2,6,Transmission & Distribution
197,617179,Transmission Scheme for evacuation of Power from Ratle HEP [850 MW] & kiru [624 MW] Part B,Power Grid Corporation of India Limited [POWERGRID],Jammu and Kashmir,07/2024,07/2024,07/2026,03/2027,218.6,218.6,2.71,0,Transmission & Distribution
198,617326,Implementation of Transmission Systems in the State of Jharkhand consisting of 400/220/132/33 kV transmission lines and substations under Jharkhand Consultancy Project,Power Grid Corporation of India Limited [POWERGRID],Jharkhand,02/2012,02/2012,03/2026,08/2026,1842.25,1842.25,1648.05,95,Transmission & Distribution
199,612140,Transmission Scheme for Integration of Renewable Energy Zone [Phase II] in Koppal II [Phase A&B] and gadag II[Phase A] in Karnataka [POWERGRID KOPPAL GADAG TRANSMISSION LIMITED],Power Grid Corporation of India Limited [POWERGRID],Karnataka,12/2023,12/2023,12/2025,06/2026,2889.39,2889.39,1841.69,68,Transmission & Distribution
200,616672,System Strengthening at Koppal-II and GadagII for integration of RE generation projects [SPV Name POWERGRID Koppal Gadag Augmentation Transmission Limited],Power Grid Corporation of India Limited [POWERGRID],Karnataka,01/2025,01/2025,06/2027,-,1354,1354,49.15,6,Transmission & Distribution
201,617068,"Augmentation of Transformation Capacity by 3x500 MVA, 400/220 KV ICTS [6th-8th] and 1x1500 MVA, 765/400 KV ICT [4th] at Bidar PS [SPV Name- POWERGRID Bidar Augmentation Transmission Limited]",Power Grid Corporation of India Limited [POWERGRID],Karnataka,02/2025,02/2025,06/2027,-,288,288,7.41,3,Transmission & Distribution
202,617184,Transmission Scheme for integration of Davanagere/ Chitradurga and Bellary REZ in Karnataka [POWERGRID Chitradurga Bellary REZ Transmission Limited],Power Grid Corporation of India Limited [POWERGRID],Karnataka,03/2025,03/2025,09/2027,-,3453,3453,69.06,3,Transmission & Distribution
203,617803,Transmission System Strengthening at Davanagere for Integration of RE Generation [SPV Name - POWERGRID Davanagere Power Transmission Limited],Power Grid Corporation of India Limited [POWERGRID],Karnataka,09/2025,09/2025,09/2027,-,379,379,7.58,0,Transmission & Distribution
204,615344,Transmission System for Evacuation of Power from Rajasthan REZ Ph-IV [Part-2 5.5GW] [Jaisalmer/Barmer Complex] Part H1 [POWERGRID KURAWAR TRANSMISSION LIMITED],Power Grid Corporation of India Limited [POWERGRID],Madhya Pradesh,10/2024,10/2024,10/2026,03/2027,3674,3674,1099.98,24,Transmission & Distribution
205,615346,Transmission System for Evacuation of Power from Rajasthan REZ Ph-IV [Part-2 5.5 GW] [Jaisalmer/Barmer Complex] Part C [SPV Name POWERGRID Mandsaur Transmission Limited],Power Grid Corporation of India Limited [POWERGRID],Madhya Pradesh,08/2024,08/2024,08/2026,12/2026,2708,2708,1110.22,47,Transmission & Distribution
206,617279,Transmission System for evacuation of power from Mahan Energen Limited Generating Station in Madhya Pradesh [SPV Name - POWERGRID MEL Power Transmission Limited],Power Grid Corporation of India Limited [POWERGRID],Madhya Pradesh,06/2025,06/2025,12/2027,-,558,558,33.48,2,Transmission & Distribution
207,617802,Augmentation of Transformation Capacity and Implementation of Line Bays at Mandsaur S/S for RE Interconnection [SPV Name- POWERGRID Mandsaur I RE Transmission Limited],Power Grid Corporation of India Limited [POWERGRID],Madhya Pradesh,10/2025,10/2025,03/2028,-,319,319,1.1,0,Transmission & Distribution
208,611966,Transmission System for Evacuation of power from Potential RE Zone in Khavda Area of Gujarat under phase IV 7GW-Part E4,Power Grid Corporation of India Limited [POWERGRID],Maharashtra,11/2023,11/2023,07/2025,03/2026,224.41,224.41,109.96,49,Transmission & Distribution
209,617185,Transmission System for Integration of Kurnool-IV REZ Phase-I [for 4.5 GW] [POWERGRID Kurnool-IV Transmission Limited],Power Grid Corporation of India Limited [POWERGRID],"Multi-States (Andhra Pradesh, Karnataka)",03/2025,03/2025,03/2027,-,5550,5550,610,4,Transmission & Distribution
210,617806,Transmission System for Integration of Ananthapur 2 REZ Phase 1 for 4.5 GW. SPV Name Anantapuram 2 REZ Transmission Ltd,Sterlite Power,"Multi-States (Andhra Pradesh, Karnataka)",08/2024,03/2025,03/2027,-,4535.99,4535.99,401.57,32,Transmission & Distribution
211,900808,Transmission System for Kurnool Wind Energy Zone/ Solar Energy Zone Part-A and Part-B,Power Grid Corporation of India Limited [POWERGRID],"Multi-States (Andhra Pradesh, Telangana)",11/2022,03/2023,11/2024,03/2026,3546.94,3546.94,3440.49,98,Transmission & Distribution
212,602223,Comprehensive Scheme for Strengthening of Transmission and Distribution [T&D] Systems [CSST&DS] in Arunachal Pradesh and Sikkim,Power Grid Corporation of India Limited [POWERGRID],"Multi-States (Arunachal Pradesh, Sikkim)",10/2014,10/2014,12/2018,03/2027,4754.42,9129.32,7809.22,82,Transmission & Distribution
213,607709,NORTH EASTERN REGION POWER SYSTEM IMPROVEMENT PROJECT [NERPSIP],Power Grid Corporation of India Limited [POWERGRID],"Multi-States (Assam, Manipur, Meghalaya, Mizoram, Nagaland, Tripura)",12/2014,03/2016,12/2018,03/2026,5111.33,6700,5442.41,96,Transmission & Distribution
214,617271,Eastern Region Expansion Scheme-43 [ERES-43],Power Grid Corporation of India Limited [POWERGRID],"Multi-States (Bihar, Odisha, West Bengal)",09/2024,09/2024,03/2026,06/2026,342.69,342.69,6.85,4,Transmission & Distribution
215,617807,Inter-regional [NR-WR] Transmission System strengthening to relieve the loading of 765 kV Vindhyachal-Varanasi D/c line,Power Grid Corporation of India Limited [POWERGRID],"Multi-States (Bihar, Uttar Pradesh)",10/2025,10/2025,10/2027,-,2368,2368,3,0,Transmission & Distribution
216,617270,Eastern Region Expansion Scheme-44 [ERES-44],Power Grid Corporation of India Limited [POWERGRID],"Multi-States (Bihar, West Bengal)",11/2024,11/2024,05/2026,03/2027,408.94,408.94,0.4,0,Transmission & Distribution
217,400005,Transmission Network Expansion in Gujarat to increase its ATC from ISTS Part B,Power Grid Corporation of India Limited [POWERGRID],"Multi-States (Dadra & Nagar Haveli and Daman & Diu, Gujarat, Maharashtra)",01/2022,07/2022,06/2023,03/2026,4546.26,4546.26,4358.49,95,Transmission & Distribution
218,611735,Transmission system for evacuation of power from REZ in Rajasthan 20GW under Phase-III Part J,Power Grid Corporation of India Limited [POWERGRID],"Multi-States (Delhi, Rajasthan)",12/2022,12/2022,03/2025,07/2026,331,331,142.84,42,Transmission & Distribution
219,612132,Transmission Scheme for Evacuation of power from REZ in Rajasthan [20 GW] under Phase-III Part D [Sikar Khetri Transmission Ltd],Power Grid Corporation of India Limited [POWERGRID],"Multi-States (Delhi, Rajasthan)",02/2024,02/2024,08/2025,06/2026,2000,2000,1565.4,76,Transmission & Distribution
220,615347,TRANSMISSION SYSTEM FOR EVACUATION OF POWER FROM POTENTIAL RENEWABLE ENERGY ZONE IN KHAVDA AREA OF GUJARAT UNDER PHASE-V [8 GW] PART A [SPV Name POWERGRID West Central Transmission Limited],Power Grid Corporation of India Limited [POWERGRID],"Multi-States (Gujarat, Maharashtra)",11/2024,11/2024,05/2029,-,24819,24819,1985.98,5,Transmission & Distribution
221,615339,Transmission system for evacuation of power from Rajasthan REZ Ph-IV [Part- 3/6GW] [Bikaner complex] Part A [SPV Name POWERGRID Bikaner IV Transmission Limited],Power Grid Corporation of India Limited [POWERGRID],"Multi-States (Haryana, Punjab, Rajasthan)",11/2024,11/2024,11/2026,03/2027,5969,5969,837.04,14,Transmission & Distribution
222,615340,TRANSMISSION SYSTEM FOR EVACUATION OF POWER FROM RAJASTHAN REZ PH-IV [PART-3/ 6 GW] [BIKANER COMPLEX] PART B [SPV Name POWERGRID Siwani Transmission Limited],Power Grid Corporation of India Limited [POWERGRID],"Multi-States (Haryana, Rajasthan)",11/2024,11/2024,11/2026,03/2027,5357,5357,785.56,21,Transmission & Distribution
223,617808,Inter-Regional Strengthening between SR Grid and WR Grid,Power Grid Corporation of India Limited [POWERGRID],"Multi-States (Karnataka, Maharashtra)",10/2025,10/2025,10/2027,-,1007,1007,5.03,0,Transmission & Distribution
224,612138,"Transmission Scheme for Solar Energy Zone in Bidar [2500 MW], Karnataka [Bidar Transmission Ltd]",Power Grid Corporation of India Limited [POWERGRID],"Multi-States (Karnataka, Telangana)",02/2024,02/2024,02/2026,06/2026,2147.62,2147.62,1685.45,79,Transmission & Distribution
225,615333,Transmission System for Evacuation of Power from Rajasthan REZ Ph-IV [Part-2 5.5 GW] [Jaisalmer/Barmer Complex] Part D [SPV Name POWERGRID Beawar Mandsaur Transmission Limited],Power Grid Corporation of India Limited [POWERGRID],"Multi-States (Madhya Pradesh, Rajasthan)",08/2024,08/2024,08/2026,-,2227,2227,846.22,29,Transmission & Distribution
226,615334,Transmission System for Evacuation of Power from Rajasthan REZ Ph-IV [Part-2 5.5 GW] [Jaisalmer/Barmer Complex] Part E [SPV Name POWERGRID Mewar Transmission Limited],Power Grid Corporation of India Limited [POWERGRID],"Multi-States (Madhya Pradesh, Rajasthan)",08/2024,08/2024,08/2026,03/2027,3251,3251,1202.85,32,Transmission & Distribution
227,617186,Rajasthan REZ Ph-V [Part-1- 4 GW] [Sirohi/Nagaur] Complex [Rajasthan V Power Transmission Limited],Power Grid Corporation of India Limited [POWERGRID],"Multi-States (Madhya Pradesh, Rajasthan)",03/2025,03/2025,03/2027,-,5028,5028,411.29,9,Transmission & Distribution
228,612133,Transmission System for Evacuation of power from Rajasthan REZ Ph-IV [Part-1] [Bikaner Complex] Part D [Neemrana Bareilly Transmission Ltd],Power Grid Corporation of India Limited [POWERGRID],"Multi-States (Rajasthan, Uttar Pradesh)",12/2023,12/2023,12/2025,06/2026,2056,2056,1644.8,66,Transmission & Distribution
229,616670,Transmission System for evacuation of Power from Rajasthan REZ Ph-IV [Part-4 3.5 GW] Part A [SPV name POWERGRID Ghiror Transmission Limited],Power Grid Corporation of India Limited [POWERGRID],"Multi-States (Rajasthan, Uttar Pradesh)",12/2024,12/2024,12/2026,03/2027,5846,5846,744.68,15,Transmission & Distribution
230,611947,Transmission System for Evacuation of Power from REZ in Rajasthan 20GW under Phase III- Part E2,Power Grid Corporation of India Limited [POWERGRID],Rajasthan,11/2023,11/2023,06/2025,03/2026,428.3,428.3,334.08,82,Transmission & Distribution
231,611948,Transmission system for evacuation of power from REZ in Rajasthan 20 GW under Phase-III part H,Power Grid Corporation of India Limited [POWERGRID],Rajasthan,10/2023,10/2023,04/2025,03/2026,2211.29,2211.29,2081.24,94,Transmission & Distribution
232,611949,Transmission system for evacuation of power from REZ in Rajasthan 20 GW under Phase-III part C1,Power Grid Corporation of India Limited [POWERGRID],Rajasthan,10/2023,10/2023,04/2025,03/2026,1796.02,1796.02,1621.79,94,Transmission & Distribution
233,611950,Transmission system for evacuation of power from REZ in Rajasthan 20 GW under Phase-III part B1,Power Grid Corporation of India Limited [POWERGRID],Rajasthan,09/2023,09/2023,04/2025,01/2026,2190.54,2190.54,2079.44,98,Transmission & Distribution
234,611951,Transmission system for evacuation of power from REZ in Rajasthan 20GW under Phase-III Part E1,Power Grid Corporation of India Limited [POWERGRID],Rajasthan,12/2021,08/2023,02/2025,01/2026,688.74,688.74,685.29,99,Transmission & Distribution
235,612134,Transmission System for Evacuation of power from Rajasthan REZ Ph-IV [Part-1] [Bikaner Complex] Part A [Bikaner Neemrana Transmission Ltd],Power Grid Corporation of India Limited [POWERGRID],Rajasthan,12/2023,12/2023,12/2025,06/2026,2998.34,2998.34,2158.8,62,Transmission & Distribution
236,615332,Transmission System for Evacuation of Power from Rajasthan REZ Ph-IV [Part-2 5.5 GW][Jaisalmer/Barmer Complex] Part B [SPV Name POWERGRID Sirohi Transmission Limited],Power Grid Corporation of India Limited [POWERGRID],Rajasthan,08/2024,08/2024,08/2026,12/2026,3279,3279,1260.05,32,Transmission & Distribution
237,615335,Transmission System Strengthening for Interconnections of Bhadla-III & Bikaner III Complex [SPV Name POWERGRID BHADLA BIKANER TRANSMISSION LIMITED],Power Grid Corporation of India Limited [POWERGRID],Rajasthan,08/2024,08/2024,08/2026,12/2026,1382,1382,290.08,18,Transmission & Distribution
238,615337,Additional Transmission System for evacuation of Power from Bhadla-III PS as part of Rajasthan REZ Phase III Scheme [20 GW] [SPV Name POWERGRID Bhadla-III Power Transmission Limited],Power Grid Corporation of India Limited [POWERGRID],Rajasthan,08/2024,08/2024,02/2026,03/2026,369,369,129.49,38,Transmission & Distribution
239,615338,TRANSMISSION SYSTEM FOR EVACUATION OF POWER FROM RAJASTHAN REZ PH -IV [PART-2 5.5 GW] [JAISALMER/BARMER COMPLEX] PART F [SPV Name POWERGRID BARMER I TRANSMISSION LIMITED],Power Grid Corporation of India Limited [POWERGRID],Rajasthan,11/2024,11/2024,11/2026,06/2027,2735,2735,656.05,22,Transmission & Distribution
240,617181,"Augmentation at Fatehgarh-II PS, Fatehgarh-IV PS [Section-II] and Barmer-I PS [POWERGRID Fatehgarh Barmer Augmentation Transmission Limited]",Power Grid Corporation of India Limited [POWERGRID],Rajasthan,03/2025,03/2025,12/2026,03/2027,404,404,20.2,2,Transmission & Distribution
241,616671,Transmission System under ISTS for evacuation of Power from Kudankulam Unit-3&4 [2x1000 MW] [SPV Name POWERGRID Kudankulam Tarnsmission Limited],Power Grid Corporation of India Limited [POWERGRID],Tamil Nadu,01/2025,01/2025,12/2026,12/2026,548,548,102.46,12,Transmission & Distribution
242,617269,Transmission System for Strengthening to facilitate evacuation of power from Bhadla/Bikaner Complex,Power Grid Corporation of India Limited [POWERGRID],Uttar Pradesh,12/2024,12/2024,06/2026,08/2026,212.81,212.81,2.1,0,Transmission & Distribution
243,617412,"Construction of One Tower of Office Complex and another Tower of Residential quarters consisting of 10Nos. Type-V, 10Nos. Type-VI & 1No.Type-VII Quarters i/c internal water supply, sanitary installation and all development and bulk services, Horticulture works on EPC Mode-I basis i/c comprehensive operation and maintenance of Civil, E&M services for 7 years after completion of original construction work for Ranga Reddy, Secunderabad, Medchal, AuditI, Audit-II Commissionerates of Central Tax at Khajaguda, Serilingampally, Hyderabad.",Central Public Works Department - CPWD,Telangana,03/2024,11/2024,09/2027,-,644,644,116.18,10,Construction
244,707229,"Integrated Command control Center [ICCC] - Construction and Development of Integrated Command Control Center with Security, Surveillance, ITMS, Connecting Port, Ship Service, Smart Solid Waste Management, Smart Public Transport System",ministry of housing and urban affairs,Andaman & Nicobar,07/2021,11/2021,05/2023,-,209.88,209.88,0,70,Real Estate
245,400188,Redevelopment of Seven General Pool Residential Accommodation [GPRA] Colonies in Delhi,National Buildings Construction Corporation [NBCC],Delhi,07/2016,05/2018,12/2025,12/2025,32850,32850,0,0,Real Estate
246,701719,Rehablitation in Junavadaj Area Smart City Project,ministry of housing and urban affairs,Gujarat,02/2016,06/2016,07/2022,-,539,539,39.63,50,Real Estate
247,701766,Green Building Development Project,ministry of housing and urban affairs,Uttarakhand,11/2019,08/2019,11/2023,-,150.97,150.97,18.95,31,Real Estate
248,702627,Patna Metro Rail Project,Patna Metro Rail Corporation Ltd. [PMRCL],Bihar,02/2019,02/2019,02/2024,06/2027,13365.77,13365.8,4670.21,48,Urban Public Transport
249,617207,Delhi Metro Rail Phase-IV [2 Corridors],Delhi Metro Rail Corporation Limited [DMRC],Delhi,03/2024,03/2024,03/2029,-,8399.81,8399.81,67.13,0,Urban Public Transport
250,702632,DMRTS Phase - IV [3 Priority Corridors],Delhi Metro Rail Corporation Limited [DMRC],Delhi,07/2019,07/2019,03/2025,03/2026,24948.65,24948.7,18390.81,74,Urban Public Transport
251,702630,Surat Metro Rail Project,Gujarat Metro Rail Corporation Limited [GMRCL],Gujarat,03/2019,04/2019,03/2024,06/2026,12020.32,12020.3,8232.16,75,Urban Public Transport
252,702631,"Ahmedabad Metro Rail Project, Phase-II",Gujarat Metro Rail Corporation Limited [GMRCL],Gujarat,03/2019,03/2019,03/2024,12/2025,5384.17,5384.17,4816.5,97,Urban Public Transport
253,702639,Ahmedabad Metro Rail Project [Phase-I],Gujarat Metro Rail Corporation Limited [GMRCL],Gujarat,11/2014,02/2015,03/2018,01/2026,10773,12924.5,12266.48,99,Urban Public Transport
254,702635,Construction of Bangalore Metro Rail Project Phase 2.,Bengaluru Metro Rail,Karnataka,02/2014,02/2016,03/2021,09/2026,26405.14,30695.1,29687.97,95,Urban Public Transport
255,702665,Construction Bangalore Metro Rail Project Phase-2A & 2B,Bengaluru Metro Rail,Karnataka,06/2021,01/2019,06/2026,06/2026,14788.1,14788.1,9313.22,60,Urban Public Transport
256,702664,Kochi Metro Rail Phase 2 Development Project,CSPCC Projects,Kerala,11/2022,11/2022,11/2026,11/2026,1957.05,1957.05,516.92,24,Urban Public Transport
257,702625,Bhopal Metro Rail Project,Madhya Pradesh Metro Rail Co Limited [MPMRCL],Madhya Pradesh,11/2018,11/2018,11/2022,06/2028,6941.4,6941.4,3846.45,51,Urban Public Transport
258,702626,Indore Metro Rail Project,Madhya Pradesh Metro Rail Co Limited [MPMRCL],Madhya Pradesh,11/2018,11/2018,11/2022,12/2028,7500.8,7500.8,4416.11,58,Urban Public Transport
259,617225,PCMC To Nigdi- Extension Of North South Corridor Of Phase-1,Maharashtra Metro Rail Corporation Limited [MMRCL],Maharashtra,10/2023,10/2023,01/2027,-,910.18,910.18,196.77,32,Urban Public Transport
260,617226,Pune Metro Phase-1 Extension line towards south from Swargate to Katraj,Maharashtra Metro Rail Corporation Limited [MMRCL],Maharashtra,09/2024,09/2024,03/2029,-,2954.53,2954.53,25.24,4,Urban Public Transport
261,617327,Thane Integral Ring Metro Rail Project,Maharashtra Metro Rail Corporation Limited [MMRCL],Maharashtra,09/2024,09/2024,09/2029,-,12200.1,12200.1,8.98,5,Urban Public Transport
262,618971,Pune Metro Rail Project Phase-2 Corridor 2A Vanaz to Chandani Chowk and Corridor 2B Ramwadi to Wagholi/Vitthalwadi,Maharashtra Metro Rail Corporation Limited [MMRCL],Maharashtra,07/2025,07/2025,07/2029,-,3626.24,3626.24,0.41,0,Urban Public Transport
263,618985,Pune Metro Rail Project Phase-2 Line-4 Kharadi to Khadakwasla with Spur Line 4A Nal Stop - Warje - Manikbaug,Maharashtra Metro Rail Corporation Limited [MMRCL],Maharashtra,12/2025,12/2025,12/2030,-,9857.85,9857.85,0,0,Urban Public Transport
264,701745,New Suburba Station Development Project,ministry of housing and urban affairs,Maharashtra,04/2018,03/2019,07/2022,-,262.76,262.76,17.62,6,Urban Public Transport
265,701991,Kalyan Station Precinct Imporvement Project,ministry of housing and urban affairs,Maharashtra,04/2018,07/2020,07/2023,-,600,600,272.42,70,Urban Public Transport
266,702637,Mumbai Metro Line 3,Mumbai Metro Rail Corporation Limited [MMRC],Maharashtra,07/2013,06/2016,03/2023,08/2025,23136,37276,32609.9,97,Urban Public Transport
267,702658,Nagpur Metro Rail Phase II Development Project,Maharashtra Metro Rail Corporation Limited [MMRCL],Maharashtra,12/2022,12/2022,12/2027,-,6708,6708,1472.03,31,Urban Public Transport
268,617206,Delhi Metro Rail Phase-IV [Rithala - Kundli Corridor],Delhi Metro Rail Corporation Limited [DMRC],"Multi-States (Delhi, Haryana)",01/2025,01/2025,01/2029,-,6230.99,6230.99,72.43,0,Urban Public Transport
269,702633,Delhi-Ghaziabad-Meerut Regional Rapid Transit System [RRTS] corridor,National Capital Region Transport Corporation [NCRTC],"Multi-States (Delhi, Uttar Pradesh)",03/2019,03/2019,06/2025,01/2026,30274,30274,27312.17,96,Urban Public Transport
270,702668,Chennai Metro Rail Phase-II Development Project,Chennai Metro Rail Limited [CMRL],Tamil Nadu,10/2024,11/2020,08/2029,-,63246,63246,30211.38,48,Urban Public Transport
271,702628,Kanpur Metro Rail Project,Uttar Pradesh metro rail corporation [UPMRC],Uttar Pradesh,05/2019,11/2019,05/2024,03/2027,11076.48,11076.5,9089.89,76,Urban Public Transport
272,702629,Agra Metro Rail Project,Uttar Pradesh metro rail corporation [UPMRC],Uttar Pradesh,05/2019,12/2020,05/2024,06/2027,8379.62,8379.62,6062.03,65,Urban Public Transport
273,702674,"ESR - 8 nos., distribution system - 216 Km, new house service connections - 38760 nos. upgrading of feeder mains, pumping station etc. - Phase II",Ministry of Housing & Urban Affairs,Andhra Pradesh,02/2017,07/2018,03/2023,03/2026,172.22,172.22,88.86,82,Waste & Water
274,702699,Muzaffarpur Storm Water Drainage Phase-I Project,Ministry of Housing & Urban Affairs,Bihar,11/2016,02/2019,10/2023,03/2026,158.78,158.78,69.52,83,Waste & Water
275,702355,Storm water drainag Development Project,ministry of housing and urban affairs,Dadra & Nagar Haveli and Daman & Diu,08/2020,12/2021,03/2024,-,210,210,0,20,Waste & Water
276,707267,Upgradation of Sewerage system in Gandhinagar City,ministry of housing and urban affairs,Gujarat,07/2020,03/2021,06/2023,-,200,200,100,10,Waste & Water
277,702734,Sewerage Management Scheme Part-3 Implementation,Ministry of Housing & Urban Affairs,Haryana,03/2017,11/2017,09/2023,03/2026,278.01,278.01,218.89,88,Waste & Water
278,702735,Sewerage Management Scheme Part-3 Implementation,Ministry of Housing & Urban Affairs,Haryana,03/2017,10/2018,03/2023,01/2026,213.19,213.19,168.14,91,Waste & Water
279,702741,Dhanbad Water Supply Infrastructure Project,Ministry of Housing & Urban Affairs,Jharkhand,02/2017,12/2018,03/2023,03/2026,216.55,216.55,129.16,74,Waste & Water
280,702742,SAAP-3 Water Supply Infrastructure SAAP-3 Project,Ministry of Housing & Urban Affairs,Jharkhand,02/2017,12/2018,10/2023,03/2026,159.31,159.31,87.5,66,Waste & Water
281,702746,Augmentation and Strenghthning of Urban Water Supply Phase 1 - SAAP 3,Ministry of Housing & Urban Affairs,Jharkhand,02/2017,12/2018,03/2023,03/2026,278.28,278.28,186.5,79,Waste & Water
282,702760,Belgavi Improvement in Sewerage System Project,Ministry of Housing & Urban Affairs,Karnataka,12/2015,10/2016,07/2023,03/2026,162.73,162.73,85.71,80,Waste & Water
283,702764,24/7 water supply under AMRUT for Davanagere,Ministry of Housing & Urban Affairs,Karnataka,11/2016,01/2018,03/2023,03/2026,174.96,174.96,93.18,65,Waste & Water
284,702793,Indore Water Supply Infrastructure Project,Ministry of Housing & Urban Affairs,Madhya Pradesh,12/2016,11/2017,03/2023,01/2026,287.17,287.17,252.5,99,Waste & Water
285,702798,Jabalpur Sewerage Management and Treatment Infrastructure Project,Ministry of Housing & Urban Affairs,Madhya Pradesh,10/2018,12/2017,03/2023,01/2026,362.31,362.31,322.31,96,Waste & Water
286,702808,Satna Sewerage Management and Treatment Infrastructure Project,Ministry of Housing & Urban Affairs,Madhya Pradesh,11/2015,12/2016,03/2024,03/2026,191.56,215.89,191.79,88,Waste & Water
287,702810,Singrauli Sewerage Management and Treatment Infrastructure Project,Ministry of Housing & Urban Affairs,Madhya Pradesh,05/2016,11/2017,03/2023,03/2026,402.01,402.01,357.68,90,Waste & Water
288,702833,Kalyan-Dombivali Water Supply Infrastructure Project,Ministry of Housing & Urban Affairs,Maharashtra,07/2016,09/2019,10/2023,03/2026,194.2,194.2,136.56,75,Waste & Water
289,702840,Mira-Bhayandar Water Supply Infrastructure Project,Ministry of Housing & Urban Affairs,Maharashtra,11/2016,08/2018,03/2023,02/2026,204.55,204.55,186.13,99,Waste & Water
290,702851,Pune Water Supply Infrastructure Project,Ministry of Housing & Urban Affairs,Maharashtra,03/2017,07/2017,03/2023,03/2026,235.95,235.95,184.98,95,Waste & Water
291,702854,Solapur Sewerage Management Infrastructure Project,Ministry of Housing & Urban Affairs,Maharashtra,03/2017,04/2018,03/2023,03/2026,180.24,180.24,155.01,91,Waste & Water
292,703021,Jalandhar Water Supply Infrastructure Project,Ministry of Housing & Urban Affairs,Punjab,11/2016,08/2020,08/2023,03/2026,258.53,258.53,161.02,58,Waste & Water
293,703057,Patiala Water Supply Infrastructure Part-2 Project,Ministry of Housing & Urban Affairs,Punjab,11/2016,08/2020,10/2023,02/2026,287,287,213.64,99,Waste & Water
294,702948,Jaunpur Sewerage Management Infrastructure Project,Ministry of Housing & Urban Affairs,Uttar Pradesh,03/2017,08/2019,06/2023,02/2026,235.73,235.73,221.27,99,Waste & Water
295,702949,Jhansi Water Supply Infrastructure Phase-II Project,Ministry of Housing & Urban Affairs,Uttar Pradesh,03/2017,06/2019,07/2023,02/2026,561.74,561.74,485.91,93,Waste & Water
296,617280,"Construction of Basement + Ground Floor+ 10 Storeyed building for State of the Art Director General, GSI Building at plot No.GN-40, Sector-V, Salt Lake, Kolkata",Central Public Works Department (CPWD),West Bengal,04/2019,02/2020,08/2026,-,255.37,255.37,93.39,50,Construction
297,400426,Expansion of Malanjkhand Copper Project,Hindustan Copper Limited [HCL],Madhya Pradesh,09/2011,04/2015,04/2020,04/2026,1856.36,1856.36,950.94,82,Metals & Mining
298,400141,Expansion of Alumina Refinery Plant with addition of 5th Stream having capacity enhancement of 1.0 Million Tonee Per Annum,National Aluminium Company Limited [NALCO],Odisha,04/2017,04/2017,12/2022,09/2025,4103,5677.4,4449.07,80,Metals & Mining
299,400299,Pottangi Bauxite Mines Project,National Aluminium Company Limited [NALCO],Odisha,05/2018,05/2018,03/2025,05/2026,1381,1960.77,650.04,51,Metals & Mining
300,709830,CONVERSION OF FLAT BOTTOM SETTLERS AND WASHERS WITH A SINGLE TRAIN OF HRDS AND DCWS IN STREAMS 1 AND,Ministry of Mines,Odisha,NA,04/2017,11/2026,-,355,581,163.55,12,Metals & Mining
301,709831,SOURCING OF BAUXITE ARRANGEMENT FOR 5TH STREAM ALUMINA REFINERY FROM SOUTH BLOCK MINING LEASE OF PANCHPATMAILI MINES,National Aluminium Company Limited [NALCO],Odisha,11/2017,11/2019,05/2025,06/2026,483,483,417.31,91,Metals & Mining
302,709832,25.5 MW WIND POWER PROJECT AT KAYATHAR IN TAMILNADU,National Aluminium Company Limited [NALCO],Tamil Nadu,09/2017,12/2017,03/2025,03/2026,166,166,135,66,Metals & Mining
303,613008,Construction of Permanent Campus of Central Tribal University of Andhra Pradesh Phase-1,Central Tribal University of Andhra Pradesh,Andhra Pradesh,09/2019,12/2023,06/2027,-,305,305,51.33,38,Education
304,612898,Construction of Permanent Campus of National Institute of Technology Arunachal Pradesh,"National Institute of Technology, Arunachal Pradesh",Arunachal Pradesh,09/2009,03/2013,08/2026,08/2024,592.61,592.61,550.61,80,Education
305,606112,Tezpur University Projects,Tezpur University,Assam,05/2019,06/2021,11/2023,12/2025,153.71,153.71,125.03,97,Education
306,606013,Additional Campus of NITPatna,NIT Patna,Bihar,07/2022,08/2022,07/2024,01/2026,499.21,499.21,445.97,97,Education
307,617877,Phase B of Construction of Permanent Campus of IIT Bhilai,"Indian Institute of Technology, Bhilai",Chhattisgarh,05/2025,01/2026,10/2028,-,1188.97,1188.97,0,0,Education
308,612851,"Phase 1B - Construction of Academic Block, Hostel, Residential Tower, Directors Residence and External Development works at National Institute of Technology, Delhi Campus on Engineering, Procurement and Construction basis",National Institute of Technology Delhi,Delhi,09/2009,11/2022,09/2025,01/2026,333.49,336.42,297.65,97,Education
309,616886,Delhi University Eastern Campus at Surajmal Vihar,Delhi University,Delhi,09/2024,03/2025,10/2026,-,373,373,27.63,10,Education
310,612916,"Construction of permanent campus of Central University of Gujarat at Village kundhela, Dist. Vadodara, Gujarat.",Central University of Gujarat,Gujarat,12/2020,02/2021,03/2025,03/2026,490.63,490.63,316.05,83,Education
311,602099,Establishment of Permanent campus Phase 1 of IIM Sirmaur,"Indian Institute of Management, Sirmaur",Himachal Pradesh,09/2018,08/2020,10/2023,02/2026,392.51,454.78,328.83,95,Education
312,612128,Hostel blocks & dining hall block,"Indian Institute of Technology, Mandi",Himachal Pradesh,03/2023,03/2024,03/2026,03/2026,166.66,166.66,102.52,76,Education
313,612894,"Construction of Permanent Campus of Central University of Himachal Pradesh at Dehra, District - Kangra, [H.P.] on Engineering. Procurement and Construction [EPC Mode 1] Basis.","Central University, Himachal Pradesh",Himachal Pradesh,03/2021,08/2022,11/2024,03/2026,251.98,300.45,221.2,82,Education
314,602098,"Construction of Permanent Campus for IIM Jammu Phase-1 at Jagti, Nagrota, Jammu, J&K","Indian Institute of Management, Jammu",Jammu and Kashmir,03/2019,10/2020,06/2023,11/2025,424.93,500.91,484.52,96,Education
315,606431,CONSTRUCTION OF PERMANENT CAMPUS FOR IIT PALAKKAD UNDER PHASE 1A,INDIAN INSTITUTE OF TECHNOLOGY PALAKKAD,Kerala,07/2017,03/2020,06/2022,06/2026,1006.45,1217.4,663.4,79,Education
316,617878,Phase B of Construction of Permanent Campus of IIT Palakkad,INDIAN INSTITUTE OF TECHNOLOGY PALAKKAD,Kerala,05/2025,01/2026,10/2028,-,1527,1527,9.8,0,Education
317,611957,"Phase III A works at IIT Indore [03 Hostels, 01 Studio Apartment, 01 Housing, Heavy & Sophisticated lab complex, Academic POD and Infrastructure for center of excellence]","Indian Institute of Technology, Indore",Madhya Pradesh,12/2023,04/2024,02/2027,-,496.28,496.28,56.35,37,Education
318,612885,Construction and Developement of National Institute of Technology Meghalaya Permanent Campus at Sohra,"National Institute of Technology, Meghalaya",Meghalaya,09/2009,09/2014,03/2022,10/2026,494.52,429.7,426.07,91,Education
319,612876,"Construction of Permanent Campus for NIT Mizoram at Lengpui, Aizawl",NIT Mizoram,Mizoram,09/2009,06/2014,12/2029,03/2022,474.23,474.23,167.55,4,Education
320,613013,Establishment of NIT Nagaland,NIT Nagaland,Nagaland,09/2009,12/2014,12/2025,-,275.63,275.63,261.7,97,Education
321,610315,IISER BERHAMPUR,"Indian Institutes of Science Education and Research, Behrampur",Odisha,10/2018,09/2019,03/2021,06/2026,1229.32,843.09,835.6,98,Education
322,612877,Establishment of NIT Puducherry Permanent Campus [Phase-I and Phase-II],"National Institute of Technology, Puducherry",Puducherry,09/2009,07/2013,12/2024,08/2025,618.34,544.34,530.45,97,Education
323,605292,"Construction of Permanent Campus of Indian Institute of Management [IIM] Amritsar, Punjab, Phase-I","Indian intitue of Management, Amritsar",Punjab,10/2019,07/2020,06/2023,12/2025,348.31,348.31,290.39,91,Education
324,617221,"Construction of Girls Hostel 400 seater, Boys Hostel 600 seater, Academic Block, International Hostel 100 seater, VC Residence and Purchase of Equipment",Central University of Punjab,Punjab,08/2024,04/2025,10/2027,-,210.99,210.99,30,19,Education
325,609736,"Construction of Sikkim University Campus Phase-I Package-II at Yangang, South Sikkim",Sikkim University,Sikkim,08/2020,01/2022,01/2025,03/2026,314.06,314.06,238.22,85,Education
326,612883,Establishment of Permanent Campus of NIT SIkkim at Khamdong-Gangtok District,NIT Sikkim,Sikkim,02/2024,03/2024,02/2028,12/2026,685.76,610.76,171.56,24,Education
327,609996,Construction of Precast housing and hostels at IIT Hyderabad,"Indian Institute of Technology, Hyderabad",Telangana,09/2022,11/2022,10/2024,01/2026,262,262,194.37,83,Education
328,606479,Banaras Hindu University [ Kayakalp of Institute of Medical Sciences],Banaras Hindu University,Uttar Pradesh,06/2020,06/2020,09/2022,03/2026,246,246,199.71,97,Education
329,611963,"Construction & Development of Infrastructural Facilities in the main campus of NIT Uttarakhand at Sumari, Pauri Garhwal",National Institute of Technology Uttarakhand,Uttarakhand,06/2020,04/2024,09/2027,-,650.85,650.85,261.11,40,Education
330,609019,"HEFA projects on development of student hostels, playgrounds, departmental buildings, class room complex and other campus facilities in IIT Kharagpur","Indian Institute of Technology, Kharagpur",West Bengal,06/2018,04/2019,03/2023,03/2026,500,442,401.6,92,Education
331,400081,"National Sports University [NSU], Imphal [Manipur]",Department of Sports & Youth Affairs,Manipur,NA,01/2022,08/2024,08/2026,906.47,611.74,565.17,95,Education
332,616235,Construction of Aviation Fuel farm Facilities at Bhogapuram Airport,Ministry of Petroleum & Natural Gas,Andhra Pradesh,08/2024,08/2024,03/2026,03/2026,240,240,134.94,89,Energy Storage
333,709754,"Construction of LPG Facilities at Kamardanga, Assam",Hindustan Petroleum Corporation Limited,Assam,03/2023,03/2023,07/2027,07/2027,156.36,156.36,74.46,55,Energy Storage
334,709755,"Setting up of new rail fed POL facility at Kamardanga, Assam",Hindustan Petroleum Corporation Limited [HPCL],Assam,03/2023,03/2023,07/2027,07/2027,384.04,384.04,168.47,67,Energy Storage
335,617839,Capacity Augmentation of Kandla LPG Import Terminal [KLIT] from 0.6 MMTPA to 2.5 MMTPA,Ministry of Petroleum & Natural Gas,Gujarat,05/2023,05/2023,07/2026,07/2026,356.86,304.4,90.44,60,Energy Storage
336,400235,"Setting up a common user Petroleum Terminal at Jammu, J&K for resitement of existing PSU OMC's Depots from Jammu City",Bharat Petroleum Corporation Limited [BPCL],Jammu and Kashmir,04/2023,04/2023,03/2025,01/2026,676.89,715.89,576.69,91,Energy Storage
337,604833,"Andheri Residential Towers, Mumbai",Ministry of Petroleum & Natural Gas,Maharashtra,06/2017,06/2017,05/2025,06/2026,281.35,389.67,249.5,56,Energy Storage
338,617829,LPG Bottling Plant at Mualkhang,Ministry of Petroleum & Natural Gas,Mizoram,07/2024,07/2024,10/2028,11/2027,225.71,225.71,16.32,26,Energy Storage
339,701343,Srikakulam Angul Gas Pipeline Project,Ministry of Petroleum & Natural Gas,"Multi-States (Andhra Pradesh, Odisha)",09/2019,09/2019,07/2022,06/2026,2658.34,2810,2282.98,96,Energy Storage
340,701349,Paradip-Numaligarh Crude Oil Pipeline [PNCPL] & Crude Oil Import Terminal [COIT] at Paradip,Ministry of Petroleum & Natural Gas,"Multi-States (Assam, Bihar, Jharkhand, Odisha, West Bengal)",01/2019,01/2019,07/2024,06/2026,10228,11407,10270.18,89,Energy Storage
341,400078,New Mundra Panipat Crude Oil Pipeline,Ministry of Petroleum & Natural Gas,"Multi-States (Gujarat, Haryana, Rajasthan)",12/2021,12/2021,12/2024,06/2026,9028,9028,7394.54,88,Energy Storage
342,400012,Kandla Gorakhpur LPG Pipeline,Ministry of Petroleum & Natural Gas,"Multi-States (Gujarat, Madhya Pradesh, Uttar Pradesh)",12/2018,12/2018,12/2021,03/2026,10088,10088,8217.69,94,Energy Storage
343,400301,Multi Product Pipeline from Irugur to Devangonthi,"Department of Water Resources, River Development & GR","Multi-States (Karnataka, Tamil Nadu)",11/2012,11/2012,02/2017,09/2026,678,1732,893.48,74,Energy Storage
344,701263,Rajasthan Refinery Project,MinistryofPetroleumNaturalGas,Rajasthan,10/2017,10/2017,10/2022,03/2026,43129,79459,63571.54,90,Energy Storage
345,709759,"Petrochemical evacuation marketing terminal at Barmer, Rajasthan",Hindustan Petroleum Corporation Limited [HPCL],Rajasthan,12/2023,12/2023,12/2026,12/2026,461.05,461.05,166.12,72,Energy Storage
346,400043,Laying of POL Pipelines in Common Corridor for proposed grass root terminal at Vallur [Chennai],Ministry of Petroleum & Natural Gas,Tamil Nadu,01/2022,01/2022,05/2026,05/2026,829,829,339.98,69,Energy Storage
347,400077,"Grass root POL Terminal at Vallur, Chennai",Indian Oil Corporation Limited [IOCL],Tamil Nadu,01/2022,01/2022,12/2024,03/2026,827,887.71,649.51,90,Energy Storage
348,400035,"Grass Root Rail-fed Depot at Sekerkote, Agartala as resitement of existing Dharmanagar Depot",Indian Oil Corporation Limited [IOCL],Tripura,06/2022,06/2022,09/2025,06/2026,656,656,526.86,92,Energy Storage
349,604852,"Grass-root Terminal at Mirzapur, Uttar Pradesh",Ministry of Petroleum & Natural Gas,Uttar Pradesh,09/2022,09/2022,11/2026,11/2026,980.45,980.45,250.55,62,Energy Storage
350,400120,KG-DWN-98/2 Cluster - II Development Project - NELP Block,Oil and Natural Gas Corporation Limited [ONGC],Andhra Pradesh,03/2016,03/2016,06/2020,06/2026,34012,34012,32374.37,96,Oil & Gas
351,709752,HP-COAT [Crude to Olefins and Aromatics Technology] demo unit at Visakh Refinery,Hindustan Petroleum Corporation Limited,Andhra Pradesh,09/2021,09/2021,06/2024,03/2026,160,220,106.27,80,Oil & Gas
352,709766,"City Gas Distribution Project at Kurnool, Guntur & Prakasam Districts",MinistryofPetroleumNaturalGas,Andhra Pradesh,03/2022,03/2022,03/2030,03/2030,1420,1420,170.7,6,Oil & Gas
353,604791,Numaligarh Refinery Expansion Project,Ministry of Petroleum & Natural Gas,Assam,07/2020,07/2020,07/2024,09/2026,12366,22494,18147.42,80,Oil & Gas
354,604863,Development of Surface Facilities for production and evacuation of Crude Oil and Natural Gas from Nadua and East Khagorija,Ministry of Petroleum & Natural Gas,Assam,01/2018,01/2018,02/2020,06/2026,682.9,726.93,493.53,94,Oil & Gas
355,607701,"Guwahati Refinery Expansion [1.0 to 1.2 MMTPA] along with installation of CRU, Guwahati Refinery",Ministry of Petroleum & Natural Gas,Assam,05/2021,05/2021,10/2023,05/2026,412.3,577,458.56,89,Oil & Gas
356,616858,"Construction of Field Gas Gathering Station at Baghjan area for collection, processing & transportation of natural Gas to be produced from Baghjan Field",Ministry of Petroleum & Natural Gas,Assam,12/2020,12/2020,03/2024,03/2026,430.76,430.76,334.6,89,Oil & Gas
357,617836,Coke Drum Structure Package,Ministry of Petroleum & Natural Gas,Assam,12/2022,12/2022,12/2025,09/2026,635.28,635.28,80.32,51,Oil & Gas
358,709776,Augmentation/Revamping of Facilities at existing Guwahati Terminal at Betkuchi,MinistryofPetroleumNaturalGas,Assam,04/2022,04/2022,09/2026,09/2026,277,323.09,192.31,74,Oil & Gas
359,709779,Capacity Expansion of Digboi Refinery from 0.65 to 1.0 MMTPA,MinistryofPetroleumNaturalGas,Assam,06/2022,06/2022,03/2026,07/2027,768,740,130.46,49,Oil & Gas
360,709847,Pipeline Network Project Rudrasagar,Ministry of Petroleum & Natural Gas,Assam,01/2023,01/2023,04/2026,04/2026,344.99,344.99,220.37,50,Oil & Gas
361,709850,Borholla GGS Life Extension Project [BLEP],Ministry of Petroleum & Natural Gas,Assam,09/2023,09/2023,05/2026,05/2026,198.7,198.7,59.75,45,Oil & Gas
362,709864,DCU Revamp Project,NRL,Assam,08/2021,08/2021,07/2024,06/2026,370,370,274.81,68,Oil & Gas
363,709865,Power Recovery Turbine [PRT] in PFCCU unit as an Energy Conservation Scheme,NRL,Assam,04/2023,04/2023,12/2024,09/2026,293.5,293.5,97.22,98,Oil & Gas
364,617304,"Setting up of LPG Plant with Rail Unloading Facility at Hathua, Dist. Gopalganj, Bihar",MinistryofPetroleumNaturalGas,Bihar,10/2023,10/2023,03/2027,03/2027,340.15,340.15,124.9,39,Oil & Gas
365,701324,Barauni Refinery Capacity Expansion from 6.0 to 9.0 MMTPA,Ministry of Petroleum & Natural Gas,Bihar,01/2020,01/2020,04/2023,08/2026,14810,16724,12484.41,89,Oil & Gas
366,709777,Installation of Bitumen Manufacturing Unit along with allied facilities at Barauni Refinery,MinistryofPetroleumNaturalGas,Bihar,01/2022,01/2022,04/2025,10/2026,389.35,340,84.81,52,Oil & Gas
367,709792,"City Gas Distribution Projects at Darbhanga, Madhubani, Supaul, Sitamarhi and Sheohar districts",Bharat Petroleum Corporation Limited [BPCL],Bihar,12/2022,12/2022,03/2030,03/2030,3638,3638,437.06,30,Oil & Gas
368,709793,"City Gas Distribution Projects at Gopalganj, Siwan, West Champaran, East Champaran and Deoria districts",Bharat Petroleum Corporation Limited [BPCL],Bihar,12/2022,12/2022,06/2030,06/2030,3919,3919,457.23,23,Oil & Gas
369,617819,"City Gas Distribution [CGD] Project in Kondagaon, Bastar, Sukma, Narayanpur, Bijapur & Dantewada GA",GAIL Gas,Chhattisgarh,06/2022,06/2022,06/2030,06/2030,557.04,557.04,8.33,2,Oil & Gas
370,400087,Redevelopment of Sobhasan Complex,Oil and Natural Gas Corporation Limited [ONGC],Gujarat,08/2021,08/2021,02/2026,02/2026,885.63,1286.67,911.57,85,Oil & Gas
371,400167,Redevelopment of Santhal Field [Onshore-Mehsana Asset],Oil and Natural Gas Corporation Limited [ONGC],Gujarat,02/2017,02/2017,03/2026,03/2026,1162.56,1162.56,1145.85,95,Oil & Gas
372,400169,Redevelopment of Linch Field,Oil and Natural Gas Corporation Limited [ONGC],Gujarat,04/2021,04/2021,03/2025,03/2026,631.03,860.04,600.07,88,Oil & Gas
373,701329,Petrochemical and Lube Integration Project at Gujarat Refinery,Ministry of Petroleum & Natural Gas,Gujarat,09/2020,09/2020,08/2024,06/2026,18936,17825,13229.31,85,Oil & Gas
374,709778,Installation of new Biturox Unit along with allied facilities at Gujarat Refinery,MinistryofPetroleumNaturalGas,Gujarat,01/2022,01/2022,08/2025,09/2026,328.29,287,183.45,72,Oil & Gas
375,709838,Commercial Polymer Flooding Project in Bechraji field,Oil and Natural Gas Corporation Limited [ONGC],Gujarat,01/2022,01/2022,11/2024,05/2027,621.4,739.02,144.19,25,Oil & Gas
376,709840,"Restoration of Gas Terminal, Phase-I [Part-A], Hazira",Oil and Natural Gas Corporation Limited [ONGC],Gujarat,05/2022,05/2022,02/2025,04/2026,249.43,249.43,210.45,95,Oil & Gas
377,709841,Old Pipe Line Replacement [OPRP] Group-A,Oil and Natural Gas Corporation Limited [ONGC],Gujarat,07/2021,07/2021,07/2025,03/2026,173.03,169.84,154.84,89,Oil & Gas
378,709842,"Kalol Redevelopment Project, Ahmedabad Asset",Oil and Natural Gas Corporation Limited [ONGC],Gujarat,08/2022,08/2022,03/2027,03/2027,1487.41,1487.41,938.5,63,Oil & Gas
379,709845,"Revamping of SV Stations, Gas Terminal & Kribhco Terminal",Oil and Natural Gas Corporation Limited [ONGC],Gujarat,11/2022,11/2022,08/2026,08/2026,837.34,837.34,325.04,59,Oil & Gas
380,604853,"Indian Oil Technology Development and Deployment Centre at R&D Campus-II, Faridabad",Ministry of Petroleum & Natural Gas,Haryana,06/2019,06/2019,12/2022,10/2026,2281.94,3200,1885.39,64,Oil & Gas
381,611917,Poly Butadiene Rubber plant at Panipat,Indian Oil Corporation Limited [IOCL],Haryana,03/2022,03/2022,03/2025,06/2026,1459,2531.44,1435.65,79,Oil & Gas
382,701289,Capacity Expansion of Panipat Refinery from 15 to 25 MMTPA,Ministry of Petroleum & Natural Gas,Haryana,02/2021,02/2021,09/2024,06/2026,34627,36225,27829.24,91,Oil & Gas
383,709783,"Installation of Multiple Effect Evaporator [MEE] for ETP-1, 2 & 4 of Panipat Refinery and Petrochemical Complex.",MinistryofPetroleumNaturalGas,Haryana,12/2020,12/2020,06/2023,06/2026,165.13,247.69,155.76,79,Oil & Gas
384,709773,"City Gas Distribution Project at Jammu, Udhampur, Reasi, Samba and Kathua Districts",MinistryofPetroleumNaturalGas,Jammu and Kashmir,03/2022,03/2022,03/2032,03/2032,538,538,4.11,0,Oil & Gas
385,610984,Development of Jharia CBM Block [Phase-1],Oil and Natural Gas Corporation Limited [ONGC],Jharkhand,11/2019,11/2019,01/2024,03/2026,431,431,228.44,61,Oil & Gas
386,709785,Laying of Natural Gas Pipeline from Hazaribagh to Ranchi [HRPL],MinistryofPetroleumNaturalGas,Jharkhand,02/2023,02/2023,02/2026,03/2027,202.07,202.07,61.84,50,Oil & Gas
387,612790,Power System Upgradation Project,Mangalore Refinary and Petrochemicals Limited,Karnataka,10/2023,10/2023,11/2025,05/2026,385,385,178.36,74,Oil & Gas
388,616879,Demo Bio-ATF Project,Ministry of Petroleum & Natural Gas,Karnataka,03/2024,03/2024,01/2027,01/2027,364,364,49.39,26,Oil & Gas
389,709774,Revamping/ Augmentation of facilities at existing port terminal at Mangalore,Ministry of Petroleum & Natural Gas,Karnataka,01/2022,01/2022,12/2025,06/2027,463,500.62,301.09,76,Oil & Gas
390,617838,Augmentation of CCKPL and IDPL Pipelines capacity along with setting up of Palakkad TOP,Ministry of Petroleum & Natural Gas,Kerala,09/2024,09/2024,08/2028,08/2028,1130,1130,189.61,20,Oil & Gas
391,709790,Replacement and Extension of Jetty Pipelines [REJP] at KR,Bharat Petroleum Corporation Limited [BPCL],Kerala,03/2023,03/2023,03/2026,03/2026,621.87,372,459.74,93,Oil & Gas
392,709799,Setting up Polypropylene Unit at Kochi Refinery,MinistryofPetroleumNaturalGas,Kerala,12/2023,12/2023,10/2027,10/2027,4460,4460,399.96,20,Oil & Gas
393,617830,C2/C3 Vijaipur Pata Pipeline,Ministry of Petroleum & Natural Gas,Madhya Pradesh,05/2024,05/2024,01/2027,01/2027,1792,1792,390.2,46,Oil & Gas
394,709798,Ethylene Cracker Project at Bina Refinery including downstream Petrochemical Plants and expansion of Refinery,MinistryofPetroleumNaturalGas,Madhya Pradesh,05/2023,05/2023,05/2028,05/2028,43367,43367,2592.6,18,Oil & Gas
395,400168,"500 KTA PDHPP Project, Usar",Ministry of Petroleum & Natural Gas,Maharashtra,04/2021,04/2021,04/2025,06/2026,8797,11256,7371.46,88,Oil & Gas
396,616933,Lube Modernization & Bottom Upgradation Project at Mumbai Refinery,Ministry of Petroleum and Natural Gas,Maharashtra,12/2024,12/2024,03/2028,03/2028,4679,4679,222.44,7,Oil & Gas
397,709760,HP TDAE Unit in Mumbai Refinery,Hindustan Petroleum Corporation Limited,Maharashtra,06/2024,06/2024,04/2026,04/2026,240,240,77.58,70,Oil & Gas
398,709771,"City Gas Distribution Project at Beed, Jalgaon and Jalna Districts",MinistryofPetroleumNaturalGas,Maharashtra,03/2022,03/2022,09/2031,09/2031,865,865,74.35,3,Oil & Gas
399,709780,Construction of Additional Tankages and Allied Facilities at JNPT Terminal,MinistryofPetroleumNaturalGas,Maharashtra,04/2022,04/2022,08/2026,08/2026,341.43,436.14,293.12,55,Oil & Gas
400,709782,ATF Pipeline from Jawaharlal Nehru Port Trust to Navi Mumbai International Airport,Indian Oil Corporation Limited [IOCL],Maharashtra,08/2022,08/2022,08/2025,03/2026,165,165,96.61,83,Oil & Gas
401,709789,Installation of Independent De- Aromatized Solvents [DAS] production facilities at MR,Bharat Petroleum Corporation Limited [BPCL],Maharashtra,03/2023,03/2023,07/2025,02/2026,405,343,244.2,97,Oil & Gas
402,709797,POL & LOBS Installations with Receipt Pipelines at Rasayani,Bharat Petroleum Corporation Limited [BPCL],Maharashtra,05/2023,05/2023,05/2026,05/2026,2585,2585,936.03,80,Oil & Gas
403,709846,Part Replacement Pipeline Project [PRPP],Oil and Natural Gas Corporation Limited [ONGC],Maharashtra,11/2022,11/2022,05/2024,01/2026,1219.48,1145.1,745,90,Oil & Gas
404,616254,Visakh Raipur Pipeline Project,Ministry of Petroleum and Natural Gas,"Multi-States (Andhra Pradesh, Chhattisgarh, Odisha)",09/2024,09/2024,09/2027,09/2027,2212,2212,127.64,21,Oil & Gas
405,701346,North East Gas Grid,Ministry of Petroleum & Natural Gas,"Multi-States (Arunachal Pradesh, Assam, Manipur, Meghalaya, Mizoram, Nagaland, Sikkim, Tripura, West Bengal)",04/2020,04/2020,03/2024,03/2026,9265,9265,6622,86,Oil & Gas
406,617827,"Pipeline Rehabilitation Project, Phase-II",Ministry of Petroleum & Natural Gas,"Multi-States (Assam, Bihar, West Bengal)",12/2024,12/2024,12/2029,12/2029,680,680,2.32,17,Oil & Gas
407,701350,Upgradation of Facilities of Numaligarh-Siliguri Product Pipeline [NSPL] for transportation of additional products from existing 1.72 MMTPA to 5.5 MMTPA,Ministry of Petroleum & Natural Gas,"Multi-States (Assam, West Bengal)",06/2021,06/2021,12/2024,03/2026,860,860,636.92,99,Oil & Gas
408,709757,"CGD Project in Banka, Dumka, Godda, Jamtara, Pakur, Sahibganj GA ID 11A.02",Hindustan Petroleum Corporation Limited,"Multi-States (Bihar, Jharkhand)",06/2022,06/2022,06/2030,06/2030,1377,1377,350.62,32,Oil & Gas
409,701354,Mumbai Nagpur Jharsuguda Pipeline Project,Ministry of Petroleum & Natural Gas,"Multi-States (Chhattisgarh, Madhya Pradesh, Maharashtra, Odisha)",06/2020,06/2020,05/2023,02/2026,7844.25,8255,6857.3,97,Oil & Gas
410,701330,Mehsana-Bhatinda & Bhatinda-Jammu Natural Gas Pipeline,Ministry of Petroleum & Natural Gas,"Multi-States (Gujarat, Haryana, Punjab, Rajasthan)",07/2011,07/2011,06/2024,03/2026,7392,7392,6336.9,90,Oil & Gas
411,612853,Gurdaspur Jammu Pipeline,Gas Authority of India Limited [GAIL],"Multi-States (Jammu and Kashmir, Punjab)",07/2023,07/2023,07/2026,07/2026,521.9,521.9,249.7,43,Oil & Gas
412,701228,Kochi - Koottanad - Bangalore - Mangalore Pipeline Phase-II,Ministry of Petroleum & Natural Gas,"Multi-States (Karnataka, Kerala, Tamil Nadu)",06/2009,06/2009,12/2012,03/2026,2915,5909,4548.29,95,Oil & Gas
413,701338,City Gas Distribution Maharashtra Natural Gas Limited,Ministry of Petroleum & Natural Gas,"Multi-States (Karnataka, Maharashtra)",01/2006,01/2006,06/2031,06/2031,5535,5535,4037.28,0,Oil & Gas
414,701344,Dhamra Haldia Pipeline Project,Ministry of Petroleum & Natural Gas,"Multi-States (Odisha, West Bengal)",03/2020,03/2020,11/2022,03/2026,1030.65,1125,885.2,91,Oil & Gas
415,709794,"City Gas Distribution Projects at Fazilka [except area already authorized], Ganganagar and Hanumangarh districts",Bharat Petroleum Corporation Limited [BPCL],"Multi-States (Punjab, Rajasthan)",12/2022,12/2022,06/2030,06/2030,3207,3207,377.38,27,Oil & Gas
416,709786,"Augmentation/ Revamping of Dimapur Depot, Dimapur",MinistryofPetroleumNaturalGas,Nagaland,08/2023,08/2023,11/2027,11/2027,227.62,227.62,15.85,28,Oil & Gas
417,604859,Integrated Para Xylene [PX] and Purified Terephthalic Acid [PTA] Project at Paradip Refinery,Ministry of Petroleum & Natural Gas,Odisha,07/2020,07/2020,01/2024,08/2026,13805,11783,8613.21,92,Oil & Gas
418,617818,"City Gas Distribution [CGD] Project in Gajapati, Kandhamal, Boudh, & Sonepur GA",GAIL Gas,Odisha,02/2022,02/2022,02/2030,02/2030,514.91,514.91,19.92,4,Oil & Gas
419,709800,"CUF POL Depot at Sadashibpur [Meramundali], Odisha",MinistryofPetroleumNaturalGas,Odisha,04/2021,04/2021,03/2026,03/2026,393.54,393.54,153.37,54,Oil & Gas
420,400119,Life Extension of 48 well platforms of Mumbai High & Heera Fields,Oil and Natural Gas Corporation Limited [ONGC],Offshore,12/2015,12/2015,04/2018,03/2026,3190.69,3375.9,3123.2,90,Oil & Gas
421,616950,PRP-VIII [Group-A],Ministry of Petroleum & Natural Gas,Offshore,09/2024,09/2024,02/2026,05/2026,1486.4,1486.4,394.85,30,Oil & Gas
422,709839,Daman Upside Development Project,Oil and Natural Gas Corporation Limited [ONGC],Offshore,06/2022,06/2022,10/2025,02/2026,4144.41,6406.9,4833.7,93,Oil & Gas
423,709848,MHN TCPP PGC BGC Project [MTPBP],Ministry of Petroleum & Natural Gas,Offshore,06/2022,06/2022,05/2026,05/2026,2329.45,2354.23,1148.9,66,Oil & Gas
424,709849,PRP-VIII Group B [NH & BS Asset],Ministry of Petroleum & Natural Gas,Offshore,06/2024,06/2024,02/2026,05/2026,2379.84,3165.53,2115.21,77,Oil & Gas
425,709851,Integrated Development of 4 Contract Areas under DSF-II,Ministry of Petroleum & Natural Gas,Offshore,05/2023,05/2023,04/2027,04/2027,6183.79,6183.79,895.56,28,Oil & Gas
426,400171,2G Ethanol Biorefinery at Bathinda,Hindustan Petroleum Corporation Limited [HPCL],Punjab,05/2020,05/2020,02/2023,03/2026,1421.46,1421.46,1218.24,95,Oil & Gas
427,709770,City Gas Distribution Project at Pathankot District,MinistryofPetroleumNaturalGas,Punjab,03/2022,03/2022,09/2033,09/2033,151,151,8.81,2,Oil & Gas
428,604795,CBR 9 MMTPA Project,Chennai Petroleum Corporation Limited [CPCL],Tamil Nadu,09/2021,09/2021,06/2025,10/2028,31580,36354,1404.61,10,Oil & Gas
429,709750,Laying of new 28 inch Desal Water Pipeline and 10 inch Reject Water Pipeline between CPCL Manali Refinery and CPCL Desalination plant at Ennore,Chennai Petroleum Corporation Limited [CPCL],Tamil Nadu,01/2024,01/2024,09/2025,12/2026,205,205,76.2,53,Oil & Gas
430,709796,City Gas Distribution Projects at the Nilgiris and Erode districts,Bharat Petroleum Corporation Limited [BPCL],Tamil Nadu,12/2022,12/2022,03/2030,03/2030,3685,3685,261.81,22,Oil & Gas
431,617822,ATF Pipeline from BPCLs Malkapur POL Installation to Hyderabad International airport,MinistryofPetroleumNaturalGas,Telangana,03/2025,03/2025,09/2027,-,215,215,38.16,17,Oil & Gas
432,709837,"Creation of Gas Dehydration Facilities, Tripura Asset",Oil and Natural Gas Corporation Limited [ONGC],Tripura,03/2022,03/2022,05/2024,05/2026,209.33,131.51,71.95,66,Oil & Gas
433,400161,"PP Project, Pata",Gas Authority of India Limited [GAIL],Uttar Pradesh,03/2019,03/2019,01/2024,12/2026,910.56,1299.02,1066,99,Oil & Gas
434,709781,Revamping / Augmentation of Facilities at Mathura Bitumen Plant,MinistryofPetroleumNaturalGas,Uttar Pradesh,04/2022,04/2022,06/2027,12/2026,260.12,260.12,10.51,36,Oil & Gas
435,709795,"City Gas Distribution Projects at Lakhimpur Kheri , Sitapur, Bahraich, Shravasti,Balrampur, Siddharth Nagar & Maharajganj districts",Bharat Petroleum Corporation Limited [BPCL],Uttar Pradesh,12/2022,12/2022,06/2030,06/2030,16654,16654,642.18,13,Oil & Gas
436,617302,Durgapur - Haldia Pipeline [Section-3B of JHBDPL Project],Ministry of Petroleum & Natural Gas,West Bengal,03/2017,03/2017,12/2020,03/2026,1740,2493.15,2314.2,93,Oil & Gas
437,617828,Siliguri-Jhapa Pipeline Project,Indian Oil Corporation Limited (IOCL),West Bengal,09/2024,09/2024,03/2029,03/2029,267,267,1.37,8,Oil & Gas
438,617837,Siliguri Marketing Terminal [SMT] Capacity Augmentation Project,Ministry of Petroleum & Natural Gas,West Bengal,11/2021,11/2021,12/2025,09/2026,484,484,293.69,82,Oil & Gas
439,709753,Haldia Panagarh Pipeline Project,Hindustan Petroleum Corporation Limited,West Bengal,11/2022,11/2022,11/2025,05/2026,1010,1107,718.12,89,Oil & Gas
440,709758,"CGD Project in Malda, Birbhum, Murshidabad, Dakshin Dinajpur GA ID 11A.03",Hindustan Petroleum Corporation Limited,West Bengal,06/2022,06/2022,06/2030,06/2030,2628,2628,355.85,31,Oil & Gas
441,709772,"City Gas Distribution Project at East Mednipore, West Mednipore & Jhargram Districts",MinistryofPetroleumNaturalGas,West Bengal,03/2022,03/2022,06/2031,06/2031,609,609,59.3,2,Oil & Gas
442,709791,City Gas Distribution Projects at Alipurduar and Cooch Behar,Bharat Petroleum Corporation Limited [BPCL],West Bengal,12/2022,12/2022,03/2030,03/2030,1017,1017,211.59,40,Oil & Gas
443,701172,AIIMS Darbhanga,PMSSY AND Institute of NATIONAL Importance,Bihar,NA,09/2020,09/2024,-,1264,1264,0,0,Healthcare
444,617882,"Setting up IT Infrastructure including Network Security and Hosting at AIIMS, New Delhi",PMSSY AND Institute of NATIONAL Importance,Delhi,09/2025,09/2025,09/2026,-,358.19,358.19,0,0,Healthcare
445,617883,"Redevelopment of Residential colonies at Ayur Vigyan Nagar and West Ansari Nagar campuses of AIIMS, New Delhi",PMSSY AND Institute of NATIONAL Importance,Delhi,10/2016,06/2022,06/2027,-,4441,4441,24.68,61,Healthcare
446,701170,AIIMS Rajkot,PMSSY AND Institute of NATIONAL Importance,Gujarat,01/2019,01/2019,03/2026,03/2026,1195,1195,774.6,93,Healthcare
447,701173,AIIMS Majra Rewari Haryana,PMSSY AND Institute of NATIONAL Importance,Haryana,02/2019,02/2019,12/2026,12/2026,1299,1646.43,479.98,45,Healthcare
448,701167,AIIMS Kashmir at Awantipora Jammu & Kashmir,PMSSY AND Institute of NATIONAL Importance,Jammu and Kashmir,01/2019,03/2019,12/2025,06/2026,1828,2160.84,1491.97,72,Healthcare
449,701168,ALL India Institute of Medical Sciences-AIIMS Madurai,PMSSY AND Institute of NATIONAL Importance,Tamil Nadu,12/2018,12/2018,08/2022,10/2026,1264,2021.51,366.59,43,Healthcare
450,701171,AIIMS Bibinagar,PMSSY AND Institute of NATIONAL Importance,Telangana,12/2018,07/2022,06/2026,06/2026,1028,1365.95,939.72,86,Healthcare
451,612167,"Construction of 350 beds + 50 Super Specialty beds ESIC Hospital Sheelanagar, Visakhapatnam, Andhra Pradesh",Employee's State Insurance Company [ESIC],Andhra Pradesh,02/2021,04/2023,10/2025,03/2026,384.27,384.27,167.37,70,Healthcare
452,612201,"Construction of 200 bedded ESIC Hospital with 62 Nos Staff quarters , Beltola",Employee's State Insurance Company [ESIC],Assam,12/2017,10/2021,04/2025,02/2026,143.23,154.75,116.08,96,Healthcare
453,612185,C/o Construction of 200 bedded [Up-gradable to 300 bedded] ESI Hospital at Surat Gujarat.,Employee's State Insurance Company [ESIC],Gujarat,06/2019,03/2021,06/2025,01/2026,209.36,209.36,202.62,99,Healthcare
454,612186,350 Bedded [Upgradable to 500 beds] ESI Hospital at Sanand,Employee's State Insurance Company [ESIC],Gujarat,06/2022,04/2023,03/2026,05/2027,558.12,558.12,63.62,15,Healthcare
455,612211,"Demolition, Construction and upgradation of ESI Hospital, Kalol, Gujarat from 50 beds to 150 beds.",Employee's State Insurance Company [ESIC],Gujarat,08/2022,10/2023,10/2025,06/2026,205.87,205.87,24.06,20,Healthcare
456,612745,"Construction of 200 bed ESI Hospital at Bommasandra, Karnataka",Employee's State Insurance Company [ESIC],Karnataka,02/2015,10/2024,01/2027,05/2027,278,278,228.61,19,Healthcare
457,612748,"Construction of 100 bed ESI Hospital and Staff Quarters [32 Nos.] at Harohalli, Karnataka",Employee's State Insurance Company [ESIC],Karnataka,07/2019,03/2025,02/2027,-,150.92,150.92,6.76,10,Healthcare
458,612188,"Construction of 200 Bedded [Upgradable to 500 Bedded including 50 beds of SST] ESIC Hospital at Bibewadi, Pune",Employee's State Insurance Company [ESIC],Maharashtra,05/2018,03/2023,09/2025,02/2026,429.25,429.25,282.09,70,Healthcare
459,612213,"Construction of 200 Bedded ESIC Hospital at Butibori, Nagpur, Maharashtra.",Employee's State Insurance Company [ESIC],Maharashtra,10/2013,08/2022,08/2025,09/2026,194.93,196.7,114.39,62,Healthcare
460,616691,"Upgradation & Extension of ESIC Hospital and Construction of PG Hostel / Staff Housing for ESIC Hospital at Andheri, Mumbai",Employee's State Insurance Company [ESIC],Maharashtra,12/2008,06/2009,08/2025,09/2026,260.13,260.13,210.12,89,Healthcare
461,612513,"Construction of 100 Bedded ESI Hospital at Duburi, Odisha.",Employee's State Insurance Company [ESIC],Odisha,12/2010,02/2025,06/2027,-,164.6,164.6,16.4,7,Healthcare
462,612178,"Construction of 100 Bedded ESIC Hospital building and 32 Nos Residential Quarters at Vallam Vadangal, SIPCOT, Sriperumbudur",Employee's State Insurance Company [ESIC],Tamil Nadu,02/2015,03/2023,06/2025,01/2026,152.95,177.01,107.83,99,Healthcare
463,612259,CONSTRUCTION OF 300 BEDDED HOSPITAL AT HARIDWAR,Employee's State Insurance Company [ESIC],Uttarakhand,02/2021,12/2021,10/2024,03/2026,102.4,297.63,322.55,81,Healthcare
464,708662,Establishment of 600 bed super specialty hospital with optional development of Medical college and further expansion on PPP basis.,Mumbai Port Trust [MPT],Maharashtra,08/2019,01/2022,06/2026,12/2027,693,693,58,11,Healthcare
465,701565,Jal Marg Vikas Project,Inland Waterways Authority of India [IWAI],"Multi-States (Bihar, Jharkhand, Uttar Pradesh, West Bengal)",01/2018,02/2018,12/2023,12/2025,5369.18,5061.15,3717.08,75,Inland Waterways
466,611142,Fairway Development in West Bengal Farakka - Kahelgaon,Inland Waterways Authority of India [IWAI],Offshore,01/2018,08/2018,07/2023,04/2024,177,197,383.41,100,Inland Waterways
467,609424,"Development of Container Terminal at Tuna-Tekra, Deendayal Port on BOT Basis Under PPP Mode",Deendayal Port Trust,Gujarat,10/2022,03/2024,03/2027,-,4243.64,4243.64,963.03,37,Shipping
468,701568,Construction of oil jetty No.8 at old kandla through internal resources,Deendayal Port Trust [DPT],Gujarat,02/2018,02/2021,02/2023,07/2024,100,225.85,186.47,90,Shipping
469,701570,"Replacement and revamping of pipeline projects in oil jetty area, Kandla",Deendayal Port Trust [DPT],Gujarat,09/2021,09/2021,09/2023,03/2025,171,211.61,137.51,71,Shipping
470,617804,Mechanization of Berth No.14 for handling Containers and other cargo on DBFOT basis - Phase II,New Mangalore Port Authority,Karnataka,12/2023,06/2024,03/2027,-,153.23,153.23,24,33,Shipping
471,400382,Rewas Port Project,Reliance Industries Ltd,Maharashtra,12/2019,01/2020,03/2023,-,6000,6000,5999.89,88,Shipping
472,701586,Setting up of a Floating Storage and Regasification Unit [FSRU] - Mumbai,Mumbai Port Trust [MPT],Maharashtra,11/2020,04/2021,11/2026,11/2026,900,900,65,0,Shipping
473,701574,Deepening and Optimization of Inner Harbour facilities including development of Western Dock on BOT basis to handle Cape size vessels,Paradip Port Trust [PPT],Odisha,05/2022,01/2023,12/2027,10/2028,3004.63,3004.63,1277.52,50,Shipping
474,701576,Berth No. 2 [previously Berth 3] of HDC Mechanization Project,"Haldia Dock Complex, Syama Prasad Mookerjee Port Authority",West Bengal,11/2022,03/2023,09/2025,01/2026,298.26,298.26,468.23,99,Shipping
475,701577,Shalukkhali Liquid Cargo Handling Facility Development Project,"Haldia Dock Complex, Syama Prasad Mookerjee Port Authority",West Bengal,01/2022,08/2022,08/2025,-,253.65,253.65,9.28,0,Shipping
476,707215,National Maritime Heritage Complex [NMHC] Phase-I,Indian Port Rail & Ropeway Corporation Ltd. [IPRCL],Gujarat,02/2019,01/2022,03/2024,03/2026,573,1238.05,545.51,73,"Tourism, Hospitality & Wellness"
477,615202,Capacity expansion of Deposit-14 and 14 NMZ at Kirandul,National Mineral Development Corporation Limited [NMDC],Chhattisgarh,08/2021,07/2022,12/2028,03/2028,1700,1756.2,155.07,10,Metals & Mining
478,617243,Replacement of Hot Leveller No.1 of Plate Mill at Bhilai Steel Plant,Steel Authority of India Limited [SAIL],Chhattisgarh,07/2024,08/2024,07/2026,-,198.62,198.62,34.96,35,Steel
479,617255,"Replacement of Converter Vessels, Trunnion Rings, Support System & Installation of Secondary Emission at Bhilai Steel Plant",Steel Authority of India Limited [SAIL],Chhattisgarh,10/2023,12/2023,06/2026,-,471.83,471.83,193.97,55,Steel
480,617256,Rebuilding of Coke Oven Battery No.7 & 8 at Bhilai Steel Plant,Steel Authority of India Limited [SAIL],Chhattisgarh,11/2023,01/2024,10/2025,03/2026,884.1,884.1,551.1,83,Steel
481,706811,NMDC Slurry Pipeline Project Phase-1,National Mineral Development Corporation Limited [NMDC],Chhattisgarh,11/2015,09/2020,06/2023,03/2026,2907,5427,3336.05,90,Steel
482,709826,SCREENING PLANT-III AT KIRANDUL,National Mineral Development Corporation Limited [NMDC],Chhattisgarh,NA,10/2021,01/2026,-,2718.84,2718.84,1409.87,79,Steel
483,709827,CONSTRUCTION OF RESIDENTIAL TOWERS AT BIOM KIRANDUL COMPLEX,National Mineral Development Corporation Limited [NMDC],Chhattisgarh,NA,10/2022,12/2025,-,349.75,349.75,304.58,96,Steel
484,400174,"New Sinter Plant at BSL, SAIL",Steel Authority of India Limited [SAIL],Jharkhand,03/2015,10/2015,10/2017,06/2027,1034.01,1752.3,928.97,53,Steel
485,617249,Replacement of existing Grinders in CRM-I & II at Bokaro Steel Plant,Steel Authority of India Limited [SAIL],Jharkhand,01/2025,02/2025,01/2027,-,211.94,211.94,21.95,16,Steel
486,617250,Secondary Emission Control in Converters of SMS-II at Bokaro Steel Plant,Steel Authority of India Limited [SAIL],Jharkhand,01/2025,02/2025,10/2026,-,207.13,207.13,21.54,12,Steel
487,617253,Revamping of old sub-systems of Blast Furnace 3 at Bokaro Steel Plant,Steel Authority of India Limited [SAIL],Jharkhand,08/2023,03/2023,07/2025,11/2025,513.82,513.82,338.22,76,Steel
488,617254,Replacement of remaining 04 sets of Battery Cyclones with 04 Nos. of ESPs in Sinter Plant-1 at Bokaro Steel Plant,Steel Authority of India Limited [SAIL],Jharkhand,03/2024,04/2024,06/2026,-,260.37,260.37,58.19,27,Steel
489,617257,Rebuilding of Coke Oven Battery No.6 at Bokaro Steel Plant,Steel Authority of India Limited [SAIL],Jharkhand,11/2023,12/2023,11/2026,-,627.31,627.31,190.32,49,Steel
490,400121,"Construction of Screening Plant-II for Donimalai and Kumaraswamy Iron Ore Mining Complex of NMDC Limited at Ballari Dt, Karnataka.",National Mineral Development Corporation Limited [NMDC],Karnataka,11/2014,06/2024,08/2026,-,1043.63,1043.63,375.39,45,Steel
491,612781,Rebuilding of COB 4 at Durgapur Steel Plant,Steel Authority of India Limited [SAIL],West Bengal,09/2023,09/2023,12/2026,-,916.78,916.78,156.82,26,Steel
492,617242,Installation of New Bar Mill at Durgapur Steel Plant,Steel Authority of India Limited [SAIL],West Bengal,07/2024,08/2024,06/2027,-,2115.44,2115.44,276.1,41,Steel
493,617246,Up-gradation of Blast Furnace No. 3 at Durgapur Steel Plant,Steel Authority of India Limited [SAIL],West Bengal,09/2024,08/2024,06/2026,-,758.09,758.09,129.95,10,Steel
494,617248,Third Ladle Furnace in Secondary Refinery Unit at IISCO Steel Plant,Steel Authority of India Limited [SAIL],West Bengal,11/2024,12/2024,07/2026,-,227.96,227.96,45.76,39,Steel
495,617251,Revamping of Air Pollution Control Systems of SP-1 at Durgapur Steel Plant,Steel Authority of India Limited [SAIL],West Bengal,07/2024,12/2024,05/2026,-,196.4,196.4,14.55,8,Steel
496,617338,Stamp Charge Battery No.12 Battery Proper at IISCO Steel Plant,Steel Authority of India Limited [SAIL],West Bengal,01/2025,02/2025,07/2028,-,2518.39,2518.39,229.27,10,Steel
497,400298,Nadikudi - Srikalahasti New Line,South Central Railway [SCR] - II,Andhra Pradesh,03/2012,12/2016,05/2027,03/2028,2312,5932,2421.35,54,Railways
498,611752,GOOTY-PENDEKALLU DOUBLING 29.225 Km,South Central Railway [SCR] - II,Andhra Pradesh,03/2023,06/2023,03/2027,03/2027,351.83,351.83,18,25,Railways
499,611754,GUNTAKAL WEST-MALLAPPA GATE RAIL OVER RAIL - ROR TRACK,South Central Railway [SCR] - II,Andhra Pradesh,07/2023,07/2023,07/2026,-,293.3,293.3,0,0,Railways
500,611927,Kurnool - Setting up facilities for coach midlife rehabilitation workshop,WPO/Patna,Andhra Pradesh,01/2014,10/2017,12/2023,-,560.72,560.72,276.66,65,Railways
501,612827,Flyover between Pendurthi and Simhachalam North to avoid surface crossing at Simhachalam 7.135 km PB 73 of 2023 24 NR,East Coast Railway [ECoR] - II,Andhra Pradesh,04/2023,05/2024,04/2027,-,183.65,183.65,9.51,11,Railways
502,616697,3rd & 4th line between Vadlapudi -Gate Jn. cabin and Tie line between Gate Junction to Gangavaram port,East Coast Railway [ECoR] - II,Andhra Pradesh,04/2023,03/2024,06/2026,-,154.28,154.28,27.07,38,Railways
503,617210,Tiupati Katpadi 104.39 kms,South Central Railway [SCR] - II,Andhra Pradesh,04/2025,04/2025,03/2029,-,1215.56,1215.56,0.12,0,Railways
504,617216,3rd Line between Gudur Renigunta 83.17 Km,South Central Railway [SCR] - II,Andhra Pradesh,10/2024,10/2024,03/2027,-,877.34,877.34,45.13,0,Railways
505,705253,Kurnool Coach Midlife Rehabilitation Project,WPO/Patna,Andhra Pradesh,05/2016,07/2014,12/2020,-,563,563,120,0,Railways
506,705436,Kotapalli - Narasapur New Line,South Central Railway [SCR] - II,Andhra Pradesh,03/2009,09/2013,03/2028,03/2028,2501,2501,1349.09,29,Railways
507,705633,Guntur-Guntakal Doubling Project,South Central Railway [SCR] - II,Andhra Pradesh,03/2017,11/2017,12/2025,12/2026,3733,4295,4753.38,93,Railways
508,705648,Vijaywada-Gudur 3rd Line,RVNL - II,Andhra Pradesh,08/2016,04/2018,11/2024,03/2026,6654,6654,6087.52,94,Railways
509,705789,Penukonda - Dharmavaram Doubling Project [41.5 Km],South Western Railway [SWR] - II,Andhra Pradesh,06/2018,12/2018,03/2026,03/2026,307.66,307.66,294.61,87,Railways
510,618986,Furkating-New Tinsukia[194 Km],Northeast Frontier Railway [NFR],Assam,09/2025,09/2025,06/2029,-,3633.58,3633.58,0,0,Railways
511,705572,Doubling of New Bonggigaon to Kamakhya via Goalpara - 176 km,Northeast Frontier Railway [NFR],Assam,09/2016,09/2016,03/2026,03/2026,4060,4961,3739.15,93,Railways
512,706922,Guwahati-Dibrugarh via Tinsukia & Simaluguri-Dibrugarh,Central Organisation for Railway Electrification [CORE],Assam,09/2020,09/2018,09/2020,06/2024,890.36,889.36,391.73,89,Railways
513,706940,"Mariani-Jorhat, Tinsukia-Dangri and Makum -TirapTrack Electrification Project",GM/C/ NFR,Assam,09/2018,01/2022,05/2024,-,183.99,183.99,0,0,Railways
514,706942,Harmuty-Murkongselek Branch Line Electrification Project,GM/C/ NFR,Assam,09/2018,01/2022,05/2024,-,237.52,237.52,0,0,Railways
515,400254,Sakri -Hasanpur [via Harnagar - Kusheshwar Asthan] New Railway line,East Central Railway [ECR] - I,Bihar,12/2023,08/1997,12/2024,03/2027,735.2,735.2,588.68,84,Railways
516,617231,Construction of Bulb line at Nabinagar Ankorah of East Central Railway,East Central Railway [ECR] - I,Bihar,06/2024,06/2024,06/2028,-,611.74,611.74,0,0,Railways
517,705364,Khagaria-Kusheshwar Asthan [42Km] new line project,East Central Railway [ECR] - I,Bihar,04/2019,12/1998,12/2024,03/2027,614,1384.16,490.08,55,Railways
518,705366,Hajipur-Sagauli New line,East Central Railway [ECR] - I,Bihar,10/2007,10/2004,03/2020,12/2026,2067,2087,2015.07,74,Railways
519,705368,Araria Supaul New BG Line,East Central Railway [ECR] - I,Bihar,06/2018,03/2009,03/2024,01/2027,1605,2514,1611.07,42,Railways
520,705373,"Fatuha-Islampur incl. MM for extn.of NL from Neora to Daniawan , Daniawan to Biharsharif, Biharsharif to Barbigha , Barbigha to Shekhpura",East Central Railway [ECR] - I,Bihar,08/2002,03/2002,03/2023,08/2025,1473,2882,2540.71,95,Railways
521,705450,Jogbani-Biratnagar New Rail Line project,Indian Railway Construction International Limited [IRCON],Bihar,06/2010,01/2011,03/2022,12/2026,402,486,368.42,86,Railways
522,705526,Samastipur-Darbhanga Doubling Railway Project,East Central Railway [ECR] - I,Bihar,11/2015,12/2015,03/2025,10/2025,519,519,53629.73,92,Railways
523,705527,Sagauli-Valmiknagar,East Central Railway [ECR] - I,Bihar,03/2018,03/2017,12/2025,12/2025,1216,2222,2083.03,92,Railways
524,705528,Muzaffarpur-Sugauli,East Central Railway [ECR] - I,Bihar,03/2018,03/2017,06/2024,02/2026,1586,1586,1476.13,99,Railways
525,706759,Rampur Dumra-Tal-Rajendrapul Additional Bridge and Railway Line Doubling,Indian Railway Construction International Limited [IRCON],Bihar,03/2016,05/2017,12/2024,12/2025,2373.64,1700.24,1450.99,98,Railways
526,706860,Barauni-Bachwara [16 km] - 3rd & 4th line incl. Barauni yard remodelling [32 km],East Central Railway [ECR] - I,Bihar,10/2022,08/2025,08/2025,10/2026,645,645,34.45,55,Railways
527,900874,JHAJHA - BATIA,East Central Railway [ECR] - I,Bihar,03/2023,03/2023,03/2028,01/2030,588.18,588.18,1.19,0,Railways
528,400220,Kharsia-Dharamjaygarh with Spur line [East Corridor-Phase 1],Indian Railway Construction International Limited [IRCON],Chhattisgarh,03/2016,01/2014,09/2018,03/2026,3055,3407.09,2609.75,94,Railways
529,400291,Doubling of Kirandul-Jagdalpur Line [150 km],East Coast Railway [ECoR] - II,Chhattisgarh,02/2013,03/2013,03/2020,12/2025,1589,1798,1592.19,95,Railways
530,602792,Gauge Conversion of Kendri-Dhamtari including Abhanpur - Rajim Branch line 67.20 Kms - 2nd Material Modification to Raipur Titlagarh doubling.,SECR,Chhattisgarh,07/2011,05/2021,02/2025,03/2026,1171,1171,379.64,100,Railways
531,612815,4th line between Nipania Bhatapara 14.4 Km,South East Central Railway [SECR] - II,Chhattisgarh,12/2022,05/2024,03/2027,-,170.49,170.49,2.11,6,Railways
532,613003,Dharamjaigarh-Korba 63 km,CERL,Chhattisgarh,08/2023,07/2022,08/2026,-,1686.26,1686.26,288.83,18.5,Railways
533,617200,KHARSIA- NAYA RAIPUR-PARMALKASA 5th and 6th Line [278KM],CAO/C/SECR,Chhattisgarh,04/2025,04/2025,03/2031,-,7853.84,7853.84,0,0,Railways
534,617374,"Dallirajhara - Rowghat New Rail Line Project, Phase-I",Rail Vikas Nigam Limited,Chhattisgarh,NA,11/2009,03/2025,02/2026,1516.45,1881.26,2063.12,95,Railways
535,705433,Dallirajhra- Rowghat New Railway Line - Phase I [95 km],Rail Vikas Nigam Limited,Chhattisgarh,07/2009,12/2009,09/2025,12/2025,1628,1628,1440.85,82,Railways
536,705444,Gevra Road-Pendra Road New Railway Line [135 km],Indian Railway Construction International Limited [IRCON],Chhattisgarh,04/2014,04/2014,03/2022,12/2025,4970,7448.52,4797.72,76,Railways
537,706854,Boridand - Ambikapur Doubling Line Project,South East Central Railway [SECR] - II,Chhattisgarh,06/2022,04/2022,06/2030,06/2030,1376,1576.72,155.09,22,Railways
538,709815,4TH LINE - BHATAPARA-HATHBAND [8.8 KM] [PB-72/NR/2022-23],SECR,Chhattisgarh,09/2022,05/2024,01/2027,12/2027,177.03,177.03,0,4,Railways
539,709816,4TH LINE - BHILAI-BHILAI NAGAR [8.8 KM] [PB-72/NR/2022-23],SECR,Chhattisgarh,09/2022,05/2024,02/2027,02/2027,177.34,177.34,1.66,6,Railways
540,709817,4TH LINE - DADHAPARA-BELHA [9.2 KM] [PB-72/NR/2022-23],SECR,Chhattisgarh,09/2022,05/2024,11/2026,11/2026,169.06,169.06,20.17,62,Railways
541,709818,4TH LINE RAJNANDGAON-DONGARHGARH [31.2 KM] [PB-72/NR/2022-23],SECR,Chhattisgarh,09/2022,05/2024,01/2027,01/2027,328.34,328.34,61.96,28,Railways
542,709819,3RD AND 4TH LINE - SARAGBUNDIA AND MADWARANI,SECR,Chhattisgarh,09/2022,05/2025,12/2026,12/2026,167.64,167.64,0.11,5,Railways
543,613785,Redevelopment of New Delhi Railway Station and construction of associated infrastructure,Rail Land Development Authority,Delhi,01/2023,06/2024,12/2028,-,4744,4744,151.37,2,Railways
544,617379,Development of New Bijwasan Railway Terminal,Northern Railways,Delhi,02/2008,03/2013,03/2020,12/2026,446.21,446.21,521.74,80,Railways
545,705583,Anand Vihar-Tilak Bridge 3rd & 4th line,CAO/C/NR,Delhi,03/2013,03/2013,03/2023,12/2027,667,667,289.26,63,Railways
546,611918,Kosamba Umarpada 70 Km,PCE/WR,Gujarat,07/2023,07/2022,03/2027,-,468,468,20.28,8,Railways
547,611943,New Broad Gauge line between Naliya to Jakhau Port,Western Railway (WR) - II,Gujarat,02/2023,02/2023,01/2028,01/2028,410.26,410.26,9.27,5,Railways
548,611944,Quadrupling between Gandhidham Adipur with Y connection at Adipur for providing direct entry towards Mundra Port and Bhuj and high level platform at Gopalpur 11Kms,Western Railway (WR) - II,Gujarat,02/2023,02/2023,03/2026,01/2026,152.44,152.44,104.58,85,Railways
549,611945,Petlad Bhadran 23 Kms,Western Railway,Gujarat,05/2022,05/2022,05/2030,05/2030,307.11,307.11,13.59,17,Railways
550,611970,Samlaya Timba Road 54 km,PCE/WR,Gujarat,02/2023,02/2023,03/2030,03/2030,670.17,670.17,45.21,12,Railways
551,611971,Samni Jambusar 24 km,PCE/WR,Gujarat,05/2022,05/2022,03/2030,03/2030,350,349.93,67.73,31,Railways
552,611974,Western Railway Samakhiali Gandhidham Quadrupiling 53 Kms,Western Railway (WR) - II,Gujarat,08/2023,08/2023,12/2026,06/2027,1430,1430,271.82,25,Railways
553,611977,Dahod Creation of Infrastructure facilities for 9000 HP Electric locomotives Manufacturing at,PCE/WR,Gujarat,05/2022,02/2023,02/2025,-,487,487,222.88,53,Railways
554,611978,Dahod Rolling Stock Workshop Provision of Infrastructure for CBS at,PCE/WR,Gujarat,11/2022,03/2023,03/2025,-,158,158,51.87,10,Railways
555,611979,Sabarmati Setting up of Maintenance Facilities for Train Sets Phase ii,Western Railway (WR) - II,Gujarat,01/2023,04/2023,06/2025,03/2026,250,250,110.15,70,Railways
556,612072,4th LINE BETWEEN BAREJADI NANDEJ-SANAND-AHMEDABAD BYPASS,Western Railway WR - II,Gujarat,02/2023,02/2023,03/2027,07/2028,961.67,961.67,359.61,18,Railways
557,613786,"Redevelopment of Ahmedabad railway station and associated infrastructure on engineering, procurement and construction mode",Rail Land Development Authority,Gujarat,01/2023,11/2023,03/2028,-,2379,2379,790.14,23,Railways
558,618972,Devbhumi Dwarka [Okha] - Kanalus Doubling,Western Railway (WR) - II,Gujarat,12/2025,12/2025,12/2028,-,1456.77,1456.77,0,0,Railways
559,705458,Miyagam-Karjan-Dabhoi-Samlaya [GC],Western Railway [WR] - II,Gujarat,01/2017,01/2017,03/2021,12/2026,483.88,1039.13,621.62,41,Railways
560,706757,Modasa-Shamlaji Road Railway Line Project,Western Railway WR - II,Gujarat,09/2012,04/2008,03/2025,03/2026,262,262,341.47,63,Railways
561,706763,Rajkot - Kanalus Doubling Project [111.2 Kms],Western Railway WR - II,Gujarat,10/2021,12/2021,10/2026,10/2026,1080.58,1080.58,829.85,78,Railways
562,709812,NADIAD-PETLAD [37.26 KM],Railway,Gujarat,05/2022,10/2023,06/2030,06/2030,461.91,461.91,178.31,8,Railways
563,709813,NEW BG LINE INTERSECTION [5 NOS] BETWEEN GERATPUR-SANAND & BOTAD-AHMEDABAD [16.51 KM],Western Railway (WR) - II,Gujarat,10/2022,07/2025,06/2028,10/2027,437.21,437.21,95.09,19,Railways
564,611884,Bhiwani - Dobh Bahali Doubling Project [42.30 Km],North Western Railway [NWR],Haryana,02/2023,02/2023,02/2028,02/2028,471,471,227.35,66,Railways
565,617372,Doubling between Pradhankunta-Patherih-Bhojudih of East Central Railway,East Central Railway [ECR] - I,Jharkhand,11/2022,11/2022,12/2025,-,349.22,349.22,115.09,70,Railways
566,617832,Koderma-Arigada Doubling 133.38 Km of East Central Railway,East Central Railway [ECR] - I,Jharkhand,06/2025,06/2025,12/2029,-,2887.11,2887.11,0,0,Railways
567,705765,Gomoh - Flyover for DN trains,East Central Railway [ECR] - I,Jharkhand,01/2018,01/2018,03/2026,03/2026,686,686,600.25,65,Railways
568,705785,Lodhma - Piska - Link Line bypassing Hatia/Ranchi with Y connection,South Eastern Railway [SER] - I,Jharkhand,08/2021,03/2019,06/2026,05/2027,473,473,288.75,5,Railways
569,706837,Pradhan Kuntha Jn Line Doubling Project,East Central Railway [ECR] - I,Jharkhand,11/2022,11/2022,11/2027,11/2027,349.22,349.22,115.09,62,Railways
570,400023,Construction of New BG line between Hassan to Belur [27 Km],South Western Railway [SWR] - II,Karnataka,03/2019,12/2025,04/2028,04/2027,749,749,0,0,Railways
571,703585,Yeshvanthpur - Channasandra Doubling Project [21.70 Km],Karnataka Rail Infrastructure Development Company Limited [K-RIDE],Karnataka,04/2019,10/2019,03/2024,03/2026,314.1,683.57,158.53,55,Railways
572,705434,New Railway Line between Ginigera and Raichur [165.57 km],South Western Railway [SWR] - II,Karnataka,03/2008,05/2009,03/2019,03/2027,2565,3034.98,2124.53,66,Railways
573,705490,Gadag-Wadi New Railway Line [257 km],South Western Railway [SWR] - II,Karnataka,04/2013,08/2017,03/2027,12/2027,2842,6700,1439.46,30,Railways
574,705492,Kadur - Chickamagalur - Sakleshpur [93km],South Western Railway [SWR] - II,Karnataka,01/2014,11/2016,06/2025,12/2025,825,825,725.47,83,Railways
575,705495,Bagalkot-Kudachi New Railway Line [142 km],South Western Railway [SWR] - II,Karnataka,10/2013,11/2012,03/2027,01/2027,1378,1649,735.2,35,Railways
576,705496,Tumkur-Chitradurga-Davangere New Rail Line Project [191 km],South Western Railway [SWR] - II,Karnataka,10/2013,01/2017,03/2019,12/2027,1876,1876,498.97,14,Railways
577,705663,Bangalore-Whitefield-Bangalore City-Krishnarajapuram [23.08 km] - Quadrupling,South Western Railway [SWR] - II,Karnataka,02/2018,06/2022,02/2026,02/2026,493,493,279.82,84,Railways
578,705761,SHIMOGA - SHIKARIPURA - RANEBENNUR [96 Km],South Western Railway [SWR] - II,Karnataka,09/2019,02/2023,12/2027,06/2028,1454,1454,73.08,11,Railways
579,705941,Bangalore Suburban Railway Project,Karnataka Rail Infrastructure Development Company Limited [K-RIDE],Karnataka,10/2020,10/2020,12/2026,03/2030,15767,15767,2320.86,19,Railways
580,706835,Belgaum-Dharwad via Kittur [73.10Km],South Western Railway [SWR] - II,Karnataka,09/2020,03/2025,12/2027,03/2029,1591,1591,0.38,0,Railways
581,705638,Kumbalam-Turavur doubling project [15.59 Km],Ministry of Railways,Kerala,04/2023,04/2023,03/2027,03/2027,813,802.8,81.31,20,Railways
582,705639,Ernakulam-Kumbalam doubling project [7.71 Km],SR-ERS,Kerala,04/2023,04/2023,03/2028,02/2027,601,595.39,294.57,21,Railways
583,705480,"Lalitpur-Satna, Rewa-Singrauli & Mahoba-Khajuraho",North Central Railway,Madhya Pradesh,01/2007,03/1998,03/2027,12/2027,8914,8914,6546.4,73,Railways
584,705651,Katni - Bina Third Railway Line [279 km],West Central Railway WCR I,Madhya Pradesh,06/2016,01/2017,03/2022,12/2025,2478.23,4127.23,3344.51,98,Railways
585,705659,Satna-Rewa Railway Line Doubling Project,West Central Railway [WCR] - II,Madhya Pradesh,11/2015,08/2017,03/2026,03/2026,500,584,545.71,85,Railways
586,705660,Doubling of Katni - Singrauli Railway Line [261 km],Indian Railway Construction International Limited [IRCON],Madhya Pradesh,03/2016,03/2017,12/2025,12/2025,2445,4377,3253.53,100,Railways
587,705661,Katni Grade Separator/Bye Pass,Indian Railway Construction International Limited [IRCON],Madhya Pradesh,03/2016,09/2017,09/2024,03/2026,1248,1248,1718.76,95,Railways
588,705763,Indore - Budni New Railway Line [198 kms],RVNL - II,Madhya Pradesh,08/2019,10/2020,09/2030,09/2030,7474,7474,1939.51,27,Railways
589,705933,Nimach-Ratlam Doubling [133 Km],Western Railway [WR] - II,Madhya Pradesh,10/2021,10/2021,10/2027,10/2027,1095.88,1095.88,1067.49,89,Railways
590,400019,DHULE [BORVIHIR] - NARDANA NEW LINE [50.60 KMS],Central Railway,Maharashtra,01/2019,04/2023,12/2026,09/2027,492.76,1170.83,415.47,25,Railways
591,400271,Wardha-Nanded Via Yavatmal New BG Line,Central Railway [CR] - II,Maharashtra,12/2017,04/2008,03/2025,12/2026,3445,3445,3002.93,50,Railways
592,611751,AURANGABAD-ANKAI - DOUBLING PROJECT 98.25 Km,South Central Railway [SCR] - II,Maharashtra,05/2023,05/2023,03/2027,-,960.64,960.64,732.32,1,Railways
593,613015,Redevelopment of Chhatrapati Shivaji Maharaj Terminus [CSMT] and construction of associated infrastructure,Rail Land Development Authority,Maharashtra,04/2023,07/2023,03/2027,-,1813,1813,635.74,17,Railways
594,617201,Gondia-Balharshah [Chanda Fort] Doubling [240 Km],South East Central Railway,Maharashtra,04/2025,04/2025,03/2031,-,4373.04,4373.04,0.29,0,Railways
595,617215,Doubling between Parbhani Parli Vaijanath stations 64.71 Km,South Central Railway [SCR] - II,Maharashtra,12/2023,12/2023,03/2028,-,769.93,769.93,43.91,0,Railways
596,617361,Babupeth - Sasti New Rail Line [13.114 KMs],CentralRailway,Maharashtra,10/2024,10/2024,03/2028,-,362.81,362.81,0.47,0,Railways
597,617364,Double Chord line Between Nilaje-Kopar,CentralRailway,Maharashtra,01/2025,01/2025,07/2028,-,338.33,205,7.8,0,Railways
598,705356,Ahmednagar - Beed - Parli - Vaijnath New Broad Gauge Line Railway Project [261.3 km],Central Railway [CR] - II,Maharashtra,01/1999,10/2002,03/2026,03/2026,2538.67,4957.27,5183.23,98,Railways
599,705357,Baramati Lonand New Line Project,Central Railway,Maharashtra,03/2016,03/1999,03/2027,03/2027,138.48,1843.9,877.37,51,Railways
600,705479,Wadsa-Gadchiroli,South East Central Railway,Maharashtra,05/2017,03/2012,03/2027,03/2027,1886,1886,730.33,53,Railways
601,705498,3rd Line Kalyan - Kasara [67.35 Kilometres],Central Railway,Maharashtra,09/2015,09/2015,12/2026,12/2026,792.89,1395.79,996.09,68,Railways
602,705500,3rd Line Wardha - Sewagram - Nagpur,Central Railway [CR] - II,Maharashtra,09/2015,05/2016,12/2025,10/2026,540.02,916.53,798.01,84,Railways
603,705502,3rd Line Wardha - Ballarshah [132 Kilometres],Central Railway [CR] - II,Maharashtra,03/2016,12/2016,12/2025,02/2026,1384.72,2033.59,1727.83,86,Railways
604,705503,Pune - Miraj-Londa [467 Kilometres],Central Railway,Maharashtra,06/2016,06/2016,02/2025,08/2025,4027.53,4872.52,5113.51,100,Railways
605,705504,Doubling of Daund Manmad Line [247.6 km],Central Railway,Maharashtra,10/2017,03/2017,12/2025,03/2026,2081.27,3267.06,2956.98,92,Railways
606,705505,4th Line Wardha - Nagpur [78.7 Kilometres],Central Railway [CR] - II,Maharashtra,04/2017,05/2018,12/2025,10/2026,637.95,1214.69,1035.92,88,Railways
607,705506,3rd Line Manmad - Jalgaon [160 Kilometres],Central Railway [CR] - II,Maharashtra,05/2017,04/2018,12/2024,08/2025,1035.16,1558.75,1726.94,95,Railways
608,705735,Solapur-tuljapur-Osmanabad,Central Railway,Maharashtra,08/2018,12/2023,03/2027,03/2028,904.92,3295.74,1177.85,12,Railways
609,705799,Nagpur- Nagbhir Railway Line Gauge Conversion Project,MRIDC,Maharashtra,10/2019,04/2020,12/2025,12/2025,1400,1400,1472,80,Railways
610,706779,Mumbai Urban Transport Project [MUTP] - PHASE II,Mumbai Rail Vikas Corporation Ltd.[MRVC],Maharashtra,05/2008,04/2008,03/2014,12/2027,8087,8087,7428.59,87,Railways
611,706780,Mumbai Urban Transport Project [MUTP] Phase-IIIA,Mumbai Rail Vikas Corporation Ltd.[MRVC],Maharashtra,04/2019,04/2019,12/2027,12/2027,33690,33690,2922.12,20,Railways
612,706781,Mumbai Urban Transport Project Phase-III,Mumbai Rail Vikas Corporation Ltd.[MRVC],Maharashtra,11/2016,12/2016,03/2022,12/2026,10947,10947,5760.81,70,Railways
613,705391,Jiribam-Imphal new line project,Northeast Frontier Railway [NFR],Manipur,03/2013,12/2007,12/2026,06/2029,14323,21885.9,15824.48,72,Railways
614,705491,Marikuppam - Kuppam New Line Project [23.70 Km],South Western Railway [SWR] - II,"Multi-States (Andhra Pradesh, Karnataka)",04/2012,10/2018,06/2026,06/2026,297,297,137.3,20,Railways
615,705494,Rayadurg-Tumkur via Kalyandurg New Line [207 km],South Western Railway [SWR] - II,"Multi-States (Andhra Pradesh, Karnataka)",03/2008,07/2010,09/2015,02/2028,2496,2496,1807.86,70,Railways
616,705610,"Renigunta, Wadi & Gooty Bypass Railway Project",South Central Railway [SCR] - II,"Multi-States (Andhra Pradesh, Karnataka)",04/2016,04/2016,12/2025,12/2025,302,543,381,50,Railways
617,617212,Doubling between Mudkhed Medchal & Mahbubnagar Dhone section 417.88 Km,South Central Railway [SCR] - II,"Multi-States (Andhra Pradesh, Maharashtra, Telangana)",08/2023,08/2023,03/2029,-,4686.09,4686.09,1048.12,2,Railways
618,400253,Vizianagaram - Titlagarh 3rd line [272 Km including By - pass line of 7.68 KM],RVNL - II,"Multi-States (Andhra Pradesh, Odisha)",06/2016,11/2016,12/2025,12/2025,4803,6669.91,6016.71,94,Railways
619,705512,Doubling of Kottavalasa-Koraput Rail Line [189 KM],East Coast Railway [ECoR] - II,"Multi-States (Andhra Pradesh, Odisha)",12/2015,01/2016,03/2022,03/2028,2500,2500,2091.69,71,Railways
620,400275,Tindivanam-Nagari New Line Project [184.5 km],Ministry of Railways,"Multi-States (Andhra Pradesh, Tamil Nadu)",07/2008,10/2008,09/2025,03/2028,3631,3631,1176.55,19,Railways
621,616857,Doubling between Motumari Vishnupuram - 88.81 Km and Rail over Rail - RoR at Motumari - 10.877 Km,South Central Railway [SCR] - II,"Multi-States (Andhra Pradesh, Telangana)",02/2024,03/2025,03/2029,-,1595.55,1595.55,46.01,2,Railways
622,617211,Doubling of Guntur Bibinagar 239 Km,South Central Railway [SCR] - II,"Multi-States (Andhra Pradesh, Telangana)",08/2023,08/2023,03/2029,-,2853.23,2853.23,107.06,2,Railways
623,617214,Rail Connectivity to Errupalem Amravati Namburu 57 Km,South Central Railway [SCR] - II,"Multi-States (Andhra Pradesh, Telangana)",11/2024,11/2024,03/2027,-,2047.4,2047.4,28.44,0,Railways
624,705612,Kazipet-Vijayawada 3rd line with electrification [220 km],South Central Railway [SCR] - II,"Multi-States (Andhra Pradesh, Telangana)",03/2013,08/2014,02/2025,12/2025,1953,3363,4037.29,94,Railways
625,705632,Vijayawada - Kazipet Byepass line,South Central Railway [SCR] - II,"Multi-States (Andhra Pradesh, Telangana)",04/2016,04/2016,01/2025,12/2025,647,904,1048.58,93,Railways
626,705401,Murkongselek-Pasighat,Northeast Frontier Railway (NFR) - II,"Multi-States (Arunachal Pradesh, Assam)",02/2011,03/2023,03/2025,05/2026,435,1250,805.31,65,Railways
627,616701,Lumding Furkating Doubling Project 140 km,Northeast Frontier Railway [NFR],"Multi-States (Assam, Nagaland)",02/2024,01/2025,02/2028,-,2123.7,2123.7,13.74,0,Railways
628,705392,Dimapur [Dhansiri]-Sukhobi Kohima [Zubza] NL [82.5 Km],Northeast Frontier Railway (NFR) - II,"Multi-States (Assam, Nagaland)",08/2015,02/2016,03/2025,12/2025,6663,6663,5828.35,81,Railways
629,705794,New Delhi- Howrah Speed Booster[160Kmph] Project,PCE/NCR,"Multi-States (Bihar, Delhi, Jharkhand, Uttar Pradesh, West Bengal)",09/2019,09/2019,03/2024,-,6684.81,6684.81,127.03,0,Railways
630,400234,Third Railway Line between Patratu-Sonnagar [291 kms],RVNL - II,"Multi-States (Bihar, Jharkhand)",11/2016,08/2018,03/2026,12/2028,8975,8975,4798.96,90,Railways
631,616699,Multi tracking of Son Nagar-Andal 374.53 rkm & 814.38 tkm,East Central Railway [ECR] - I,"Multi-States (Bihar, Jharkhand)",08/2023,08/2023,03/2028,-,12333.57,12333.6,507.61,14,Railways
632,705375,Koderma-Tilaiya New Line,East Central Railway [ECR] - I,"Multi-States (Bihar, Jharkhand)",11/2004,03/2002,02/2025,02/2026,1626,2486.62,2142.8,94,Railways
633,705385,Pirpainti - Jasidih [100.52 Km] New BG line,Eastern Railway [ER] - I,"Multi-States (Bihar, Jharkhand)",03/2014,03/2022,03/2028,03/2028,2555,2555,795.18,49,Railways
634,611669,NER Provision of Automatic Block Signalling on Gorakhpur Cantt[Excl] Chhapra Gramin & Burhwal Jn [Excl] Sitapur Jn section of high density routes,North Eastern Railway [NER],"Multi-States (Bihar, Uttar Pradesh)",NA,06/2023,03/2027,03/2028,380.47,380.47,238.47,20,Railways
635,617224,Gorakhpur-Valmikinagar Doubling project,NER,"Multi-States (Bihar, Uttar Pradesh)",08/2023,03/2024,12/2027,-,1120,1120,287.73,26,Railways
636,705562,Chhapra-Ballia Patch Doubling,North Eastern Railway [NER],"Multi-States (Bihar, Uttar Pradesh)",03/2013,12/2015,02/2025,03/2026,963,1046,912.43,95,Railways
637,617245,Katihar Kumedpur & Katihar Mukuria BG Doubling Project,Northeast Frontier Railway [NFR],"Multi-States (Bihar, West Bengal)",08/2022,08/2022,08/2026,02/2027,942.64,942.64,461.36,60,Railways
638,618978,Gondia - Dongargarh 4th line [84 Km],South Eastern Central Railway,"Multi-States (Chhattisgarh, Maharashtra)",10/2025,10/2025,10/2030,-,2222.53,2222.53,0,0,Railways
639,705617,Rajnandgaon - Nagpur [Kalumna] Third Railway Line [228.30 km],South East Central Railway [SECR] - II,"Multi-States (Chhattisgarh, Maharashtra)",09/2016,12/2016,12/2024,06/2026,3545,3545,3555.14,96,Railways
640,617390,Sardega -Bhalumuda New Double line [37.24 Km],SECR,"Multi-States (Chhattisgarh, Odisha)",09/2024,09/2024,03/2028,-,1281.81,1281.81,128.01,2,Railways
641,705511,Jagdalpur-Koraput,East Coast Railway [ECoR] - II,"Multi-States (Chhattisgarh, Odisha)",12/2015,03/2016,03/2024,12/2026,1547,1547,1348.59,92,Railways
642,705616,Jharsuguda-Bilaspur Fourth Railway Line [206 km],SECR,"Multi-States (Chhattisgarh, Odisha)",09/2016,09/2016,10/2024,03/2026,2140,2979,2198.05,93,Railways
643,705728,Mumbai-Ahmedabad High Speed Rail Project- 508 km,National High Speed Rail Corporation [NHSRC],"Multi-States (Dadra & Nagar Haveli and Daman & Diu, Gujarat, Maharashtra)",03/2015,09/2017,08/2027,12/2029,108000,108000,85337.89,56,Railways
644,705793,New Delhi- Mumbai Speed Booster[160Kmph] Project,PCE/WR,"Multi-States (Delhi, Gujarat, Madhya Pradesh, Maharashtra, Rajasthan)",09/2019,09/2019,03/2024,-,6806.44,6806.44,135.65,0,Railways
645,705650,Hospet - Tinaighat - Vasco Rail Doubling Project,RVNL - II,"Multi-States (Goa, Karnataka)",03/2010,07/2012,03/2027,12/2027,5060,5060,5271.61,86,Railways
646,706950,Hospet-Hubli-Vasco da Gama Line Electrification Project,RVNL,"Multi-States (Goa, Karnataka)",07/2015,05/2018,03/2023,06/2026,744.49,1122.62,1149.24,99,Railways
647,705237,Western Dedicated Freight Corridor,DFCCIL,"Multi-States (Gujarat, Haryana, Maharashtra, Rajasthan, Uttar Pradesh)",02/2008,01/2012,03/2022,12/2025,51101,124005,124623,96,Railways
648,705453,"New line Dahod-Indore via Sardarpur, Jabuwa and Dhar",Western Railway [WR] - II,"Multi-States (Gujarat, Madhya Pradesh)",06/2012,06/2012,02/2027,02/2027,456.07,3516.77,3945.04,52,Railways
649,705454,Chhota Udaipur - Dhar New Line Project [157 km],Western Railway [WR] - II,"Multi-States (Gujarat, Madhya Pradesh)",11/2008,01/2014,12/2025,12/2025,1794,1794,1815.94,80,Railways
650,611452,MUMBAI CENTRAL VIRAR VADODARA AHMEDABAAD TRAIN PROTECTION SYSTEM 500 RKM,Western Railway,"Multi-States (Gujarat, Maharashtra)",09/2019,03/2023,12/2025,12/2026,311,311,263.42,93,Railways
651,400022,Taranga Hill-Abu Road via Ambaji,North Western Railway [NWR],"Multi-States (Gujarat, Rajasthan)",07/2022,07/2022,07/2030,07/2030,2798,2798,2098.09,17,Railways
652,616842,LUNI- SAMDARI- BHILDI DOUBLING,North Western Railway [NWR],"Multi-States (Gujarat, Rajasthan)",02/2024,02/2024,07/2027,-,3085.59,3085.59,468.4,13,Railways
653,705424,Chandigarh-Baddi New Rail Line- 36 km,Northen Railway [NR],"Multi-States (Haryana, Himachal Pradesh)",02/2018,02/2018,12/2026,12/2026,1540,1540.13,554.36,37,Railways
654,611861,Rewari - Kathuwas Doubling Project [27.72 Km],North Western Railway [NWR],"Multi-States (Haryana, Rajasthan)",02/2023,12/2022,06/2027,06/2027,352,352,283.12,73,Railways
655,705410,Nangal Dam-Talwara New Broad Gauge Line [84 KM] and Taking Over Siding Mukerian-Talwara [29 KM],Northen Railway [NR],"Multi-States (Himachal Pradesh, Punjab)",03/1983,05/1985,12/2025,12/2027,2018,2018,89486.62,83,Railways
656,705428,Bhanupalli-Bilaspur-Beri New Railway Line Project,RVNL - II,"Multi-States (Himachal Pradesh, Punjab)",03/2009,04/2015,12/2026,12/2027,13447,13447,7213.23,61,Railways
657,705628,Doubling of Hatia [Ranchi]-Bondamunda Rail Line - 159 km,South Eastern Railway - JH,"Multi-States (Jharkhand, Odisha)",03/2016,02/2017,06/2025,06/2026,3029,3029.04,2533,87,Railways
658,616588,Buramara-Chakulia new line [59.96 km],South Eastern Railway [SER] - I,"Multi-States (Jharkhand, Odisha, West Bengal)",08/2024,12/2024,12/2029,-,1459.13,1459.13,4.68,0,Railways
659,616227,Chandil - Anara - Damodar - 3rd line [121.26 km],CAO/C/SER,"Multi-States (Jharkhand, West Bengal)",09/2024,07/2025,09/2029,-,1932.01,1932.01,0.49,0,Railways
660,705668,KHARAGPUR-ADITYAPUR THIRD RAIL LINE- 132 KM,RVNL - I,"Multi-States (Jharkhand, West Bengal)",09/2016,01/2018,03/2025,06/2026,3250,3250,3247.89,97,Railways
661,705662,Hotgi-Kudgi-Gadag Doubling Project,South Western Railway [SWR] - II,"Multi-States (Karnataka, Maharashtra)",04/2014,01/2016,12/2024,03/2026,1878,2459,2698.29,92,Railways
662,703586,Baiyyappanahalli - Hosur Doubling Project [48 km],Karnataka Rail Infrastructure Development Company Limited [K-RIDE],"Multi-States (Karnataka, Tamil Nadu)",04/2019,02/2019,03/2024,01/2026,498.7,748.7,658.4,86,Railways
663,705635,Trivandrum- Kanyakumari,Southern Railway (SR) - I,"Multi-States (Kerala, Tamil Nadu)",08/2017,03/2016,03/2025,12/2026,1432,3785.45,2554.26,51,Railways
664,705457,Ratlam-Mhow-Khandwa-Akola Gauge Conversion,Western Railway [WR] - II,"Multi-States (Madhya Pradesh, Maharashtra)",04/2008,03/2010,03/2027,09/2028,1656.25,6499.86,4570.33,82,Railways
665,705507,Itarsi - Nagpur Third Railway Line [280 km],Central Railway [CR] - II,"Multi-States (Madhya Pradesh, Maharashtra)",09/2016,09/2016,03/2027,12/2027,2449.91,2506.68,1985.94,55,Railways
666,617406,RATLAM- DUNGARPUR VIA BANSWARA NEW LINE PROJECT,North Western Railway [NWR],"Multi-States (Madhya Pradesh, Rajasthan)",10/2015,05/2023,03/2028,-,2417.24,2417.24,6.79,8,Railways
667,705419,Gwalior - Seopurkala with extension to Kota [Gauge Conversion],North Central Railway,"Multi-States (Madhya Pradesh, Rajasthan)",03/2011,07/2018,03/2025,02/2026,2913,2913,2124.16,86,Railways
668,705481,Ramganjmandi-Bhopal New Line Project [262 km],West Central Railway [WCR] - II,"Multi-States (Madhya Pradesh, Rajasthan)",03/2001,10/2004,12/2025,12/2027,3032,5073,3817.81,78,Railways
669,705764,Nimach-Badi Sadri New Rail Line Project,Western Railway [WR] - II,"Multi-States (Madhya Pradesh, Rajasthan)",04/2017,09/2021,03/2026,06/2026,495,825,151.77,58,Railways
670,705667,Mathura-Jhansi Third Railway Line [274 Km],RVNL - II,"Multi-States (Madhya Pradesh, Rajasthan, Uttar Pradesh)",12/2015,03/2018,12/2024,12/2026,5961,5961,5050.26,94,Railways
671,705598,Jhansi - Bina Third Railway Line [153 Km],CAO/C/NCR,"Multi-States (Madhya Pradesh, Uttar Pradesh)",09/2016,03/2018,03/2022,03/2026,2002,2002,1843.19,93,Railways
672,705608,Jhansi-Khairar-Manikpur & Khirar-Bhimsen,North Central Railway,"Multi-States (Madhya Pradesh, Uttar Pradesh)",03/2018,04/2019,03/2026,03/2026,4330,4330,2388.71,62,Railways
673,705613,Third Line [new] between Kazipet - Balharshah with electrification [201.04 Km],South Central Railway [SCR] - II,"Multi-States (Maharashtra, Telangana)",09/2016,10/2016,01/2025,11/2025,2595,3071,3580.19,94,Railways
674,705629,Narayangarh-Bhadrak 3rd line,South Eastern Railway [SER] - I,"Multi-States (Odisha, West Bengal)",03/2019,03/2017,12/2025,06/2026,2400,3425.32,2404.72,66,Railways
675,400223,Nagapattinam-Tiruturaipundi and Karaikal-Peralam New Line,Ministry of Railways,"Multi-States (Puducherry, Tamil Nadu)",07/2008,01/2019,03/2027,03/2028,713,981,633.24,80,Railways
676,705432,Sivok-Rangpo New Rail Line,Indian Railway Construction International Limited [IRCON],"Multi-States (Sikkim, West Bengal)",10/2009,05/2010,05/2015,12/2027,7877,11775,9861.45,90,Railways
677,602797,"Sainthia, Sitarampur, Mughalsarai, Allahabad & Etawah - Bypass Line Project",Eastern Railway [ER] - I,"Multi-States (Uttar Pradesh, West Bengal)",08/2017,12/2017,03/2027,03/2027,461.64,461.64,197.33,9,Railways
678,400006,Jharsuguda-Barpali-Sardega Ph II Works- Rail Connectivity for Coal Loading Bulb at Barpali.,South Eastern Railway [SER] - I,Odisha,10/2021,10/2021,10/2025,12/2025,808.99,808.99,505.01,31,Railways
679,400045,Proposed 6 nos Road Over Bridge [ROB] at different locations under MCL Talcher Under Deposit Scheme.,East Coast Railway [ECoR] - II,Odisha,08/2022,07/2022,03/2025,01/2025,168.32,168.32,69.85,82,Railways
680,400047,Doubling of Lingaraj SILO connectivity of NTPC line and augmentation of NTPC exchange yard and NTPC Block Cabin.,East Coast Railway [ECoR] - II,Odisha,08/2022,06/2022,12/2024,07/2024,210,210,13.17,40,Railways
681,400048,Doubling of lines connecting the loading spurs in Talcher Yard.,East Coast Railway [ECoR] - II,Odisha,09/2022,06/2022,12/2024,09/2024,186.21,186.21,45,80,Railways
682,400232,Brundamal-Jharsuguda- flyover connection for joining downline,East Coast Railway [ECoR] - II,Odisha,01/2014,01/2014,12/2026,12/2026,297,297,215.87,46,Railways
683,612834,3rd & 4th line between Sarla - Sason [8 km] [PB 73/2023-24/NR],East Coast Railway [ECoR] - II,Odisha,04/2023,04/2023,12/2025,-,252,252,97.64,68,Railways
684,616586,Bangriposi-Gorumahisani new line [ 85.60 km ],CAO/C/SER,Odisha,08/2024,09/2025,12/2029,-,2269.49,2269.49,4.12,0,Railways
685,616587,Badampahar-Kendujhargarh new line [82.06 km],CAO/C/SER,Odisha,08/2024,09/2025,12/2029,-,1875.72,1875.72,1.13,0,Railways
686,616694,Flyover between Siju and Paradeep coaching Yard to avoid Surface crossing of trains,East Coast Railway [ECoR] - II,Odisha,04/2023,10/2025,07/2028,-,200.77,200.77,30,2,Railways
687,616695,Paradeep - Badabandha 3rd & 4th Line / 18.51kms,East Coast Railway [ECoR] - II,Odisha,08/2023,04/2025,11/2028,-,300.15,300.15,0.1,5,Railways
688,618995,New Line between Junagarh - Nabarangpur [116.21 Km],Indian Railway,Odisha,08/2024,08/2025,08/2030,-,2864.51,2864.51,0,0,Railways
689,705358,Khurda-Bolangir New Broad Gauge Rail Link [301km],East Coast Railway [ECoR] - II,Odisha,03/1994,03/2001,12/2026,12/2026,3792,5089,5315.25,90,Railways
690,705359,Talcher-Bimlagarh New Railway Line,East Coast Railway [ECoR] - II,Odisha,03/2004,12/2004,03/2025,03/2027,1928,1928,1995.82,50,Railways
691,705510,Bhadrak-Nergundi Third Line,East Coast Railway [ECoR] - II,Odisha,10/2015,04/2015,11/2024,01/2026,1284,1284,1323.62,91,Railways
692,705513,Koraput - Singapur Railway Doubling,East Coast Railway [ECoR] - II,Odisha,12/2015,12/2015,12/2027,03/2028,2362,2362,1856.42,71,Railways
693,705514,Jarapada- Budhapank with flyover at Talcher road 3rd and 4th Line,East Coast Railway [ECoR] - II,Odisha,11/2015,12/2015,11/2018,03/2026,1000,810.02,428.84,58,Railways
694,705515,3rd & 4th Railway Line Project from Salegaon to Budhapank via Rajathgarh.,East Coast Railway [ECoR] - II,Odisha,07/2013,12/2015,03/2026,03/2026,1173,2092,2063.93,85,Railways
695,705741,Jeypore-Navarangpur New Rail Line Project,East Coast Railway [ECoR] - II,Odisha,07/2017,04/2023,07/2028,12/2029,748,748,13.16,1,Railways
696,705742,Jeypore-Malkanagiri New Railway Line Project,East Coast Railway [ECoR] - II,Odisha,02/2018,12/2023,07/2033,07/2033,2344,2344,491.99,20,Railways
697,706898,Khurda Road - Balangir Electrification of Railway Track Project,Ministry of Railways,Odisha,09/2018,09/2019,03/2021,-,267.61,267.61,0,0,Railways
698,709811,GANDHAMARDAN IRON ORE MINES TO GOALDIH STATION/12.76kms,East Coast Railway [ECoR] - II,Odisha,09/2022,05/2025,09/2027,09/2027,190,189.93,0,0,Railways
699,705362,"Jaynagar-Bijalpura, incl. extn. Bet, Bijalpura-Bardibas [Nepal]",East Central Railway [ECR] - I,Offshore,08/2015,03/2011,03/2022,03/2026,819,819,580.51,75,Railways
700,705298,North Region Video Surveillance Project,RCIL,PAN India,06/2020,04/2023,03/2024,-,274.39,274.39,0,48,Railways
701,705783,Ludhiana- Killa Raipur Railway Doubling Project,Railway,Punjab,03/2019,12/2022,03/2025,03/2026,237.64,238,135.92,56,Railways
702,611849,Devgarh Madariya - Nathdwara Gauge Conversion [82.54 Km] part of Marwar - Mavli Gauge Conversion [152 Km],North Western Railway [NWR],Rajasthan,01/2023,01/2023,06/2028,06/2028,968.92,968.92,192.98,57,Railways
703,611929,Maintenance cum workshop depot for Vande Bharat Sleeper Trains as per conditions under WTA 527,WPO/Patna,Rajasthan,09/2022,06/2023,12/2024,-,166.86,166.86,0,0,Railways
704,616841,PUSHKAR- MERTA CITY NEW LINE,North Western Railway [NWR],Rajasthan,02/2024,02/2024,12/2026,-,799.64,799.64,75.45,6,Railways
705,616843,AJMER- CHANDERIYA DOUBLING,North Western Railway [NWR],Rajasthan,02/2024,02/2024,06/2027,-,1634.79,1634.79,203.52,9,Railways
706,617403,SADULPUR - CHURU DOUBLING PROJECT,North Western Railway [NWR],Rajasthan,01/2024,01/2024,06/2026,-,468.64,468.64,136.58,55,Railways
707,617404,POKHRAN - RAMDEVRA New Line,North Western Railway [NWR],Rajasthan,04/2025,04/2025,03/2028,-,189.21,189.21,0,0,Railways
708,617408,NATHDWARA- NATHDWARA TOWN NL,North Western Railway [NWR],Rajasthan,03/2019,04/2024,03/2027,-,166.33,166.33,89.62,5,Railways
709,705482,Dholpur - Sirmuttra Gauge Conversion,North Central Railway,Rajasthan,03/2022,04/2020,02/2019,02/2027,747,747,436.56,45,Railways
710,705752,Gudha-Thatha Mithri Construction of Railway Track Project,North Western Railway [NWR],Rajasthan,04/2019,04/2019,11/2026,11/2026,819.48,967.06,393.8,99,Railways
711,705912,Sawai Madhopur-Jaipur Railway Line Project,North Western Railway [NWR],Rajasthan,02/2024,04/2023,03/2027,-,1203.89,1203.89,137.81,13,Railways
712,705919,Agra Fort-Bandikui Doubling Line Project,CAO/C/NCR,Rajasthan,06/2022,02/2021,06/2027,06/2027,1390,1390,362.92,57,Railways
713,706866,Sawaimadhopur Bye Pass Line Project,North Western Railway [NWR],Rajasthan,12/2022,01/2023,03/2026,05/2027,304,304,60.48,65,Railways
714,400280,Phase II extension of MRTS from Velachery to St Thomas Mount,Ministry of Railways,Tamil Nadu,11/2007,11/2008,07/2025,09/2025,734,734.01,479.19,99,Railways
715,613002,Redevelopment of Chennai Egmore Station,Ministry of Railways,Tamil Nadu,05/2022,10/2022,03/2026,-,842,842,340,0,Railways
716,705244,Coach Production Factory Upgradation Project,CPM/ICF,Tamil Nadu,12/2017,07/2018,12/2021,-,520,520,192.25,0,Railways
717,616856,Doubling between Bhadrachalam Road and Dornakal,South Central Railway [SCR] - II,Telangana,08/2023,04/2025,04/2029,-,770.12,770.12,48.35,0,Railways
718,617409,Railway Manufacturing Unit,RVNL - II,Telangana,07/2016,02/2023,12/2026,03/2026,521.36,521.36,439.95,80,Railways
719,705252,Kazipet Wagon Overhauling Project,RVNL,Telangana,09/2017,07/2017,12/2023,-,385,385,0,0,Railways
720,705437,Manoharabad-Kothapalli New Rail Line [151 km],South Central Railway [SCR] - II,Telangana,07/2016,01/2017,03/2027,12/2027,1160,2781,2332.39,71,Railways
721,400204,Bahraich-Shravasti-Balrampur-Siddharthnagar -Santkabir nagar,North Eastern Railway [NER],Uttar Pradesh,10/2018,03/2017,10/2030,10/2030,4939.78,4939.78,1263.98,8,Railways
722,400205,Sahjanwa-Dohrighat,North Eastern Railway [NER],Uttar Pradesh,08/2019,03/2017,03/2029,03/2029,1319.75,1319.75,511.08,3,Railways
723,617213,Varanasi-Pt. Deen Dayal Upadhyaya multitracking 15km including construction of new Rail-cum-Road Bridge across Ganga River.,Northern Railways,Uttar Pradesh,10/2024,10/2025,10/2029,-,2464.46,2464.46,0,0,Railways
724,617252,Anandnagar - Ghugli via Maharajganj New line 52.7 km,Construction NER,Uttar Pradesh,10/2023,11/2023,03/2028,-,958.27,958.27,455.29,23,Railways
725,617284,Chunar-Chopan doubling project,North Central Railway,Uttar Pradesh,08/2023,01/2025,03/2028,-,1423.96,1423.96,64.45,8,Railways
726,617333,Surface triangle line bet. Bhadura stn and new crossing stn Karma,East Central Railway [ECR] - I,Uttar Pradesh,10/2022,05/2024,02/2027,-,199.96,199.96,1.05,0,Railways
727,617370,Doubling between Jaunpur Jn - Zaffarabad 6.28 km,M/S SRC company Infra Private Limited,Uttar Pradesh,03/2023,02/2025,01/2027,-,180.66,180.66,4,13,Railways
728,705567,Burhwal Gonda 3rd line,North Eastern Railway [NER],Uttar Pradesh,11/2017,07/2019,03/2025,01/2026,1016,1118,1461.48,88,Railways
729,705588,Janghai-Pratapgarh- Amethi,CAO/C/II/NR,Uttar Pradesh,11/2017,03/2017,03/2025,03/2026,722,1194,1601,70,Railways
730,705766,Lalitpur-Birari with flyover at Lalitpur- 16 Km,North Central Railway,Uttar Pradesh,03/2017,11/2017,12/2024,01/2026,304.44,356,241.27,80,Railways
731,705771,Allahabad-Bamhrauli Flyover Construction & 4th Railway Line Project,North Central Railway,Uttar Pradesh,04/2019,10/2020,03/2026,03/2026,494,494,371.2,67,Railways
732,705772,"Mughalsarai-Allahabad, 3rd line",North Central Railway,Uttar Pradesh,12/2015,03/2016,12/2026,03/2027,2649,2649.44,1728.5,66,Railways
733,705774,Aligarh -Daud Khan Flyover Construction & 3rd Railway Line Project,CAO/C/NCR,Uttar Pradesh,04/2019,09/2020,01/2025,03/2027,758,779.49,421.6,73,Railways
734,705777,Bhandai - Flyover for Etawah bound down train- 10 Km,North Central Railway (NCR) - II,Uttar Pradesh,07/2020,04/2021,02/2026,02/2027,250.18,250.18,115.69,8,Railways
735,705780,Bhatni-Aurnihar with electrification excluding Indara-Mau,RVNL - I,Uttar Pradesh,03/2018,03/2017,12/2024,03/2026,2529,2529.46,2080.41,94,Railways
736,705782,Barabanki-Malhaur 3rd & 4th Railway Line Project,Ministry of Railways,Uttar Pradesh,01/2019,04/2017,03/2025,03/2026,407,407,317,75,Railways
737,705429,Rishikesh-Karnaprayag New Rail Line- 125 km,RVNL - II,Uttarakhand,11/2016,08/2018,12/2025,12/2028,38953,38953,26840.95,72,Railways
738,400247,Kalinarayanpur-Krishnanagar Doubling Alongwith Krishnanagar - Chapra New Line And Naihati-Ranaghat 3rd Line.,Eastern Railway [ER] - I,West Bengal,07/2015,11/2005,02/2027,02/2027,1000,1000,1054.94,69,Railways
739,400273,Tarakeshwar-Bishnupur New Line [82.47 km],Eastern Railway [ER] - I,West Bengal,03/2001,02/2008,03/2019,02/2026,1189,1542,1338.36,92,Railways
740,400277,Dum Dum Airport-New Garia via Rajarhat-Construction of Metro Railway,RVNL - II,West Bengal,03/2010,10/2011,12/2025,03/2026,8964,8964,8428.89,85,Railways
741,612096,Construction of Balurghat-Hilli new BG Line,Northeast Frontier Railway [NFR],West Bengal,12/2010,12/2010,03/2027,03/2027,1209,1181.57,428.37,12,Railways
742,617345,SER Upgradation of maintenance infrastructure at Shalimar into Vande Bharat Chair Car maintenance cum workshop depot.,South Eastern Railway - JH,West Bengal,03/2024,12/2024,10/2026,-,226.87,226.87,33.7,36,Railways
743,705730,Joka-BBD Bag new metro project,RVNL - II,West Bengal,03/2010,04/2010,12/2026,12/2029,4835,10362,4740.17,51,Railways
744,706776,Noapara-Barasat via Bimanbandar - Construction of Metro railway [18 km],"Metro Railway, Kolkata",West Bengal,11/2010,03/2010,08/2026,03/2029,4830,4830,2764.13,32,Railways
745,706777,Baranagar-Barrackpore and Dakshineshwar- Construction of Metro Railway,RVNL - II,West Bengal,03/2010,03/2010,12/2026,12/2030,2298,2734,393.01,17,Railways
746,701658,Krishnapatnam Node - Phase 1 - Roads and Services Development,National Industrial Corridor Development Corporation,Andhra Pradesh,12/2020,02/2024,02/2028,-,2139.44,2139.44,568.22,27,Real Estate
747,701657,Tumakuru Node - Phase 1 - Roads and Services Development,National Highways & Infrastructure Development Corporation Ltd. [NHIDCL],Karnataka,12/2020,02/2023,09/2026,-,1701.81,1701.81,184.16,17,Real Estate
748,617907,Rehabilitation and Up-gradation from Km 170700 Bhadrachalam to Km 234567 Konta on NH-30 to Two lane with Paved Shoulder in the State of Andra Pradesh on EPC mode.,MoRTH,Andhra Pradesh,12/2021,09/2022,09/2024,-,436.09,436.09,207.05,89,Roads & Highways
749,617949,Tadipatri Bypass Km 0000 to Km 6285 of 4-Lane on NH-67 in Anantapuramu district of AP state under NHO on EPC Mode under Annual Plan 2022-23,MoRTH,Andhra Pradesh,03/2023,03/2024,03/2026,-,159.66,159.66,32.57,69,Roads & Highways
750,617984,"Gudivada Town 2 RoB, and Road improvement NH-165",MoRTH,Andhra Pradesh,03/2022,05/2023,05/2025,-,317.22,317.22,0,67,Roads & Highways
751,617985,Widening to two lane with paved shoulders from Km 0/0 to 64/020 Pamarru to Akiveedu,MoRTH,Andhra Pradesh,03/2020,11/2021,11/2023,02/2024,529.54,588.65,0,0,Roads & Highways
752,617986,Kurnool/Kadapa Border-Jammalamadugu section of NH-167K i.e. Design Ch. Km 248010 to km 269900 to 2,MoRTH,Andhra Pradesh,03/2023,12/2024,12/2026,-,292.63,292.63,0,40,Roads & Highways
753,617990,Construction of bypass road to Adoni town connecting NH-167 Hagari - Jadcharla road from km.62/700 to 71/400 in Kurnool District in the State of Andhra Pradesh.,MoRTH,Andhra Pradesh,03/2023,02/2024,11/2025,-,242,242,78.49,95,Roads & Highways
754,617991,"Rehabilitation and up-gradation of NH-167 from Km 14/900 to Km70/000 Design Ch. 14/900 to 69/700 Chintakunta to Adoni section to two lane with paved shoulders in the State of Andhra Pradesh under Corridor Approach through Engineering, Procurement",MoRTH,Andhra Pradesh,11/2016,05/2017,05/2019,11/2020,290.15,290.15,0,0,Roads & Highways
755,618037,Rehabilitation and Up-gradation of existin of road from 2-lane to 2-lane with paved shoulders from km. 0.00 to km 53.590 total length-53.590 km of Raychoti to Vempalli section of NH-440 in the State of Andhra Pradesh on EPC mode.,MoRTH,Andhra Pradesh,12/2021,05/2022,05/2024,-,439.82,359.52,121.22,0,Roads & Highways
756,618062,Dornala to Kunta Junction from Design Chainage Km 244000 to 267990 section of NH-765 Package-2,MoRTH,Andhra Pradesh,12/2022,03/2024,09/2025,-,244.83,244.83,0,83,Roads & Highways
757,618145,Widening to two lane with paved shoulder of Rampachodavaram - Koyyuru section of NH 516E from Km 43700 to Km 113820 in the State of Andhra Pradesh on EPC mode Job No. 737,MoRTH,Andhra Pradesh,03/2022,01/2023,01/2025,-,568.12,568.12,289.47,92,Roads & Highways
758,618161,Widening and Reconstruction of existing road to four lane from Km.56400 to Km 120300 i.e. from B.Kothapalli Junction to Gorantla excluding Kadiri Bypass from Km 70200 to Km 77105 of NH 716G in the State of Andhra Pradesh on EPC mode Job no. 742,MoRTH,Andhra Pradesh,03/2022,09/2023,12/2025,-,839.98,839.98,360.45,99,Roads & Highways
759,618191,"Rehabilitation and upgradation of NH-167AD from Macherla to Dachepalli via Paluvai Junction, Rentachinthala, Gurazala from Km.0.000 to 43.659 to two lane with paved shoulders in the state of Andhra Pradesh job-729",MoRTH,Andhra Pradesh,01/2022,01/2023,01/2025,-,403.22,403.22,220.99,97,Roads & Highways
760,618192,Duttalur at NH-565 Junction to Kavali Joining on NH-16 Chainage Km. 36/400 to Km. 107/224 excluding the stretch from Km 101.880 to 105.300 67.404 Km of NH-167BG from in the State of Andhra Pradesh on EPC mode,MoRTH,Andhra Pradesh,03/2021,07/2022,07/2024,-,423.67,423.67,0,81,Roads & Highways
761,618194,Rehabilitation and upgradation of New NH 544DD from design Chainage Km. 56/000 to 102/20 of Kalyandrg - Molakalmuru Section,MoRTH,Andhra Pradesh,03/2018,08/2018,02/2020,11/2021,294.13,285.29,287.94,98,Roads & Highways
762,618237,Rehabilitation and Up-gradation of Pasarlapudi to Dhindi section from Km 105/170 to Km 126/510 of NH -214 New NH -216 to two lane with paved shoulder in the state of Andhra Pradesh under NHDP-IV,MoRTH,Andhra Pradesh,03/2017,09/2017,09/2019,05/2024,263.45,263.45,151.56,98,Roads & Highways
763,618238,Rehabilitation and Up-gradation of Thimmapuram to Gurajanapalli section from Km 26/150 to Km 41/161 of NH - 214 New NH - 216 to two lane with paved shoulder in the state of Andhra Pradesh under NHDP-IV,MoRTH,Andhra Pradesh,08/2016,01/2017,07/2018,12/2021,350.61,432.91,0,0,Roads & Highways
764,618254,Construction of Paderu bypass Km 0000 to Km 13000 of 2- lane with paved shoulder on NH-516E,MoRTH,Andhra Pradesh,03/2023,01/2025,07/2026,-,244.43,244.43,2.14,3,Roads & Highways
765,618255,Two laning with paved shoulders of Lambasingi to Paderusection of NH 516E,MoRTH,Andhra Pradesh,04/2020,11/2023,11/2025,-,361.24,358.05,77.68,23,Roads & Highways
766,618256,"Rehabilitation and Upgradation to 2-lane with paved should ders Sir, configuration of Chaprathipalem to Lambasingi section Km 165500 to Km 205000 of NH-516E in the State of Andhra Pradesh under Green National Highways Corridor Project GNHCP with the loan assistance of World Bank on EPC mode",MoRTH,Andhra Pradesh,08/2020,10/2022,10/2024,-,311.22,311.22,172.01,76,Roads & Highways
767,618257,Rehabilitation and Upgradation to 2-lane with paved shoulders configuration of Koyyuru to Chaprathipalem section Km 120000 to Km 165500 of NH-516E in the State of Andhra Pradesh under Green National Highways Corridor Project GNHCP with the loan assistance of World Bank on EPC mode,MoRTH,Andhra Pradesh,08/2020,07/2022,07/2024,06/2025,349.29,349.29,221.52,86,Roads & Highways
768,618258,Two laning with paved shoulders of Gondiguda to Araku uptoBhallaguda section of NH 516E,MoRTH,Andhra Pradesh,08/2020,09/2021,09/2023,09/2024,296.66,289.11,237.52,91,Roads & Highways
769,618259,Two laning with paved shoulders of Paderu to GundigudaSection of NH 516E,MoRTH,Andhra Pradesh,08/2020,03/2021,03/2023,03/2024,222.61,222.61,122.52,100,Roads & Highways
770,618412,Construction of i Connecting Road from Z-Morh Tunnel to Zojila Tunnel Road Length 18.475km and ii 14.150 Km long 2-L Bi-directional single tube Zoji-la Tunnel across Zojila Pass on Sonamarg - Kargil section from Km 82 to Km 118 of NH-01 under PMDP,NHIDCL,Andhra Pradesh,01/2018,10/2020,09/2026,12/2027,6808.69,6808.69,0,0,Roads & Highways
771,618475,Bangalore Chennai Expressway Phase-II Pkg-II from km.96.000 to Km 127.000 Baireddypalle to Bangarupalem section,National Highways Authority of India [NHAI],Andhra Pradesh,02/2021,06/2023,06/2025,06/2026,2548.04,2548.04,1058.1,81,Roads & Highways
772,618476,Bangalore Chennai Expressway Phase-II Pkg-III from km.127.000 to Km 156.000 Bangarupalem to Gudipala section,National Highways Authority of India [NHAI],Andhra Pradesh,11/2020,10/2022,10/2024,-,1407.33,1407.33,675.5,99,Roads & Highways
773,618527,Six Laning of Vijayawada Bypass from Gollapudi to Chinnakakani in Vijayawada - Gundugolanu Section from km. 30.00 to km. 47.881 Pkg-IV,National Highways Authority of India [NHAI],Andhra Pradesh,01/2020,07/2021,01/2024,-,1194.57,1757.82,683.06,97,Roads & Highways
774,618700,Renigunta - Poyya - Naidupeta km 124.60 to km 183.4 of NH 71,National Highways Authority of India [NHAI],Andhra Pradesh,03/2020,01/2022,01/2024,10/2024,1863.09,2510.14,1231.42,98,Roads & Highways
775,618712,6L Access Controlled Greenfield Highway from Kodur Ch. 0000 to Vanavolu Ch. 24300 of [NH-544G] Package-1,National Highways Authority of India [NHAI],Andhra Pradesh,01/2023,02/2024,02/2026,-,912.94,798.25,300.35,79,Roads & Highways
776,618713,6L Access Controlled Greenfield Highway from Yerragudipadu Ch. 129000 to Audireddipalle Ch. 160000 of [NH 544G] Package-6,National Highways Authority of India [NHAI],Andhra Pradesh,02/2023,02/2024,02/2026,-,1200.42,1019.69,178.26,24,Roads & Highways
777,618714,6L Access Controlled Greenfield Highway from Nallacheruvu palli Ch. 96300 to Yerragudipadu Ch. 129000 of [NH-544G] Package-5,National Highways Authority of India [NHAI],Andhra Pradesh,02/2022,02/2024,02/2026,-,1253.26,1095.78,253.91,41,Roads & Highways
778,618715,6L Access Controlled Greenfield Highway from Odulapalle Ch. 72000 to Nallacheruvu- palli Ch. 96300 of [NH-544G]Package-4,National Highways Authority of India [NHAI],Andhra Pradesh,01/2023,02/2024,02/2026,-,1058.9,946.1,328.59,63,Roads & Highways
779,618716,6L Access Controlled Greenfield Highway from Vankarakunta Ch. 45700 to Odulapalle Ch. 72000 of [NH-544G]Package-3,National Highways Authority of India [NHAI],Andhra Pradesh,12/2022,03/2024,03/2026,-,992.91,888.07,279.55,65,Roads & Highways
780,618717,6L Access Controlled Greenfield Highway from Vanavolu Ch. 24300 to Vankarakunta Ch. 45700 of [NH-544G] Package-2,National Highways Authority of India [NHAI],Andhra Pradesh,01/2023,03/2024,03/2026,-,750.81,626.91,203.13,72,Roads & Highways
781,618719,6L Access Controlled Greenfield Highway from Mallapalle Ch. 176000 to Kavulakuntla Ch. 196000 Package-08,National Highways Authority of India [NHAI],Andhra Pradesh,02/2023,02/2024,02/2026,-,909.02,751.81,225.97,40,Roads & Highways
782,618720,6L Access Controlled Greenfield Highway from Audireddipalle Ch. 160000 to Mallapalle Ch. 176000Package-07,National Highways Authority of India [NHAI],Andhra Pradesh,02/2023,03/2024,03/2026,-,987.1,848.06,254.31,54,Roads & Highways
783,618721,6L Access Controlled Greenfield Highway from Chandrasekharapuram Ch. 228000 to Polavaram Ch. 260000of [NH-544G] Package-11,National Highways Authority of India [NHAI],Andhra Pradesh,02/2023,02/2024,02/2026,07/2026,1292.65,1110.33,255.71,43,Roads & Highways
784,618748,Khammam-Devarapalle Pkg IV [4L Access Controlled Greenfield from Recherla village to Gurvaygudem village Design Chainage 105236 to 132664],National Highways Authority of India [NHAI],Andhra Pradesh,11/2020,09/2022,09/2024,05/2025,569.37,752.02,322.19,94,Roads & Highways
785,618749,Khammam-Devarapalle Pkg V [4L Access Controlled Greenfield from Gurvaygudem village to Devarapalle village Design Chainage 132664 to 162126,National Highways Authority of India [NHAI],Andhra Pradesh,12/2020,09/2022,09/2024,06/2025,711.94,926.48,376.11,88,Roads & Highways
786,618777,4L of Pileru to Kalur Section from Km 55.900 to Km 92.800 & Km 94.500 to Km 95.717 of NH-71Package-II,National Highways Authority of India [NHAI],Andhra Pradesh,03/2022,10/2023,11/2025,-,1877.47,592.85,245.55,98,Roads & Highways
787,618778,4L of Madanapalle to Pileru Section from Km 0.000 to Km 55.900 of NH-71Package-I,National Highways Authority of India [NHAI],Andhra Pradesh,02/2022,01/2023,01/2025,06/2025,1877.47,1994.1,1024.27,94,Roads & Highways
788,618803,Development of 4L Road from Samarlakota to Achampeta Junction as part of Kakinada Port Connectivity to NH-16 Rajanagaram Junction in East Godavari District,National Highways Authority of India [NHAI],Andhra Pradesh,09/2022,08/2023,08/2025,-,645.63,750.2,543.32,74,Roads & Highways
789,618804,Dedicated Port road to Krishnapatnam Port Package-I from Km. 0.000 to Km. 18.000,National Highways Authority of India [NHAI],Andhra Pradesh,03/2018,12/2018,12/2020,-,348.72,341.36,59.91,75,Roads & Highways
790,618807,"4L Greenfield Road connecting North and South industrial cluster of Khandaleru Creek near Krishnapatnam port at Thamminapatnam to Mollur from Km 0.0 to Km 16.046, Part I & 6L extension of dedicated port road of NH-67 Km 18.0 to Km 19.3, Part II",National Highways Authority of India [NHAI],Andhra Pradesh,08/2022,09/2023,09/2025,-,609.43,559.98,403.36,73,Roads & Highways
791,618826,4 Laning of NH-544D from Km 0.000 to km 37.000 of Anantapur- Muchukota section Pkg-1,National Highways Authority of India [NHAI],Andhra Pradesh,10/2022,07/2023,07/2025,-,907.76,905.98,410.28,91,Roads & Highways
792,618827,4 Laning of NH-544D from Km 37.000 to km 69.000 of Muchukota- Bugga section Pkg-2,National Highways Authority of India [NHAI],Andhra Pradesh,10/2022,08/2023,08/2025,-,1097.57,1055.23,320.15,70,Roads & Highways
793,618919,4L PS from Mandlem Existing Km. 38.000/Design Km.30.600 to Atmakur Existing Km.73.000/Design Km 66.115 of NH340C Package2,National Highways Authority of India [NHAI],Andhra Pradesh,03/2023,11/2023,11/2025,-,887.28,913.03,374.34,99,Roads & Highways
794,617892,Construction of 2-lane road of Potin to Pangin section of NH-13 from Km 163.59 to Km 206.66 Package-5 on EPC Mode in the State of Arunachal Pradesh under Arunachal Pradesh Package of Roads and Highways of SARDP-NE [Job No SARDP-NE/P- P/Pkg-A/NH-13/Ar.Pr./PWD/2018-19/116],MoRTH,Arunachal Pradesh,03/2019,11/2020,11/2023,07/2024,450.65,450.65,303.39,96,Roads & Highways
795,618033,4-Laning of Itanagar to Bandardewa section of NH-415from km 40430 to km 51735 Package-Bon EPC Mode in the state of Arunachal Pradesh Job NO. 415/Ar. P/2020- 21/031,MoRTH,Arunachal Pradesh,06/2020,12/2021,12/2024,-,496.47,496.47,153.63,48,Roads & Highways
796,618424,Construction of 2-Laning with hard shoulders of Hayuliang Hawai bypass Road on EPC basis from design Km. 51.825 to Km. 63.131 Existing Km 45.050 of HayuliangHawai road to Hawai Town under SARDP-NE -Balance work Pkg - IV,NHIDCL,Arunachal Pradesh,01/2017,05/2021,05/2023,07/2026,256.66,216.76,0,93,Roads & Highways
797,618432,Construction of Balance work of 2-Lane with PS of Joram-Koloriang Road NH-713 on EPC basis from Design Km 44.989 to Km 61.547 Existing Km 50.050 to Km 70.000 in the state of Arunachal Pradesh under SARDP-NE Pkg-3,NHIDCL,Arunachal Pradesh,02/2017,10/2020,04/2022,07/2023,228.72,228.72,0,99,Roads & Highways
798,618433,Construction of Balance work of 2-Lane with PS of Joram Koloriang Road from existing Km122.600 to km138.00 [Design Km108.724 to Km123.714] in Arunachal Pradesh on EPC Mode under SARDP-NE Pkg-7,NHIDCL,Arunachal Pradesh,02/2017,10/2020,04/2022,07/2023,184.89,184.89,0,98,Roads & Highways
799,618434,Roing-Hunli Road Greenfield Alignment Project,NHIDCL,Arunachal Pradesh,02/2017,03/2018,03/2022,04/2025,1718.59,1718.59,0,77,Roads & Highways
800,617895,Construction of Mangaldoi Bypass NH-15 starting at Ch 26400 and terminating at Ch 41505 under Rangia NH Division L 15.105 Km in the State of Assam. Job No. 15/AS/2021-22/234,MoRTH,Assam,03/2022,04/2023,04/2025,-,535.03,535.03,104.57,55,Roads & Highways
801,618282,4-L Bilasipara-Guwahati Package-10,NHIDCL,Assam,03/2023,12/2023,06/2026,-,1264.9,1264.9,0,39,Roads & Highways
802,618283,4-L Bilasipara-Guwahati Package-9,NHIDCL,Assam,03/2023,12/2023,06/2026,-,1000.27,1000.27,0,40,Roads & Highways
803,618284,Widening/Improvement to 4-Lane with paved shoulder from Km 99930 to Km 143680 Design Chainage 96000 to 139750 of Paikan to Dhupdhara Sahar of Bilasipura- Guwahati Road on NH-17 in the state of Assam on EPC mode under Bharatmala Pariyojana in Economic Corridors Project Length 43.750km under NHO-NE Package- 8,NHIDCL,Assam,03/2023,12/2023,12/2026,-,1457.59,1457.59,0,56,Roads & Highways
804,618285,Widening/Improvement to 4 -Lane with Paved Shoulder from Ch. 88.000km to Ch.99.930 km Design Ch.84.100km to Ch.96.000 km of Sagunbashi forest near Nichinta to starting of Krishnai Bypass Section of Bilasipura Guwahati road NH 17 on EPC Package-7,NHIDCL,Assam,03/2021,10/2023,10/2025,-,286.72,286.72,0,100,Roads & Highways
805,618286,Construction of New 2-Lane Bridge with its approaches from km 0000 to Km 4385 across River Brahmaputra on NH-17 at Jogighopa in Assam on EPC mode,NHIDCL,Assam,09/2021,11/2021,11/2024,06/2026,746.76,746.76,0,0,Roads & Highways
806,618289,Construction and up gradation to 4-Lane of existing two lane with paved shoulder from Hapachara to Tulungia road of NH-117 of existing Km 0.00 to km 14.050 and Design Km 0.000 to km 14.660 under BMP on EPC mode,NHIDCL,Assam,03/2020,06/2020,12/2022,06/2024,224.85,224.85,204.19,0,Roads & Highways
807,618308,Construction of 4-Lane Panchgram Bypass from Design Chainage km 15500 on NH- 37 Old NH-53 at Kalinagar Pt.-I Village to Design Chainage km 27300 at crossing with NH-6 Old NH-44 Near Siddeswar Pt.-I Village on Silchar - Churaibari stretch in the State of Assam on EPC Mode under Bharatmala Pariyojana in Economic Corridors Silchar- Churaibari Package-2,NHIDCL,Assam,03/2023,08/2024,02/2027,-,676.18,728.97,0,46,Roads & Highways
808,618314,4-Laning of Dhanehari Lailapur / Vairengte section from Existing Chainage km 12920 to km 43000 of NH 306 Design Chainage km 20000 to km 49360 on Silchar - Vairengte Sairang road in the State of Assam under Bharatmala Pariyojna on EPC mode. Project Length 29.360 km under NHO-NE Package-2,NHIDCL,Assam,03/2023,02/2024,08/2026,-,1716.21,1716.21,848.23,64,Roads & Highways
809,618315,4-Laning of Silchar - Dhanehari section from Existing Chainage km 263800 of NH 37 to km 12920 of NH 306 Design Chainage km 0000 to km 20000 on Silchar - Vairengte - Sairang road in the State of Assam under Bharatmala Pariyojna on EPC mode Package-1,NHIDCL,Assam,02/2023,01/2024,07/2026,-,1256.9,1256.9,0,0,Roads & Highways
810,618325,Dillai to Lahorijan Package-7,NHIDCL,Assam,11/2021,01/2023,07/2024,12/2025,204.1,204.1,0,0,Roads & Highways
811,618326,Widening/Improvement to 4-Lane with Paved Shoulder from KM 38500 to Km 51246 Design Chainage 38500 to 50959 with proposed Daboka Bypass of Daboka- Parokhaowa of NH 29 on EPC under NHO-NE Package-1,NHIDCL,Assam,01/2023,11/2023,11/2025,-,516.88,516.88,0,0,Roads & Highways
812,618327,Widening/Improvement to 4-Lane with Paved Shoulder from KM 113300 to Km 146230 Design Chainage 113830 to 145712 of Kwaram Taro Village - Dillai Section in Assam on EPC Package-6,NHIDCL,Assam,09/2021,07/2022,07/2024,03/2025,625.64,625.64,0,0,Roads & Highways
813,618330,Construction of 4/6 Laning from existing Km 159.400 of NH-36 to existing Km 102.500 of NH-39 and upto end point of Assam portion [Design Km 118.050 to design Km 132.375] Total New Alignment length of 14.325 Km of Daboka -Dimapur Section Dimapur Bypass in the state of Assam under SARDP-NE 'Phase-A' on EPC mode Assam Portion,NHIDCL,Assam,03/2018,11/2019,11/2022,08/2024,511.02,511.02,0,0,Roads & Highways
814,618339,Widening/Improvement to 2-Lane Lane with Paved Shoulder from km 16900 Bogapani to km 27150 Golai Goan on existing Dibrugarh to Ledo section with proposed Digboi Bypass Green Field and Brownfield 2-LanePS of NH-315 OLD NH-38 in Tinsukia District under NHO- NE Package-4,NHIDCL,Assam,01/2023,12/2023,12/2026,-,356.65,356.65,0,20,Roads & Highways
815,618340,Widening/Improvement to 4-Lane with Paved Shoulder from km 626030 Nalani hulla Gaon to km 650450 Chotahapjan on existing Tinsukhia -Makum Bypass of NH-15 OLD NH-37 and Strengthening of existing NH-315 OLD NH-38 from Km 0000 Chotahapjan to Km 16900 Bogapani section 2-Lane PS in Assam on EPCMode under NHO-NE Package-3,NHIDCL,Assam,01/2023,05/2023,09/2025,-,458.59,458.59,0,68,Roads & Highways
816,618351,Widening & Upgradation to 2 lanes with paved shoulders road from Tamenglong to Mahur NH-137 in the State of Assam starting from km 156.489 near P. Leikul to km 176.410 near Borowapu on EPC mode under NHO-NE Assam portion Package-10,NHIDCL,Assam,03/2023,08/2023,08/2025,-,890.33,693.15,0,0,Roads & Highways
817,618352,Widening & Upgradation to 2 lanes with paved shoulders road from Tamenglong to Mahur NH-137 in the State of Assam starting from km 136.500 near Hejaichak to km 156.489 near P. Leikul Package-9 on EPC mode under NHO-NE Package-9,NHIDCL,Assam,03/2023,08/2023,08/2025,-,860.37,614.43,0,0,Roads & Highways
818,618353,Widening & Upgradation to 2-lanes with paved shoulders road from Tamenglong to Mahur NH-137 in the State of Assam starting from km 116.480 near Hangrum to km 136.500 near Hejaichak Package-8 on EPC mode under NHO-NE Package 8,NHIDCL,Assam,03/2023,08/2023,08/2025,-,904.04,904.04,0,0,Roads & Highways
819,618354,Wideinig & Upgradation to 2-lanes with paved shoulders road from Tamenglong to Mahur NH-137 in the State of Assam starting from km 96.870 near Jiri River to km 116.550 near Hangrum Package-7 on EPC mode Package7,NHIDCL,Assam,12/2023,03/2024,03/2026,-,846.82,846.82,0,71,Roads & Highways
820,618359,Widening/Improvement to 4-Lane with Paved Shoulder from km 55000 Nagabang Gamsuk to km 82514 Oyan in the State of Assam and Arunachal Pradesh on EPC mode under Bharatmala Pariyojna of Length 27.514 Km Package-3,NHIDCL,Assam,03/2023,09/2024,08/2025,-,665.47,665.47,0,54,Roads & Highways
821,618371,"Widening/Improvement to 4-Lane with Paved Shoulder configuration of existing single lane road from Srirampur near Bhairiguri Village to Kachukhana Harichara Paglagaunj Package-I of Srirampur - Dhubri Section of NH-127B from existing Km 0.000 to Km 28.050 Design Km 0.000 to Km 27.650, Design Length27.650 Km under JICA ODA Loan assistance Phase-V -Balance work",NHIDCL,Assam,03/2022,11/2024,11/2026,-,613.89,613.89,0,43,Roads & Highways
822,618372,"Widening / Improvement to 4-Lane with Paved Shoulder configuration of existing single lane road from Kachukhana Harichara Paglagaunj to Dhubri - Phulbari Bridge approach Package-II of Srirampur - Dhubri Section of NH-127B from existing Km 28.050 to Km 55.060 Design Km 27.650 to Km 54.154, Design Length26.504 Km under JICA ODA Loan assistance Phase-V [Srirampur - Dhubri Pkg-2]",NHIDCL,Assam,03/2022,01/2023,06/2025,-,909.02,909.02,0,100,Roads & Highways
823,618373,"Construction of 4-Lane Bridge including approaches over River Brahmaputra between Dhubri on North Bank,Assam and Phulbari on south Bank,Meghalaya on NH-127B under JICA ODA Loan assistance Phase-III",NHIDCL,Assam,05/2019,12/2020,09/2028,12/2028,4997.04,4997.04,0,67,Roads & Highways
824,618435,4-Laning from Rangagara to Kaliabor Tiniali from km 297.00 to km 315.315 of NH-37 on EPC basis under SARDP-NE in state of Assam,NHIDCL,Assam,01/2016,10/2017,04/2020,03/2025,386.51,386.51,0,0,Roads & Highways
825,618436,4-Laning of Jamugurihat to end of Biswanath Chariali By-Pass from Km 182.000 to Km 208.000 of NH-52 on EPC mode in state of Assam under SARDP-NE,NHIDCL,Assam,03/2015,12/2016,06/2019,03/2025,599,599,0,0,Roads & Highways
826,618437,"Construction of Balance Work of 4-Laning of NH-37 Section between End of Moran Bypass to Bogibeel junction near Lapetketa Km. 561.700-Km. 580.875 under SARDP- NE, Phase 'A' in the State of Assam on EPC mode Pkg-I Road works & Toll Plaza",NHIDCL,Assam,01/2016,09/2024,08/2025,-,274.34,274.34,0,100,Roads & Highways
827,618438,"4-Laning of NH-37 Section between Demow to End of Moran Bypass From Km. 534.800 to Km. 561.700 including Emergency Landing Facility ELF under SARDP-NE, Phase 'A' in the State of Assam on EPC mode",NHIDCL,Assam,01/2016,01/2023,08/2025,01/2025,385.57,385.57,0,0,Roads & Highways
828,618441,"Construction of Balance Work of 4-Laning of the Section from Jhanji to Demow of NH- 37 Old from Km 490.800 to Km 501.800 11.000 Km, under SARDP- NE under EPC Mode in the state of Assam Pkg-I Road Works",NHIDCL,Assam,01/2016,10/2024,09/2025,-,467.79,476.5,72.13,0,Roads & Highways
829,618455,Development of External Trunk Connectivity and Internal Infrastructure Works at Multi Model Logistics ParkMMLP at Jogighopa in the State of Assam on EPC Mode Package-I Road and Utility Works,NHIDCL,Assam,02/2020,09/2020,09/2024,10/2024,693.97,693.97,0,0,Roads & Highways
830,618575,"6L Standalone Flyovers at Bongaigaon, Chapaguri, Pathsala, Simlaguri chowk and Baihata Bypass Junctions on stretches of NH-31 and NH-27",National Highways Authority of India [NHAI],Assam,03/2022,01/2023,07/2024,-,457.72,412.15,371.63,100,Roads & Highways
831,618576,"6L Standalone Flyovers at Raha, Demow, Borghat, Kathiatali junctions and ROB at Jagiroad on stretches of NH 36 and NH 27",National Highways Authority of India [NHAI],Assam,03/2022,12/2022,06/2024,-,280.75,255.53,211.79,99,Roads & Highways
832,617897,Construction of proposed 4Lane Revelgunj bypass NH-19 in the State of Bihar on EPC mode connecting NH 19 to 85 origin,MoRTH,Bihar,03/2022,07/2023,07/2025,-,295.24,295.24,33.07,73,Roads & Highways
833,617958,Widening & Strenthening from km132.895 to km 190.15 NH-80,MoRTH,Bihar,03/2021,11/2022,11/2024,-,566.1,566.1,221.6,37,Roads & Highways
834,617959,Rehabilitation & Widening work for 2 Lane with Paved Shoulder of Existing NH-80 from km 70.15 to Km 121.025 of Munger-Suttanganj -BhagatpurMirzachowki section on EPC Mode in the State of Bihar.,MoRTH,Bihar,03/2021,02/2023,01/2025,-,477.54,477.54,311.39,95,Roads & Highways
835,617961,Gaya-Hisua-Rajgir-Nalanda-Biharsharif section km0.00 to 92.935 NH-82,MoRTH,Bihar,01/2014,11/2016,11/2019,07/2022,1408.85,2138.16,0,0,Roads & Highways
836,617966,Rehabilitation and Upgrading to 2 lanes/2-lane with paved shoulders configuration and strengthening of of Birpur and Bihpur Section from km 0.0 to Km 106 of NH 106 under phase I of National Highways Interconnectivity Improvement Projects NHIIP ICB No. NHIIP-BR-106-7 [NHIIP-BR-106-7],MoRTH,Bihar,01/2014,10/2016,10/2019,06/2022,780.77,961.33,0,0,Roads & Highways
837,617969,Construction of 4 Lane ROB and its approaches at the level crossing LC No 29 B of Km 29 Ekangarsarai at NH 110 New NH 33 & Railway Km 32.63 at Fatwa FUT Islampur IPR section in the state of Bihar on EPC mode.,MoRTH,Bihar,03/2023,07/2024,07/2026,-,201.08,201.08,0.01,32,Roads & Highways
838,618004,Construction of Bhabhua Bypass from Ch. 10800Design Ch. 10800 to Ch. 19860 Design Ch. 18150 and Chand Bypass from Ch. 38060 Design Ch. 36250 to Ch. 40460 Design Ch. 38650 and widening of existing road to 2 - lane with Paved shoulder from Ch. 40460 Design Ch. 38650 to Ch. 46860 Design Ch. 45050 of NH-219 Total length- 16.150 Kmunder EPC mode in the state of Bihar,MoRTH,Bihar,02/2022,01/2025,07/2026,-,179.86,179.86,0,0,Roads & Highways
839,618005,Sheohar-Sitamarhi Section km 40.000 to 79.400 km Lot-I,MoRTH,Bihar,02/2016,05/2016,05/2018,06/2021,178.85,278.53,0,98,Roads & Highways
840,618006,Sitamarhi-Jaynagar Section km 79.400 to km 156.500 Lot-II,MoRTH,Bihar,02/2016,06/2016,12/2018,06/2021,369.77,503.28,0,98,Roads & Highways
841,618007,Jaynagar-Narahia Section km 156.500 to km 219.945 Lot-III,MoRTH,Bihar,02/2016,05/2016,11/2018,03/2021,553.3,706.39,0,99,Roads & Highways
842,618073,Improvement to Two lane with Paved Shoulder from Junction of NH22 near Hajipur to Junction of NH -122 at Bachhwara via Mahnar and Mohiuddin Nagar from Km 0.00 to Km 29.730 of NH 122 B in the State of Bihar.,MoRTH,Bihar,02/2024,08/2024,11/2025,-,226.16,226.16,0,0,Roads & Highways
843,618074,Pre construction activity of NH 122B from km 0 to 72.348 and Improvement to two lane with paved shoulders of NH 122B from km 29.730 to km 72.348 in state of Bihar under EPC mode,MoRTH,Bihar,02/2022,05/2023,11/2024,-,624.43,624.43,153.21,90,Roads & Highways
844,618080,Improvement to two lane with paved shoulders of BH WB Border Amdabad Manihari section from design Km 0.000 to Km 23.945 of NH 131 A Total length 23.945 Km under EPC mode in the state of Bihar,MoRTH,Bihar,01/2022,09/2024,03/2026,-,353.27,353.27,0,2,Roads & Highways
845,618121,Improvement to two lane with paved shoulders of NH-319A from km 0 to km 45 in state of Bihar under EPC mode,MoRTH,Bihar,02/2022,06/2023,12/2024,-,427.29,427.29,176.32,0,Roads & Highways
846,618146,Estimate for Improvement to two lane with paved shoulder from Ramnagar to Roseda from km 3.500 to 43.000 of NH 527 E on EPC mode in State of Bihar,MoRTH,Bihar,01/2022,10/2024,04/2026,-,495.16,495.16,0,0,Roads & Highways
847,618228,construction of a new 4 lane Parallel to existing MG Setu with its approaces from km 0.00 to km 14.500 across river Ganga on NH-19 at Patna in the state of Bihar.,MoRTH,Bihar,02/2019,03/2021,09/2024,01/2025,2926.42,2926.42,0,66,Roads & Highways
848,618234,Construction of a new 4-lane major bridge across river Kosi at Phulaut including Rehabilitation and upgradation of existing Birpur and Bihpur section of NH-106 from km 106.000 to km 136.000 to 2-lane with paved shoulders in the State of Bihar on EPC mode,MoRTH,Bihar,09/2018,06/2021,06/2024,03/2026,1478.4,1478.4,753.21,86,Roads & Highways
849,618246,Construction of New 4-Lane Bridge Parallel to existing Vikramashila Setufrom km 8920 to Km 13375including approach road 35m Naugachhia side &53 m Bhagalpur sideacross River Ganga on newly declared NH-131B at Bhagalpur in the State of Bihar,MoRTH,Bihar,07/2020,05/2023,05/2027,-,1110.23,1110.23,0,44,Roads & Highways
850,618250,Construction of 6-Lane Elevated / Extra Dose Cable Bridge on River Ganga parallel to & Western side of Digha-Sonepur Rail cum-Road Bridge of NH 139W in the State of Bihar,MoRTH,Bihar,01/2024,05/2024,11/2027,-,3064.45,3064.45,0,8,Roads & Highways
851,618569,Balance work - WB-10 Gandak Bridge Km 402.00 to Km 440.00 Devanpur - Kotwa,National Highways Authority of India [NHAI],Bihar,11/2021,07/2022,01/2024,-,210.05,358.3,99.85,63,Roads & Highways
852,618570,4L Elevated Highway and at grade improvements at Gopalganj Town from Km. 384.000 to Km. 386.750 on NH-27,National Highways Authority of India [NHAI],Bihar,10/2021,03/2022,08/2024,-,325.57,248.92,227.89,96,Roads & Highways
853,618571,Permanent rectification of 3 nos. of black spots in project Highway NH-27 of U.P border - Dewapur - Kotwa section from Km.360.915 to km.440.000 Total Length of 79.085 Km of NH-27& Permanent rectification of 5 nos. of black spots of project Highway NH-27 of Kotwa - Mehsi - Muzaffarpur Section from km.440.000 to km.520.000 Total length 80.00Km,National Highways Authority of India [NHAI],Bihar,04/2022,12/2023,12/2025,-,227.25,321.23,193.52,68,Roads & Highways
854,618738,6L Bridge and its approaches across River Ganga as Part of Patna Ring Road NH- 131G starting from Km 8.480 near Sherpur to Km 23.000 near Dighwara,National Highways Authority of India [NHAI],Bihar,09/2022,09/2023,09/2027,-,6291.69,3351.62,421.4,13,Roads & Highways
855,618739,4L Greenfield Alignment of Amas to Shivrampur from 0.000 Km. to 55.002 Km. of NH 119 D Pkg-I,National Highways Authority of India [NHAI],Bihar,02/2022,03/2023,11/2024,12/2025,1390.92,1427.43,282.35,33,Roads & Highways
856,618740,4L Greenfield Alignment of Shivrampur to Ramnagar from Km. 55.002 to Km. 109.300 of NH 119 D Pkg-II,National Highways Authority of India [NHAI],Bihar,02/2022,07/2023,07/2025,12/2025,1494.31,1546.07,243.51,34,Roads & Highways
857,618741,4L Greenfield Alignment from Kalyanapur to Tal Dashraha of NH-119D Pkg-III,NHAI,Bihar,03/2022,02/2023,02/2025,-,1857.58,1969.3,345.49,23,Roads & Highways
858,618774,Ara - Mohania Pkg-II,National Highways Authority of India [NHAI],Bihar,08/2020,01/2021,07/2023,11/2025,984.63,827.51,798.12,100,Roads & Highways
859,618779,4L of Aurangabad-Paithan,NHAI,Bihar,09/2022,01/2023,07/2024,-,1505,349.96,304.99,78,Roads & Highways
860,618839,Aunta - Simaria including Ganga Bridge,National Highways Authority of India [NHAI],Bihar,NA,08/2018,02/2022,05/2025,1309.47,2107.68,796.99,100,Roads & Highways
861,618840,Simaria Km. 206.050 to Khagaria Km. 266.282,National Highways Authority of India [NHAI],Bihar,NA,10/2016,04/2019,03/2025,664.02,891.64,337.23,97,Roads & Highways
862,618841,4L Elevated Section and at-grade improvements at Begusarai town Simaria - Khagaria section from Km. 221.047 to Km. 225.302 of NH-31,National Highways Authority of India [NHAI],Bihar,10/2021,06/2022,12/2024,12/2025,491.04,348.38,316.67,92,Roads & Highways
863,618861,Bakhtiyarpur-Rajauli Pkg-II from km. 54.405 to km.101.630,National Highways Authority of India [NHAI],Bihar,09/2020,04/2021,07/2023,-,897.45,1397.47,697.4,91,Roads & Highways
864,618902,Maheshkunt-Saharsa-Purnea Pkg I km 0.00 to km. 90.00 of NH-107,National Highways Authority of India [NHAI],Bihar,02/2017,12/2019,12/2021,08/2025,662.44,1311.22,867.61,85,Roads & Highways
865,618903,Maheshkunt -Saharsa-Purnea Pkg II,National Highways Authority of India [NHAI],Bihar,NA,12/2018,12/2020,11/2025,1028.28,1244.09,805.43,89,Roads & Highways
866,618904,Chhapra - Hajipur from km. 143.200 to km. 209.200,National Highways Authority of India [NHAI],Bihar,NA,01/2011,07/2013,-,2127.86,2171.6,3.78,57,Roads & Highways
867,618915,4L of Bal. works of Patna - Gaya -Dobhi Pkg-II from km. 39.00 to km. 83.00 of Old NH- 83,National Highways Authority of India [NHAI],Bihar,09/2019,11/2020,11/2022,05/2025,1637.29,777.2,728.91,89,Roads & Highways
868,618916,4L of Bal. works of Patna - Gaya -Dobhi Pkg-III from km. 83.00 to km. 127.217 of Old NH-83,National Highways Authority of India [NHAI],Bihar,09/2019,11/2020,11/2022,05/2025,1077.46,799.7,774.78,92,Roads & Highways
869,618953,Umagaon-Saharsa Package-IV Koshi Bridge & approach Road - Bheja-Bakaur,NHAI,Bihar,02/2019,02/2020,08/2023,-,1199.58,1223.94,837.89,81,Roads & Highways
870,618955,2L PS of Majhauli to Charout section from km. 0.00 to km. 63.655,NHAI,Bihar,01/2018,11/2019,11/2021,-,638.29,1067.51,125.16,95,Roads & Highways
871,617919,Construction of 4 Nos Grade separtor between km. 281.000 to km. 307.600 km. 286.400 kumhari km. 299.000 Transport Nagar km. 302.000 Power House km. 304.000 Chandra Moura Chowk to km. 305.000 supeia of NH-53 old NH-06 Raipur - Durg 4 Lane on EPC mode in the state of chhattisgarh job NO. NH-53old NH-06 CG- 2017-18-56,MoRTH,Chhattisgarh,03/2018,01/2019,01/2021,01/2021,349.03,349.03,0,97,Roads & Highways
872,617973,Strengthening and widening of existing 2 lane road to two lane paved shoulder from km 7.750 to 26.542 & km. 32.093 to 45.786 of NH-130 on EPC mode in the state of chhattisgarh.job No. 130-CG-2017-18-348,MoRTH,Chhattisgarh,11/2017,05/2019,11/2020,-,188.8,188.8,1.06,97,Roads & Highways
873,618064,Up-gradation of NH-930 Sherpar to Kohka from Km.67880 to Km.114860 to 2LPS in Chhattisgarh under EPC mode,MoRTH,Chhattisgarh,03/2020,05/2022,05/2024,-,278.97,278.97,201.05,0,Roads & Highways
874,618078,Up-gradation of NH-130C Abhanpur to Paund from NH Km. 0000 to KM 40380 to two lane with paved shoulders in the State of Chhattisgarh on EPC mode.,MoRTH,Chhattisgarh,12/2020,03/2022,09/2023,-,193.16,193.16,56.27,0,Roads & Highways
875,618589,Durg-Raipur Bypass Section Package - 1 from km. 0.00 to km. 44.50 near Tendesara to near Khatti Village,National Highways Authority of India [NHAI],Chhattisgarh,06/2022,07/2023,07/2025,-,1072.99,1656.73,537,60,Roads & Highways
876,618590,Durg-Raipur-Arang Package - 2 from km. 44.50 to km. 92.23 near Khatti Village to near Aurang,National Highways Authority of India [NHAI],Chhattisgarh,06/2022,06/2023,05/2025,-,1216.23,1561.97,406.66,40,Roads & Highways
877,618673,Development of 6L of Jhanki Sargi Section Road from km 0.000 to km 42.800 of NH- 130CD Pkg-CG-1,National Highways Authority of India [NHAI],Chhattisgarh,11/2021,09/2022,09/2024,-,1368.19,1129.14,613.02,77,Roads & Highways
878,618674,Development of 6L Sargi Basanwahi Section from km 42.800 to km 99.500 of NH- 130CD Pkg-CG-2,National Highways Authority of India [NHAI],Chhattisgarh,12/2021,01/2023,01/2025,09/2025,1470.73,1461.81,694.31,92,Roads & Highways
879,618675,Development of 6L of Basanwahi Marangpuri Section from km 99.500 to km 124.661 of NH-130-CD,National Highways Authority of India [NHAI],Chhattisgarh,03/2022,10/2023,10/2025,07/2026,1307.16,1303.63,373.53,53,Roads & Highways
880,618849,Conversion of Partially Excavated Escape Tunnel to Uni-Directional 2L Tunnelincluding construction of cross passages and approach roads on either side of the tunnel from Km 12.732 to Km 14.568 of Kiratpur to Nerchowk Section of NH-21,National Highways Authority of India [NHAI],Chhattisgarh,05/2022,09/2022,03/2024,08/2025,444.21,412.88,394.5,100,Roads & Highways
881,618509,Development of 6L UER II [Package - I] NH-1 Near Bakoli till Karala Kanjhawala Road from km. 0.70 to km.15.00,National Highways Authority of India [NHAI],Delhi,07/2020,10/2021,10/2023,02/2025,2089.94,2203.45,1794.18,99,Roads & Highways
882,618578,6L Access Controlled Highway from DND Maharani Bagh - Jn. with Jaitpur - Pushta Road of NH-148NA from km. 0.00 to km. 9.00 in NCR,National Highways Authority of India [NHAI],Delhi,07/2020,01/2022,07/2024,09/2025,1467.44,2510.34,1349.78,95,Roads & Highways
883,617942,Construction of Six lane Elevated Corridor from Km. 508.000 to Km. 513.150 including approaches on NH-66,MoRTH,Goa,04/2023,04/2024,04/2026,02/2026,641.46,641.46,0,62,Roads & Highways
884,617928,"Widening 2 lane to 4-lane from KM 92/320 to Km 115/320 Vav Chokdi-Satlasana to to Vrundavan Chokdi, Kheralu on NH-58 in the State of Gujarat.",MoRTH,Gujarat,03/2022,03/2024,03/2026,-,151.13,171.27,0,78,Roads & Highways
885,617976,Work of development and construction of elevated corridorfrom km 38/660 to km 42/690 Iscon junction to start point of approach of sanand flyover of NH-147 in the sate of Gujarat,MoRTH,Gujarat,03/2023,06/2024,06/2026,-,530.2,530.2,28.67,55,Roads & Highways
886,618108,Up-gradation and strengthening to 2lanePS from Km 95/500 to km 129/775 of Nh 168G Idar-Bhiloda-Samlaji in the state of Gujarat Length 34.275 km,MoRTH,Gujarat,09/2022,12/2023,12/2025,-,237.28,237.28,0,47,Roads & Highways
887,618459,Delhi-Vadodara Greenfield Alignment NH-148N Pkg-26 Ch.696890 to Ch.726390,National Highways Authority of India [NHAI],Gujarat,09/2020,12/2022,08/2024,-,1555.2,1556.4,941.64,72,Roads & Highways
888,618460,Delhi-Vadodara Greenfield Alignment NH-148N Pkg-28 Ch.756052 to Ch.781282,National Highways Authority of India [NHAI],Gujarat,09/2020,11/2021,11/2023,05/2025,1263.38,1266.98,860.42,96,Roads & Highways
889,618461,Delhi-Vadodara Greenfield Alignment NH-148N Pkg-30 Ch 803420 to Ch.824920 [Baletiya Village - Junction near Pratap Nagar Village],National Highways Authority of India [NHAI],Gujarat,11/2019,09/2021,09/2023,06/2024,1800.73,1800.73,1090.06,99,Roads & Highways
890,618462,Delhi-Vadodara Greenfield Alignment NH-148N Pkg-31 Ch.824920 to Ch.844382 [Junction near Pratap nagar Village - Junction near Dodka Village],National Highways Authority of India [NHAI],Gujarat,11/2019,05/2021,05/2023,-,1644.85,1651.14,926.73,95,Roads & Highways
891,618463,Vadodara Mumbai Expressway Kim to Ankleshwar Phase IA - Pkg V,National Highways Authority of India [NHAI],Gujarat,02/2018,11/2019,10/2021,04/2025,1324.84,2807.48,1232.22,61,Roads & Highways
892,618465,Vadodara Mumbai Expressway Gandeva to Ena Phase IB - Pkg VII [Km 190.00 to Km 217.500],National Highways Authority of India [NHAI],Gujarat,07/2020,11/2021,11/2023,03/2025,1710.3,3392.21,2152.35,52,Roads & Highways
893,618501,Ahmedabad - Dholera Pkg I from km. 0.00 to km. 22.00 [Sardar Patel Ring Road - Sindhrej Village],National Highways Authority of India [NHAI],Gujarat,05/2020,01/2022,01/2024,10/2024,1298,1421.05,994.98,99,Roads & Highways
894,618502,Ahmedabad - Dholera Pkg II from km. 22.00 to km. 48.52 [Sindhrej Village - Vejallka Village],National Highways Authority of India [NHAI],Gujarat,05/2020,01/2022,01/2024,-,1415.34,1729.69,982.57,99,Roads & Highways
895,618503,Ahmedabad - Dholera Pkg III from km. 48.52 to km. 71.06 [Vejallka Village - Start of DSIR zone],National Highways Authority of India [NHAI],Gujarat,05/2020,07/2021,07/2023,05/2024,1034.04,1155.41,942.31,99,Roads & Highways
896,618504,Ahmedabad - Dholera Pkg IV from km. 71.06 to km. 109.019 [Start of DSIR zone - Adhelai Village],National Highways Authority of India [NHAI],Gujarat,05/2020,12/2021,12/2023,10/2024,1181.76,1358.73,1202.2,97,Roads & Highways
897,618614,Sanchore - Santalpur from km 67.000 - km 99.000 of NH-754K AJ-RGBS-Package-3,National Highways Authority of India [NHAI],Gujarat,02/2020,08/2021,08/2023,01/2024,752.3,765.25,560.81,99,Roads & Highways
898,618615,Sanchore - Santalpur from km 99.000 - km 130.073 of NH-754K AJ-RGBS-Package-4,National Highways Authority of India [NHAI],Gujarat,02/2020,03/2021,03/2023,12/2024,778.15,835.55,663.18,73,Roads & Highways
899,618787,"Upgradation to 4L PS from Bhimasar, Junction of NH-41 to Anjar- Bhuj upto Airport Junction from Km 0.000 to Km 65.478 of NH-341",National Highways Authority of India [NHAI],Gujarat,03/2022,01/2023,06/2025,-,1373.06,1687.25,728.15,90,Roads & Highways
900,618833,Kodinar - Veraval Package VI from km. 221.610 to km. 263.00 of NH-8E & km. 120.900 to km. 121.150 of NH-8D,National Highways Authority of India [NHAI],Gujarat,NA,02/2018,07/2020,10/2024,894.01,1127.42,439.5,98,Roads & Highways
901,618834,4L Kodinar - Veraval Package VI from km. 222.400 to km. 230.00 Kodinar Bypass of NH-8E NH 51 new,National Highways Authority of India [NHAI],Gujarat,03/2022,04/2022,09/2023,-,162.73,192.01,162,100,Roads & Highways
902,618835,4L of Bal Works of Talaja - Mahuva from 54.990 km. to 100.450 km. of Old NH-8E Package-II,National Highways Authority of India [NHAI],Gujarat,08/2020,03/2021,09/2022,-,698.4,735.51,418.26,100,Roads & Highways
903,618484,Delhi-Amritsar-Katra Expressway Phase-I Pkg-III from Junction with Jind-Panipat road NH-352A near Gangana village to Junction with Jind-Karnal road NH-709A near Alewa village Km 60800 to Km 91400,National Highways Authority of India [NHAI],Haryana,12/2020,12/2021,12/2023,05/2024,1606.27,1813.91,631.62,79,Roads & Highways
904,618485,Delhi-Amritsar-Katra Expressway Phase-I Pkg-IV from Junction with Jind-Karnal road NH-709A near Alewa village to Junction with Ambala-Kaithal-Hissar road NH-152 near Kharak Pandwa village Km 91400 to Km 120250,National Highways Authority of India [NHAI],Haryana,01/2021,12/2021,12/2023,03/2024,1306.95,1578.66,563.2,76,Roads & Highways
905,618580,Gohana - Sonipat PKG-2,National Highways Authority of India [NHAI],Haryana,01/2019,07/2020,07/2022,-,1275.31,1957.44,457.89,80,Roads & Highways
906,618936,Jagadhari - Tajewala from Km -0.175 to 32.337 km of NH-344,National Highways Authority of India [NHAI],Haryana,03/2022,02/2023,02/2025,03/2026,1269.5,919.43,610.57,53,Roads & Highways
907,618050,Rehabilitation and Upgradation to 2-lane/Intermediate lane configuration of Ashyari- Shri Kyari Section km 50.000 to km 75.000 of NH-707 in the state of Himachal Pradesh under Green National Highways Corridor Project GNHCP with the loan assistance of World Bank on EPC mode.,MoRTH,Himachal Pradesh,08/2020,09/2021,09/2023,11/2024,345.89,359.56,146.64,0,Roads & Highways
908,618051,Rehabilitation and Upgrading of NH-707 OLD 72-B Package - 2 Hewna to Ashyari,MoRTH,Himachal Pradesh,04/2020,03/2021,03/2023,03/2023,242.8,220.95,74.87,98,Roads & Highways
909,618216,"Improvement/construction of existing CL-5 Road to NH Intermediate lane specification with hard shoulder from Km 133.000 to 166.000 net Length 33.000 kms of NH-505 Sumdo-Kaza-Gramphoo road in the state of Himachal Pradesh on EPC mode under project Deepak, BRO",MoRTH,Himachal Pradesh,03/2021,07/2023,06/2026,-,230.55,203.15,42.4,0,Roads & Highways
910,618217,Improvement/construction of existing Class-5 Road to NH Intermediate lane specification with hard shoulder from existing Km 76/340 to 134/940 Design chainage from Km 76/300 to 133/000 net Length 56.700 kms of NH-505 Sumdo-Kaza- Gramphoo road in the state of Himachal Pradesh Package I,MoRTH,Himachal Pradesh,03/2021,05/2023,05/2026,-,314.67,244.15,76.97,0,Roads & Highways
911,618230,Rehabilitation and Upgradation to 2-lane configuration of Kalwahn-Mandi Section km 208.950 to 250.592 of NH-70 in the State of Himachal Pradesh under Green National Highways Corridor Project GNHCP with the loan assistance of World Bank on EPC mode.Package-3,MoRTH,Himachal Pradesh,08/2020,10/2022,04/2025,-,314.32,314.32,0,0,Roads & Highways
912,618231,Rehabilitation and Upgradation to 2-lane configuration of Hamirpur-Karnohal Section km 141.00 to 181.00 of NH-70 in the State of Himachal Pradesh under Green National Highways Corridor Project GNHCP with the loan assistance of World Bank on EPC mode.Package-1,MoRTH,Himachal Pradesh,08/2020,06/2022,12/2024,-,371.93,371.93,185.24,0,Roads & Highways
913,618850,Nerchowk km 190.000 to Pandoh including Pandoh bypass km221.305,National Highways Authority of India [NHAI],Himachal Pradesh,03/2016,01/2018,07/2020,07/2025,1464.12,1651.67,837.27,99,Roads & Highways
914,618852,4L Sundar Nagar Bypass from Km.173.900 to Km.179.600 of NH-21,National Highways Authority of India [NHAI],Himachal Pradesh,02/2022,06/2022,06/2024,-,191.11,192.11,181.27,100,Roads & Highways
915,618878,Rehabilitation and Upgradation to 4L configuration & Strengthening of Sihuni to Rajol from Km 51.000 to Km 72.000 of NH-154 Package-IIA,National Highways Authority of India [NHAI],Himachal Pradesh,03/2022,09/2023,09/2025,-,696.65,776.59,288.14,82,Roads & Highways
916,618888,Rehabilitation and Up-gradation of existing road to 2L PS from End of Hamirpur Bypass near Chilbahal to Bhangbar section from Km. 138.295 to Km.175.270 of NH- 88 Pkg-IV,National Highways Authority of India [NHAI],Himachal Pradesh,03/2022,04/2023,04/2025,-,1146.19,1358.62,270.47,84,Roads & Highways
917,618889,"4L of Bhangbar Near Ranital to Kangra Bypass Section of Old NH-88 New NH- 303,503 up to Intersection with NH-154 from Km 175.270 to Km 193.400 Pkg-VB",National Highways Authority of India [NHAI],Himachal Pradesh,03/2021,12/2022,12/2024,-,1322.95,1829.49,739.17,96,Roads & Highways
918,618890,2L PS of Hamirpur Bypass from Km 121.175 to Km.138.295 of NH-103&3,National Highways Authority of India [NHAI],Himachal Pradesh,08/2022,10/2023,10/2025,-,739.39,754.82,231.02,91,Roads & Highways
919,618921,4L of Kathlighat to Shakral Village from Km 128.835 to Km 146.300 of NH- 5 Shimla Bypass - Pkg I,National Highways Authority of India [NHAI],Himachal Pradesh,03/2022,04/2023,04/2026,-,1703.48,2648.8,752.37,49,Roads & Highways
920,618394,Up-gradation to 2-lane with Paved Shoulder from Km 12.850 to Km20.300 of 7.450Km length on Goha-Khellani section and a link road to Goha village of 2.016 km on NH- 244 in UT of Jammu and Kashmir on EPC Mode Pkg-1,NHIDCL,Jammu and Kashmir,07/2020,10/2020,04/2022,06/2025,228.39,225.37,159.56,90,Roads & Highways
921,618395,"Construction & Upgradation to 2-lane with paved shoulder from Design Ch. Km 51700 at Premnagar km 66315 to Km 66535 New Thatri at Start of Km 83rd, Tunnel Km 82665 of 14.835 Km design length on Chenani-Sudhmahadev-Goha Khellani- Kishtwar-Vailoo Donipawa-Ashajipora section of NH-244 in the UT of J&K on EPC Mode under NHO-Gen Pkg - 2",NHIDCL,Jammu and Kashmir,03/2021,08/2021,03/2023,07/2025,512.43,512.43,0,0,Roads & Highways
922,618396,Construction & Upgradation to 2 lane with paved shoulder from Design Km. 31.449 Khellani Ex. Km 44.946 to Km 51.700 Prem Nagar Ex. Km 68617 of 20.251 Km length on Khellani - Kishtwar - Chattroo section of NH-244 in the UT of J&K on EPC Mode under NHO-Gen PKG- 1,NHIDCL,Jammu and Kashmir,02/2021,03/2021,09/2021,10/2024,486.45,486.45,0,0,Roads & Highways
923,618398,Up-gradation to 2-lane with Paved Shoulder from Km 20.300 to Km 29.030 of 8.730 Km length on Goha-Khellani section on NH-244 in UT of Jammu and Kashmir on EPC Mode Package II,NHIDCL,Jammu and Kashmir,07/2020,10/2020,04/2022,06/2025,210.79,210.79,172.27,94,Roads & Highways
924,618399,Construction of Kishtwar bypass with 2 lane with paved shoulder from Design Km. 80.675 Dulhasti to km 95.550 Bandarkoot of 14.88 km & a link road to Kishtwar town from 0000 to 1.871 of length1.871 Km on Khellani - Kishtwar - Chattroo section in UT of Jammu and Kashmir on EPC Mode Pkg-4,NHIDCL,Jammu and Kashmir,03/2021,08/2021,08/2023,11/2024,859.67,859.67,0,0,Roads & Highways
925,618400,Construction & Upgradation to 2-lane with paved shoulder from Design Km 67.805 at the end of Km 83rd Tunnel near Dhrabshalla Ex. Km 83905 to Km 80.675 start of Kishtwar Bypass - Dulhasti Ex. Km 970751 of 12.870 Km length on chenani- Sudhmahadev-Goha Khellani-Kishtwar-vailoo-Donipawa-Ashajipora seition of NH-244 in the UT of J&K on EPC Mode under NHO-Gen Pkg-3,NHIDCL,Jammu and Kashmir,03/2021,07/2021,12/2022,10/2024,398.51,398.51,0,0,Roads & Highways
926,618406,Up-gradation to 4-lane with Paved Shoulder of Jammu-Akhnoor road section of NH- 144A from Ganesh Vihar Km 6.000 to Khati Chowk Km 26.350 in UT of Jammu and Kashmir on EPC basis Pkg-3A,NHIDCL,Jammu and Kashmir,03/2018,07/2019,07/2021,05/2022,322.49,322.49,0,0,Roads & Highways
927,618407,Jammu-Akhnoor Road Pkg-I,NHIDCL,Jammu and Kashmir,03/2018,01/2023,01/2025,-,245.3,245.3,0,0,Roads & Highways
928,618494,Delhi-Amritsar-Katra Expressway Phase-II Pkg-XV [Junction with Hiranagar Road near village Gurha Baildaran to Junction with Jammu Ring Road NH-244A near Jakh village from Km 468100 to Km 503250],National Highways Authority of India [NHAI],Jammu and Kashmir,10/2021,09/2022,09/2024,02/2026,2714.95,3716.56,1602.61,88,Roads & Highways
929,618495,4/6L Access Control Expressway from Design Chainage Km 515.000 to 528.300 Kunjwani to Sidhra Section of NH-44 and from Design Chainage Km 550.900 to Km 566.520 Domel to Katra Section Phase II-Package XVII,National Highways Authority of India [NHAI],Jammu and Kashmir,06/2022,06/2023,06/2025,02/2026,2894.74,2894.74,682.85,53,Roads & Highways
930,618496,Delhi-Amritsar-Katra Expressway Phase-II Pkg-XVI Existing Jakh Vijaypur-Kunjwani section of NH-44 including spur Connectivity to Jammu Airport NH-144A [Km 503500 to km 514500],National Highways Authority of India [NHAI],Jammu and Kashmir,09/2021,09/2022,09/2024,03/2026,1821.72,2522.56,1120.3,92,Roads & Highways
931,618497,Delhi Amritsar Katra Expressway Phase-II Pkg XVIII Development and Upgradation of Four lane Access Control Expressway from Design Chainage KM 530.00 to KM 545.300 Sidhra to Domel Section of NH-44,National Highways Authority of India [NHAI],Jammu and Kashmir,12/2022,11/2023,11/2025,-,975.38,975.38,433.72,51,Roads & Highways
932,618541,4L Ring road/bypass around Srinagar city from km 0.000 to km 42.100 Phase-I,National Highways Authority of India [NHAI],Jammu and Kashmir,03/2021,08/2021,02/2024,10/2025,2919.96,2604.76,1662.84,83,Roads & Highways
933,618543,4L of twin tube tunnel configuration including approaches from Marog to Digdol from Km.154.210 to Km.158.650 North Bound and from Km.155.940 to Km.160.260 South Bound of Ramban to Banihal Pkg-I of Old NH-1A New NH-44,National Highways Authority of India [NHAI],Jammu and Kashmir,07/2021,08/2022,08/2025,06/2026,1912.17,1034.3,272.7,21,Roads & Highways
934,618544,"4L twin tube tunnel including approaches from Digdol to Khuni Nallah North Bound connecting with existing major bridge on NB and South Bound connecting with Tunnel T4 ,Single tube tunnel of Ramban to Banihal Pkg-II of Old NH-1A New NH-44",National Highways Authority of India [NHAI],Jammu and Kashmir,07/2021,02/2022,06/2024,05/2025,1401.87,1020.99,898.96,84,Roads & Highways
935,618545,"4L of Km.165.092 to Km.171.855 North Bound and from Km.166.895 to Km.173.638 South Bound, excl. certain reaches of North Bound and South Bound of Ramban to Banihal Pkg-III of Old NH-1A New NH-44",National Highways Authority of India [NHAI],Jammu and Kashmir,07/2021,02/2022,08/2024,-,614.48,444.76,231.2,35,Roads & Highways
936,618546,Construction of Tunnels/Viaducts at identified sliding/slip zones at Km 130.550 to Km.130.750 Km. 131.170 to Km. 131.763 Km. 132.560 to Km. 133.168 Km. 133.590 to Km. 133.743 and Km. 147.877 to Km. 148.715 of Udhampur-Ramban section of NH-44,National Highways Authority of India [NHAI],Jammu and Kashmir,09/2021,04/2022,10/2023,06/2025,442.14,533.11,324.74,36,Roads & Highways
937,618547,2L NH-1 from km 8.660 to km 33.775 Sumbal to Wayul to 4L dual carriageway NH standard as part of Srinagar Ring Road PhaseII [Design Ch. 41.907 to Ch. 66.609],National Highways Authority of India [NHAI],Jammu and Kashmir,11/2022,12/2023,06/2026,-,961,643.64,355.59,41,Roads & Highways
938,618548,Stand-alone Ring road/bypass around Jammu City from Raya Morh km. -0.687 to Jagti km. 57.568,National Highways Authority of India [NHAI],Jammu and Kashmir,12/2017,01/2018,01/2021,10/2023,2023.88,2117.63,54.24,99,Roads & Highways
939,618549,Construction of twin tube tunnels on Jammu Kashmir Ring Road NH-244A Between Design Ch. 50600 to 51700 and design Ch. 53535 to 55700 on EPC mode under residual NHDP component of Bharatmala Pariyojna,National Highways Authority of India [NHAI],Jammu and Kashmir,11/2022,06/2023,06/2025,03/2026,242.65,731.59,637.61,81,Roads & Highways
940,618550,Corridor Efficiency Improvement including removal of black spots in Lakhanpur - Samba section of NH-44 from Chainage Km. 16.300 to Km. 74.100,National Highways Authority of India [NHAI],Jammu and Kashmir,06/2022,12/2022,06/2024,05/2025,855.74,215.68,176.32,70,Roads & Highways
941,618060,Widening and Strengthening of existing paveemnt to two lane with paved shoulders from km 116.00 to km 176.355 of NH-75E in the State of Jharkhand on EPC mode.,MoRTH,Jharkhand,01/2022,01/2023,07/2024,-,315.21,315.21,129.49,87,Roads & Highways
942,618084,Widening to 2-lane with paved shoulder from km 0.00 to 44.00 Kuru-Ghaghra section of NH-143A including re-construction of culverts and bridges.,MoRTH,Jharkhand,02/2020,08/2021,08/2023,11/2023,153.01,133.67,77,0,Roads & Highways
943,618123,Widening and Strengthening/Reconstruction to Two Lane with Paved Shoulder/ Two Lane with paved shoulders with service road from km 0000 to km 42250 excluding design Ch. 03220 to 04200 & 28350 to 29060 of NH-320G in the state of Jharkhand under EPC mode,MoRTH,Jharkhand,03/2022,08/2023,08/2025,-,423.18,423.18,4.11,0,Roads & Highways
944,618642,4L of Palma to Gumla from km. 26.00 to km. 89.170 of NH-23,National Highways Authority of India [NHAI],Jharkhand,03/2020,04/2022,03/2024,10/2024,1882.93,1895.75,826.77,98,Roads & Highways
945,618644,4L of Ormanjhi-Gola section from Km 81.450 to Km 53.600 of NH- 320BPKG-II,National Highways Authority of India [NHAI],Jharkhand,02/2022,06/2023,06/2025,-,1214.93,1462.19,763.1,87,Roads & Highways
946,618645,4L of Gola-BokaroJaina More section from Km 53.600 to Km 21.110 of NH-320PKG-1,National Highways Authority of India [NHAI],Jharkhand,02/2022,06/2023,06/2025,01/2026,1007.97,1030.64,366.57,72,Roads & Highways
947,618829,4L from km 196.87 Sankha to km 219.6 Khajuri on NH-75 [Rehla / Garhwa Bypass],National Highways Authority of India [NHAI],Jharkhand,09/2020,10/2021,10/2023,-,1129.48,1129.48,527.11,93,Roads & Highways
948,618830,4L from Km 147.450 Bhogu to Km 196.870 Sankha on NH-75 Sec-III,National Highways Authority of India [NHAI],Jharkhand,10/2022,11/2023,11/2025,-,1517.87,1652.09,962.12,76,Roads & Highways
949,618946,4L of Mehgama - Hansdiha from km. 41.900 to km. 93.000 of NH -133A Pkg-II,National Highways Authority of India [NHAI],Jharkhand,03/2022,05/2023,05/2025,03/2026,1479.72,1568.18,849.01,98,Roads & Highways
950,618947,4L of NH-80 from km 215.00 to km 260.00 Mirza Chauki to Farkka Pkg-I,National Highways Authority of India [NHAI],Jharkhand,03/2018,12/2021,07/2023,06/2025,1504.8,1508.21,643.11,75,Roads & Highways
951,618949,4L of Basukinath- Deoghar Section of NH-114A,National Highways Authority of India [NHAI],Jharkhand,09/2022,12/2023,12/2025,-,1444.94,1553.76,593.59,76,Roads & Highways
952,617935,"Construction of Elevated corridor from Km. 135.650 to 136.300 on 63, from Km. 249 to Km. 250.050 on old NH-4 and from Km. 192.910 to Km. 193.350 on NH-218 from decongestion of traffic in Ranichennamma circle in Hubli city in the state of Karnataka on EPC basis",MoRTH,Karnataka,08/2020,06/2021,06/2024,08/2025,298,349.49,141.25,52,Roads & Highways
953,617954,Balance work of Rehabilitation and upgrading to 2lane/2lane with paved shoulder configuration and strengthening from from Km 343.80 to 400.33 of Gowribidanur-Chik Ballapur section in the state of Karnataka Under Annual Plan 2021-22 under EPC Mode.-952,MoRTH,Karnataka,03/2022,02/2023,02/2025,-,398.48,398.48,179.01,72,Roads & Highways
954,617955,Widening to two lane with paved Shoulders from Km 40.00 to Km 75.00 Existing chainages of Mangalore - Tumkur section of NH-73 in the State of Karnataka on EPC Mode under Annual Plan 2021-22 Job No NH-73-KNT-2021-22-945,MoRTH,Karnataka,03/2022,03/2023,03/2025,-,718.52,718.52,260.03,72,Roads & Highways
955,617989,Construction of Major Bridge at Km.180.865 across river Krishna on NH 167 Hagari Jadcherla section,MoRTH,Karnataka,03/2019,05/2019,11/2021,10/2024,157.32,187.61,92.25,68,Roads & Highways
956,617998,Widening to existing 2 lane with paved Shoulder to 4 Lane with paved shoulder from design Km 153.00 to 168.27 Mala Gate to Karkala of NH -169 on Shimoga - Mangalore section in the state of Karnataka on EPC mode under Annula Plan 2021-22 Job No. NH-169-KNT-2021-22-949,MoRTH,Karnataka,03/2022,02/2023,02/2025,-,177.94,177.94,94.59,75,Roads & Highways
957,618000,Widening to 2-Lane with Paved Shoulders from Km 116.800 to 149.070Design Changes on Hosadurga - Holalkere Section of NH-173 in the State of Karnataka on EPC mode under Annual Plan 2021-22 Job no. NH-173-KNT-2021-22-946,MoRTH,Karnataka,03/2022,08/2022,02/2024,-,170.34,147.39,60.21,92,Roads & Highways
958,618029,Widening to 4 lane from Km. 133.00 to 158.04 design Chainage Km. 130.88 to 155.145 Shirur Cross to Gaddankeri of NH-367 in the State of Karnataka on EPC mode. Job No. NH-367-KNT-2021-22-930,MoRTH,Karnataka,01/2022,01/2023,01/2025,-,350.69,312.06,195.06,78,Roads & Highways
959,618030,Widening to 2 lane with paved shoulder from Km. 103.225 Pattadakal to Km. 133.00 Shirur cross of NH-367 in the state of Karnataka on EPC Mode.Job No. NH-367-KNT- 2021-22-934,MoRTH,Karnataka,02/2022,11/2022,05/2024,-,264.14,264.14,3.58,0,Roads & Highways
960,618031,Balance work of Construction of Two/Four lane with paved shoulder from Km 422.000 to 523.600 Chitradurga to Shivamogga of NH-13 in the state of Kanataka on EPC mode.,MoRTH,Karnataka,01/2021,12/2021,06/2024,-,516.96,516.96,333.48,0,Roads & Highways
961,618087,Widening to intermediate/two lane to 2 lane with paved shoulder from Existing chanages Km 112.750 to 142.00 Liingasur to Mudabal cross & from Km. 147.070 to Km. 149.070 Maski city limit of Jewargi Chamrajnagar setion of NH-150A in the state of Karnataka on EPC mode. Job No. NH-150A-KNT-2021-22-951,MoRTH,Karnataka,03/2022,01/2023,07/2024,-,255.88,255.88,175.75,93,Roads & Highways
962,618109,Widening to 4 lane from Km 51.60 to 76.20 Hebri to Parkala and from Km 85.20 to 88.90 Karavali junction to Malpe of Thirthahalli-Udupi-Malpe Section of NH-169A in the State of Karnataka on EPC Mode under Annual plan 2021-22 Job No. NH-169A- KNT-2021-22-927,MoRTH,Karnataka,01/2022,12/2022,12/2024,-,355.72,355.72,170.76,76,Roads & Highways
963,618144,Construction of Major Bridge Across Sharavathi Backwaters and approches between Ambargodu and Kalasavalli Near Sigandhur in Sagar Taluk on NH 369E in the State of Karnataka on EPC mode.Job No. NH-369E-KNT-2018-19-895 dated 06.03.2019.,MoRTH,Karnataka,03/2019,12/2019,12/2022,-,423.15,423.15,0,0,Roads & Highways
964,618517,4/6L of Bangalore - Pune Section of bypass connecting Dharwad - Hubli from km. 403.80 to km. 433.20,National Highways Authority of India [NHAI],Karnataka,12/2021,03/2023,09/2025,-,1135.39,763.36,659.51,76,Roads & Highways
965,618630,6L of MH/KN Border Nimbal Village to KN/TS Border Singnodi Village from Km. 26.000 to Km. 97.000 in Gulbarga of NH-150C Pkg-II,National Highways Authority of India [NHAI],Karnataka,02/2022,12/2022,06/2025,05/2026,2355.56,1923.3,696.37,55,Roads & Highways
966,618702,4L of Addahole Near Gundya to Bantwal Cross section Pkg-02 from Design Km 270.270 to Design km 318.55 including flyover at Kalladka Town including approaches from Km. 311.57 to Km. 313.67 of NH-75 Old NH-48,National Highways Authority of India [NHAI],Karnataka,12/2020,11/2021,11/2023,04/2026,1660.19,1318.24,1235.46,89,Roads & Highways
967,618799,Belakeri Port to Kumta - Sirsi road from km 0.00 - km 4.265 of Belekeri Port Road Link Rd. and km 4.965 - km 60.00 of SH-69,National Highways Authority of India [NHAI],Karnataka,03/2018,12/2020,12/2022,12/2025,456.32,456.79,381.34,79,Roads & Highways
968,618887,4L of Bettadahalli- Shivamogga section from Km.170.415 to km. 226.750 of NH-206 Tumkur- Shivamogga Pkg-IV,National Highways Authority of India [NHAI],Karnataka,01/2019,10/2021,10/2023,10/2024,2082.98,2545.11,859.62,80,Roads & Highways
969,618896,4L of Sannur to Bikarnakatte section from Km 691.350 to Km 736.362 of NH-169 Karkala - Mangalore Package-III,National Highways Authority of India [NHAI],Karnataka,03/2021,10/2022,10/2024,06/2026,1386.41,2038.71,900.61,60,Roads & Highways
970,618070,Widening to 2 Lanes with paved shoulders from Km.87/000 to 133/720 Nattukal to Thanau Jn. in Palakkad of NH-966 Old NH-213 on EPC mode Basis under NHO Annual Plan 2016-17 in the state of Kerala,MoRTH,Kerala,02/2017,08/2017,08/2019,06/2025,294.28,315.63,0,98,Roads & Highways
971,618595,6L of Chengala - Neeleshwaram from km. 56.200 to km. 93.468,National Highways Authority of India [NHAI],Kerala,06/2020,10/2021,04/2024,-,1746.45,2538.06,775.85,79,Roads & Highways
972,618596,6L of Taliparamba to Muzhappilangad from Km 134.650 to Km 170.6 of NH-66,National Highways Authority of India [NHAI],Kerala,08/2020,11/2021,05/2024,08/2025,2714.6,3557.65,1006.75,80,Roads & Highways
973,618597,6L of Azhiyur-Vengalam from km. 189.200 to km. 230.400 of NH-66,National Highways Authority of India [NHAI],Kerala,10/2020,10/2021,07/2024,-,3205.77,3898.46,771.21,57,Roads & Highways
974,618598,6L Minor Bridge Paloli Palam at km. 203.160 & Major Bridge Morad at km. 204.895 and allied works,National Highways Authority of India [NHAI],Kerala,03/2020,12/2020,06/2022,02/2024,210,216.94,70.89,93,Roads & Highways
975,618599,6L of Ramanatukkara Junction to start of Valanchery bypass section of NH-66,National Highways Authority of India [NHAI],Kerala,01/2021,01/2022,07/2024,03/2025,4924.11,4919.46,1668.84,99,Roads & Highways
976,618600,6L of Valanchery bypass to Kappirikkad of NH 66 from km. 298500 to km 335850,National Highways Authority of India [NHAI],Kerala,02/2021,01/2022,07/2024,03/2025,4023.94,4023.94,1348.96,98,Roads & Highways
977,618601,6L of Kappirikkad to Thalikulam section from km 335.85 to km 369.015 of NH - 66 old NH-17,National Highways Authority of India [NHAI],Kerala,06/2021,09/2022,01/2025,10/2025,4225.59,4225.59,646.6,85,Roads & Highways
978,618602,6L of Thalikulam to Kodugallur section from km 369.015 to km 397.850 of NH - 66 old NH-17,National Highways Authority of India [NHAI],Kerala,06/2021,09/2022,02/2025,11/2025,4302.06,4302.06,618.13,80,Roads & Highways
979,618603,6L of Kodugallur to Edapppally section from km 397.750 to km 423.780 of NH - 66 old NH-17,National Highways Authority of India [NHAI],Kerala,11/2021,10/2022,04/2025,-,3465.82,3606.2,767.36,64,Roads & Highways
980,618604,Aroor-Thuravoor Thekku,National Highways Authority of India [NHAI],Kerala,08/2022,02/2023,01/2026,-,2429.52,2382.83,1567.88,81,Roads & Highways
981,618605,Thuravoor Thekku-Paravoor,National Highways Authority of India [NHAI],Kerala,09/2021,03/2022,09/2024,03/2026,2878.97,2638.67,1880.96,65,Roads & Highways
982,618606,Paravoor-Kottankulangara,National Highways Authority of India [NHAI],Kerala,12/2021,08/2022,02/2025,-,3273.61,3200.24,1131.86,61,Roads & Highways
983,618607,Kottankulangara- Start of Kollam Bypass,National Highways Authority of India [NHAI],Kerala,06/2021,04/2022,10/2024,-,2842.14,3680.49,684.52,73,Roads & Highways
984,618708,Widening/Development of Existing NH-85 from Km 0.000 to Km 124.636 section to 2L/LPS section in the state of Kerala on EPC Mode under Bharatmala Pariyojana,National Highways Authority of India [NHAI],Kerala,09/2022,06/2023,06/2025,-,1187.47,1265.47,545.52,50,Roads & Highways
985,618408,Kargil Zanskar Road,NHIDCL,Ladakh,03/2021,07/2021,01/2023,03/2025,398.37,398.37,0,0,Roads & Highways
986,618409,Widening & Up-gradation to 2 lane with Paved shoulder of NH-301 Kargil- Zanskar Road from Design km 57.000 Ex. Km. 57.905 to Km 87.000 Ex. Km. 88.2491 of 30.000 Km length Pkg-lll,NHIDCL,Ladakh,03/2021,07/2021,01/2023,02/2025,381.01,381.01,0,0,Roads & Highways
987,618410,Widening & Up-gradation to 2 lane with paved shoulder of NH-301 Kargil- Zanskar Road from Design Km .30.040 Ex. Km. 30.000 to Design Km 57.000 Ex. Km. 57.905 of 26.960 Km length Pkg-II,NHIDCL,Ladakh,03/2021,07/2021,01/2023,12/2026,404.89,404.89,0,0,Roads & Highways
988,617911,Rehabilitation and upgradation Umaria to Shahdol section of NH-78 from Existing Km. 68/4 to Km. 142/2 to 2LPS including construction of Birshinghpur and Shahdol Bypass on EPC mode under NHDP-IVA,MoRTH,Madhya Pradesh,03/2015,08/2015,07/2017,07/2023,511.83,613.16,0,0,Roads & Highways
989,617915,Upgradation of Dindori-Sagartola-kabichabutra MP-CG border section of NH -45 from km 000Design to km 77.00 Design to Two lane with paved shoulder configration along with one time improvement in 04 nos. of bypaased built-up areas in a total length of 9.1 km in the state of Madhya Pradesh on EPC mode.,MoRTH,Madhya Pradesh,01/2022,09/2023,09/2025,-,329.14,319.09,0,0,Roads & Highways
990,618019,Upgradation & widening of Jharkheda- Berasia - Dholkhedi from design km 0000 to km 87900 Design length 87.90km of NH-346 including 3 nos. bypasses of 13.10 Km in the State of Madhya Pradesh under EPC mode.,MoRTH,Madhya Pradesh,03/2022,05/2023,05/2025,-,365.21,365.21,0,0,Roads & Highways
991,618020,"Rehabilitation & Upgradation of KurwaiMungaoliChanderi Road section of NH-346, from Design Chainge 0.000 to 81.300 Km Total length 83.1 km to Two lane with paved shoulder configuration along with One time improvement in 07 nos of bypassed built- up areas in a total length of 22.615 km in the state of Madhya Pradesh on EPC mode.",MoRTH,Madhya Pradesh,03/2022,02/2023,02/2025,07/2025,386.49,386.49,160.38,0,Roads & Highways
992,618045,"Construction of Mihona bypass, Lahar bypass, Daboh bypass & Bhander Bypass total length 20.60 km to 2-lane with paved shoulder from on Mihona-Bhander-MP/UP border section of NH 552E in the State of Madhya Pradesh on EPC mode",MoRTH,Madhya Pradesh,03/2022,06/2023,12/2024,-,179.18,179.18,71.77,67,Roads & Highways
993,618068,"Construction of Kaithi-Padaria Kala bypass, Patna-Tamoli bypass, Jaso bypass and Nagod bypass total length 15.44 Km to 2-lane with paved shoulders flexible pavement on NH-943 in the State of Madhya Pradesh on EPC Mode.",MoRTH,Madhya Pradesh,03/2022,10/2023,10/2025,-,158.36,158.36,0,0,Roads & Highways
994,618085,Upgradation of Nasrullagani-Rehti-Budhni Scction to 2-lane with paved shoulder from Km 0150 to Km 50500 of NH-146B in the state of Madhya Pradesh on EPC mode.,MoRTH,Madhya Pradesh,12/2021,04/2023,10/2024,02/2025,305.12,293.74,0,0,Roads & Highways
995,618621,Indore - Edlabad Pkg-II [Tejajinagar to Balwara],National Highways Authority of India [NHAI],Madhya Pradesh,03/2022,01/2023,01/2025,-,1162.8,1530.82,484.47,79,Roads & Highways
996,618622,4L of Indore - Boregaon Pkg-III [Balwara to Dhangaon] from km. 42.260 to km. 82.660 of NH347BG & 753L,National Highways Authority of India [NHAI],Madhya Pradesh,01/2021,04/2022,04/2024,05/2025,1001.69,888.81,679.16,87,Roads & Highways
997,618654,4L Greenfield Rudhi to Deshgaon Pkg V of Betul-Khandwa/Deshgaon,National Highways Authority of India [NHAI],Madhya Pradesh,11/2022,10/2023,10/2025,03/2026,521.21,469.68,162.85,59,Roads & Highways
998,618663,i 4L Vidisha to Hinotiya from km 0.000 to Km 27.000 Vidisha Mehulwa-Talbehat Pkg- I Section of NH- 346 and ii 4L Vidisha to Morikori from Km 39.000 to 59.476 section of NH-146,National Highways Authority of India [NHAI],Madhya Pradesh,09/2022,12/2023,12/2025,05/2026,1003.87,941.12,305.39,70,Roads & Highways
999,618664,Berkhedi to Godpehra on NH-44 Sagar link road,National Highways Authority of India [NHAI],Madhya Pradesh,02/2022,11/2022,11/2024,08/2025,524.84,471.31,292.9,0,Roads & Highways
1000,618665,4L of Sagar - Mohari from Km.8 to Km.50 Pkg-I,National Highways Authority of India [NHAI],Madhya Pradesh,03/2021,04/2022,04/2024,-,790.78,660.38,411.38,75,Roads & Highways
1022,618098,"Upgradation of exhisting 2 lane flexible pavement to 2 lane paved shoulders rigid pavement from design chainage Km 66.00 to Design Km 82.440 Start of Kolhapur Municipal corporation near Phulewadi to kale, design length 16.440 Km section on Talere Gaganbawada-Kolhapur road NH 166G in the state of Maharashtra on EPC mode",MoRTH,Maharashtra,03/2021,11/2022,05/2024,05/2025,167.97,167.97,0,83,Roads & Highways
1023,618133,Strengthening and Widening of road Sakoli- Wadsa-Armori-Gadchiroli-Ashti- Allapalli - Sironcha National highway NH 353C in Km 262/00 to 321/00 including 16 minor Bridges and 2 Major Bridge Total length 59 Km section from repanpalli to sironcha in Gadchiroli Dist in the State of Maharashtra.,MoRTH,Maharashtra,03/2021,06/2022,05/2024,07/2025,280.57,280.57,0,0,Roads & Highways
1024,618136,Upgradatiobn and Rehabilitation of Section of NH 361 F from Parli 00/000 to Gangakhed 30/400 to Two Lanes with paved shoulder / Four lane configurations on EPC mode in the State of Maharashtra.,MoRTH,Maharashtra,03/2021,02/2022,09/2023,08/2024,224.44,224.44,0,87,Roads & Highways
1025,618152,Mhaswad to Tembhurni section of NH-548C - 2L PS,MoRTH,Maharashtra,01/2017,08/2017,07/2019,07/2019,488.6,488.6,0,96,Roads & Highways
1026,618153,Satara to Mhaswad,MoRTH,Maharashtra,01/2017,08/2017,08/2019,-,653.46,653.46,0,98,Roads & Highways
1027,618154,"Rehabilitation & upgradation of Jamkhed to Sautada Section of NH548 D from km 195.375 to km 208.774, Length 13.399 Km to 2L PS /4L configuration with rigid pavement in the state of Maharashtra on EPC mode.",MoRTH,Maharashtra,03/2022,01/2023,07/2024,-,157.62,157.62,0,62,Roads & Highways
1028,618172,Paithan - Shirur section 2LPS Km 0.0 to 55.00,MoRTH,Maharashtra,03/2017,06/2017,06/2019,03/2022,341.8,341.8,0,80,Roads & Highways
1029,618173,Shirur-Kharda section from 55937 km to 114486 km to 2LPS/4L,MoRTH,Maharashtra,02/2017,06/2017,06/2019,03/2022,381.77,381.77,0,83,Roads & Highways
1030,618175,Rehabilitation and Upgradation of Satana to Mangrul Chandwad Section of NH752 G Design Ch Km 64.000 to Ch Km 101.140 two lane with paved shoulder/four lane configuration in the state of Maharashtra on EPC mode.,MoRTH,Maharashtra,03/2022,05/2023,05/2025,-,428.8,428.8,0,62,Roads & Highways
1031,618177,Pal Phata Phulambri - Khultabad 2LPS,MoRTH,Maharashtra,03/2018,06/2018,12/2019,06/2021,227.19,227.19,0,99,Roads & Highways
1032,618180,Pune raigarh District Border To Mangaon Ch 69000 to 103775 NH-753F,MoRTH,Maharashtra,03/2018,06/2018,12/2019,-,223.46,223.46,0,89,Roads & Highways
1033,618181,Rehabilitation / Upgradation to 4 Lane with Paved shoulder of Existing Section in Sillod Town with Design Ch. Km54500 to Km 60679 [Length6.179 km] section of NH 753F Aurangabad-Jalgaon road on EPC Mode in the State of Maharashtra,MoRTH,Maharashtra,03/2023,01/2024,07/2025,-,153.79,153.79,0,93,Roads & Highways
1034,618188,Rehabilitation and Up-gradation to 2 lane with paved shoulder configuration of Mahud Sangola road NH 965 G 159400 to 161900and 162400 to 183960 Design Chainage from km. 32/300 to km. 34/800 and km. 35/800 to km. 56/860 Rigid Pavement on EPC mode in the State of Maharashtra.,MoRTH,Maharashtra,02/2023,11/2023,05/2025,-,253.78,253.78,0,99,Roads & Highways
1035,618198,Balance work of Rehabilitation and Up-gradation to 2-lane road with paved shoulders configuration for NH- 965DD from Pacharal-Mandangad-Mhapral-Rajewadi Upto Junction of NH-66 Ch-22700 to 75100 Km and Ambadave connector Birth place of Dr. Babasaheb Ambedkar Ch-0000 to 7325 Km length Km 59.725 in the state of Maharashtra on EPC mode. Balance Work,MoRTH,Maharashtra,03/2018,01/2022,01/2024,-,388.93,341.69,0,81,Roads & Highways
1036,618199,"Rehabilitation, Upgradation & Widening of existing Highway to Rigid Pavement 2 Lane with Paved Shoulder of NH 965DD from Lonand Shirval-Bhor Mandangad-Pchral Section ShindewadiPhata to Varandah Ghat Dist Border from Km 33/550 to 92/550 in the state of Maharashtra on EPC mode.",MoRTH,Maharashtra,02/2023,07/2024,07/2026,-,723.13,723.13,0,34,Roads & Highways
1037,618468,Vadodara Mumbai Expressway Phase II - Pkg XI [Km. 77.000 to Km. 103.400] Ganjad - Talsari,National Highways Authority of India [NHAI],Maharashtra,06/2020,05/2022,05/2024,01/2025,1524.71,1913.95,813.07,99,Roads & Highways
1038,618469,Vadodara Mumbai Expressway Phase II - Pkg XIII [Km. 26.582 to Km. 50.700] Shirsad - Masvan,National Highways Authority of India [NHAI],Maharashtra,06/2020,02/2022,02/2024,06/2025,3536.9,4679.54,1707.29,87,Roads & Highways
1039,618470,Vadodara Mumbai Expressway Phase II - Pkg XIV [Km. 3.000 to Km. 20.200 of Spur] Shirsad - Akloli,National Highways Authority of India [NHAI],Maharashtra,05/2021,11/2022,05/2024,06/2025,2058.79,2324.72,541.49,80,Roads & Highways
1040,618471,Vadodara Mumbai Expressway Phase II - Pkg XV [Km. 20.200 to Km. 43.000 of Spur] Akloli - Amne,National Highways Authority of India [NHAI],Maharashtra,05/2021,11/2022,05/2024,11/2025,2610.88,2918.39,571.76,90,Roads & Highways
1041,618472,Vadodara Mumbai Expressway Phase II - Pkg XVI [Km. 43.000 to Km. 69.800 of Spur] Amne - Bhoj,National Highways Authority of India [NHAI],Maharashtra,06/2021,11/2022,10/2024,06/2025,4051.8,4315.56,824.37,86,Roads & Highways
1042,618473,Vadodara Mumbai Expressway Phase II - Pkg XVII [Km. 69.800 to Km. 79.783 of Spur] Bhoj - Morbe,National Highways Authority of India [NHAI],Maharashtra,09/2021,01/2023,07/2025,-,2208.68,2463.02,802.11,84,Roads & Highways
1043,618512,Tunnel at Khambataki Ghat Section and its approaches from existing Km. 771.730 to existing Km. 782.000,National Highways Authority of India [NHAI],Maharashtra,11/2017,02/2019,02/2022,08/2025,907.03,816.12,520.53,85,Roads & Highways
1044,618513,6L of Kagal-Satara section from Km 592.500 to Km 658.000 of NH-48 Pkg-I,National Highways Authority of India [NHAI],Maharashtra,12/2021,01/2023,01/2025,04/2026,2111.95,1435.46,613.7,49,Roads & Highways
1045,618514,6L of Kagal-Satara section from Km 658.000 to Km 725.000 of NH-48 Pkg-II,National Highways Authority of India [NHAI],Maharashtra,12/2021,12/2022,12/2024,-,2330.71,317.4,171.02,70,Roads & Highways
1046,618555,"Flyover at Km.544.650 including ROB, Service Roads ,Footpath for RCC drains on urban link to Nagpur -Raipur road Pardi octroi Naka to Itwari",National Highways Authority of India [NHAI],Maharashtra,12/2015,03/2016,03/2019,03/2019,1097.81,758.4,25.94,0,Roads & Highways
1047,618557,4L of Indora Chowk to Pachpaoli and Agrasen Chowk - Ashoka Chowk,National Highways Authority of India [NHAI],Maharashtra,03/2023,07/2023,06/2026,-,1038.84,918.53,551.23,69,Roads & Highways
1048,618588,4L Mitigation Measure structures on CH/MH Border to Wainganga Bridge Section of NH-6 New NH-53,National Highways Authority of India [NHAI],Maharashtra,02/2021,11/2021,11/2023,01/2025,540.24,468.92,464.23,70,Roads & Highways
1049,618594,Balance work of 4L Panvel to Indapur section of NH-66 Old NH- 17 from km 0.000 Panvel to km 42.300 Kasu,National Highways Authority of India [NHAI],Maharashtra,12/2022,03/2023,10/2024,-,329.82,196.87,183.56,43,Roads & Highways
1050,618693,Bodhre - Dhule,National Highways Authority of India [NHAI],Maharashtra,02/2021,01/2022,07/2024,-,1344.78,1292.7,712.97,78,Roads & Highways
1051,618836,4L of Ratnagiri - Kolhapur section from km 67.140 to km 112.340 of NH-166 Pkg II,National Highways Authority of India [NHAI],Maharashtra,02/2022,05/2023,05/2025,-,1985.38,1798,300.57,62,Roads & Highways
1052,618837,4L of Ratnagiri - Kolhapur section from km 112.340 to km 145.300 of NH-166 PkgIII,National Highways Authority of India [NHAI],Maharashtra,02/2022,05/2023,05/2025,05/2026,1939.23,1910.41,389.93,62,Roads & Highways
1053,618937,4L of Nagpur-Katol Section from Km. 13.00 to Km. 62.900 of NH-353J,National Highways Authority of India [NHAI],Maharashtra,02/2021,10/2021,10/2023,-,1166.96,1432.82,836.13,56,Roads & Highways
1054,618298,Widening/Improvement of existing 2-Lane road to 4-Lane Divided Highway from Sekmai to Nilakuthi section of Imphal-Kohima Road Design Chainage from Km 297700 to Km 308729 of NH-39 New NH-02 in state of Manipur on EPC mode Pkg-5B,NHIDCL,Manipur,03/2021,07/2021,01/2023,06/2025,211.7,211.7,209.48,78,Roads & Highways
1055,618300,Improvement/Up-gradation of existing 2-Lane Road to 4-Lane Divided Highway from Taphukuki to Daili section of Imphal-Kohima road NH-02 Design Chainage from Km 262175 to Km 274610 in the state of Manipur on EPC mode Pkg-4A,NHIDCL,Manipur,09/2020,10/2020,04/2022,07/2025,379.39,379.39,0,78,Roads & Highways
1056,618302,Widening/Improvement to 2-lane with earthen shoulder of Yaingangpokpi - Finch corner road section of NH-202 from Km 16.900 to Km 30.970 of NH-202 in the state of Manipur on EPC mode Package-2,NHIDCL,Manipur,03/2020,07/2020,06/2022,12/2025,256.04,256.04,0,35,Roads & Highways
1057,618303,Widening/Improvement to 2-lane with earthen shoulder of Yaingangpokpi - Finch corner road section of NH-202 from Km 0.000 to Km 16.900 of NH-202 in the state of Manipur on EPC mode Package-1,NHIDCL,Manipur,03/2020,07/2020,06/2022,04/2025,222.77,222.77,0,37,Roads & Highways
1058,618333,Widening to 2 lane with Paved shoulder of lmphal to Jiribam section of NH-37 from Design Ch. from km 169570 Near Nungkao vlllage under Tamenglong District to km 205974 near Jiribam Bridge under Jiribam district under NHO-NE PKG-7,NHIDCL,Manipur,01/2023,12/2023,12/2025,-,760.16,760.16,365.34,75,Roads & Highways
1059,618334,Widening to 2 Lane with Paved shoulder of lmphal to Jiribam section of NH-37 from Design Ch. from km 131.280 to km 169.570 on EPC mode in Manipur under NHO- TSP PKG-6,NHIDCL,Manipur,12/2021,02/2023,02/2025,05/2025,504.76,504.76,269.89,0,Roads & Highways
1060,618335,Widening to 2 Lane with Paved shoulder of lmphal to Jiribam section of NH-37 from Design Ch. from Km 101280 Near Khongsang Village to Km 131280 near Puilon Kambiron Village on EPC Mode in Manipur PKG-5,NHIDCL,Manipur,12/2021,11/2022,05/2024,02/2026,410.68,410.68,309.93,80,Roads & Highways
1061,618336,Widening to 2 -Lane with Paved shoulder of Imphal to Jiribam section of NH-37 from Design Chainage 66.110 km to 101.280 Km Existing Chainage km 67.496 to km 103.557 on EPC Mode in Manipur PKG-4,NHIDCL,Manipur,09/2021,06/2022,12/2023,08/2025,579.63,579.63,355.94,79,Roads & Highways
1062,618337,Widening to 2 -Lane with Paved shoulder of Imphal to Jiribam section of NH-37 from Design Chainage 33.000 km to 66.390 Km Existing Chainage from km 33.395 to km 67.496 on EPC Mode in Manipur PKG-3,NHIDCL,Manipur,03/2021,09/2021,03/2023,07/2025,467,467,552.2,82,Roads & Highways
1063,618344,Widening to 2-lane with Hard shoulder of Churachandpur to Tuivai Section of NH- 102B from Design Chainage 69.875 Km to 121.769 Km in the State of Manipur on EPC mode Package-3,NHIDCL,Manipur,03/2021,08/2021,08/2023,04/2025,673.27,673.27,480.59,50,Roads & Highways
1064,618345,Widening to 2-lane with Hard shoulder of Churachandpur to Tuivai Section from Km 48.587 to Km 69.875 in the State of Manipur on EPC mode under NHO Package-2B,NHIDCL,Manipur,06/2020,08/2020,08/2022,02/2023,365.53,365.53,168.23,64,Roads & Highways
1065,618346,Widening to 2-lane with Hard shoulder of Churachandpur to Tuivai Section of NH- 102B from km 32.835 to km 48.587 in the State of Manipur on EPC mode under NHO Package-2A,NHIDCL,Manipur,04/2020,07/2020,06/2022,02/2023,232.99,232.99,127.15,81,Roads & Highways
1066,618347,Widening to 2-lane with Hard shoulder of Churachandpur to Tuivai Section of NH- 102B from km 13.747 to km 32.835 in the State of Manipur on EPC mode under NHO Package-1B,NHIDCL,Manipur,04/2020,07/2020,06/2022,04/2025,241.52,241.52,0,45,Roads & Highways
1067,618355,"Construction of of 2 -Lane with paved shoulders road from Tamenglong-Tousem- Lisang-Mahur Road NH-137 starting near Dialong Village from km 10.000 at Dialong to km 31.430 near Old Tamenglong , near Barak River on EPC Mode Package-2",NHIDCL,Manipur,07/2021,09/2021,03/2023,12/2025,483.87,483.87,351.99,92,Roads & Highways
1068,618356,Construction of 2 -Lane with paved shoulders road from Tamenglong to Mahur in the state of Manipur from km 31.430 at Old Tamenglong to km 43.480 ending near Phelong on EPC Mode Package-3,NHIDCL,Manipur,03/2021,06/2021,12/2022,12/2025,234.08,234.08,0,94,Roads & Highways
1069,618357,Construction of 2 -Lane with paved shoulders road from Tamenglong to Mahur NH- 137 in Manipur starting from km 54.180 near Azuram to km 80.630 near Mandeu on EPC Mode Package 5,NHIDCL,Manipur,09/2021,11/2021,05/2023,04/2025,477.86,477.86,330.1,84,Roads & Highways
1070,618358,Construction of 2 -Lane with paved shoulders road from Tamenglong to Mahur NH- 137 starting from km 80.630 near Mandeu to km 96.870 near Jiri River on EPC Mode Package-6,NHIDCL,Manipur,09/2021,11/2021,05/2023,07/2027,311.18,311.18,223.12,84,Roads & Highways
1071,618387,Construction of 2-laning with Hard shoulder of Ukhrul Tolloi - Tadubi section of NH- 102A from Design Chainage km 9450 to km 50850 in the State of Manipur on EPC mode under NHO-NE Package-2,NHIDCL,Manipur,03/2023,03/2024,03/2026,-,578.98,578.98,234.11,77,Roads & Highways
1072,618388,Construction of 2-laning with Hard shoulder road of Ukhrul - Tolloi - Tadubi section of NH-102A from Design Chainage 50.850 km to 81.870 km in the State of Manipur on EPC mode under NHO-TSP Package -3,NHIDCL,Manipur,09/2021,07/2023,01/2025,03/2025,315.56,315.56,227.97,90,Roads & Highways
1073,618389,Construction of 2-laning with Hard shoulder road of Ukhrul - Tolloi - Tadubi section of NH-102A from Design Chainage 81.870 km to 105.825 km in the State of Manipur on EPC mode under NHO-TSP Package -4,NHIDCL,Manipur,09/2021,08/2022,02/2024,10/2025,310.76,310.76,247,96,Roads & Highways
1074,618415,"Improvement of existing road to 2 laning with Hard Shoulders of Maram-Peren section Package-1B, length- 17.660 km from Design Chainage 22.340 km to 40.000 km on NH-129A in the State of Manipur on EPC mode",NHIDCL,Manipur,02/2021,06/2021,12/2022,08/2023,188.36,188.36,0,99,Roads & Highways
1075,618416,"Improvement of existing road to 2 laning with Hard Shoulders of Maram -Peren section Package-1A, length- 22.340Km from Design Chainage 0.000 km to 22.340 km on NH-129A in the State of Manipur on EPC mode",NHIDCL,Manipur,02/2021,06/2021,12/2022,02/2023,226.32,226.32,0,0,Roads & Highways
1076,617885,Rehabilitation and Up-gradation of Nongstoin Wahkaji section of Project Road Km 0000 to Km 43060 to Intermediate Lane with earthern shoulder under SARDP-NE Phase-A in the State of Meghalaya on EPC mode. Job No- SARDP-NE/Nong-Don- Maw/MG/2020-21/294,MoRTH,Meghalaya,08/2020,02/2022,08/2023,07/2024,302.88,302.88,182.58,98,Roads & Highways
1077,618374,Improvement/Widening to 2-L with Paved Shoulder/ 4-Laning of NH-40 section from Km 151330 to Km 163400 design Km 63.530 to Km 71.520 including Dawki Bridge of length 368 m between Shillong-Dawki under JICA ODA Loan assistance Phase-II Pkg- 5 -Balance work,NHIDCL,Meghalaya,07/2020,05/2024,11/2026,11/2027,284.21,284.21,0,32,Roads & Highways
1078,618375,Improvement/Widening to 2-Lane with Paved Shoulder from design Km 45.760 to Km 63.530 between Shillong-Dawki under JICA ODA Loan assistance Phase-II -Balance work Pkg-4,NHIDCL,Meghalaya,07/2020,04/2024,04/2026,07/2026,445.51,445.51,0,37,Roads & Highways
1079,618376,Improvement/Widening to 2-Lane with Paved Shoulder between Shillong-Dawki road up to Bangladesh Border from design Km 10.670 to Km 37.550 under JICA ODA Loan assistance Phase-II -Balance Work-Pkg-2,NHIDCL,Meghalaya,07/2020,02/2024,08/2026,07/2026,525.67,525.67,0,41,Roads & Highways
1080,618377,Improvement/Widening to 2-L with Paved Shoulder/4-L from Km 81740 to Km 93490 design Km 0000 to Km 10670 of NH-40 New NH-106 & 206 section & 4-L from design Km 0.00 to Km 0.930 of NH-44 section between Shillong-Dawki under JICA ODA Loan assistance Phase-II -Balance Work Pkg-1,NHIDCL,Meghalaya,07/2020,10/2023,10/2025,-,351.12,351.12,0,78,Roads & Highways
1081,618418,Rehabilitation and up gradation of Nongstoin-Rambrai-Kyrshai road up to Meghalaya- Assam border from Km 0.335 to km 34.039 to 2-Lane under NHO - NE in the State of Meghalaya Package-1,NHIDCL,Meghalaya,09/2021,05/2022,05/2024,06/2025,359.86,359.86,0,69,Roads & Highways
1082,618419,"Construction of 2-Lane with paved shoulders of Shillong Western Bypass starting from NH-06 near Ladumsaw existing Km 60.900 of old NH40 to NH106 old NH 44E Package-III, from km 24700 to km 38256 under SARDP-NE PHASE A in the state of Meghalaya on EPC Mode Greenfield alignment",NHIDCL,Meghalaya,03/2023,09/2024,09/2026,-,562.48,562.48,0,33,Roads & Highways
1083,618420,"Construction of 2 lane with paved shoulder of Shillong Western Bypass starting from NH-06 near Ladumsaw existing km 60.900 of old NH-40 to NH-106 old NH-44E, Package-II km 12800 to km 24700 under SARDP-NE Phase A in the State of Meghalaya on EPC Mode",NHIDCL,Meghalaya,03/2023,09/2024,09/2026,-,686.03,686.03,0,0,Roads & Highways
1084,618421,"Construction of 2-Lane with paved shoulder of Shillong Western Bypass starting from NH-06 near Ladumsaw Existing km 60.900 of old NH-40 to NH106 old NH-44E, km 0000 to km 12800 Package-I under SARDP-NE PHASE A in the State of Meghalaya on EPC Mode Greenfield alignment",NHIDCL,Meghalaya,03/2023,09/2024,09/2026,-,620.3,620.3,0,46,Roads & Highways
1085,618341,Up-gradation to 2-lane with paved shoulders of Ngopa - Pawlrang section of NH 102B of Aizawl - Imphal Economic Corridor from Existing Chainage km 32.796 to km 72.030 [Design Chainage km 31.280 to km 68.170] in the State of Mizoram under Bharatmala Pariyojna on EPC mode under NHO-NE Package-2 Keifang- Tuivai Pkg-2,NHIDCL,Mizoram,09/2021,09/2023,02/2025,06/2026,523.78,523.78,0,64,Roads & Highways
1086,618342,Rehabilitation and upgradation to 2 Lane with Paved shoulder of Economic corridor of NH-6 from Design chaiange Km 0.000 to Km 13.510 Package-1 in the state of Mizoram under Bharatmala Pariyojana on EPC mode,NHIDCL,Mizoram,03/2020,07/2020,06/2022,06/2024,206.9,206.9,0,0,Roads & Highways
1087,618343,"Rehabilitation and Up gradation to 2-lane with paved shoulder of Keifang Section Economic Corridor of NH-06 from Existing Chainage Km 30050 Keifang to Km 50360 Keifang, Design Chainage Km 27400 to Km 45040 PkgIII in the State of Mizoram under Bharatmala Pariyojna on EPC Mode Seling-Dulte - III",NHIDCL,Mizoram,03/2020,07/2020,06/2022,12/2024,292.23,292.23,0,0,Roads & Highways
1088,618362,Construction of 2-laning with hard shoulder of Lunglei to Chhumkhum from Design Chainage Km 0.000 to Km 37.420 of NH-302 [Lunglei-Tlabung] Package-A,NHIDCL,Mizoram,03/2021,06/2021,12/2022,05/2025,698.45,698.45,0,0,Roads & Highways
1089,618363,Construction of 2-laning with hard shoulder configuration of Chhumkhum to Tlabung from Design Chainage Km 37.420 to Km 74.950 of NH-302 in Mizoram under Bharatmala Pariyojana on EPC mode [Pkg-B],NHIDCL,Mizoram,06/2021,07/2021,01/2023,05/2025,740.58,740.58,0,0,Roads & Highways
1090,618379,Widening and Up-gradation to 2- Lane with Paved Shoulder Configuration and geometric improvement from Km. 208. 000 to Km 250.000 Package-5 on Aizawl Tuipang Section of NH-54 in the State of Mizoram Package-5,NHIDCL,Mizoram,09/2019,10/2019,04/2023,-,752.89,752.89,125.62,95,Roads & Highways
1091,618380,Widening and Up-gradation to 2- Lane with Paved Shoulder Configuration and geometric improvement from Km. 125. 000 to Km 166 Package-3 on Aizawl Tuipang Section of NH-54 in the State of Mizoram Package-3,NHIDCL,Mizoram,09/2019,10/2019,04/2023,11/2024,867.09,867.09,0,0,Roads & Highways
1092,618381,Widening and up-gradation to 2-lane with paved shoulder configuration and geometric improvements from km 250.00 Lunglei to km 298.00 on Aizawl-Tuipang section under JICA ODA Loan assistance Phase-I Package-6,NHIDCL,Mizoram,09/2019,12/2019,06/2023,03/2025,768.76,768.76,168.78,98,Roads & Highways
1093,618382,Widening and up-gradation to 2-lane with paved shoulder configuration and geometric improvements from km 298.00 to km 339.00 on Aizawl-Tuipang section under JICA ODA Loan assistance Phase-I Package-7,NHIDCL,Mizoram,09/2019,10/2020,04/2024,03/2025,605.76,750.32,0.01,100,Roads & Highways
1094,618383,Widening and up-gradation to 2-lane with paved shoulder configuration and geometric improvements from km 339.00 to km 380.00 Siaha on Aizawl-Tuipang section under JICA ODA Loan assistance Phase-I Package-8,NHIDCL,Mizoram,09/2019,03/2020,09/2023,05/2025,637.06,637.06,101.89,99,Roads & Highways
1095,618384,Widening and Up-gradation to 2- Lane with Paved Shoulder Configuration and geometric improvement from Km. 166. 000 to Km 208.000 Package-4 on Aizawl Tuipang Section of NH-54 in the State of Mizoram Package-4,NHIDCL,Mizoram,09/2019,10/2019,04/2023,09/2024,899.45,899.45,191.59,99,Roads & Highways
1096,618681,6L Aluru - Jakkuva Section of NH-130CD Road from km 365.033 to km 396.800 Pkg. 1,National Highways Authority of India [NHAI],"Multi-States (Andhra Pradesh, Odisha)",02/2021,03/2022,03/2024,04/2025,1216.12,1241.66,627.48,90,Roads & Highways
1097,618477,Bangalore Chennai Expressway Phase-III Package I Gudipala to Walajajhpet from Km 156.000 to Km 180.000,National Highways Authority of India [NHAI],"Multi-States (Andhra Pradesh, Tamil Nadu)",10/2020,05/2022,05/2024,08/2024,1481.87,1481.87,711.04,91,Roads & Highways
1098,618634,6L of Veera Kaveri Raja Puram to Pondavakkam from km 61.380 to km 96.040 of NH 716B Pkg-III,National Highways Authority of India [NHAI],"Multi-States (Andhra Pradesh, Tamil Nadu)",03/2021,01/2023,01/2025,-,1439.77,1439.77,685.44,98,Roads & Highways
1099,618771,6L of Varadharajula to Kumarajapet from km 0.000 to km 43.800 of NH-716B Pkg-I,National Highways Authority of India [NHAI],"Multi-States (Andhra Pradesh, Tamil Nadu)",02/2021,12/2022,12/2024,08/2025,1924.75,1887.38,922.92,98,Roads & Highways
1100,618772,6L of Kumarajapet to Veera Kaveri Raja Puram from km 43.800 to km 61.380 of NH- 716B Pkg-II,National Highways Authority of India [NHAI],"Multi-States (Andhra Pradesh, Tamil Nadu)",02/2021,10/2023,10/2025,-,702.52,799.36,354.34,92,Roads & Highways
1101,618747,Khammam-Devarapalle Pkg III [4L Access Controlled Greenfield from Chintagudem village to Recherla village Design Chainage 63117 to 105236],National Highways Authority of India [NHAI],"Multi-States (Andhra Pradesh, Telangana)",01/2021,09/2022,10/2024,09/2025,829.5,1227.07,459.37,98,Roads & Highways
1102,618531,6L of Aurangabad to Bihar-Jharkhand border Chordaha section from km. 180.000 to km. 209.827 of NH-2 PKG-01,National Highways Authority of India [NHAI],"Multi-States (Bihar, Jharkhand)",02/2021,12/2024,12/2026,-,1054.46,786.81,86,16,Roads & Highways
1103,618532,6L of Aurangabad to Bihar-Jharkhand border Chordaha section from km. 209.827 to Km. 249.525 of NH-19 PKG-02,National Highways Authority of India [NHAI],"Multi-States (Bihar, Jharkhand)",06/2021,03/2022,03/2024,04/2025,1822.46,738.11,565.91,92,Roads & Highways
1104,618951,Hariharganj to Parwa Mode section from km 23.284 to km 57.049 of NH-98,National Highways Authority of India [NHAI],"Multi-States (Bihar, Jharkhand)",09/2020,03/2022,02/2024,-,1125.78,1186.56,474.19,79,Roads & Highways
1131,618290,"Construction of 2-lane with Paved shoulder of Kohima- Bypass Road Connecting NH- 39New NH-02, NH-150New NH-02, NH-61New NH-29, NH-39New NH-02 from Design Km 32.00 to Design Km 43.454Design Length-11.454 Km in the State of Nagaland under SARDP-NE on EPC Mode Package-IV",NHIDCL,Nagaland,07/2020,10/2020,04/2022,02/2025,202.36,202.36,0,0,Roads & Highways
1132,618291,"Construction of 2-lane with Paved shoulder of Kohima-Bypass Road connecting NH- 39 New NH-02, NH150New NH-02, NH7-61 New NH-29 and NH-39 New NH-02 from Design km 21.000 to km 32.268 [Design length11.268 km] in the state of Nagaland Under SARDP-NE on EPC Mode Package- 3",NHIDCL,Nagaland,07/2020,06/2023,06/2025,-,159.85,342.29,0,0,Roads & Highways
1133,618292,Construction of 2-Lane with paved shoulder of Kohima-Bypass Road connecting New NH-02 and New NH-29 from Design Km 10.500 to design Km 21.000 [Design Length- 10.500 km] including TUNNEL of 500m at Ch. 11.000 in the state of Nagaland Under SARDP-NE on EPC Mode Package-2,NHIDCL,Nagaland,07/2020,10/2020,10/2022,01/2024,277.44,277.44,0,0,Roads & Highways
1134,618293,"Construction of 2-Lane with paved shoulder of Kohima-Bypass Road connecting NH- 39New NH-02, NH-150New NH-02, NH-61New NH-29 and NH-39New NH-02 from design Km 0.00 to Km 10.500 in the State of Nagaland under SARDP-NE on EPC Mode Package-1 -Balance work",NHIDCL,Nagaland,07/2020,11/2023,11/2026,-,232.29,350.88,0,20,Roads & Highways
1135,618296,Balance work of Construction of 2-lane with hard shoulder of Kohima - Jessami road on NH-29 old NH-150 from existing km 98.380 near Chizami vill. to km120.367 Nagaland/Manipur Border [Design km 95.700 to design km 117.200] [Design Length 21.500 km] in the state of Nagaland Under Bharatmala Pariyojna on EPC Mode Package-V under NHO,NHIDCL,Nagaland,03/2020,11/2023,11/2025,-,330.8,330.8,0,91,Roads & Highways
1136,618297,Construction of 2-lane with hard shoulder of Kohima - Jessami road on NH-29 Old NH- 150 from existing Km 30.474 Near Kidwema road Chakahabama to existing Km 53.220 Near Kikruma Village Design Km 29.60 to Km 51.50 Design length-21.90 Km in the state of Nagaland Under Bharatmala Pariyojna on EPC Mode under NHO Package-II -Balance work,NHIDCL,Nagaland,03/2020,01/2024,01/2026,-,355.79,355.79,0,29,Roads & Highways
1137,618328,4-Laning of Balance work of Dimapur-Kohima Road from design km 152.490 to km 166.700 Existing km 156.000 to km 172.900 Excluding Dimapur & Kohima Bypass under SARDP-NE Package-III,NHIDCL,Nagaland,03/2016,09/2023,09/2025,-,562.98,794.75,0,0,Roads & Highways
1138,618329,Construction of 4/6 Laning from Km 132.375 to Km 153.058 Total New Alignment length of 20.683 Km of Daboka-Dimapur Section Dimapur Bypass Nagaland Portion of NH-36 & 39 in the State of Nagaland on EPC basis under PhaseA of SARDP-NE,NHIDCL,Nagaland,02/2017,09/2017,09/2020,02/2023,819.39,819.39,0,0,Roads & Highways
1139,618364,"Widening to 2 Lane with Hard shoulder of Akegwo-Avangkhu section of NH-202K for Package-I Design Chainage 0000 Km to 34795 Km, in the State of Nagaland on EPC mode under NH O-NE",NHIDCL,Nagaland,12/2022,08/2023,02/2026,-,430.24,430.24,0,78,Roads & Highways
1140,618365,Widening to 2 Lane with Hard shoulder of Akegwo-Avangkhu section of NH-202K for Package-III Design Chainage 69875 Km to 106816 Km in the State of Nagaland on EPC mode under NHO-NE,NHIDCL,Nagaland,12/2022,08/2023,02/2026,-,497.18,497.18,0,80,Roads & Highways
1141,618366,Widening to 2 Lane with Hard shoulder of Akegwo-Avangkhu section of NH-202K for Package-II Design Chainage 34795 Km to 69875 Km in the State of Nagaland on EPC mode under NHO-NE,NHIDCL,Nagaland,12/2022,08/2023,02/2026,-,442.54,442.54,0,38,Roads & Highways
1142,618413,Construction of 2 laning with Hard shoulder of Peren-Dimapur section on NH 129A from Design Km 146.208 to Km 163.592 Length- 17.384 km in the state of Nagaland on EPC mode under NHO-TSP Package-III,NHIDCL,Nagaland,02/2021,06/2023,06/2025,11/2025,177.77,199.02,0,76,Roads & Highways
1143,618414,Construction of Balance work for 2-lane with hard shoulder of Peren- Dimapur section on NH-129A from Design Km 126.775 to Km 146.208 Length 19.433 Km in the state of Nagaland on EPC mode under NHO-TSP Package-II,NHIDCL,Nagaland,01/2021,09/2023,09/2025,-,258.52,258.52,0,0,Roads & Highways
1144,618422,"Construction of 2-lane with hard shoulders of Merangkong-Tamlu-Mon road Wakching Twon portion on EPC basis from existing Chainage Km 59000 to Km 73640 [Design Km. 59000 to Km, 72450] Design length - 13.450 Km under SARDP-NE package-V Balance work",NHIDCL,Nagaland,03/2021,09/2023,09/2025,-,161.73,161.73,0,0,Roads & Highways
1145,618423,Construction of 2-Lane with hard shoulders of Merangkong-Tamlu-Mon MTM Road from existing Km 20.456 to Km 41.065 Design Km. 20 to Km. 40.0 Design Length- 20.000 Km in the State of Nagaland under SARDP-NE Phase-A Pkg-2 Balance work,NHIDCL,Nagaland,03/2018,08/2023,08/2025,-,215.79,215.79,0,0,Roads & Highways
1146,617899,Widening and Strengthening to 4LPS/2LPS from km 0.000 to 35.800 Kuakhia - Mangalpur section of NH 20 in the state of Odisha on Annual Plan 2021-22,MoRTH,Odisha,03/2022,02/2024,02/2026,-,636.1,636.1,47.79,45,Roads & Highways
1147,617904,Construction of Bypass road to Balangir town from km 72/400 Desing km 0/0 to km 79/800 Design km 11/670 of NH-26 in the State of Odisha.,MoRTH,Odisha,02/2022,04/2023,10/2025,-,238.78,238.78,6.09,0,Roads & Highways
1148,617905,Construction of 4 lane ROB with approaches in lieu of LC No. RV-172 at km 176.00 of NH-201 present NH-26 at Kesinga including land acquisition in the state of Odisha on EPC mode under Annual Plan 2021-22,MoRTH,Odisha,12/2021,05/2023,05/2025,-,324.09,324.09,65.83,70,Roads & Highways
1149,617921,Widening and strengthening to 2LPS including LA of Kandarpur-Balikuda from km 277/500 to 318/970 of NH-55 in the State of Odisha under Annual Plan 2021-22.,MoRTH,Odisha,03/2022,06/2023,06/2025,-,499.79,499.79,99.63,50,Roads & Highways
1150,617924,Construction of bypass to Nayagarh town from km 235.469 to 252.482 of NH-57 including land acquisition in the state of Odisha.,MoRTH,Odisha,01/2022,05/2023,04/2025,-,300.33,300.33,78.14,68,Roads & Highways
1151,617925,Construction of Bypass to Khordha town from Km 294/000 to 300/300 on NH-57 including LA in the State of Odisha on EPC mode.,MoRTH,Odisha,02/2022,05/2023,11/2024,07/2025,157.49,157.49,33.61,35,Roads & Highways
1152,617930,Construction of Bypass on NH-59 from Km 336/350 to 349/910 13.56 km near Berhampur town including 4-lane RoB in the state of Odisha.,MoRTH,Odisha,03/2021,03/2022,03/2024,-,196.94,196.94,30.46,35,Roads & Highways
1153,618003,Construction of four lane ROB and its approaches in lieu of existing Level Crossing No. RV-71 at km 435 on NH-217 New NH-353 at Khariar including land acquisition under NHO in Annual Plan 2021-22 for the state of Odisha for F.Y. 2021-22 to F.Y 2033-34,MoRTH,Odisha,11/2021,06/2023,12/2024,-,154.49,154.49,22.32,0,Roads & Highways
1154,618012,"Widening & strengthenlng to 2LPS from km 0,000 to 40.000 Dhaugaon- Podamari section of NH 326 in the State of Odisha under Annual Plan 2021.22.",MoRTH,Odisha,03/2022,02/2024,02/2026,-,186.52,186.52,42.7,60,Roads & Highways
1155,618523,Bhadrak KM 136.500 to Baleshwar KM 199.141,National Highways Authority of India [NHAI],Odisha,11/2014,03/2019,09/2021,-,844.67,1394.82,231.14,91,Roads & Highways
1156,618677,6L Greenfield Kaliagura Baunsaguar Section of NH-130-CD Road from km 249000 to km 293000 Package OD-5,National Highways Authority of India [NHAI],Odisha,09/2021,05/2022,05/2024,10/2025,1539.75,1918.49,881.05,92,Roads & Highways
1157,618678,6L Greenfield Baunsaguar - Baraja Section of NH-130-CD Road from km 293000 to km 338500 Package OD-6,National Highways Authority of India [NHAI],Odisha,08/2021,06/2022,05/2024,06/2025,1265.59,1635.44,762.26,98,Roads & Highways
1158,618680,6L Greenfield Kandili - Aluru Section of NH-130-CD Road from km 342500 to km 365033 Package-OD-8,National Highways Authority of India [NHAI],Odisha,12/2021,10/2022,10/2024,08/2025,1492.74,1912.84,965.07,92,Roads & Highways
1159,618819,Balance work of Panikoili Rimoli Section of new NH-20 from Km 0.00 to Km. 163.000,National Highways Authority of India [NHAI],Odisha,09/2020,03/2021,03/2022,07/2022,183.03,200.79,89.36,99,Roads & Highways
1160,618820,Rehabilitation and Up gradation from 4 to 8 laning of Chandikhole Paradip Section of NH-53 Old NH 5A from Km.39.000 to Km.60.00 Package-3,National Highways Authority of India [NHAI],Odisha,03/2023,12/2023,12/2025,-,861.84,938.55,344.24,81,Roads & Highways
1161,618821,Rehabilitation and Up gradation from 4 to 8 laning of Chandikhole Paradip Section of NH-53 Old NH 5A from Km 18.00 to Km 39.00 in the State of Odisha on HAM mode Package-2,National Highways Authority of India [NHAI],Odisha,03/2023,12/2023,12/2025,-,920.47,950.4,363.82,83,Roads & Highways
1162,618908,3L Major Bridge over River Brahmani at Km. 401.250 Duburi - Chandikhole Section of NH-200 New NH -53,National Highways Authority of India [NHAI],Odisha,04/2022,08/2022,01/2025,-,153.61,103.68,61.82,0,Roads & Highways
1163,618913,4-L of Rajamunda to Barkote Section of NH-23 from km. 287.200 to km. 337.185,National Highways Authority of India [NHAI],Odisha,10/2017,12/2018,06/2021,12/2024,609.63,630.97,114.77,96,Roads & Highways
1164,618023,Work of Widening/upgradation of 2-Lane with paved shoulder of Sri Muktsar Sahib to Malout road from Km 279.400 to Km 307.060 section of NH-354 in the State of Punjab on EPC mode. Job No. NH-354-PB-2021-22-555,MoRTH,Punjab,03/2022,10/2023,04/2025,-,152.58,152.58,0,96,Roads & Highways
1165,618024,Up-gradation to two lane with paved shoulder configuration of NH-354 Section Arifkes- Ferozepur-Muktsar-Malaut from Km 201.500 to Km 212.500 & Km 229.690 to Km 269.960 and strengthening of existing pavement from Km 212.500 to Km 229.690 excluding Km 218.500 to 223.690 of NH-354 on EPC Mode in the State of Punjab. Job No. NH-354-PB-2020-21-532,MoRTH,Punjab,03/2021,10/2023,04/2025,-,263.19,263.19,0,0,Roads & Highways
1166,618487,Delhi-Amritsar-Katra Expressway Phase-I Pkg-VII from Junction with Patiala-Bathinda road NH-7 near Bhawanigarh to Junction with Ludhiana-Malerhkotla SH-11 near Bhogiwal village Km 188830 to km 225770,National Highways Authority of India [NHAI],Punjab,12/2020,07/2022,07/2024,-,1759.82,1774.32,1217.21,95,Roads & Highways
1167,618488,Delhi-Amritsar-Katra Expressway Phase-I Pkg-VIII from Junction with Ludhiana- Malerkotla SH-11 near Bhogiwal village to Junction with Ludhiana-Moga road NH-5 near Mullanpur Dakha Km 225770 to km 260860,National Highways Authority of India [NHAI],Punjab,12/2020,03/2023,03/2025,-,1895.74,2034.94,751.95,31,Roads & Highways
1168,618489,Delhi-Amritsar-Katra Expressway Phase-I Pkg-IX from Junction with Ludhiana-Moga road NH-5 near Mullanpur Dakha to Junction with Jalandhar - Moga road NH-703 near Kang Sahibu village Km 260860 to km 303900,National Highways Authority of India [NHAI],Punjab,12/2020,07/2022,07/2024,09/2025,1851.47,2407.14,1305.41,69,Roads & Highways
1169,618490,Delhi-Amritsar-Katra Expressway Phase-I Pkg-X from Jn. with Jalandhar - Moga road NH-703 to Jn. with Jalandhar-Kapurthala road NH-703A and to Jn. with Kapurthala - Sultanpur Lodhi road NH-703A km 000 to km 24000 to Amritsar connectivity,National Highways Authority of India [NHAI],Punjab,12/2020,07/2022,07/2024,09/2025,2177.54,2062.74,1004.28,62,Roads & Highways
1170,618491,Delhi-Amritsar-Katra Expressway Phase-I Pkg-XI from Junction with Jalandhar - Kapurthala road NH-703A near khojewal village to Junction with Amritsar-Mehta- SriHargobindpur-Tanda road NH-503A near SriHargobindpur Km 319400 to km 362420,National Highways Authority of India [NHAI],Punjab,03/2021,11/2022,11/2024,-,2175.35,2206.71,941.19,43,Roads & Highways
1171,618492,Delhi-Amritsar-Katra Expressway Phase-I Pkg-XII from Junction with Amritsar-Mehta- SriHargobindpur-Tanda road NH-503A near SriHargobindpur to Junction with Pathankot-Gurdaspur road NH-54 near Gurdaspur Km 362420 to km 397700,National Highways Authority of India [NHAI],Punjab,03/2021,01/2024,12/2025,-,1734.18,1538.47,470.44,25,Roads & Highways
1172,618493,Delhi-Amritsar-Katra Expressway Phase-I Spur-I from Jn. with Kapurthala - Sultanpur Lodhi Road NH-703A near Isharwal village to Jn. with Kapurthala - Tarn Taran road NH-703AA near Goinwal Sahib [Km 24000 to Km 41000 of Amritsar connectivity],National Highways Authority of India [NHAI],Punjab,12/2021,04/2023,04/2026,-,2165.23,1519.6,331.17,27,Roads & Highways
1173,618552,Development of 6L Greenfield Jalandhar Bypass starting from Kahlwan NH-03 ending at Kang Sahbu NH-703 via Sarmastpur NH-44 - Madara NH-03 - Khajurla NH-44,National Highways Authority of India [NHAI],Punjab,03/2021,01/2023,01/2025,03/2026,1754.84,2167.39,797.22,41,Roads & Highways
1174,618610,6L of Jodhpur Romana Bathinda - Mandi Dabwali Punjab Haryana Border section of NH-54 from km. 0.000 to km. 27.400 of NH-54,National Highways Authority of India [NHAI],Punjab,05/2020,08/2023,08/2025,-,789.26,1318.91,507.03,98,Roads & Highways
1175,618617,6L Amritsar-Bathinda Greenfield section from village Tiba on NE-5A to Jn. with Moga Jalandhar road NH-703 near Dharamkot from km 0.000 to km 39.000 of NH-754A Pkg-1,National Highways Authority of India [NHAI],Punjab,03/2021,11/2022,11/2024,09/2025,1229.38,1549.32,732.07,64,Roads & Highways
1176,618618,6L Amritsar-Bathinda Greenfield section from Jn. with Bhagta Bhai Ka-Bhadaur Road near Dyalpura Bhai Ka to Jn. with Mandi Dabwali Bathinda Road on NH-54 near Sangat Kalan from km 93.000 to km 154.866 of NH-754A Pkg-3,National Highways Authority of India [NHAI],Punjab,03/2021,06/2024,06/2026,-,2029.17,2677.23,504.83,65,Roads & Highways
1177,618647,6L Access Controlled Ludhiana-Bathinda Greenfield highway from Jn. with Amritsar- Bathanda Greenfield Road NH-754A near Rampura Phul to Jn. with Moga-Barnala Road NH-703 near village Tallewal from Km 0.0 to Km 30.3 of NH-754AD Pkg-1,National Highways Authority of India [NHAI],Punjab,06/2021,09/2023,09/2025,-,906.51,1020.52,429.44,78,Roads & Highways
1178,618764,Moga - Bagha Purana - Bajakhana from km. 0.00 to km. 43.32,National Highways Authority of India [NHAI],Punjab,05/2020,12/2022,12/2024,08/2025,864.23,1264.17,625.94,75,Roads & Highways
1179,618785,4/6L Greenfield LudhianaRupnagar highway from Jn. with NE-5 village near to ManewalLudhiana to Jn. with NH-205 near Bheora Village Rupnagar from Km 66.0 to Km 91.0 i/c spur to Kharar from Km 0.0 to Km 19.5 with Ludhiana bypass of NH-205K Pkg-3,National Highways Authority of India [NHAI],Punjab,07/2021,02/2023,02/2025,-,1501.02,1815.13,992.69,76,Roads & Highways
1180,618789,6L of IT City Chowk to Kurali Chandigarh Road,National Highways Authority of India [NHAI],Punjab,03/2021,10/2022,10/2024,06/2025,1525.31,1936.54,1689.83,98,Roads & Highways
1181,618794,Amritsarairport Junction - Ramdas from km. 100.835 to km. 139.813 Pkg - IV,National Highways Authority of India [NHAI],Punjab,12/2020,03/2022,09/2023,-,524.88,416.58,345.41,60,Roads & Highways
1182,618795,Amritsar Bypass Pkg III from km. 71.496 to km. 105.158,National Highways Authority of India [NHAI],Punjab,02/2021,08/2022,08/2024,-,1474.77,1228.42,863.93,79,Roads & Highways
1183,618809,4L of Beas-Mehta-Batala-Dera Baba Nanak from intersection with Jalandhar-Amritsar Highway NH-3 near Beas till start of Batala Bypass near Village Acchhal from Km. 0.000 to Km. 31.300 Pkg-1,National Highways Authority of India [NHAI],Punjab,08/2021,06/2023,06/2025,-,809.51,966.99,467.61,53,Roads & Highways
1184,618810,4L of existing Beas Baba Bakala - Dera Baba Nanak Section from start of Batala Bypass till intersection with Ajnala Gurdaspur Highway NH 354 near Dera Baba Nanak from Km. 31.300 to Km. 69.100 with Additional batala Bypass Pkg-II,National Highways Authority of India [NHAI],Punjab,10/2021,06/2023,06/2025,-,1003.38,993.6,564.01,74,Roads & Highways
1185,618906,4L of Amritsar-Ghoman - Tanda - Una Section from Km 8.270 to Km 54.000 of NH- 503A Package-I,National Highways Authority of India [NHAI],Punjab,12/2020,06/2022,06/2024,-,857.91,1443.47,466.83,58,Roads & Highways
1186,617887,Beawer Gomti 4LPS from km 58.245 to km 108.600 Pkg-I,MoRTH,Rajasthan,12/2020,10/2021,10/2023,12/2025,379.23,379.23,201.18,0,Roads & Highways
1187,617891,"Construction of Two lane with Paved Shoulder for Fatehpur Bypass Design Km 0.000 to Km 7.400 , Mandawa Bypass Design Km 20.925 to Km 27.300 & Jhunjhunu Bypass Design Km 41.625 to Km 54.689 of NH-11 on EPC Mode in the state of Rajasthan .",MoRTH,Rajasthan,03/2022,02/2023,08/2024,06/2025,186.29,186.29,66.7,99,Roads & Highways
1188,617900,Upgradation to Two Lane Paved Shoulder in km 33/0 to 126/520 of NH-23 Old NH- 11B Kothun-Lalsot-Karoli-Dholpur road in the state of Rajasthan under EPC mode Length-93.52 Km.,MoRTH,Rajasthan,12/2021,09/2022,09/2024,03/2025,150.11,150.11,12.2,97,Roads & Highways
1189,617901,Widening of Pachpadra-Bagundi Section to 4 Lane from Km 73/60 to 95/70 of NH-25 on EPC mode in the state of Rajasthan.,MoRTH,Rajasthan,01/2022,12/2022,12/2024,07/2025,194.88,194.88,48.47,85,Roads & Highways
1190,618011,Construction of 2 lane with paved shoulder for the work of Development of remaining sections of NH-325 Balotra to sanderao via Jalore to 2 lane with paved shoulder configuration by Construction of Byasses for town portions1 Asotra- Brahmdham bypass 2Siwana Bypass 3 Mokalsar Bypass 4 Major realignment at Kathadi 5 Major realignment at Bishangarh 6 Jalore Bypass 7 Ahore Town portion 8 Dujana Bypass in the state of Rajasthan on EPC Mode,MoRTH,Rajasthan,12/2021,05/2022,05/2024,06/2025,411.44,411.44,66.63,83,Roads & Highways
1191,618093,Up-gradation to 2 lane with Paved shoulder from Charbhuja at Design km 0.00 existing km 150.00 to Neechli Oden Nathdwara at Design ch. Km 88.800 existing km 55.950 of NH-162E on EPC mode.,MoRTH,Rajasthan,02/2022,09/2023,09/2025,-,838.43,838.43,55.04,0,Roads & Highways
1192,618118,Upgradation of two lane paved shoulder from Shahpura existing km. 0.00 Design Ch. 000 to Thanagazi existing Km.37352 Design Ch. 36810 of NH-248A on EPC mode in the State of Rajasthan.,MoRTH,Rajasthan,03/2022,02/2023,07/2024,03/2025,174.34,174.34,63.51,90,Roads & Highways
1193,618200,Construction of 2 lane with Paved Shoulder for Northern Bypass Phase-II of Kota city in the State of Rajasthan.,MoRTH,Rajasthan,03/2022,10/2023,04/2025,06/2026,317.74,317.74,5.97,0,Roads & Highways
1194,618456,Delhi-Vadodara Greenfield Alignment NH-148N Pkg-14 Ch. 388.420 to Ch. 419.000 [Junction with NH- 76 to Junction with NH-12 near village Ummedpura],National Highways Authority of India [NHAI],Rajasthan,11/2019,05/2021,05/2023,03/2025,1119.35,1194.17,975.7,99,Roads & Highways
1195,618457,Delhi-Vadodara Greenfield Alignment NH-148N Pkg-10 Ch. 292.950 to Ch. 319.400 [End of Interchange on NH-166 near village Mui to Hardeoganj village near Indergarh],National Highways Authority of India [NHAI],Rajasthan,11/2019,05/2021,05/2023,07/2024,1272.97,1265.16,1070.22,94,Roads & Highways
1196,618458,Delhi-Vadodara Greenfield Alignment NH-148N Pkg-15 Ch. 419.000 to Ch.427.300 [Junction with NH-12 near village Ummedpura to Major bridge over Takli river near Nayagaon Jageer village],National Highways Authority of India [NHAI],Rajasthan,07/2020,07/2021,01/2024,02/2026,1854.68,1854.68,1270.78,85,Roads & Highways
1197,618612,Deogarh near Dhandhaniya-Rajasthan/Gujarat Border Phase-I AJ/DRGB-Package-6,National Highways Authority of India [NHAI],Rajasthan,10/2019,08/2021,08/2023,12/2024,846.59,740.62,666.43,100,Roads & Highways
1198,618613,Deogarh near Dhandhaniya-Rajasthan/Gujarat Border Phase-I AJ/DRGB-Package-7,National Highways Authority of India [NHAI],Rajasthan,10/2019,07/2021,07/2023,12/2024,662.08,597.77,503.05,100,Roads & Highways
1199,618796,Tanot -Ramgarh-Bhadasar-Jaisalmer NH-68 and BhadasarMokal-Sarkaritala up to Pakisthan Border NH-968 Pkg-BM/5,National Highways Authority of India [NHAI],Rajasthan,02/2018,04/2019,04/2021,-,828.58,830.37,226.86,100,Roads & Highways
1200,618838,4L of Karwar Km. 281.980 of NH-62 Nagaur road to Dangiyavas of Jodhpur Ring Road Pkg-II,National Highways Authority of India [NHAI],Rajasthan,11/2021,08/2022,08/2024,-,736.75,512.77,395.34,98,Roads & Highways
1201,618071,Construction of two lane with paved shoulder Gangtok Bypass Road from Ranipool to Burtuk Ch 0.00 Km to 23.316 L23.316 Km in the State of Sikkim,MoRTH,Sikkim,10/2021,05/2022,05/2024,01/2025,385.15,342.89,0,78,Roads & Highways
1202,618446,Construction & Upgradation of existing road to 2-lane with paved shoulder from New Rolep Bridge at km 37.600 to Chochenpheri at km 52.00 in the section of Rongli to Chochenpheri of NH 717B Pkg-II C,NHIDCL,Sikkim,10/2020,05/2021,05/2024,02/2025,493.42,478.79,0,64,Roads & Highways
1203,618447,Construction of 2-Laning with Paved Shoulder of New Greenfield Alignment From Helipad near Menla at Km 82000 to Menla at Km 94030 of Rhenock-Menla Spur NH- 717B Package-IIIB on EPC Basis under SARDP-NE Phase 'A' in the State of Sikkim.,NHIDCL,Sikkim,01/2021,02/2021,02/2024,11/2025,410.6,379.3,0,33,Roads & Highways
1204,618448,Construction of 2-Laning with Paved Shoulder of New Greenfield Alignment From Chochenpheri at Km 52000 to Helipad near Menla at Km 82000 of Rhenock-Menla Spur NH-717B Package-IIIA on EPC Basis under SARDP-NE Phase 'A' in the State of Sikkim.,NHIDCL,Sikkim,10/2020,12/2020,12/2023,09/2025,816.79,786.6,0,0,Roads & Highways
1205,618449,Construction & Upgradation of existing road to 2-lane with paved shoulder from km27.200 End of Rongli bypass to km37.600New Rolep Bridge of Rhenok-Menla spur NH-717B on EPC Mode under SARDP-NE Phase-A in Sikkim Pkg-II B,NHIDCL,Sikkim,07/2020,10/2020,04/2023,02/2025,230.45,244.91,0,64,Roads & Highways
1206,618450,Rehabilitation & Upgradation of existing road to 2-lane with paved shoulder including geometric improvement of section from start of Rabangla km33.600 to km58.840 under SARDP-NE Phase A Pkg- IV,NHIDCL,Sikkim,07/2020,10/2020,05/2022,04/2025,292.8,292.8,1.91,18,Roads & Highways
1207,617962,"Construction of Bypass to Madurai Achambathu Viratipathu in between km 6/850 10/382 of NH 49 Extn New NH 85 including Land Acquisition on Engineering, Procurement & Construction EPC basis Contract under NH O Annual Plan 2021-22 in the state of Tamil Nadu job No.NH-49 Extn New NH 85 - TN-2021-22-997",MoRTH,Tamil Nadu,03/2022,09/2024,08/2026,-,238.97,260.07,85.64,72,Roads & Highways
1208,618478,Bangalore Chennai Expressway Phase-III Package II Walajahpet to Arakkonam from Km 180.000 to Km 204.500,National Highways Authority of India [NHAI],Tamil Nadu,01/2021,07/2022,07/2024,-,1106.65,1106.65,496.04,90,Roads & Highways
1209,618479,Bangalore Chennai Expressway Phase-III Package III Arakkonam to Kancheepuram from Km 204.500 to Km 230.000,National Highways Authority of India [NHAI],Tamil Nadu,12/2020,08/2022,07/2024,03/2025,1525.1,1525.1,353.81,53,Roads & Highways
1210,618481,4L Bangalore-Chennai Expressway from Km. 230.000 to Km. 261.705 of Kanchepuram to Sriperumbudur Section Phase-III/Package-IV,National Highways Authority of India [NHAI],Tamil Nadu,02/2021,07/2022,07/2024,-,3605.73,3605.73,878.13,62,Roads & Highways
1211,618521,Karaipettai to Walajapet from Km 71.015 to 107.091,National Highways Authority of India [NHAI],Tamil Nadu,08/2018,02/2019,02/2021,04/2025,766.51,766.51,426.79,88,Roads & Highways
1212,618563,4L of Madurai Ring Road Phase 1 [Vadipatti-Thamrapatti] from km 0.00 - km 29.960,National Highways Authority of India [NHAI],Tamil Nadu,12/2018,03/2020,03/2022,08/2025,900.05,900.05,535.7,90,Roads & Highways
1213,618608,4L of left-over works including additional structures from Kerala/Tamil Nadu border to Kanyakumari Section from Km 43.0 to Km 96.174 of NH66,National Highways Authority of India [NHAI],Tamil Nadu,11/2022,08/2023,08/2025,04/2026,1564.23,1263.42,802.39,70,Roads & Highways
1214,618635,6L of Pondavakkam to Kannigaipair from km 96.040 to km 116.100 of NH 716B Pkg- IV,National Highways Authority of India [NHAI],Tamil Nadu,02/2021,01/2023,01/2025,11/2025,1359.81,1359.81,301.77,31,Roads & Highways
1215,618744,4L of Thirumangalam to Vadugapatti section from km 0.000 to km 36.000 of NH-744,National Highways Authority of India [NHAI],Tamil Nadu,03/2022,02/2023,02/2025,-,1076.97,791.6,651.91,92,Roads & Highways
1216,618745,4L of Vadugapatti to Therkuvenganallur Rajapalyam section from km 36.000 to km 71.600 of NH-744,National Highways Authority of India [NHAI],Tamil Nadu,02/2022,04/2023,04/2025,-,1317.6,1137.16,917.08,99,Roads & Highways
1217,618756,Melur - Pilayarpatti - Karaikudi from km 99.920 of NH 38 to km 12.9 of NH 383 Ext.,National Highways Authority of India [NHAI],Tamil Nadu,12/2018,03/2020,03/2022,05/2025,1103.86,1085.41,157.65,90,Roads & Highways
1218,618800,Construction of New Double Tier 4L Elevated Corridor from Chennai Port to Maduravoyal in Chennai District from km -0.342 to Km 20.593 and Package II from Km 4.604 to Km 9.700,National Highways Authority of India [NHAI],Tamil Nadu,03/2023,11/2023,05/2026,-,1616.97,1616.97,99.84,13,Roads & Highways
1219,618801,Construction of New Double Tier 4-lane Elevated Corridor from Chennai Port to Maduravoyal in Chennai District from Km -0342 to Km 20223 Package 1 from Km - 0342 to Km 4604,National Highways Authority of India [NHAI],Tamil Nadu,03/2023,11/2023,05/2026,-,1388.59,1388.59,120.51,14,Roads & Highways
1220,618894,4L of Madathukulam - Pollachi from km. 74.38 to km. 116.95 of old NH-209 New NH- 83,National Highways Authority of India [NHAI],Tamil Nadu,01/2019,12/2020,12/2022,-,1772.13,1772.13,211.73,90,Roads & Highways
1221,618895,Kamalapuram to Oddanchatram from km. 0.00 to km. 35.822,National Highways Authority of India [NHAI],Tamil Nadu,01/2019,01/2021,01/2023,03/2026,1319.42,1319.42,331.43,88,Roads & Highways
1222,618897,4L of Sethiyathope -Cholapuram section from Km. 65.960 to Km. 116.440 section of NH45 C Pkg-II,National Highways Authority of India [NHAI],Tamil Nadu,NA,08/2018,08/2020,06/2024,2356.19,2356.9,1011.27,100,Roads & Highways
1223,617913,6-laning of km 9.900 to km 19/948 Aramgarh to Shamshabad Section of Hyderabad- Bangalore section of NH-44 Under NHO EPC basis in the state of Telangana,MoRTH,Telangana,01/2018,05/2018,05/2020,07/2021,283.15,300.7,252.28,88,Roads & Highways
1224,617936,Widening to two/four lane with paved shoulder from Km.180.600 to Km.223.000 of NH-63 on Nizamabad-Jagadalpur road on EPC mode under NHO in the state of Telangana.,MoRTH,Telangana,10/2016,03/2017,03/2019,-,253.99,183.26,0,0,Roads & Highways
1225,617940,"Rehabilitation and Upgradation of LB-Nagar to Malkapur section to 6-Lane main carriageway with service roads, drains cum footpath, including VUPs and widening of Minor bridge & road safety provisions from Km. 15/00 to Km 40/00 of NH-65 Old NH-9 under NH O for the year 2020-21 in the state of Telangana on EPC Mode.",MoRTH,Telangana,03/2021,07/2022,07/2024,09/2025,545.11,545.11,258.75,60,Roads & Highways
1226,617980,Construction of six lane elevated corridor from km 7.950 Uppal to km 14.200 of NH- 163 to De-Congest the urban limits of Hyderabad-Bhoopalapatnam section on EPC mode in the state of Telangana,MoRTH,Telangana,03/2018,07/2018,07/2020,04/2026,626.76,626.76,13.91,49,Roads & Highways
1227,617982,Widening and strengthening of existing 2-lane to 2- lane with paved shoulders from km 159/0 to 165/4 and 186/0 to 215/0 of NH-163 on EPC mode int the state of Telangana,MoRTH,Telangana,01/2018,06/2018,11/2019,12/2020,230.03,230.03,0,0,Roads & Highways
1228,617983,Widening & Strengthening of Existing 2LPS to 4 lane PS from Km 150000 to Km 159000 and Km 165400 to Km 186000 of NH-163 old NH-202 under NH O for the year 2020-21 on EPC Mode in the state of Telangana.,MoRTH,Telangana,03/2021,07/2022,07/2024,04/2025,317.19,300.56,168.8,82,Roads & Highways
1229,617992,Rehabilitation & upgradation of NH - 167 from design km 187.723 to 234.434 Miryalaguda to Kodad section to two lane with paved shoulder on EPC mode in the state of Telangana,MoRTH,Telangana,03/2018,09/2018,09/2020,-,322.81,322.81,43.78,0,Roads & Highways
1230,617994,Rehabilitation and upgradation of NH-167 from design km 113.900 to 154.479 Mallepally Haliya section to two lane with paved shoulders on EPC mode in the stte of Telangana,MoRTH,Telangana,02/2018,06/2018,11/2019,-,294.13,257.61,3.16,88,Roads & Highways
1231,617995,Widening to Two Lane with Paved Shoulders from Km 67.000 to Km 114.425 of Kalwakurthy- Mallapally Section of NH 167 Erstwhile section of SH 18 in the State of Telangana on EPC mode under NH O Annual Plan 2016-17,MoRTH,Telangana,01/2017,05/2017,05/2019,07/2021,300,300,2.08,99,Roads & Highways
1232,617996,Widening to 2/4 Lane with paved shoulders from Km 182.120 to Km 227.600 of NH 167 on Haggari-Jadcherla Road on EPC mode under NHO in the state of Telangana,MoRTH,Telangana,10/2016,02/2017,02/2019,07/2023,298,298,228.09,95,Roads & Highways
1233,618001,"Construction of 4-lane flyover at Amberpet-X road, Hyderabad on NH-202 in the State of Telangana",MoRTH,Telangana,05/2018,06/2021,06/2023,04/2024,216.53,265.88,154.05,36,Roads & Highways
1234,618025,Rehabiitation and upgradation from km 121/000 to 154/000 Nakrekal to Mallampally section of NH-365 to 2 lane with paved shoulders in the state of Telangana in the EPC mode,MoRTH,Telangana,03/2018,06/2018,12/2019,-,192.67,192.67,0,96,Roads & Highways
1235,618026,Rehabilitation and upgradation to two lane with paved shoulders from Km 0/000 to 72/6 of NH-365 Nakrekal to Tanamcherla section under NHDP IV in the state of Telangana under EPC mode,MoRTH,Telangana,06/2017,11/2017,10/2019,-,605.08,605.08,0,0,Roads & Highways
1236,618104,Widening to two lane with paved shoulders from Km 0/000 to Km 79/300 of Kalwakurthy - Kollapur section of NH-167K in the state of Telangana under annual plan 2021-22 on EPC mode under NHO.,MoRTH,Telangana,03/2022,07/2023,07/2025,-,886.69,886.69,557.4,78,Roads & Highways
1237,618105,Widening and strengthening to 4 lane / 2-lane with paved shoulders of Mahabubnagar - Chincholi section from km 60/255 to Km 102/834 of NH-167N in the State of Telangana on EPC mode.,MoRTH,Telangana,03/2022,10/2023,10/2025,-,631.49,631.49,71.91,0,Roads & Highways
1238,618106,Widening and Strengthening to 2/4 lane with paved shoulders of Mahabubnagar Chincholi section from Km 0/0 to Km 60/255 of NH-167N in the state of Telangana under Annual plan 2021-22 on EPC modepackage-I under NHO Job No.167N-TS- 2021-22-75,MoRTH,Telangana,01/2022,01/2023,01/2025,-,703.68,703.68,252.3,87,Roads & Highways
1239,618132,Widening & strengthening of existing carriageway in 2 lane with paved shoulders from km 25/0 to 59/2 design Ch km 25.467 to 59.200 of NH - 353C on EPC mode in the state of Telangana,MoRTH,Telangana,02/2018,06/2018,06/2020,-,206.13,206.13,152.77,98,Roads & Highways
1240,618141,Widening and Improvement of existing carriage way to 2 lane with paved shoulders from Km. 86/160 to 131/730 of Jangaon-Duddeda section of NH-365B in the State of Telangana on EPC Mode,MoRTH,Telangana,01/2022,12/2022,12/2024,06/2025,423.48,423.48,159.94,0,Roads & Highways
1241,618142,Widening to Two lane with Paved shoulders from km.40/410 to 84/037 of Thirumanlagiri-- Suryapet Section of NH-365B earstwhile section of SH-16,MoRTH,Telangana,01/2017,05/2017,05/2019,05/2019,244.54,244.54,0,99,Roads & Highways
1242,618143,widening to two lane with Paved shoulders from Km.0/970 to Km.40/410 of Jangaon - Thirumal giriof NH- 365B in the state of Telanganaon EPC mode under NHO Annual Plan 2016-17,MoRTH,Telangana,03/2017,11/2017,10/2019,10/2019,197,197,0,92,Roads & Highways
1243,618186,"Rehabilitation and Up-gradation of Valigonda to Thorrur Section to Two Lane with Paved Shoulders from Km 39.180 to Km 108.300 of NH-930P in the State of Telangana on Engineering, Procurement and Construction EPC Basis",MoRTH,Telangana,01/2022,12/2022,12/2024,04/2025,549.28,549.28,280.02,82,Roads & Highways
1244,618190,Widening to two lane with paved shoulders of 'Bodhan Basar Bhainsa ' section from Km 38/900 to 95/300 of NH-161BB in the state of Telangana under Annual Plan 2021- 22 on EPC Mode under NH O.,MoRTH,Telangana,03/2022,03/2023,03/2025,-,644.45,644.45,348.93,0,Roads & Highways
1245,618196,Widening to 2 lane with Paved Shoulders of Siddipet-Elkathurthy section from Km 69/978 to km 133/619 of NH-765DG in the State of Telangana under Annual plan 2021-22 on EPC mode,MoRTH,Telangana,01/2022,12/2022,12/2024,01/2025,578.85,578.85,0,76,Roads & Highways
1246,618197,Widening to 2 lane with Paved Shoulders of Medak - Siddipet section from Km 0/0 to km 69/978 of NH-765DG in the State of Telangana under Annual plan 2021-22 on EPC mode,MoRTH,Telangana,01/2022,01/2023,01/2025,07/2025,882.18,882.18,347.42,73,Roads & Highways
1247,618558,Improvement of Geometrics of Kalkallu to Gundla Pochanpalli from Km 454.00 to Km 471.00 of NH-44,National Highways Authority of India [NHAI],Telangana,03/2022,01/2023,01/2025,07/2026,955.49,903.17,427.03,35,Roads & Highways
1248,618559,6L of existing 4L from Gundlapochampally to Bowenpally from km 471.300 to km 481.331 of NH-44,National Highways Authority of India [NHAI],Telangana,12/2021,08/2022,07/2024,04/2026,521.53,528.21,256.27,50,Roads & Highways
1249,618560,Improvement of Geometrics of Thondupally to Kothur from Km 22.300 to Km 34.14 of NH-44,National Highways Authority of India [NHAI],Telangana,03/2022,03/2023,09/2024,-,541.58,527.43,45.13,10,Roads & Highways
1250,618746,Khammam-Devarapalle Pkg I [4L Access Controlled Greenfield from Thallampadu village to Somavaram village Design Chainage 0000 to 33604],National Highways Authority of India [NHAI],Telangana,01/2021,10/2022,10/2024,01/2026,797.36,1337.18,570.63,91,Roads & Highways
1251,618945,4L of Kodad Design Km 0.00/Existing Km 185.00 of NH-65 to Khammam Design Km 31.800/Existing Km 29.400 of NH-365A,National Highways Authority of India [NHAI],Telangana,01/2021,01/2022,05/2024,05/2025,1149.17,1606.99,688.18,99,Roads & Highways
1252,618307,Rehabilitation and up-gradation of road from km 16.077 to km 43.935 total length 27.858 km of Lalchara-Kanchanpur section via Shivbari on NH-44A to 2 lane with paved shoulder in the state of Tripura on EPC Mode Pkg-2 under BharatMala Pariyojana Manu-Simlung -2,NHIDCL,Tripura,02/2022,01/2023,01/2025,04/2025,456.88,456.88,0,0,Roads & Highways
1253,618368,Improvement and Widening to 2-lane with paved shoulder of road from design Km 36.000 Rangamati to design Km 72.000 Pati Chhari Total length 36.000 Km on Teliamura to Harina section of NH 208 in the state of Tripura on EPC mode under JICA ODA Loan Phase VI Package-3,NHIDCL,Tripura,01/2024,09/2024,09/2026,-,670.9,670.9,0,6,Roads & Highways
1254,618369,Improvement and Widening to 2-lane with paved shoulder of road from existing Km 438.170 Khowai Chowmuhani to existing Km 439.410 South Pulinpur of NH-08 and from design Km 0.000 South Pulinpur to design Km 36.00 near Rangamati of NH 208 on Khowai Teliamura- Harina section Total length 37.24 in the state of Tripura on EPC mode under JICA ODA Loan Phase VI Package-2,NHIDCL,Tripura,01/2024,09/2024,09/2026,-,657.21,657.21,0,42,Roads & Highways
1255,618370,Improvement and Widening to 2-lane with paved shoulder of road from Km 101.300 to km 127.319 Total Length 26.019 Km i.e. the Khowai Teliamura-Amarpur-Harina- Sabroom section of NH 208 in the state of Tripura on EPC under JICA ODA Loan Phase VI Package-1,NHIDCL,Tripura,01/2024,07/2024,07/2026,-,431.78,431.78,0,0,Roads & Highways
1256,618385,Rehabilitation and up-gradation of road from design km 25.250 to km 36.460 Total lengh 11.210 km of Kailashahar-Kurti Bridge section on NH-208A to 2-lane with paved shoulder on EPC basis under NHO Package-III- Balance Work,NHIDCL,Tripura,02/2020,09/2024,09/2025,-,174.43,174.43,0,0,Roads & Highways
1257,618386,Rehabilitation & Upgradation of Road from Km 0.00 to Km 18.600 Total length-18.600 km of Kumarghat-Kailashahar section on NH-208 to 2-lane with Paved shoulder on EPC bais under NHO,NHIDCL,Tripura,02/2020,07/2020,01/2022,10/2024,277.5,302.03,0,0,Roads & Highways
1258,618411,Melaghar-Srimantapur section on NH-08 Spur from Km 23 to Km 34.500 11.5 Km and overlay from Km 20.30 to Km 22.00 1.7 Km Total Length 13.2 Km,NHIDCL,Tripura,01/2023,05/2023,11/2024,12/2025,195.95,195.95,0,0,Roads & Highways
1259,618417,"Construction of 4-Lane with paved shoulder Agartala bypass Western side, length 25.402 km connecting NH-8 near Amtali to NH-108B near Lembuchhera in the state of Tripura on EPC basis under NHO-NE",NHIDCL,Tripura,03/2023,03/2024,03/2027,-,2026.05,2026.05,0,0,Roads & Highways
1260,617957,Construction of Jasra Bypass with four lane paved shoulder configurationfrom Km 379.670 on NH-76New NH-35 to Km 18.00 on NH-27New NH-30 on EPC in the State of Uttar Pradesh.,MoRTH,Uttar Pradesh,02/2023,03/2024,09/2025,-,274.06,274.06,0,91,Roads & Highways
1261,617964,"Widening to Four Lane rigid pavement configuration from Km 90.00 to Km 100.800 on NH-96 Km 42.0 to Km 53.300 as per new NH-330,design length of 11.300 km under EPC mode in the state of Uttar Pradesh.",MoRTH,Uttar Pradesh,12/2022,11/2024,11/2026,-,309.63,309.63,24.81,22,Roads & Highways
1262,618008,"Construction of four-lane elevated viaduct from km.4634 to km.6345 on NH-24A including Retaining wall, service lane, at grade road and improvement of junctions, on EPC mode",MoRTH,Uttar Pradesh,03/2021,03/2022,09/2023,03/2024,185.09,269.81,158.8,100,Roads & Highways
1263,618009,Balance work of Construction of Ring Road for Raebareli City on eastern side of NH- 24B Phase-1 on EPC mode.,MoRTH,Uttar Pradesh,12/2019,10/2020,04/2022,07/2022,319.96,347.8,0,0,Roads & Highways
1264,618054,Construction of Balrampur bypass with 2L flexible pavement configuration from km.223.000 of NH-330 to km.328.300 of NH-730 under EPC mode,MoRTH,Uttar Pradesh,12/2022,08/2024,02/2026,-,515.69,515.69,80.95,40,Roads & Highways
1265,618055,Construction of Pratapgarh Bypass Extension connecting NH-31 to NH-330 on EPC mode in the State of Uttar Pradesh.,MoRTH,Uttar Pradesh,10/2022,01/2024,06/2025,-,225.17,225.17,0,66,Roads & Highways
1266,618056,Improvement and Up-gradation to two Lane with Paved Shoulder Configuration from existing km. 420.00 Shohrathgarh to km. 454.00 Uska Bazar of NH-730 in the state of Uttar Pradesh EPC basis,MoRTH,Uttar Pradesh,01/2022,03/2024,09/2025,04/2026,509.65,484.42,84.14,48,Roads & Highways
1267,618057,Construction of Shohratgarh Bypass on NH-730 under EPC mode in the State of Uttar Pradesh,MoRTH,Uttar Pradesh,10/2022,11/2023,05/2025,-,189.31,189.31,0,0,Roads & Highways
1268,618063,Widening & Strenghteningof section from Bharthana chowk to Kodarkoot km.0.00 to km.40.00 of NH-91-A on EPC mode,MoRTH,Uttar Pradesh,03/2020,03/2023,09/2024,08/2025,262.37,343.77,112.46,90,Roads & Highways
1269,618075,Construction of two lane with paved shoulder from existing Km.0.000 to Km.55.610 design km. 0.000 to km. 54.048 of NH-124D,MoRTH,Uttar Pradesh,12/2021,02/2024,02/2026,-,840.93,773.58,134.9,55,Roads & Highways
1270,618081,Construction of Mariahu Bypass with four lane paved shoulder configuration Km. 53.540 to Km.59.200 of NH-135A on EPC mode in the state of Uttar Pradesh,MoRTH,Uttar Pradesh,03/2023,02/2024,02/2026,-,438.24,362.39,0,44,Roads & Highways
1271,618082,Widening & Upgradation to four lane configuration from Km.34.900 Bhadohi to km.73.134 Jaunpur of NH-135A on EPC mode,MoRTH,Uttar Pradesh,03/2021,11/2022,05/2024,-,395.62,392.03,0,84,Roads & Highways
1272,618110,Improvement and upgradation to two lane with Paved Shoulder configuration from existing km 55.00 to km 90.00 Design length 34.76 of NH-227A near Chhapia Village to near Sikriganj in the State of UP on EPC Mode.,MoRTH,Uttar Pradesh,11/2021,11/2022,05/2024,07/2025,307.11,307.11,125.88,0,Roads & Highways
1273,618111,Improvement and upgradation to two lane with paved shoulder configuration from existing km 90.00 to 130.00 Design length 39.15 of NH-227A near Sikriganj to Barhalganj in the State of UP on EPC Mode.,MoRTH,Uttar Pradesh,08/2021,12/2023,06/2025,-,403.36,345.34,0,84,Roads & Highways
1274,618124,Rehabilitation and upgradation from km 51.600 to km 75.700 of NH-321G Nuhkhas to Etah section to two lane with paved shoulder configuration under EPC mode in the State of Uttar Pradesh,MoRTH,Uttar Pradesh,01/2022,02/2024,08/2025,-,343.54,343.54,53.25,47,Roads & Highways
1275,618163,"Rehabilitation and Up-gradation from km. 0000 to km.40390 of NH-730S MaharajganjNichloulThuthibari to two lane with paved shoulders in the State of U.P. on Engineering, Procurement & Construction EPC Basis.",MoRTH,Uttar Pradesh,03/2023,06/2024,12/2025,-,809.25,603.19,0,52,Roads & Highways
1276,618164,Construction of four lane highway with paved shoulder from Km.74.700 to Km.112.950 of NH-731A i/c Yamuna Bridge on HAM in the state of Uttar Pradesh.,MoRTH,Uttar Pradesh,03/2022,06/2024,06/2026,-,1141.67,1157.31,0,66,Roads & Highways
1277,618165,Construction of 4-lane highway with paved shoulders from Km 49.155 to Km 74.700 of NH-731A on Hybrid Annuity Mode in the state of Uttar Pradesh,MoRTH,Uttar Pradesh,01/2022,02/2024,01/2026,-,1156.72,1156.72,0,90,Roads & Highways
1278,618166,Construction of 4-lane green field highway from Km. 35.000 to Km. 49.155 of NH- 731A with paved shoulders on Hybrid Annuity Mode in the state of Uttar Pradesh,MoRTH,Uttar Pradesh,01/2022,10/2023,10/2025,-,697.66,697.66,0.04,98,Roads & Highways
1279,618167,Rehabilitation & Upgradation of NH-731A from Km.0.00 to Km.35.00 to 2-lane with paved shoulder under EPC mode,MoRTH,Uttar Pradesh,03/2021,08/2022,08/2023,-,264.86,264.86,0,50,Roads & Highways
1280,618168,Widening to four lane with paved shoulder from Design Km.49.200 to Km.89.285 of NH-731B on EPC mode in the state of Uttar Pradesh,MoRTH,Uttar Pradesh,03/2022,01/2024,01/2026,-,917.91,965.3,116.91,50,Roads & Highways
1281,618169,Construction of Two Lane with paved shoulder highway from Design Ch.0.000 to Ch.49.2OO of NH-731B on EPC Mode,MoRTH,Uttar Pradesh,03/2022,11/2023,11/2025,-,640.18,602.76,227.12,93,Roads & Highways
1282,618229,Rehabilitation and upgradation to 2-lane with paved sholuders configuration of Near Karri village-Etawah section Km30.000 to Km 57.346 Pakage-II of NH-92 in state of Uttar Pradesh undergreen national Highway Corridor ProjectGNHCP with the loan assistance of world Bank on EPC mode.,MoRTH,Uttar Pradesh,04/2020,08/2022,02/2024,02/2025,211.09,206.56,0,100,Roads & Highways
1283,618233,Construction of 6-lane bridge on Ganga on NH-96 and its approaches in Phaphamau Allahabad on EPC mode,MoRTH,Uttar Pradesh,07/2018,02/2021,02/2024,07/2024,1948.25,1465.41,0,60,Roads & Highways
1284,618240,Rehabilitation and upgradation to 2-lane with paved sholuders configuration of Bewar- naer Karri village section Km0.00 to Km30.00 Pakage-I of NH-92 in state of Uttar Pradesh undergreen national Highway Corridor ProjectGNHCP with the loan assistance of world Bank on EPC mode.,MoRTH,Uttar Pradesh,04/2020,09/2022,03/2024,05/2024,236.47,236.47,0,90,Roads & Highways
1285,618265,Rehabilitation and upgradation to 2-lane with paved sholuders configuration of Miranpur Katra to radhaita section of NH-730CKm.114.000 to Km 137.250pakage-III in state of Uttar Pradesh undergreen national Highway Corridor ProjectGNHCP with the loan assistance of world Bank on EPC mode.,MoRTH,Uttar Pradesh,04/2020,07/2022,07/2024,12/2025,172.5,169.56,0,71,Roads & Highways
1286,618266,Rehabilitation and upgradation to 2-lane with paved sholuders configuration of Bewar- Allahaganj- section of NH-730CKm.0.000 to Km 52.770pakage-I in state of Uttar Pradesh undergreen national Highway Corridor ProjectGNHCP with the loan assistance of world Bank on EPC mode.,MoRTH,Uttar Pradesh,04/2020,11/2022,11/2024,-,325.24,340.16,0,98,Roads & Highways
1287,618498,6L Greenfield Kanpur - Lucknow Expressway Pkg II from km. 28.500 to km. 73.744,National Highways Authority of India [NHAI],Uttar Pradesh,12/2021,11/2022,05/2025,-,2471.56,2489,1162.84,87,Roads & Highways
1288,618499,6L Elevated Kanpur - Lucknow Exeressway Pkg-1 from Km. 10980 to Km. 28500,National Highways Authority of India [NHAI],Uttar Pradesh,12/2021,02/2023,07/2025,-,1972.94,1943.27,765.57,75,Roads & Highways
1289,618500,Construction of 4L Connector from Delhi Meerut Expressway Km 50.000 of Pkg IV to Km 8.520 of NH-235 Pkg-5,National Highways Authority of India [NHAI],Uttar Pradesh,09/2021,03/2022,03/2024,12/2025,1081.39,1116.19,401.34,76,Roads & Highways
1290,618529,Varanasi Ring Road Pkg-II connecting Sandaha Village km 11.70 / NH-29 with Revasa Village km 818.80 / NH-2,National Highways Authority of India [NHAI],Uttar Pradesh,12/2017,02/2019,02/2022,06/2025,1991.71,1832.66,985.18,92,Roads & Highways
1291,618537,Construction of Ring Road around Kanpur from Km.000 to Km. 23.325 Chachendi Sachendi I to Maharajpur Package-I,National Highways Authority of India [NHAI],Uttar Pradesh,01/2023,12/2023,06/2026,-,1753.75,1311.7,318.17,47,Roads & Highways
1292,618553,6L of Agra Bypass Northern connecting Km. 174.500 of NH-2 new NH-19 to Km. 141.000 of Yamuna Expressways,National Highways Authority of India [NHAI],Uttar Pradesh,01/2022,02/2023,02/2025,-,957.62,1034.42,757.89,99,Roads & Highways
1293,618554,Construction of left out portion of Agra Inner Ring Road connecting village Deori to NH-44 village Bad from Km. 0.000 to Km. 7.772,National Highways Authority of India [NHAI],Uttar Pradesh,07/2022,03/2023,09/2024,-,879.26,787.58,606.99,87,Roads & Highways
1294,618565,Strengthening of existing 4L Ayodhya Bypass Section from design Km. 121 600 to Km. 144020 of NH 28 New NH 27Pkg-3,NHAI,Uttar Pradesh,03/2023,09/2023,03/2025,08/2025,526.45,281.13,259.66,81,Roads & Highways
1295,618566,4L Green Field Northern East side Gorakhpur Bypass 26.616 Kms starting from NH- 29E Chainage 83.308 and end at NH-28 Chainage 285.100,National Highways Authority of India [NHAI],Uttar Pradesh,02/2023,01/2024,01/2026,-,1973.98,1244.44,835.5,52,Roads & Highways
1296,618689,4L Rampur Bypass from Km. 181.000 to Km. 189.500,National Highways Authority of India [NHAI],Uttar Pradesh,10/2021,10/2022,04/2024,01/2025,364.47,307.95,271.61,99,Roads & Highways
1297,618710,DL/UP Border - EPE Crossing Pkg-02,National Highways Authority of India [NHAI],Uttar Pradesh,09/2020,05/2021,11/2023,08/2024,2002.79,1889.78,1732.01,98,Roads & Highways
1298,618722,6L access Controlled Greenfield Highway from Gogwan Jalalpur Shamli to Ranipur Barsi Saharanpur of Shamli -Ambala section Package-I Design Ch. Form km 00.600 to km 45.500,National Highways Authority of India [NHAI],Uttar Pradesh,06/2022,05/2023,05/2025,01/2026,1843.59,1247.55,567.64,56,Roads & Highways
1299,618761,4L Spur of Meerut-Garh-Mukteshwar section connecting NH-119 and NH-58 bypassing Meerut Town of NH 709 A,National Highways Authority of India [NHAI],Uttar Pradesh,10/2021,02/2023,02/2025,-,991.89,977.73,800.68,52,Roads & Highways
1300,618770,4L Spur of Panipat - Shamli connecting NH-709AD Panipat Shamli Muzaffarnagar and NH-709A Karnal Meerut bypassing Shamli district UP,National Highways Authority of India [NHAI],Uttar Pradesh,10/2021,10/2022,10/2024,03/2025,516.16,273.42,232.93,74,Roads & Highways
1301,618798,4L of Sonauli - Gorakhpur,National Highways Authority of India [NHAI],Uttar Pradesh,12/2021,03/2023,03/2025,02/2026,2555.5,2275.43,1238.07,54,Roads & Highways
1302,618854,2L PS of Raebareli - Jagdishpur with 4L Jagdishpur Bypass Spur,National Highways Authority of India [NHAI],Uttar Pradesh,02/2021,01/2022,01/2024,06/2025,706.41,752.52,515.37,97,Roads & Highways
1303,618855,"Improvement and Up-Gradation of Existing Road to 2/4L PS from Km 40.000 to 88.750, start of Khutar bypass to start of Shahjahanpur bypass of NH 731Pkg-I",National Highways Authority of India [NHAI],Uttar Pradesh,03/2022,02/2023,02/2025,09/2025,838.68,838.68,556.76,99,Roads & Highways
1304,618856,"Improvement and Up-Gradation of Existing Road to 4L PS from Km 123.650 to 175.080, from Start of Shahabad Bypass to End of Hardoi bypass of NH 731 Pkg-2B",National Highways Authority of India [NHAI],Uttar Pradesh,09/2022,11/2023,11/2025,04/2026,1101.79,1212.26,312.56,50,Roads & Highways
1305,618859,"Improvement and Up-Gradation of Existing Road to 4L PS from Km 229.070 to 260.800, End of Hardoi District to Lucknow Ring road of NH 731 Pkg-4",National Highways Authority of India [NHAI],Uttar Pradesh,09/2021,10/2022,10/2024,05/2025,575.66,553.61,371.12,93,Roads & Highways
1306,618864,4L from Mathura Bypass Start at Existing Km. 154.20 of NH-44 to Gaju Village at Km 32.982 of NH-530B Pkg-IB,National Highways Authority of India [NHAI],Uttar Pradesh,01/2022,03/2023,03/2025,10/2025,1722.11,1820.77,1000.51,99,Roads & Highways
1307,618865,4L from Gaju Village at Km. 32.982 to Devinagar Bypass End at Km. 208.000 of NH- 530B Pkg-1C.,National Highways Authority of India [NHAI],Uttar Pradesh,12/2021,01/2023,01/2025,-,1384.79,1496.44,823.04,99,Roads & Highways
1308,618883,Construction of Four Lane Highway form Ghazipur- Ballia-UP/Bihar State Border Greenfield section of NH-31 Package I [from Hridaipur km 0.000 to Shahapur km 42.500] on EPC Mode in the state of Uttar Pradesh.,National Highways Authority of India [NHAI],Uttar Pradesh,10/2022,07/2023,07/2025,12/2025,1706.47,1579.59,723.1,92,Roads & Highways
1309,618884,Construction of Four Lane Highway from Ghazipur- Ballia-UP/Bihar State Border Greenfield section of NH-31 Package II [from Shahapur km 42.500 to Pindari km 78.150] on EPC Mode in the state of Uttar Pradesh.,National Highways Authority of India [NHAI],Uttar Pradesh,10/2022,10/2023,10/2025,-,1493.65,1311.44,610.51,80,Roads & Highways
1310,618885,Construction of Four Lane Highway from Ghazipur- Ballia-UP/Bihar State Border Greenfield section of NH-31 Package IV [from Buxur Spur of length km 17.270 on EPC Mode in the state of Uttar Pradesh.,National Highways Authority of India [NHAI],Uttar Pradesh,10/2022,06/2023,06/2025,-,617.88,549.02,218.78,74,Roads & Highways
1311,618911,4L Greenfield Western Side spur of Rampur-Rudrapur Section from Km 0.000 to Km 13.700 connecting NH-24 to NH-87 bypassing rampur town,National Highways Authority of India [NHAI],Uttar Pradesh,12/2021,05/2023,11/2024,03/2026,646.27,637.83,146.09,61,Roads & Highways
1312,618925,Bijnor-Kotawali,National Highways Authority of India [NHAI],Uttar Pradesh,02/2021,11/2021,05/2023,02/2026,300.58,334.48,247.05,95,Roads & Highways
1313,618959,4L Prayagraj Greenfield By-pass from design Km 50860 near Nibi Kala Uperhar to design Km 64763 on NH-19 near Khodaypur Kasgaon including Interchange loop at NH-19,National Highways Authority of India [NHAI],Uttar Pradesh,08/2023,12/2023,03/2025,-,1017.99,427.54,406.1,99,Roads & Highways
1314,618960,4 Lane Inner Ring Road around Allahabad City Pkg-2 Prayagraj Southern Bypass 43.200 - 50.860,National Highways Authority of India [NHAI],Uttar Pradesh,08/2023,12/2023,06/2026,-,1377.51,1007.62,292.08,39,Roads & Highways
1315,618968,6L access control Greenfield highway of Vill-Khyawari to Vill-Latifpur at Saharanpur Bypass from Km. 82.000 to Km. 119.790 Pkg-4,National Highways Authority of India [NHAI],Uttar Pradesh,03/2021,09/2022,09/2024,-,1428.19,1439.35,1166.56,69,Roads & Highways
1316,618970,6L access control Greenfield highway of Vill-Lohadda to Vill-Karaunda Mahajan from Km. 27.000 to Km. 56.500 Pkg-2,National Highways Authority of India [NHAI],Uttar Pradesh,03/2021,09/2022,09/2024,-,1335.45,1335.38,977.98,62,Roads & Highways
1317,617929,Construction of 2 lane with paved shoulder of Kund Bypass from Design Km 35.130 to Km 47.700 existing Km 33.130 to Km 41.260 of NH-109 in the State of Uttarakhand,MoRTH,Uttarakhand,02/2018,05/2018,05/2020,02/2021,247.41,247.41,0,73,Roads & Highways
1318,617968,Construction & Widening Including Augustmuni Bypass Ch-16.545 to Ch - 19.890 to 2L/PS from Km 16.545-Km 33.130 & 45.980 -57.975 Augustmuni to Kund & Guptkashi to Sitapur on NH 109 in UK,MoRTH,Uttarakhand,03/2017,02/2018,02/2020,07/2021,418.89,418.89,178.35,95,Roads & Highways
1319,617970,Reconstruction of existing 2 L/IL to 2L with paved shoulder from existing km 52.200 to 92.880 of NH-,MoRTH,Uttarakhand,10/2016,06/2017,06/2019,03/2021,282.08,282.08,156.65,100,Roads & Highways
1320,617975,Rehabilitation and upgradation to 2 lane with paved shoulder configuration from km 122.00 Dharasu Bend to km 147.230 Silkyara Bend of NH-94 in the state of Uttarakhand,MoRTH,Uttarakhand,03/2017,11/2017,11/2019,10/2021,237.79,237.79,50.38,100,Roads & Highways
1321,618390,"Construction, Operation & Maintenance of 2-L Bi-directional Silkyara Bend- Barkot Tunnel with escape passage including approaches Tunnel-4.531 & Approach road- 0.328 on Dharasu-Yamunotri section b/w Chainage 25.400km and 51.00km falling along NH-134 Old NH-94 on EPC mode",NHIDCL,Uttarakhand,03/2018,07/2018,07/2022,06/2026,1383.78,1383.78,0,68,Roads & Highways
1322,618391,"Construction for Mitigation Measures of 5 Nos. Landslides, 05 No. Sinking Zones and 01 No. Bridge from Ch. 450.00 to Ch. 468.00 18 Km. Length on NH-07 Package-III",NHIDCL,Uttarakhand,12/2023,06/2024,12/2025,-,250.33,250.33,0,64,Roads & Highways
1323,618393,"Construction for Mitigation Measures of 10 Nos. Landslides, 01 No. Sinking Zones and 1 No. of Minor Bridge in between at Ch. Km 368.00 to Km 433.00 on NH-07 on EPC Mode in Uttarakhand Package-1",NHIDCL,Uttarakhand,12/2023,06/2024,12/2025,-,216.68,216.68,0,87,Roads & Highways
1324,617960,Construction of new road at the missing link portion of NH-81 along approved alignment between Harishchandrapur and Eastern approach of Kalindri Bridge from Km 46.550 to Km 59.697 in the district of Malda.,MoRTH,West Bengal,08/2016,11/2016,11/2018,11/2021,271.17,291.2,7.4,0,Roads & Highways
1325,618227,Development to 4/6-Lanning of NH-31 New NH-10 with both side service roads from 569.258 km to 581.030 km End of AH-02 on NH- 31 near Shivmandir to Sevoke Army Cantonment in districts of Darjeeling and Jalpaiguri in the state of West Bengal on EPC mode-reg.,MoRTH,West Bengal,03/2022,03/2023,09/2025,-,995.04,1059.2,435.36,61,Roads & Highways
1326,618427,Construction & upgradation of existing road to 2-lane with paved shoulder including geometric improvement of Kafer- Lava More section from km 40.00 to km 61.100 of NH717-A on EPC under SARDP-NE A in state of West Bengal Pkg-VA,NHIDCL,West Bengal,06/2020,10/2020,04/2023,10/2025,311.02,273.78,6.11,0,Roads & Highways
1327,618429,Construction & upgradation of existing road to 2-lane with paved shoulder including geometric improvement of sect. from Pedong bypass to Reshi Border km 79.700 to km 96.254 of NH-717A under SARDP-NE-A on EPC as part of Alternate connectivity to Gangtok Lava More-Reshi Border Pkg-VB,NHIDCL,West Bengal,06/2020,10/2020,04/2022,06/2023,345.38,395.59,0,0,Roads & Highways
1328,618430,Construction of alternative highway to Gangtok in Sikkim via Bagrakot -Chuikhim- Nimbong -Kafer-Bakhim-Algarah-Rhenock in the State of West Bengal and from Rhenok-Rorathang-Pakyong along with spur from Aritar-Rolep-Menla in the State of Sikkim from Km 0.00 to Km 13.00 of Bagrakot -Kafer section of NH 717A on EPC Mode under Phase-A of SARDP-NE in the State of West Bengal PKG- IVA,NHIDCL,West Bengal,03/2018,10/2019,04/2022,06/2025,402.94,402.94,0,0,Roads & Highways
1329,618431,Construction of alternative highway to Gangtok in Sikkim via Bagrakot -Chuikhim- Nimbong -Kafer-Bakhim-Algarah-Rhenock in the State of West Bengal and from Rhenok-Rorathang-Pakyong along with spur from Aritar-Rolep-Menla in the State of Sikkim from Km 13.00 to Km 25.60 of Bagrakot -Kafer section of NH 717A on EPC Mode under Phase-A of SARDP-NE in the State of West Bengal PKG- IVB,NHIDCL,West Bengal,03/2018,10/2020,04/2023,03/2025,295.97,295.97,0.39,0,Roads & Highways
1330,618825,Bridge over Ganga River at d/s of Farraka Barrage including Approaches connecting Farakka-Raiganj,National Highways Authority of India [NHAI],West Bengal,08/2018,12/2018,12/2021,02/2025,622.04,646.1,339.1,95,Roads & Highways
1331,618910,4L of Purulia Bypass section from Km 84.030 to Km 94.345 of NH-32,National Highways Authority of India [NHAI],West Bengal,01/2021,02/2022,08/2023,02/2024,557.55,562.57,444.43,65,Roads & Highways
1332,709859,SETTING UP OF PHYSICAL INFRASTRUCTURE FOR THE NATIONAL INSTITUTE OF COMMUNICATION FINANCE [NICF] AT GHITORNI,National Communication Academy - Finance (Erstwhile NICF),Delhi,10/2014,04/2018,02/2020,06/2026,248.2,248.2,236.91,98,Telecommunication
1333,701598,Provision of 4G based Mobile Services in Uncovered Villages and National Highways of Meghalaya,Department of Telecommunications,Meghalaya,09/2019,09/2020,03/2022,03/2026,971.96,971.96,215.36,99,Telecommunication
1334,617413,Mobile connectivity in Left Wing Extremism [LWE] affected areas-Phase 1 Upgradation,Department of Telecommunications [DoT],"Multi-States (Andhra Pradesh, Bihar, Chhattisgarh, Jharkhand, Madhya Pradesh, Maharashtra, Odisha, Telangana, Uttar Pradesh, West Bengal)",04/2022,05/2024,05/2025,03/2026,1884.6,1884.6,376.8,93,Telecommunication
1335,701599,Mobile connectivity in Left Wing Extremism [LWE] affected areas-Phase2,Department of Telecommunications [DoT],"Multi-States (Andhra Pradesh, Bihar, Chhattisgarh, Jharkhand, Madhya Pradesh, Maharashtra, Odisha, Telangana, Uttar Pradesh, West Bengal)",NA,09/2021,03/2023,03/2026,1577.57,1577.57,660.02,87,Telecommunication
1336,701602,"Provision of 4G based mobile services in 7,287 uncovered villages of 44 Aspirational District across 5 states of Andhra Pradesh, Chhattisgarh, Jharkhand, Maharashtra & Odisha",Department of Telecommunications [DoT],"Multi-States (Andhra Pradesh, Chhattisgarh, Jharkhand, Maharashtra, Odisha)",11/2021,05/2022,11/2023,05/2026,3685,3685,1332.2,82,Telecommunication
1337,701597,Provision of 4G Mobile Services in Uncovered Villages of Arunachal Pradesh and 2 Districts of Assam,Department of Telecommunications,"Multi-States (Arunachal Pradesh, Assam)",12/2020,10/2021,04/2023,03/2026,1255.49,1255.49,299.02,99,Telecommunication
1338,701600,354 Uncovered Villages Scheme,Department of Telecommunications [DoT],"Multi-States (Bihar, Gujarat, Himachal Pradesh, Jammu and Kashmir, Ladakh, Rajasthan, Uttar Pradesh)",12/2019,04/2020,10/2021,08/2025,336.89,301.13,237.19,100,Telecommunication
1339,704495,"502 Aspirational District Scheme in Four states - Bihar, Madhya Pradesh, Rajastha and Uttar Pradesh",Department of Telecommunications [DoT],"Multi-States (Bihar, Madhya Pradesh, Rajasthan, Uttar Pradesh)",NA,03/2021,03/2022,12/2025,421.65,228.94,143.06,97,Telecommunication
1340,709749,PHASE-I OF CONSOLIDATION OF EXISTING CDR DATA CENTERS AND NIB-P3 DATA CENTERS WITH STATE OF THE ART,BSNL,"Multi-States (Maharashtra, Telangana)",03/2020,03/2020,06/2021,12/2025,461.42,461.42,166.02,81,Telecommunication
1341,400013,Saturation 4G mobile coverage of Uncovered Villages through USOF,Department of Telecommunications [DoT],PAN India,07/2022,07/2022,06/2024,03/2026,26316,30620,9791.8,80,Telecommunication
1342,701593,4G Services by BSNL,Department of Telecommunications [DoT],PAN India,11/2020,11/2020,03/2024,03/2026,28466,19592,8471.19,97,Telecommunication
1343,706775,BharatNet,Department of Telecommunications [DoT],PAN India,07/2017,10/2011,08/2023,03/2027,61109,188000,46431.54,81,Telecommunication
1344,709856,MPLS-IP BASED ACCESS AND AGGREGATION NETWORK [MAAN] IN BSNL ALONG WITH TEST AND MEASURING EQUIPMENT,BSNL,PAN India,05/2023,05/2023,08/2024,01/2026,645.13,645.13,377.59,92,Telecommunication
1345,709857,"Planning, Engineering, Supply, Installation, Testing, Commissioning, Integration & Annual Maintenance of 4G mobile network at 1 Lakh sites on PAN India basis including Mumbai & Delhi LSA on turnkey basis under Phase IX.2 Project.",BSNL,PAN India,05/2023,06/2023,06/2025,03/2026,24544.55,24544.5,8472.04,97,Telecommunication
1346,616600,Interception and Diversion and STP works in Bhagalpur under Hybrid annuity based PPP mode-Namami Gange Programme,National Mission for Clean Ganga,Bihar,10/2017,03/2022,02/2025,12/2025,413.29,413.29,126.67,97,Waste & Water
1347,616611,Sewage Treatment Plant 100MLD and Sewerage Network 288 km in Digha-Patna under Hybrid annuity based PPP mode-Namami Gange Programme,National Mission for Clean Ganga,Bihar,08/2017,07/2019,12/2025,-,824,824,396.71,56,Waste & Water
1348,616612,Sewage Treatment Plant 50MLD and Sewerage Network 150 km in Kankarbagh- Patna under Hybrid annuity based PPP mode-Namami Gange Programme,National Mission for Clean Ganga,Bihar,08/2017,07/2019,12/2025,-,578.89,578.89,171.79,54,Waste & Water
1349,616615,"Sewer Network, SPS and STP at Begusarai",National Mission for Clean Ganga,Bihar,03/2010,03/2018,04/2025,12/2025,230.06,230.06,261.82,97,Waste & Water
1350,616616,"Sewer Networks, SPS and STP at Hajipur",National Mission for Clean Ganga,Bihar,03/2010,03/2018,06/2025,12/2025,305.19,305.19,346.46,95,Waste & Water
1351,616594,Interception & Diversion with Rehabilitation of sewerage scheme at Agra under Hybrid annuity based PPP model-Namami Gange Programme,National Mission for Clean Ganga,Uttar Pradesh,05/2020,04/2023,04/2025,12/2025,842.25,842.25,208.64,77,Waste & Water
1352,616605,Pollution Abatement Works for River Kali Meerut under Meerut Municipality Interception & Diversion with STP,National Mission for Clean Ganga,Uttar Pradesh,05/2020,11/2024,12/2024,05/2027,690.71,690.71,34.79,41,Waste & Water
1353,616604,Pollution Abatement works for River Ganga at Hooghly Chinsurah- Municipal Town Interception & Diversion with STP,National Mission for Clean Ganga,West Bengal,05/2018,12/2021,03/2025,12/2025,154.73,154.73,96.17,92,Waste & Water
1354,400100,Sardar Gouthu Latchanna Thotapalli Barrage Project,Water Resources-AP,Andhra Pradesh,04/2005,01/2006,12/2019,06/2026,353.05,1023.24,869.11,95,Water Resources
1355,400101,Gundlakamma project,Water Resources-AP,Andhra Pradesh,04/2005,04/2005,12/2019,03/2027,397.41,697.39,619.09,98,Water Resources
1356,701415,Polavaram Irrigation Project,Water Resources-AP,Andhra Pradesh,01/2009,11/2009,04/2022,03/2026,10151.04,55548.9,25833.68,84,Water Resources
1357,701370,Borolia Irrigation Project,"Department of Water Resources, River Development & GR",Assam,04/1996,12/1996,12/2022,03/2026,256.16,256.16,44.7,55,Water Resources
1358,400104,Punpun Barrage Project,Water Resources-BR,Bihar,04/2007,04/2007,12/2019,03/2026,571.07,658.12,447.68,44,Water Resources
1359,400111,Kelo Irrigation Project,Water Resources-CT,Chhattisgarh,04/2008,04/2008,12/2019,06/2026,459.97,727.04,616.93,72,Water Resources
1360,701399,Kudali Irrigation Project,"Department of Water Resources, River Development & GR",Chhattisgarh,04/2009,12/2009,12/2025,-,382.29,382.29,239.03,86,Water Resources
1361,400097,Sardar Sarovar CADWM Project,"Narmada and Water Resources, Water Supply and Kalpsar Department-GJ",Gujarat,04/2017,04/2017,12/2019,03/2026,5021.76,6670.31,4956.98,90,Water Resources
1362,701372,Sardar Sarovar Project,"Narmada and Water Resources, Water Supply and Kalpsar Department-GJ",Gujarat,04/1996,04/1996,12/2019,03/2026,20718.17,33412.5,31860.86,93,Water Resources
1363,701376,"Subernarekha Multipurpose Project, Jharkhand",Department of Water Resources-JH,Jharkhand,04/2011,01/2012,12/2019,03/2026,3807.77,9579.58,5790.29,70,Water Resources
1364,701377,Upper Tunga Irrigation Project,Water Resources-KA,Karnataka,04/2014,04/2014,12/2019,03/2026,770.16,1606.07,1515.32,99,Water Resources
1365,400096,Omkareshwar CADWM Project,Water resource-mp,Madhya Pradesh,04/2017,04/2017,12/2019,03/2026,648.09,648.09,206.06,49,Water Resources
1366,400115,Bargi Diversion Project Phase - IV [km. 154 to km 197],Water Resources-MP,Madhya Pradesh,04/2008,01/2009,12/2019,03/2026,751.03,893.35,783.1,75,Water Resources
1367,400116,Bargi Diversion Project Phase - III [km. 104 to km 154],Water Resources-MP,Madhya Pradesh,04/2007,04/2007,12/2019,03/2026,1229.15,1399.7,1993.52,80,Water Resources
1368,400095,Gosikhurd CADWM Project,Department of water resources-MH - II,Maharashtra,04/2017,04/2017,12/2019,06/2026,743.73,743.73,396.38,52,Water Resources
1369,400105,Urmodi Irrigation Project,Department of water resources-MH - II,Maharashtra,04/2017,04/2018,06/2022,12/2026,580.79,895.81,713.46,76,Water Resources
1370,400107,Sulwade-Jamphal-Kanoli Lift Irrigation Scheme,Department of water resources-MH - II,Maharashtra,04/2017,02/2019,06/2023,06/2027,2407.67,2407.67,2587.54,80,Water Resources
1371,400109,Purna Barrage-2 [Ner Dhamana] Medium Irrigation Project,Department of water resources-MH - II,Maharashtra,04/2017,04/2018,06/2020,06/2026,848.07,888.43,690.49,69,Water Resources
1372,400112,Jigaon Irrigation Project,Department of water resources-MH - II,Maharashtra,04/2017,04/2018,06/2028,-,7222.95,7222.95,9348.58,91,Water Resources
1373,617422,Bodwad Parisar Sinchan Yojna,Department of Water Resources-MH,Maharashtra,05/2002,01/2017,07/2027,-,1923.81,1923.81,1770.13,49,Water Resources
1374,701383,Waghur Project,Department of water resources-MH - II,Maharashtra,04/1996,04/1996,12/2019,03/2026,1058.99,1758.51,1557.67,89,Water Resources
1375,701386,Gosikhurd Project,Department of water resources-MH - II,Maharashtra,04/2008,04/2008,12/2019,06/2028,7196.47,12770.1,13898.18,72,Water Resources
1376,701391,Aruna Medium Irrigation Project,Department of water resources-MH - II,Maharashtra,04/2009,01/2010,12/2019,12/2025,210.45,1472.14,1705.83,97,Water Resources
1377,701396,Lower Pedhi Project,Department of water resources-MH - II,Maharashtra,04/2008,04/2008,12/2019,06/2026,255.97,1480.7,1324.98,65,Water Resources
1378,701398,Nardave Medium Irrigation Project,Department of water resources-MH - II,Maharashtra,04/2009,04/2009,12/2019,06/2026,211.46,781.85,623.5,72,Water Resources
1379,701400,Thoubal Multipurpose Project,Water Resources Department-MN,Manipur,04/1997,04/1997,12/2019,03/2026,1449.44,1822.24,1837.91,98,Water Resources
1380,701412,North Koel Reservoir Project,"Department of Water Resources, River Development & GR","Multi-States (Bihar, Jharkhand)",08/2017,01/2021,03/2021,03/2026,1622.27,2430.76,167.16,36,Water Resources
1381,603945,Integrated Anandpur Barrage Project,Water Resources-OR,Odisha,04/1997,01/1998,12/2019,06/2026,567.03,2990.05,2715.12,62,Water Resources
1382,701404,Kanupur Irrigation Project,Irrigation and CAD-TG,Odisha,04/2003,01/2004,12/2019,06/2026,989.43,2301.28,2712.75,79,Water Resources
1383,701410,Relining of Rajasthan feeder and Sirhind Feeder canal,Department of Water Resources-PB,Punjab,02/2016,04/2018,06/2021,06/2026,1441.26,2462.16,3012.69,80,Water Resources
1384,701411,Shahpur Kandi Dam Project,Department of Water Resources-PB,Punjab,02/2010,04/2018,06/2022,10/2025,2285.81,2715.7,2169.72,88,Water Resources
1385,400102,Sri Ram Sagar Project Stage - II,Irrigation and CAD-TG,Telangana,04/2005,04/2005,12/2019,03/2026,736.13,949.87,940.7,96,Water Resources
1386,400103,Indiramma Flood Flow Canal Project,Irrigation and CAD-TG,Telangana,04/2005,01/2006,12/2019,12/2026,1331.3,5940.09,4491.08,92,Water Resources
1387,701405,J. Chokka Rao Devadula Lift Irrigation Scheme,Irrigation and CAD-TG,Telangana,04/2006,04/2006,12/2019,12/2025,8200.71,14730,4664.8,87,Water Resources
1388,701406,Rajiv Bhima Lift Irrigation Scheme,Irrigation and CAD-TG,Telangana,04/2007,01/2008,12/2019,03/2026,1402,2509.66,1839.76,100,Water Resources
1389,400093,Saryu Nahar CADWM Project,Irrigation & Water Resources-UP,Uttar Pradesh,04/2017,04/2017,12/2019,03/2026,1672.7,1672.7,22.24,1,Water Resources
1390,701395,Morna [Gureghar] Irrigation Project,"Department of Water Resources, River Development & GR",Uttar Pradesh,04/2007,12/2007,12/2025,-,219.9,219.9,115.2,31,Water Resources
1391,701408,Madhya Ganga canal Phase-II,Irrigation & Water Resources-UP,Uttar Pradesh,04/2008,04/2008,12/2019,12/2025,1060.67,4417.21,4552.44,82,Water Resources
1392,613787,Jamrani Dam Multipurpose Project,Irrigation-UK,Uttarakhand,10/2023,11/2023,06/2029,-,2584.1,2584.1,987.61,21,Water Resources
