Sl.No,Project Code,Project Name,Agency,State,Date of Approval (MM/YYYY),Start Date (MM/YYYY),Original DoC (MM/YYYY),Revised DoC (MM/YYYY),Original Cost (Rs. Crore),Revised Cost (Rs. Crore),Cumulative Expenditure (Rs. Crore),NOV25 progress (%),Sector
1,612786,"Construction of New Domestic Terminal Building Building and miscellaneous works including maintenance, operations and AICMC at Kadapa Airport",Airport Authority of India [AAI],Andhra Pradesh,03/2023,01/2024,01/2026,03/2026,265.91,265.91,76.65,42,Aviation & Aviation Infrastructure
2,701107,Construction of New Integrated Terminal Building and associated works including apron to park 3 code E type of aircraft or 6 code C type of aircraft at Vijayawada Airport.,Airport Authority of India [AAI],Andhra Pradesh,06/2020,09/2020,09/2022,03/2026,611.8,611.8,523.14,86,Aviation & Aviation Infrastructure
3,701121,Construction of New Domestic Terminal Building at Rajahmundry Airport.,Airport Authority of India [AAI],Andhra Pradesh,12/2022,08/2023,08/2025,03/2026,347.15,347.15,109.62,64,Aviation & Aviation Infrastructure
4,706724,Guwahati Airport New Integrated Terminal Building Construction Project,Adani Airport Holdings Limited,Assam,12/2016,03/2018,03/2025,11/2025,1712,1712,2456.07,94,Aviation & Aviation Infrastructure
5,612183,Development of New Civil Enclave at Bihta,Airport Authority of India [AAI],Bihar,08/2024,03/2025,09/2027,-,1413,1413,0,1,Aviation & Aviation Infrastructure
6,612194,Development of New Civil Enclave and associated works at Darbhanga Airport,Airport Authority of India [AAI],Bihar,07/2024,07/2024,07/2026,-,911.66,911.66,227.32,43,Aviation & Aviation Infrastructure
7,701101,"Construction of New Domestic Terminal Building [Phase-I and II] and other allied structures at JPNI Airport, Patna",Airport Authority of India [AAI],Bihar,10/2018,10/2018,07/2023,11/2025,1216.9,1216.9,1137.89,96,Aviation & Aviation Infrastructure
8,701105,Goa Airport Terminal Building Extension Project,Airport Authority of India [AAI],Goa,11/2017,12/2019,12/2021,01/2026,255.69,255.69,154.3,97,Aviation & Aviation Infrastructure
9,701126,"Development of Dholera International Greenfield Airport , Gujarat",Airport Authority of India [AAI],Gujarat,06/2022,07/2022,06/2026,06/2026,1305,1551,739.77,68,Aviation & Aviation Infrastructure
10,611047,"Construction of NTB complex including apron, taxi track and other associated civil works and electrical & mechanical installations towards Tawi River side at CA Jammu.",Airport Authority of India [AAI],Jammu and Kashmir,07/2022,07/2023,06/2026,06/2026,861.37,861.37,229.1,39,Aviation & Aviation Infrastructure
11,612787,Construction of New Domestic Terminal Building and Miscellaneous works at Hubli Airport,Airport Authority of India [AAI],Karnataka,06/2023,01/2024,01/2026,03/2026,320.47,320.47,89.99,51,Aviation & Aviation Infrastructure
12,612788,Construction of New Domestic Terminal Building and Miscellaneous Works at Belagavi Airport.,Airport Authority of India [AAI],Karnataka,06/2023,02/2024,01/2026,02/2026,322.45,322.45,140.51,62,Aviation & Aviation Infrastructure
13,612789,"Development of additional RESA on either end on Runway 10-28 at Calicut Airport. Construction of embankment with slope protection, drainage system and associated works for additional RESA on either end on Runway 10-28",Airport Authority of India [AAI],Kerala,06/2023,02/2024,09/2025,03/2026,484.57,484.57,96.26,25,Aviation & Aviation Infrastructure
14,400010,"Construction of Terminal Building & Associated works at Leh Airport, Ladakh",Airport Authority of India [AAI],Ladakh,07/2018,09/2018,09/2021,07/2026,480,640,483.12,78,Aviation & Aviation Infrastructure
15,706718,C/o NITB Imphal Airport,Airport Authority of India [AAI],Manipur,11/2021,07/2022,07/2024,12/2026,499,499,156.06,42,Aviation & Aviation Infrastructure
16,611570,"SITC of ATM Automation System and ASMGCS [Including SMR & MLAT] for Mumbai, Navi Mumbai, Jewar [earlier MOPA, without ASMGCS], HIAL & BIAL",Airport Authority of India [AAI],"Multi-States (Karnataka, Maharashtra, Telangana, Uttar Pradesh)",12/2020,10/2022,09/2025,08/2026,500.48,500.48,339.1,75,Aviation & Aviation Infrastructure
17,701127,Construction of New Passenger Terminal Building for Domestic Operations at Jodhpur Airport.,Airport Authority of India [AAI],Rajasthan,05/2022,04/2023,11/2024,01/2026,480,480,323.18,98,Aviation & Aviation Infrastructure
18,701128,Construction of New Integrated Passenger Terminal Building at Udaipur Airport,Airport Authority of India [AAI],Rajasthan,06/2023,11/2023,03/2026,10/2026,887,887,416.67,55,Aviation & Aviation Infrastructure
19,612793,"Widening of basic strip at Western Side of Runway Chainage 80m to 920m i/c slope stabilization Measures [Balance work] of uphill and Improvement of Storm Water Drainage System at Pakyong Airport, Sikkim on design & build basis [EPC] with integrated 10 years maintenance.",Airport Authority of India [AAI],Sikkim,11/2023,12/2023,02/2026,-,323.26,323.26,38.7,18,Aviation & Aviation Infrastructure
20,611602,"Modernization of Chennai Airport, Phase II, Part 2",Airport Authority of India [AAI],Tamil Nadu,05/2018,06/2023,07/2025,06/2026,1207,1207,193.59,26,Aviation & Aviation Infrastructure
21,612063,"Construction of New Terminal Building, Second Link Taxi Track, Apron Expansion, and associated works at Prayagraj Airport- On Design & Build Basis.",Airport Authority of India [AAI],Uttar Pradesh,NA,08/2023,11/2024,10/2025,219.18,274.38,215.51,100,Aviation & Aviation Infrastructure
22,701113,"Development of Lal Bahadur Shastri International airport, Varanasi including C/o New Terminal Building, Apron Extension, Runway Extension, PTT and allied works.",Airport Authority of India [AAI],Uttar Pradesh,07/2024,07/2024,07/2027,07/2027,2869.65,2869.65,384.32,19,Aviation & Aviation Infrastructure
23,701122,Development of New Integrated Civil Enclave at Agra Airport,Airport Authority of India [AAI],Uttar Pradesh,06/2024,07/2024,07/2026,-,579,579,111.83,24,Aviation & Aviation Infrastructure
24,611495,Development of New Civil Enclave at Bagdogra Airport,Airport Authority of India [AAI],West Bengal,08/2024,09/2024,01/2027,01/2027,1549,1549,340.78,15,Aviation & Aviation Infrastructure
25,612791,"Re-Construction of Rigid portions of Secondary Runway, K and A Taxiway and Strengthening of C Taxiway at NSCBI Airport Kolkata.",Airport Authority of India [AAI],West Bengal,04/2023,12/2023,02/2025,08/2026,328.3,328.3,109.61,49,Aviation & Aviation Infrastructure
26,615820,TIKAK EXTENSION OCP,MIS MoCoal Integration Logins,Assam,07/2022,07/2022,07/2031,-,159.77,159.77,81.47,4,Coal
27,615821,TIRAP OCP,MIS MoCoal Integration Logins,Assam,11/2022,11/2022,11/2030,-,289.46,289.46,105.61,3,Coal
28,400144,PORDA CHIMTAPANI OCP [10 MTY],South Eastern Coalfields Limited [SECL],Chhattisgarh,12/2020,12/2020,03/2029,-,2310.12,2310.12,88.94,10,Coal
29,400145,CHHAL OC SEAM III [6 MTY],South Eastern Coalfields Limited [SECL],Chhattisgarh,12/2013,12/2013,03/2022,12/2025,610.63,610.63,580.56,85,Coal
30,400149,BAROUD OC EXPANSION [3.0-10.0M,South Eastern Coalfields Limited [SECL],Chhattisgarh,08/2020,08/2020,03/2029,-,2309.8,2309.8,939.29,50,Coal
31,400354,DIPKA EXPANSION OCP [40 MTY],South Eastern Coalfields Limited [SECL],Chhattisgarh,12/2020,12/2020,03/2029,-,5241.4,5241.4,2847.64,37,Coal
32,400424,GEVRA OC [70 MTY],South Eastern Coalfields Limited [SECL],Chhattisgarh,03/2016,03/2016,03/2023,03/2027,11816.4,11816.4,6710.57,78,Coal
33,613798,AMERA OC RCE [1.0 MTY],South Eastern Coalfields Limited [SECL],Chhattisgarh,02/2015,02/2015,03/2026,-,335.97,335.97,88.24,42,Coal
34,613799,AMGAON OC RCE [1.0 MTY],South Eastern Coalfields Limited [SECL],Chhattisgarh,07/2015,07/2015,03/2026,-,316.11,316.11,188.72,78,Coal
35,613800,JAGANNATHPUR OC RCE PROJECT,South Eastern Coalfields Limited [SECL],Chhattisgarh,07/2016,07/2016,03/2025,03/2026,459.49,459.49,274.35,96,Coal
36,613801,MAHAMAYA OCP [1.50 MTY],South Eastern Coalfields Limited [SECL],Chhattisgarh,05/2018,05/2018,03/2026,03/2028,410.26,410.26,182.83,54,Coal
37,615191,KATKONA RO UG MINE,South Eastern Coalfields Limited [SECL],Chhattisgarh,01/2023,01/2023,03/2029,-,329.21,329.21,61.34,2,Coal
38,616234,PELMA OC MDO,South Eastern Coalfields Limited [SECL],Chhattisgarh,10/2022,10/2022,03/2033,-,1725.04,1725.04,15.66,40,Coal
39,617287,KUSMUNDA OC EXPANSION PROJECT,SECL - CIL,Chhattisgarh,11/2024,11/2024,03/2030,-,4516.88,4516.88,782.97,21,Coal
40,617288,MANIKPUR OC EXPANSION PROJECT,South Eastern Coalfields Limited [SECL],Chhattisgarh,01/2025,01/2025,03/2029,-,382.61,382.61,113.03,21,Coal
41,400018,HURA C OCP,ECL - CIL,Jharkhand,08/2022,08/2022,03/2029,-,859.41,859.41,451.93,62,Coal
42,400073,KONAR EXPANSION OCP,Ministry of Coal,Jharkhand,01/2022,01/2022,03/2032,-,799.34,799.34,429.65,45,Coal
43,400074,KARO EXPANSION OCP,Ministry of Coal,Jharkhand,01/2022,01/2022,03/2029,-,908.47,908.47,269.26,22,Coal
44,400136,SANGHMITRA OC,Ministry of Coal,Jharkhand,03/2024,03/2024,03/2032,-,2660,2660,6.59,11,Coal
45,400138,CHANDRAGUPT OCP,Ministry of Coal,Jharkhand,08/2020,08/2020,03/2032,-,973.5,973.5,440.75,24,Coal
46,400139,KOTRE BASANTPUR PACHMO OCP,Ministry of Coal,Jharkhand,08/2020,08/2020,03/2032,-,861.06,625.4,455.95,42,Coal
47,400142,Pachwara South Coal Block,NLC India Limited [NLCIL],Jharkhand,03/2016,11/2019,09/2028,-,2242.9,2242.9,1231.67,74,Coal
48,400150,RPR MAGADH EXP OCP,Ministry of Coal,Jharkhand,08/2020,08/2020,03/2028,-,7254.37,7254.37,1600.77,38,Coal
49,400151,NORTH URIMARI EXPANSION OCP,Ministry of Coal,Jharkhand,07/2021,07/2021,03/2029,-,778.8,778.8,696.05,67,Coal
50,400153,EPR ROHINI - KARKETTA OCP,Ministry of Coal,Jharkhand,01/2021,01/2021,03/2028,-,1020.42,1020.42,84.74,21,Coal
51,400154,EPR PUNDI OCP,Ministry of Coal,Jharkhand,11/2020,11/2020,03/2027,-,713.35,713.35,236.58,10,Coal
52,400155,EPR ASHOK OC,Ministry of Coal,Jharkhand,05/2021,05/2021,03/2031,-,2898.28,2898.28,185.06,24,Coal
53,400156,EPR AMRAPALI OCP,Ministry of Coal,Jharkhand,02/2020,02/2020,03/2028,-,5136.15,5136.15,1189.84,42,Coal
54,400160,RAJRAPPA RCE OCP,Ministry of Coal,Jharkhand,12/2009,12/2009,03/2016,03/2027,510.85,510.85,488.69,76,Coal
55,400172,CHITRA EAST OC,Eastern Coal Fields Limited [ECL],Jharkhand,08/2018,08/2018,03/2026,03/2028,513.99,513.99,230.12,51,Coal
56,400352,JHARKHAND-LAIYO OCP,Ministry of Coal,Jharkhand,08/2020,08/2020,03/2031,-,764.57,764.57,145.81,29,Coal
57,400425,MOONIDIH XV SEAM UG,Ministry of Coal,Jharkhand,08/2011,08/2011,03/2019,05/2026,1230.27,1230.27,633.27,82,Coal
58,611017,2.5 MTPA PATHERDIH NLW WASHERY,Ministry of Coal,Jharkhand,10/2015,04/2016,04/2018,03/2026,334.27,334.27,148.72,48,Coal
59,611864,AMALAGAMATED NTST KUJAMA OCP 8.5MTY,Ministry of Coal,Jharkhand,01/2023,01/2023,03/2030,-,4011.85,4011.85,414.41,28,Coal
60,613808,MURAIDIH UG PROJECT,Ministry of Coal,Jharkhand,02/2011,02/2011,04/2014,12/2026,339.87,339.87,191,70,Coal
61,615349,TAPIN SOUTH EXPN,Ministry of Coal,Jharkhand,11/2020,11/2020,03/2028,-,230.41,230.41,22.02,20,Coal
62,615822,SIRKA OC,Ministry of Coal,Jharkhand,05/2020,05/2020,03/2028,-,222.82,222.82,140.58,53,Coal
63,615843,TETARIAKHAR OC,Ministry of Coal,Jharkhand,11/2019,11/2019,03/2025,03/2027,243.52,243.52,49.54,29,Coal
64,616225,CHUPERBHITA SIMLONG OCP MDO 6,Eastern Coal Fields Limited [ECL],Jharkhand,12/2023,12/2023,03/2037,-,979.08,979.08,0,0,Coal
65,616236,JARANGDIH EXPN. OCP 1.5 MTY,CCL - CIL,Jharkhand,02/2020,02/2020,03/2029,-,414.37,414.37,85.6,32,Coal
66,616253,BLOCK E OCP,Ministry of Coal,Jharkhand,03/2024,03/2024,03/2029,-,5850.83,5850.83,20.32,3,Coal
67,617416,"Revised Jharia Master Plan for Dealing with Fire, Subsidence & Rehabilitation of affected families in Jharia Coalfield- Reg.",Bharat Coking Coal Limited (BCCL),Jharkhand,06/2025,07/2025,12/2028,-,5940.47,5940.47,1.31,12,Coal
68,400148,AMADAND OCP[4.0MTY],Ministry of Coal,Madhya Pradesh,03/2016,03/2016,03/2021,03/2027,869.44,869.44,278.42,75,Coal
69,400152,RAMPUR BATURA OCP [4.0MTY],South Eastern Coalfields Limited [SECL],Madhya Pradesh,07/2019,07/2019,03/2026,-,1248.93,1248.93,498.36,44,Coal
70,400162,BLOCK B EXPANSION [3.5 TO 8.0,Northern Coalfields Limited [NCL],Madhya Pradesh,07/2019,07/2019,03/2023,03/2027,998.71,998.71,476.83,47,Coal
71,400321,NIGAHI EXPANSION [15 TO 25 MTP,Northern Coalfields Limited [NCL],Madhya Pradesh,11/2020,11/2020,03/2025,03/2028,1729.68,1729.68,841.25,48,Coal
72,613802,KANCHAN OC EXP,South Eastern Coalfields Limited [SECL],Madhya Pradesh,12/2014,12/2014,03/2026,-,371.04,371.04,144.61,58,Coal
73,613803,JHIRIA WEST OCP [1.5 MTY],South Eastern Coalfields Limited [SECL],Madhya Pradesh,01/2024,01/2024,03/2029,-,366.94,366.94,34.1,41,Coal
74,613804,RPR TAWA-III UG 0.84 MTY,Western Coalfields Limited [WCL],Madhya Pradesh,12/2021,12/2021,03/2027,-,314.09,314.09,6.84,17,Coal
75,615185,AMALGAMATED DHANKASA & JAMUNIA,Western Coalfields Limited [WCL],Madhya Pradesh,09/2022,09/2022,03/2027,-,399.2,399.2,93.52,66,Coal
76,615187,RPR OF VISHNUPURI UG TO OC,Western Coalfields Limited [WCL],Madhya Pradesh,11/2022,11/2022,03/2029,-,220.62,220.62,0,11,Coal
77,615194,URDHAN EXPANSION OC COST PLUS,Western Coalfields Limited [WCL],Madhya Pradesh,07/2022,01/2023,03/2031,-,206.88,206.88,27.19,0,Coal
78,615195,SHARDA UG MINE,Western Coalfields Limited [WCL],Madhya Pradesh,07/2022,09/2023,03/2028,-,166.25,166.25,5.12,9,Coal
79,615206,GANDHIGRAM UG MINE,Western Coalfields Limited [WCL],Madhya Pradesh,08/2019,08/2019,03/2026,-,414.15,414.15,14.41,56,Coal
80,400033,BHATADI EXPANSION OC,Western Coalfields Limited [WCL],Maharashtra,02/2020,05/2022,03/2028,-,580.61,580.61,80.95,31,Coal
81,400177,AMALGAMATED YEKONA I & YEKONA,Western Coalfields Limited [WCL],Maharashtra,08/2015,08/2015,03/2025,03/2026,727.28,727.28,539.9,80,Coal
82,400178,DINESH[MAKARDHOKRA-III] OC,Western Coalfields Limited [WCL],Maharashtra,02/2020,02/2020,03/2027,-,822.88,822.88,622.29,34,Coal
83,400353,DHUPTALA OC [SASTI UG TO OC ],Western Coalfields Limited [WCL],Maharashtra,02/2019,10/2021,03/2028,-,711.01,711.01,169.24,19,Coal
84,615184,SAONER UG MINE -1 EXPANSION 1.,Western Coalfields Limited [WCL],Maharashtra,01/2022,01/2022,03/2028,-,228.64,228.64,143.48,68,Coal
85,615186,SASTI EXPANSION OPENCAST,Western Coalfields Limited [WCL],Maharashtra,08/2020,08/2020,03/2026,-,319.04,319.04,91.6,20,Coal
86,615188,NEW MAJRI UG TO OC 3 MTY COST,Western Coalfields Limited [WCL],Maharashtra,05/2019,09/2022,03/2027,-,402.27,402.27,60.07,24,Coal
87,615189,MAKARDHOKRA EXPN OC 4.9 MTY,Western Coalfields Limited [WCL],Maharashtra,06/2022,06/2022,03/2026,-,361.87,361.87,77.54,11,Coal
88,615190,SINGHORI DEEP OC MIN 2.0 MTY,Western Coalfields Limited [WCL],Maharashtra,05/2022,05/2022,03/2029,-,335.75,335.75,26.98,6,Coal
89,615192,GOKUL EXTENSION OC MINE,Western Coalfields Limited [WCL],Maharashtra,04/2021,04/2021,03/2026,-,309.58,309.58,45.87,8,Coal
90,615199,KOLGAON EXPANSION DEEP OC MINE,Western Coalfields Limited [WCL],Maharashtra,01/2023,09/2023,03/2027,-,198.71,198.71,10.55,2,Coal
91,615330,BALLARPUR NORTH WEST OC MINE,Western Coalfields Limited [WCL],Maharashtra,12/2022,12/2022,03/2029,-,360.81,360.81,0.02,4,Coal
92,615331,GADEGAON OC 3 MTY,Western Coalfields Limited [WCL],Maharashtra,10/2023,10/2023,03/2030,-,497.41,497.41,0.08,0,Coal
93,615914,GHONSA EXPANSION DEEP OC MINE,Western Coalfields Limited [WCL],Maharashtra,03/2021,03/2021,03/2029,-,184.71,184.71,14.48,5,Coal
94,615916,AMLG GAURI PAUNI EXPANSION OC,Western Coalfields Limited [WCL],Maharashtra,04/2024,04/2024,03/2030,-,1225.21,1225.21,80.14,2,Coal
95,615917,GAURIDEEP/GAURI CENTRAL OCP 7.,Western Coalfields Limited [WCL],Maharashtra,08/2023,06/2024,03/2030,-,973.07,973.07,0.67,0,Coal
96,615918,RPR OF BHANEGAON OC,Western Coalfields Limited [WCL],Maharashtra,02/2017,09/2022,03/2028,-,405.2,405.2,12.39,7,Coal
97,615919,N. EXTN. MUNGOLI NIRGUDA D OCP,Western Coalfields Limited [WCL],Maharashtra,06/2024,06/2024,03/2029,-,1024.91,1024.91,175.93,0,Coal
98,615982,NILJAI EXPANSION DEEP OCP,Western Coalfields Limited [WCL],Maharashtra,08/2016,08/2016,03/2022,03/2026,319.75,319.75,185.91,79,Coal
99,616044,UKNI DEEP OC MINE -COST PLUS,Western Coalfields Limited [WCL],Maharashtra,11/2018,01/2019,03/2021,03/2026,237.06,237.06,165.76,87,Coal
100,616050,AMALGAMATED INDER-KAMPTEE DEEP,Western Coalfields Limited [WCL],Maharashtra,09/2018,09/2018,03/2024,03/2026,235.9,235.9,131.81,98,Coal
101,616223,ADASA UG TO OC MINE,Western Coalfields Limited [WCL],Maharashtra,11/2018,11/2018,03/2024,03/2026,316,316,208.63,86,Coal
102,616229,AMAL GONDEGAON GHATROHANA EXPN,Western Coalfields Limited [WCL],Maharashtra,09/2024,09/2024,03/2029,-,668.54,668.54,1.19,0,Coal
103,617233,WAGHODA UG MINE [1.02 MTY],Western Coalfields Limited [WCL],Maharashtra,01/2024,01/2025,03/2030,-,379.3,379.3,0,0,Coal
104,617278,KOLARPIMPRI EXPANSION OC [2.5,Western Coalfields Limited [WCL],Maharashtra,06/2024,02/2025,03/2030,-,630.37,630.37,0,0,Coal
105,400313,Master Plan for Jharia and Raniganj Coalfields,Bharat Coking Coal Limited [BCCL],"Multi-States (Jharkhand, West Bengal)",08/2009,08/2009,08/2019,12/2028,2661.73,2661.73,792.45,43,Coal
106,400369,BINA KAKRI AMALGAMATION EXPANS,Northern Coalfields Limited [NCL],"Multi-States (Madhya Pradesh, Uttar Pradesh)",08/2020,08/2020,03/2024,03/2027,836.42,836.42,812.73,89,Coal
107,615183,KHADIA EXPANSION [10 TO 16 MTP,Northern Coalfields Limited [NCL],"Multi-States (Madhya Pradesh, Uttar Pradesh)",06/2021,06/2021,03/2025,03/2027,491.67,491.67,247.06,50,Coal
108,400165,SUBHADRA OCP,Mahanadi Coalfields Limited [MCL],Odisha,05/2021,05/2021,04/2032,-,1693.81,1693.81,1324.37,42,Coal
109,400166,SIARMAL OCP,Mahanadi Coalfields Limited [MCL],Odisha,02/2021,02/2021,03/2029,-,5194.95,5194.95,3460.35,57,Coal
110,400183,BALARAM EXPANSION OCP,Mahanadi Coalfields Limited (MCL),Odisha,06/2020,08/2020,03/2029,-,3504.21,3504.21,924.23,53,Coal
111,400185,GOPALJI KANIHA OCP [10 TO 30 M,MCL - CIL,Odisha,04/2022,04/2022,03/2030,-,8416.19,6107.87,1742.12,17,Coal
112,400187,INTEGRATED LAKHANPUR-BELPAHAR-,Mahanadi Coalfields Limited [MCL],Odisha,05/2018,05/2018,03/2027,-,2434.75,2434.75,1840.93,71,Coal
113,400392,BHARATPUR RE-ORGANIZATION OCP,Mahanadi Coalfields Limited [MCL],Odisha,11/2018,11/2018,03/2029,-,2838.86,2838.86,1673.58,48,Coal
114,615193,BASUNDHARA WEST EXTENSION OPEN,MCL - CIL,Odisha,05/2014,05/2014,03/2019,03/2029,479.15,479.15,274.63,64,Coal
115,615857,Naini Coal Mine,Singareni Collieries Company Limited [SCCL],Odisha,03/2020,03/2020,03/2026,-,494.3,494.3,491.33,80,Coal
116,616226,INTEGRATED KULDA GARJANBAHAL O,Mahanadi Coalfields Limited [MCL],Odisha,04/2023,04/2023,03/2033,-,3563.5,3563.5,592.57,3,Coal
117,616231,BHUBANESWARI EXPN OCP 50 MTY,MCL - CIL,Odisha,03/2024,03/2024,03/2033,-,5366.27,5366.27,468.15,29,Coal
118,616232,HINGULA II OC EXPN PH III 15 M,MCL - CIL,Odisha,11/2022,11/2022,03/2029,-,1561.85,1561.85,272.99,24,Coal
119,616233,BALABHADRA OCP,MCL - CIL,Odisha,04/2023,04/2023,03/2030,-,978.44,978.44,212.94,12,Coal
120,615818,Jawahar Khani Open Cast Mine,Singareni Collieries Company Limited [SCCL],Telangana,12/2021,12/2021,03/2025,03/2027,297.88,297.88,46.95,20,Coal
121,615858,Kalyanikhani Opencast Project,Singareni Collieries Company Limited [SCCL],Telangana,03/2016,05/2017,03/2026,-,384.32,384.32,284.06,75,Coal
122,615859,Kakathiya Khani Opencast - III Project Phase - I,Singareni Collieries Company Limited [SCCL],Telangana,03/2017,05/2017,03/2026,-,413.84,413.84,397.55,79,Coal
123,615860,Godavarikhani Coal Mine - 5,Singareni Collieries Company Limited [SCCL],Telangana,07/2019,05/2019,03/2025,03/2026,607.04,607.04,191.78,71,Coal
124,615861,Indaram Opencast Project,Singareni Collieries Company Limited [SCCL],Telangana,08/2017,12/2022,03/2025,03/2026,424.81,424.81,405,80,Coal
125,615862,Goleti Opencast Mine,Singareni Collieries Company Limited [SCCL],Telangana,07/2021,08/2021,03/2026,-,345.6,345.6,76.19,21,Coal
126,615863,Venkatesh Khani Coal Mine,Singareni Collieries Company Limited [SCCL],Telangana,10/2020,06/2020,03/2026,-,484.5,484.5,477.14,97,Coal
127,615864,Ramagundam OC-II Extension Project,Singareni Collieries Company Limited [SCCL],Telangana,11/2015,06/2015,03/2026,-,489.62,489.62,405.54,77,Coal
128,615865,Kakatiyakhani OC - 2 Project,Singareni Collieries Company Limited [SCCL],Telangana,08/2017,09/2017,03/2025,03/2026,442.42,442.42,230.28,63,Coal
129,400173,MOHANPUR EXPANSION OC -PHASE I,Eastern Coal Fields Limited [ECL],West Bengal,11/2020,11/2020,03/2026,03/2030,888.99,888.99,117.17,30,Coal
130,400180,BONJEMEHARI EXPANSION OCP,Eastern Coal Fields Limited [ECL],West Bengal,08/2021,08/2021,03/2026,03/2030,570.11,570.11,82.77,16,Coal
131,400181,NAKRAKONDA KUMARDIH- B OCP,Eastern Coal Fields Limited [ECL],West Bengal,08/2018,08/2018,03/2029,-,502.68,502.67,71.34,26,Coal
132,400182,SIDULI [OC & UG],ECL - CIL,West Bengal,05/2018,05/2018,03/2027,03/2030,535.18,535.17,5.28,14,Coal
133,400186,TILABONI UG,Eastern Coal Fields Limited [ECL],West Bengal,01/2023,01/2023,03/2029,-,749.08,749.07,52.86,10,Coal
134,400312,JHANJRA EXPANSION UG,Eastern Coal Fields Limited [ECL],West Bengal,04/2020,04/2020,03/2029,-,1210.12,1210.12,542.09,44,Coal
135,400315,SONEPUR BAZARI EXPANSION OCP [,Eastern Coal Fields Limited [ECL],West Bengal,07/2021,07/2021,03/2029,-,5365.88,5365.88,586.07,17,Coal
136,611016,2.0 MTPA BHOJUDIH NLW WASHERY,Ministry of Coal,West Bengal,12/2015,03/2019,09/2020,12/2025,384.57,384.57,357.14,97,Coal
137,612816,ITAPARA OCP,Eastern Coal Fields Limited [ECL],West Bengal,12/2023,12/2023,03/2030,-,929.1,929.1,69.49,7,Coal
138,613793,SHYAMSUNDARPUR UG INCLUDING SA,Eastern Coal Fields Limited [ECL],West Bengal,04/2020,04/2020,03/2026,03/2028,483.65,483.65,60.99,12,Coal
139,613794,PARASEA-BELBAID UG PROJECT,Eastern Coal Fields Limited [ECL],West Bengal,01/2023,01/2023,03/2028,-,389.1,389.1,132.48,21,Coal
140,616230,PARASCOLE JAMBAD OCP,Eastern Coal Fields Limited [ECL],West Bengal,11/2024,11/2024,03/2037,-,1193.55,1193.55,9.53,0,Coal
141,617299,50 MW Wind Power Project,NLC India Limited [NLCIL],Gujarat,07/2022,01/2024,06/2025,01/2026,383.84,383.84,319.71,47,Electricity Generation
142,617730,600 MW Khavda Solar Power Project,NLC India Limited [NLCIL],Gujarat,08/2023,06/2024,06/2026,-,3335.85,3335.85,738.34,22,Electricity Generation
143,400231,NLC Talabira Thermal Power Project,NLC India Limited [NLCIL],Odisha,01/2017,01/2024,03/2030,-,27212.96,27213,2550.76,1,Electricity Generation
144,612819,300 MW SPP part of 510 MW CPSU scheme,NLC India Limited [NLCIL],Rajasthan,07/2022,03/2023,09/2024,12/2025,1813,1813,1393.34,86,Electricity Generation
145,615327,50 MW Solar PP Minedout Area,NLC India Limited [NLCIL],Tamil Nadu,08/2023,02/2024,03/2025,12/2025,218.03,218.03,164.7,75,Electricity Generation
146,400259,Ghatampur Thermal Power Plant 3 X 660 MW,NLC India Limited [NLCIL],Uttar Pradesh,07/2016,08/2016,11/2020,03/2026,17237.8,21780.9,20711.46,93,Electricity Generation
147,400203,Dharamjaigarh-Korba,Railway,Chhattisgarh,05/2018,03/2017,12/2026,08/2026,1686.22,1686.22,439.98,42,Railways
148,400416,Shivpur-Kathautia New Rail [BG] Line [49 km] [Package II of Tori-Shivpur-Kathautia line],Ministry of Coal,Jharkhand,02/2018,05/2022,06/2025,06/2026,1799.64,2564.34,1489.74,64,Railways
149,400192,Tubed Coal Mine,Damodar Valley Corporation,Jharkhand,07/2016,10/2016,05/2026,05/2026,1581,1581,598.62,36,Coal
150,603293,Badam Coal Mining project of NTPC,National Thermal Power Corporation [NTPC],Jharkhand,02/2019,09/2019,12/2056,04/2027,502,784,388.29,59,Coal
151,602182,Dibang Multipurpose Project,National Hydroelectric Power Corporation Limited [NHPC],Arunachal Pradesh,02/2023,02/2023,02/2032,02/2032,31876.39,31876.4,3776.74,16,Electricity Generation
152,611698,240MW Heo HE Project,North Eastern Electric Power Corporation Limited,Arunachal Pradesh,12/2024,05/2025,07/2029,-,1938.85,1938.85,64.76,3,Electricity Generation
153,611699,186 MW Tato-I H E Project,North Eastern Electric Power Corporation Limited,Arunachal Pradesh,12/2024,05/2025,07/2029,-,1750.07,1750.07,63.73,2,Electricity Generation
154,602579,Buxar Thermal Power Project [1320 MW],Satluj Jal Vidyut Nigam [SJVN] Thermal Limited,Bihar,03/2019,06/2019,01/2024,12/2025,10439.09,13756.6,12691.85,93,Electricity Generation
155,611930,Lara Super Thermal Power Project Stage-II [2 x 800 MW],National Thermal Power Corporation [NTPC],Chhattisgarh,08/2023,08/2023,06/2028,-,15530,16106,3131.26,19,Electricity Generation
156,617188,"Sipat Super Thermal Power Project, Stage-III [1x800 MW]",National Thermal Power Corporation [NTPC],Chhattisgarh,09/2024,09/2024,09/2029,-,9791,9791,963.88,8,Electricity Generation
157,709747,Bagodara Solar Power Project,Satluj Jal Vidyut Nigam [SJVN] Thermal Limited,Gujarat,03/2021,05/2021,12/2025,12/2025,339.35,339.35,317.59,51,Electricity Generation
158,602582,Dhaulasidh Hydro Electric Project [66 MW],Satluj Jal Vidyut Nigam [SJVN] Thermal Limited,Himachal Pradesh,10/2020,05/2021,11/2025,03/2027,687.97,1561.21,997.55,71,Electricity Generation
159,602593,Luhri Stage-I Hydro Electric Project [210 MW],Satluj Jal Vidyut Nigam [SJVN] Thermal Limited,Himachal Pradesh,11/2020,11/2020,01/2026,02/2030,1810.56,4681.64,1818.61,51,Electricity Generation
160,602633,382 MW Sunni Dam HEP,Satluj Jal Vidyut Nigam [SJVN] Thermal Limited,Himachal Pradesh,NA,04/2018,03/2027,-,2615,2615,495.57,0.5,Electricity Generation
161,611586,Sunni Dam Hydro Electric Project [382 MW],Satluj Jal Vidyut Nigam [SJVN] Thermal Limited,Himachal Pradesh,01/2023,01/2023,04/2028,12/2029,2614.51,4540.71,1015.36,30,Electricity Generation
162,602525,"Pakal Dul [Drangdhuran] Hydroelectric Project, 1000 MW",National Hydroelectric Power Corporation Limited [NHPC],Jammu and Kashmir,10/2014,02/2018,04/2020,12/2026,8112.12,12728,7785.72,76,Electricity Generation
163,602532,Kiru HE Project,National Hydroelectric Power Corporation Limited [NHPC],Jammu and Kashmir,03/2019,02/2020,09/2023,12/2026,4287.59,5409,3186.98,73,Electricity Generation
164,602535,"Ratle HE Project - 850 MW, Ratle Hydroelectric Power Corporation Limited.",National Hydroelectric Power Corporation Limited [NHPC],Jammu and Kashmir,02/2021,01/2022,02/2026,11/2028,5281.94,5281.94,1298.42,26,Electricity Generation
165,605155,Kwar HE Project,National Hydroelectric Power Corporation Limited [NHPC],Jammu and Kashmir,05/2022,11/2022,11/2026,03/2028,4526.12,4526.12,1140.08,25,Electricity Generation
166,400261,Patratu Thermal Power Station Expansion Project Phase-I [3x800 MW],National Thermal Power Corporation [NTPC],Jharkhand,11/2017,11/2017,03/2023,11/2026,18668,20302,17928.61,86,Electricity Generation
167,611509,"Koderma Thermal Power Station Phase II [2X800 MW] At Koderma, Jharkhand",Damodar Valley Corporation,Jharkhand,04/2023,11/2024,03/2029,-,14358,14358,1450.04,4,Electricity Generation
168,602096,Subansiri Lower HE Project [2000 MW],National Hydroelectric Power Corporation Limited [NHPC],"Multi-States (Arunachal Pradesh, Assam)",09/2003,01/2005,09/2010,05/2026,6285.33,26075.5,25415.23,97,Electricity Generation
169,602961,Talcher Thermal Power Station Stage III [2 x 660 MW] Expansion,National Thermal Power Corporation [NTPC],Odisha,08/2022,09/2022,05/2027,03/2028,11843.75,12543,5042.25,43,Electricity Generation
170,709748,BIKANER SOLAR POWER PROJECT,Satluj Jal Vidyut Nigam [SJVN] Thermal Limited,Rajasthan,10/2021,05/2022,04/2024,12/2025,5491.89,5491.89,5376.34,92,Electricity Generation
171,602181,"TEESTA-VI HE PROJECT, SIKKIM [500 MW], executed by LANCO TEESTA HYDRO POWER LIMITED [A wholly owned Subsidiary of NHPC LTD. acquired through NCLT]",National Hydroelectric Power Corporation Limited [NHPC],Sikkim,03/2019,03/2020,03/2024,12/2027,5748.04,5748.04,3887.11,70,Electricity Generation
172,605156,Rangit-IV HE Project [120 MW] executed by Jal Power Corporation Ltd. [JPCL] - A wholly owned subsidiary of NHPC Ltd. acquired through NCLT,National Hydroelectric Power Corporation Limited [NHPC],Sikkim,03/2021,08/2021,05/2024,12/2025,938.29,1828.11,1488.78,93,Electricity Generation
173,602194,Khurja super Thermal Power Plant [2X660 MW],THDC India Limited,Uttar Pradesh,03/2019,08/2019,02/2024,09/2025,11089.42,13276.2,12951.99,100,Electricity Generation
174,612142,"Singrauli Super Thermal Power Project, Stage-III [2x800 MW]",National Thermal Power Corporation [NTPC],Uttar Pradesh,03/2024,03/2024,02/2030,-,17195,17195,2211.69,13,Electricity Generation
175,602185,Tapovan-Vishnugad HEP [4x130 MW],National Thermal Power Corporation [NTPC],Uttarakhand,11/2006,11/2006,03/2013,04/2029,2978,10907.3,7291,77,Electricity Generation
176,602193,Tehri Pumped Storage Plant Project [4x250 MW],THDC India Limited,Uttarakhand,07/2006,06/2011,06/2022,01/2026,4825.6,8339,8169.51,98,Electricity Generation
177,602195,Vishnugad Pipalkoti Hydro Electric Project [444 MW],THDC India Limited,Uttarakhand,08/2008,01/2014,12/2022,03/2027,3860.35,6823.72,5328.31,73,Electricity Generation
178,400062,"Raghunathpur Thermal Power Station Phase II [2X660 MW] at Raghunathpur, Purulia, West Bengal",Damodar Valley Corporation,West Bengal,01/2023,02/2025,06/2029,-,17673,17673,1458.01,2,Electricity Generation
179,602184,Rammam-III HEPP [3x40 MW],National Thermal Power Corporation [NTPC],West Bengal,09/2014,09/2014,09/2019,03/2029,1381.84,2865.56,1393.94,51,Electricity Generation
180,602538,Installation of FGD for 4x210 & 2x250 MW MTPS U 1-6,Damodar Valley Corporation,West Bengal,06/2019,02/2021,01/2024,12/2025,1037,1106,1111.01,93,Electricity Generation
181,611967,Transmission Scheme for Solar Energy Zone in Ananthpuram 2500MW and Kurnool 1000MW,Power Grid Corporation of India Limited [POWERGRID],Andhra Pradesh,09/2023,09/2023,09/2025,03/2026,1248.69,1248.69,1023.92,90,Transmission & Distribution
182,612856,Augmentation of 1x1500 MVA 3rd 765/400 kV transformation capacity at Kurnool New Substation,Power Grid Corporation of India Limited [POWERGRID],Andhra Pradesh,05/2023,12/2023,09/2025,01/2026,163.61,163.61,88.34,82,Transmission & Distribution
183,617183,Transmission system strengthening at Kurnool- III PS for integration of additional RE generation projects [POWERGRID Kurnool III PS RE Transmission Limited],Power Grid Corporation of India Limited [POWERGRID],Andhra Pradesh,03/2025,03/2025,12/2027,-,2886,2886,141.7,7,Transmission & Distribution
184,617375,North Eastern Region Expansion Scheme-XXIII [NERES-XXIII],Power Grid Corporation of India Limited [POWERGRID],Arunachal Pradesh,08/2025,08/2025,02/2028,-,209.38,209.38,0.04,0,Transmission & Distribution
185,611657,Transmission scheme for evacuation of 4.5GW RE injection at Khavda PS under Phase II- Part C,Power Grid Corporation of India Limited [POWERGRID],Gujarat,03/2023,03/2023,03/2025,12/2025,2820.99,2820.99,2783.19,95,Transmission & Distribution
186,612139,Transmission system for Evacuation of Additional 7 GW RE power from Khavda RE park under Phase-III Part B [Vataman Transmission Limited],Power Grid Corporation of India Limited [POWERGRID],Gujarat,12/2023,12/2023,12/2025,12/2026,3751.82,3751.82,2025.98,32,Transmission & Distribution
187,612151,Transmission System for Evacuation of Power from potential Renewable Energy zone in Khavda Area of Gujarat under Phase IV [7 GW] Part E3,Power Grid Corporation of India Limited [POWERGRID],Gujarat,07/2023,07/2023,07/2025,03/2026,334,334,207.08,78,Transmission & Distribution
188,612855,Transmission System for Evacuation of Power from Potential Energy Renewable Zone in Khavda Area of Gujarat under Ph-IV [7GW] Part E2,Power Grid Corporation of India Limited [POWERGRID],Gujarat,05/2024,05/2024,05/2026,06/2026,679,679,142.59,30,Transmission & Distribution
189,615342,Augmentation of Transformation Capacity at jam Khambhaliya PS [GIS] [SPV Name POWERGRID Jam Khambhaliya Transmission Limited],Power Grid Corporation of India Limited [POWERGRID],Gujarat,10/2024,10/2024,07/2026,-,329,329,13.17,3,Transmission & Distribution
190,615343,Provision of Dynamic Reactive Compensation at Khavda pooling Station 1 [KPS1] and Khavda Pooling station 3 [KPS3],Power Grid Corporation of India Limited [POWERGRID],Gujarat,11/2024,11/2024,11/2026,-,501,501,8.11,2,Transmission & Distribution
191,615345,Transmission System for Evacuation of Power from Potential Renewable Energy Zone in Khavda area of Gujarat under Phase-IV [7GW] Part B [SPV Name POWERGRID South Olpad Transmission Limited],Power Grid Corporation of India Limited [POWERGRID],Gujarat,10/2024,10/2024,10/2026,03/2027,4766,4766,762.56,10,Transmission & Distribution
192,617069,Augmentation of Transformation Capacity at KPS1 [GIS] and KPS2 [GIS] [Phase-V Part B1 and Part B2 Scheme] [SPV Name- POWERGRID KPS1 and 2 Augmentation Transmission Limited],Power Grid Corporation of India Limited [POWERGRID],Gujarat,02/2025,02/2025,02/2027,-,466,466,23.99,1,Transmission & Distribution
193,617182,Augmentation of Banaskantha [Raghanesda] PS [GIS] [POWERGRID Banaskantha Transco Limited],Power Grid Corporation of India Limited [POWERGRID],Gujarat,03/2025,03/2025,03/2027,-,172,172,17.27,18,Transmission & Distribution
194,617391,Augmentation of Transformation Capacity at Bhuj-II PS [GIS],Power Grid Corporation of India Limited [POWERGRID],Gujarat,02/2025,02/2025,11/2026,03/2027,488.29,488.29,0.22,0,Transmission & Distribution
195,617405,Jamnagar Transmission Limited,Adani Transmission Limited,Gujarat,NA,10/2024,10/2026,-,4000,4000,0,0,Transmission & Distribution
196,617801,Provision of ICT Augmentation & Bus Reactor at Bhuj-II PS,Power Grid Corporation of India Limited [POWERGRID],Gujarat,03/2025,03/2025,12/2026,03/2027,581.74,581.74,0.2,0,Transmission & Distribution
197,617272,Implementation of LILO of both circuits of 400KV vindhyachal PS-Sasan D/C Line at Hindalco Switchyard,Power Grid Corporation of India Limited [POWERGRID],Haryana,06/2024,06/2024,12/2026,-,370,370,22.2,6,Transmission & Distribution
198,617179,Transmission Scheme for evacuation of Power from Ratle HEP [850 MW] & kiru [624 MW] Part B,Power Grid Corporation of India Limited [POWERGRID],Jammu and Kashmir,07/2024,07/2024,07/2026,03/2027,218.6,218.6,2.61,0,Transmission & Distribution
199,617326,Implementation of Transmission Systems in the State of Jharkhand consisting of 400/220/132/33 kV transmission lines and substations under Jharkhand Consultancy Project,Power Grid Corporation of India Limited [POWERGRID],Jharkhand,02/2012,02/2012,03/2026,-,1842.25,1842.25,1648.05,95,Transmission & Distribution
200,612140,Transmission Scheme for Integration of Renewable Energy Zone [Phase II] in Koppal II [Phase A&B] and gadag II[Phase A] in Karnataka [POWERGRID KOPPAL GADAG TRANSMISSION LIMITED],Power Grid Corporation of India Limited [POWERGRID],Karnataka,12/2023,12/2023,12/2025,06/2026,2889.39,2889.39,1733.63,61,Transmission & Distribution
201,616672,System Strengthening at Koppal-II and GadagII for integration of RE generation projects [SPV Name POWERGRID Koppal Gadag Augmentation Transmission Limited],Power Grid Corporation of India Limited [POWERGRID],Karnataka,01/2025,01/2025,06/2027,-,1354,1354,44,1,Transmission & Distribution
202,617068,"Augmentation of Transformation Capacity by 3x500 MVA, 400/220 KV ICTS [6th-8th] and 1x1500 MVA, 765/400 KV ICT [4th] at Bidar PS [SPV Name- POWERGRID Bidar Augmentation Transmission Limited]",Power Grid Corporation of India Limited [POWERGRID],Karnataka,02/2025,02/2025,06/2027,-,288,288,7.41,1,Transmission & Distribution
203,617184,Transmission Scheme for integration of Davanagere/ Chitradurga and Bellary REZ in Karnataka [POWERGRID Chitradurga Bellary REZ Transmission Limited],Power Grid Corporation of India Limited [POWERGRID],Karnataka,03/2025,03/2025,09/2027,-,3453,3453,62.15,1,Transmission & Distribution
204,617803,Transmission System Strengthening at Davanagere for Integration of RE Generation [SPV Name - POWERGRID Davanagere Power Transmission Limited],Power Grid Corporation of India Limited [POWERGRID],Karnataka,09/2025,09/2025,09/2027,-,379,379,6.97,0,Transmission & Distribution
205,615344,Transmission System for Evacuation of Power from Rajasthan REZ Ph-IV [Part-2 5.5GW] [Jaisalmer/Barmer Complex] Part H1 [POWERGRID KURAWAR TRANSMISSION LIMITED],Power Grid Corporation of India Limited [POWERGRID],Madhya Pradesh,10/2024,10/2024,10/2026,03/2027,3674,3674,808.28,18,Transmission & Distribution
206,615346,Transmission System for Evacuation of Power from Rajasthan REZ Ph-IV [Part-2 5.5 GW] [Jaisalmer/Barmer Complex] Part C [SPV Name POWERGRID Mandsaur Transmission Limited],Power Grid Corporation of India Limited [POWERGRID],Madhya Pradesh,08/2024,08/2024,08/2026,12/2026,2708,2708,1056.12,44,Transmission & Distribution
207,617279,Transmission System for evacuation of power from Mahan Energen Limited Generating Station in Madhya Pradesh [SPV Name - POWERGRID MEL Power Transmission Limited],Power Grid Corporation of India Limited [POWERGRID],Madhya Pradesh,06/2025,06/2025,12/2027,-,558,558,33.48,1,Transmission & Distribution
208,617802,Augmentation of Transformation Capacity and Implementation of Line Bays at Mandsaur S/S for RE Interconnection [SPV Name- POWERGRID Mandsaur I RE Transmission Limited],Power Grid Corporation of India Limited [POWERGRID],Madhya Pradesh,10/2025,10/2025,03/2028,-,319,319,0.1,0,Transmission & Distribution
209,611966,Transmission System for Evacuation of power from Potential RE Zone in Khavda Area of Gujarat under phase IV 7GW-Part E4,Power Grid Corporation of India Limited [POWERGRID],Maharashtra,11/2023,11/2023,07/2025,03/2026,224.41,224.41,89.66,44,Transmission & Distribution
210,617185,Transmission System for Integration of Kurnool-IV REZ Phase-I [for 4.5 GW] [POWERGRID Kurnool-IV Transmission Limited],Power Grid Corporation of India Limited [POWERGRID],"Multi-States (Andhra Pradesh, Karnataka)",03/2025,03/2025,03/2027,-,5550,5550,333,1,Transmission & Distribution
211,617806,Transmission System for Integration of Ananthapur 2 REZ Phase 1 for 4.5 GW. SPV Name Anantapuram 2 REZ Transmission Ltd,Sterlite Power,"Multi-States (Andhra Pradesh, Karnataka)",08/2024,03/2025,03/2027,-,4535.99,4535.99,208.88,26,Transmission & Distribution
212,900808,Transmission System for Kurnool Wind Energy Zone/ Solar Energy Zone Part-A and Part-B,Power Grid Corporation of India Limited [POWERGRID],"Multi-States (Andhra Pradesh, Telangana)",11/2022,03/2023,11/2024,01/2026,3546.94,3546.94,3404.59,98,Transmission & Distribution
213,602223,Comprehensive Scheme for Strengthening of Transmission and Distribution [T&D] Systems [CSST&DS] in Arunachal Pradesh and Sikkim,Power Grid Corporation of India Limited [POWERGRID],"Multi-States (Arunachal Pradesh, Sikkim)",10/2014,10/2014,12/2018,03/2027,4754.42,9129.32,7778.18,82,Transmission & Distribution
214,607709,NORTH EASTERN REGION POWER SYSTEM IMPROVEMENT PROJECT [NERPSIP],Power Grid Corporation of India Limited [POWERGRID],"Multi-States (Assam, Manipur, Meghalaya, Mizoram, Nagaland, Tripura)",12/2014,03/2016,12/2018,03/2026,5111.33,6700,5410.25,96,Transmission & Distribution
215,617271,Eastern Region Expansion Scheme-43 [ERES-43],Power Grid Corporation of India Limited [POWERGRID],"Multi-States (Bihar, Odisha, West Bengal)",09/2024,09/2024,03/2026,06/2026,342.69,342.69,0.71,0,Transmission & Distribution
216,617807,Inter-regional [NR-WR] Transmission System strengthening to relieve the loading of 765 kV Vindhyachal-Varanasi D/c line,Power Grid Corporation of India Limited [POWERGRID],"Multi-States (Bihar, Uttar Pradesh)",10/2025,10/2025,10/2027,-,2368,2368,0.1,0,Transmission & Distribution
217,617270,Eastern Region Expansion Scheme-44 [ERES-44],Power Grid Corporation of India Limited [POWERGRID],"Multi-States (Bihar, West Bengal)",11/2024,11/2024,05/2026,06/2026,408.94,408.94,0.32,0,Transmission & Distribution
218,400005,Transmission Network Expansion in Gujarat to increase its ATC from ISTS Part B,Power Grid Corporation of India Limited [POWERGRID],"Multi-States (Dadra & Nagar Haveli and Daman & Diu, Gujarat, Maharashtra)",01/2022,07/2022,06/2023,12/2025,4546.26,4546.26,4318.95,94,Transmission & Distribution
219,611735,Transmission system for evacuation of power from REZ in Rajasthan 20GW under Phase-III Part J,Power Grid Corporation of India Limited [POWERGRID],"Multi-States (Delhi, Rajasthan)",12/2022,12/2022,03/2025,07/2026,331,331,139.02,37,Transmission & Distribution
220,612132,Transmission Scheme for Evacuation of power from REZ in Rajasthan [20 GW] under Phase-III Part D [Sikar Khetri Transmission Ltd],Power Grid Corporation of India Limited [POWERGRID],"Multi-States (Delhi, Rajasthan)",02/2024,02/2024,08/2025,06/2026,2000,2000,1528.4,72,Transmission & Distribution
221,615347,TRANSMISSION SYSTEM FOR EVACUATION OF POWER FROM POTENTIAL RENEWABLE ENERGY ZONE IN KHAVDA AREA OF GUJARAT UNDER PHASE-V [8 GW] PART A [SPV Name POWERGRID West Central Transmission Limited],Power Grid Corporation of India Limited [POWERGRID],"Multi-States (Gujarat, Maharashtra)",11/2024,11/2024,05/2029,-,24819,24819,1985.98,3,Transmission & Distribution
222,615339,Transmission system for evacuation of power from Rajasthan REZ Ph-IV [Part- 3/6GW] [Bikaner complex] Part A [SPV Name POWERGRID Bikaner IV Transmission Limited],Power Grid Corporation of India Limited [POWERGRID],"Multi-States (Haryana, Punjab, Rajasthan)",11/2024,11/2024,11/2026,03/2027,5969,5969,698.04,11,Transmission & Distribution
223,615340,TRANSMISSION SYSTEM FOR EVACUATION OF POWER FROM RAJASTHAN REZ PH-IV [PART-3/ 6 GW] [BIKANER COMPLEX] PART B [SPV Name POWERGRID Siwani Transmission Limited],Power Grid Corporation of India Limited [POWERGRID],"Multi-States (Haryana, Rajasthan)",11/2024,11/2024,11/2026,03/2027,5357,5357,666.56,17,Transmission & Distribution
224,617808,Inter-Regional Strengthening between SR Grid and WR Grid,Power Grid Corporation of India Limited [POWERGRID],"Multi-States (Karnataka, Maharashtra)",10/2025,10/2025,10/2027,-,1007,1007,0.1,0,Transmission & Distribution
225,612138,"Transmission Scheme for Solar Energy Zone in Bidar [2500 MW], Karnataka [Bidar Transmission Ltd]",Power Grid Corporation of India Limited [POWERGRID],"Multi-States (Karnataka, Telangana)",02/2024,02/2024,02/2026,06/2026,2147.62,2147.62,1505.69,71,Transmission & Distribution
226,615333,Transmission System for Evacuation of Power from Rajasthan REZ Ph-IV [Part-2 5.5 GW] [Jaisalmer/Barmer Complex] Part D [SPV Name POWERGRID Beawar Mandsaur Transmission Limited],Power Grid Corporation of India Limited [POWERGRID],"Multi-States (Madhya Pradesh, Rajasthan)",08/2024,08/2024,08/2026,-,2227,2227,801.72,25,Transmission & Distribution
227,615334,Transmission System for Evacuation of Power from Rajasthan REZ Ph-IV [Part-2 5.5 GW] [Jaisalmer/Barmer Complex] Part E [SPV Name POWERGRID Mewar Transmission Limited],Power Grid Corporation of India Limited [POWERGRID],"Multi-States (Madhya Pradesh, Rajasthan)",08/2024,08/2024,08/2026,03/2027,3251,3251,1137.85,28,Transmission & Distribution
228,617186,Rajasthan REZ Ph-V [Part-1- 4 GW] [Sirohi/Nagaur] Complex [Rajasthan V Power Transmission Limited],Power Grid Corporation of India Limited [POWERGRID],"Multi-States (Madhya Pradesh, Rajasthan)",03/2025,03/2025,03/2027,-,5028,5028,319.73,5,Transmission & Distribution
229,612133,Transmission System for Evacuation of power from Rajasthan REZ Ph-IV [Part-1] [Bikaner Complex] Part D [Neemrana Bareilly Transmission Ltd],Power Grid Corporation of India Limited [POWERGRID],"Multi-States (Rajasthan, Uttar Pradesh)",12/2023,12/2023,12/2025,06/2026,2056,2056,1603.68,64,Transmission & Distribution
230,616670,Transmission System for evacuation of Power from Rajasthan REZ Ph-IV [Part-4 3.5 GW] Part A [SPV name POWERGRID Ghiror Transmission Limited],Power Grid Corporation of India Limited [POWERGRID],"Multi-States (Rajasthan, Uttar Pradesh)",12/2024,12/2024,12/2026,03/2027,5846,5846,566.68,11,Transmission & Distribution
231,611659,Transmission system strengthening scheme for evacuation of power from solar energy zones in Rajasthan[8.1 GW] under phase-II- Part E,Power Grid Corporation of India Limited [POWERGRID],Rajasthan,03/2023,03/2023,09/2024,12/2025,1433.28,1433,1418.67,98,Transmission & Distribution
232,611947,Transmission System for Evacuation of Power from REZ in Rajasthan 20GW under Phase III- Part E2,Power Grid Corporation of India Limited [POWERGRID],Rajasthan,11/2023,11/2023,06/2025,03/2026,428.3,428.3,308.38,80,Transmission & Distribution
233,611948,Transmission system for evacuation of power from REZ in Rajasthan 20 GW under Phase-III part H,Power Grid Corporation of India Limited [POWERGRID],Rajasthan,10/2023,10/2023,04/2025,01/2026,2211.29,2211.29,1975.34,92,Transmission & Distribution
234,611949,Transmission system for evacuation of power from REZ in Rajasthan 20 GW under Phase-III part C1,Power Grid Corporation of India Limited [POWERGRID],Rajasthan,10/2023,10/2023,04/2025,03/2026,1796.02,1796.02,1580.49,92,Transmission & Distribution
235,611950,Transmission system for evacuation of power from REZ in Rajasthan 20 GW under Phase-III part B1,Power Grid Corporation of India Limited [POWERGRID],Rajasthan,09/2023,09/2023,04/2025,12/2025,2190.54,2190.54,2000.84,96,Transmission & Distribution
236,611951,Transmission system for evacuation of power from REZ in Rajasthan 20GW under Phase-III Part E1,Power Grid Corporation of India Limited [POWERGRID],Rajasthan,12/2021,08/2023,02/2025,12/2025,688.74,688.74,668,98,Transmission & Distribution
237,612134,Transmission System for Evacuation of power from Rajasthan REZ Ph-IV [Part-1] [Bikaner Complex] Part A [Bikaner Neemrana Transmission Ltd],Power Grid Corporation of India Limited [POWERGRID],Rajasthan,12/2023,12/2023,12/2025,06/2026,2998.34,2998.34,2098.83,60,Transmission & Distribution
238,615332,Transmission System for Evacuation of Power from Rajasthan REZ Ph-IV [Part-2 5.5 GW][Jaisalmer/Barmer Complex] Part B [SPV Name POWERGRID Sirohi Transmission Limited],Power Grid Corporation of India Limited [POWERGRID],Rajasthan,08/2024,08/2024,08/2026,12/2026,3279,3279,1040.75,29,Transmission & Distribution
239,615335,Transmission System Strengthening for Interconnections of Bhadla-III & Bikaner III Complex [SPV Name POWERGRID BHADLA BIKANER TRANSMISSION LIMITED],Power Grid Corporation of India Limited [POWERGRID],Rajasthan,08/2024,08/2024,08/2026,12/2026,1382,1382,201.08,12,Transmission & Distribution
240,615337,Additional Transmission System for evacuation of Power from Bhadla-III PS as part of Rajasthan REZ Phase III Scheme [20 GW] [SPV Name POWERGRID Bhadla-III Power Transmission Limited],Power Grid Corporation of India Limited [POWERGRID],Rajasthan,08/2024,08/2024,02/2026,03/2026,369,369,113.89,30,Transmission & Distribution
241,615338,TRANSMISSION SYSTEM FOR EVACUATION OF POWER FROM RAJASTHAN REZ PH -IV [PART-2 5.5 GW] [JAISALMER/BARMER COMPLEX] PART F [SPV Name POWERGRID BARMER I TRANSMISSION LIMITED],Power Grid Corporation of India Limited [POWERGRID],Rajasthan,11/2024,11/2024,11/2026,06/2027,2735,2735,533.05,17,Transmission & Distribution
242,617181,"Augmentation at Fatehgarh-II PS, Fatehgarh-IV PS [Section-II] and Barmer-I PS [POWERGRID Fatehgarh Barmer Augmentation Transmission Limited]",Power Grid Corporation of India Limited [POWERGRID],Rajasthan,03/2025,03/2025,12/2026,03/2027,404,404,16.16,1,Transmission & Distribution
243,616671,Transmission System under ISTS for evacuation of Power from Kudankulam Unit-3&4 [2x1000 MW] [SPV Name POWERGRID Kudankulam Tarnsmission Limited],Power Grid Corporation of India Limited [POWERGRID],Tamil Nadu,01/2025,01/2025,12/2026,12/2026,548,548,65.46,11,Transmission & Distribution
244,617269,Transmission System for Strengthening to facilitate evacuation of power from Bhadla/Bikaner Complex,Power Grid Corporation of India Limited [POWERGRID],Uttar Pradesh,12/2024,12/2024,06/2026,08/2026,212.81,212.81,2.1,0,Transmission & Distribution
245,617412,"Construction of One Tower of Office Complex and another Tower of Residential quarters consisting of 10Nos. Type-V, 10Nos. Type-VI & 1No.Type-VII Quarters i/c internal water supply, sanitary installation and all development and bulk services, Horticulture works on EPC Mode-I basis i/c comprehensive operation and maintenance of Civil, E&M services for 7 years after completion of original construction work for Ranga Reddy, Secunderabad, Medchal, AuditI, Audit-II Commissionerates of Central Tax at Khajaguda, Serilingampally, Hyderabad.",Central Public Works Department - CPWD,Telangana,03/2024,11/2024,09/2027,-,644,644,108.53,9,Construction
246,702668,Chennai Metro Rail Phase-II Development Project,Chennai Metro Rail Limited [CMRL],Tamil Nadu,10/2024,11/2020,08/2029,-,63246,63246,29336,47,Inland Waterways
247,707229,"Integrated Command control Center [ICCC] - Construction and Development of Integrated Command Control Center with Security, Surveillance, ITMS, Connecting Port, Ship Service, Smart Solid Waste Management, Smart Public Transport System",ministry of housing and urban affairs,Andaman & Nicobar,07/2021,11/2021,05/2023,-,209.88,209.88,0,70,Real Estate
248,400188,Redevelopment of Seven General Pool Residential Accommodation [GPRA] Colonies in Delhi,National Buildings Construction Corporation [NBCC],Delhi,07/2016,05/2018,12/2025,12/2025,32850,32850,0,0,Real Estate
249,701719,Rehablitation in Junavadaj Area Smart City Project,ministry of housing and urban affairs,Gujarat,02/2016,06/2016,07/2022,-,539,539,39.63,50,Real Estate
250,701766,Green Building Development Project,ministry of housing and urban affairs,Uttarakhand,11/2019,08/2019,11/2023,-,150.97,150.97,18.95,31,Real Estate
251,702627,Patna Metro Rail Project,Patna Metro Rail Corporation Ltd. [PMRCL],Bihar,02/2019,02/2019,02/2024,06/2027,13365.77,13365.8,4670.21,48,Urban Public Transport
252,617207,Delhi Metro Rail Phase-IV [2 Corridors],Delhi Metro Rail Corporation Limited [DMRC],Delhi,03/2024,03/2024,03/2029,-,8399.81,8399.81,55.92,0,Urban Public Transport
253,702632,DMRTS Phase - IV [3 Priority Corridors],Delhi Metro Rail Corporation Limited [DMRC],Delhi,07/2019,07/2019,03/2025,03/2026,24948.65,24948.7,18022.09,73,Urban Public Transport
254,702630,Surat Metro Rail Project,Gujarat Metro Rail Corporation Limited [GMRCL],Gujarat,03/2019,04/2019,03/2024,06/2026,12020.32,12020.3,8040.59,73,Urban Public Transport
255,702631,"Ahmedabad Metro Rail Project, Phase-II",Gujarat Metro Rail Corporation Limited [GMRCL],Gujarat,03/2019,03/2019,03/2024,12/2025,5384.17,5384.17,4332.87,93,Urban Public Transport
256,702639,Ahmedabad Metro Rail Project [Phase-I],Gujarat Metro Rail Corporation Limited [GMRCL],Gujarat,11/2014,02/2015,03/2018,01/2026,10773,12924.5,12216.37,99,Urban Public Transport
257,702635,Construction of Bangalore Metro Rail Project Phase 2.,Bengaluru Metro Rail,Karnataka,02/2014,02/2016,03/2021,09/2026,26405.14,30695.1,29667.97,95,Urban Public Transport
258,702665,Construction Bangalore Metro Rail Project Phase-2A & 2B,Bengaluru Metro Rail,Karnataka,06/2021,01/2019,06/2026,06/2026,14788.1,14788.1,9048.22,59,Urban Public Transport
259,702664,Kochi Metro Rail Phase 2 Development Project,CSPCC Projects,Kerala,11/2022,11/2022,11/2026,11/2026,1957.05,1957.05,477.04,21,Urban Public Transport
260,702625,Bhopal Metro Rail Project,Madhya Pradesh Metro Rail Co Limited [MPMRCL],Madhya Pradesh,11/2018,11/2018,11/2022,06/2028,6941.4,6941.4,3715.92,49,Urban Public Transport
261,702626,Indore Metro Rail Project,Madhya Pradesh Metro Rail Co Limited [MPMRCL],Madhya Pradesh,11/2018,11/2018,11/2022,12/2028,7500.8,7500.8,4293.14,58,Urban Public Transport
262,617225,PCMC To Nigdi- Extension Of North South Corridor Of Phase-1,Maharashtra Metro Rail Corporation Limited [MMRCL],Maharashtra,10/2023,10/2023,01/2027,-,910.18,910.18,167.3,28,Urban Public Transport
263,617226,Pune Metro Phase-1 Extension line towards south from Swargate to Katraj,Maharashtra Metro Rail Corporation Limited [MMRCL],Maharashtra,09/2024,09/2024,03/2029,-,2954.53,2954.53,23.12,4,Urban Public Transport
264,617327,Thane Integral Ring Metro Rail Project,Maharashtra Metro Rail Corporation Limited [MMRCL],Maharashtra,09/2024,09/2024,09/2029,-,12200.1,12200.1,8.7,4,Urban Public Transport
265,618971,Pune Metro Rail Project Phase-2 Corridor 2A Vanaz to Chandani Chowk and Corridor 2B Ramwadi to Wagholi/Vitthalwadi,Maharashtra Metro Rail Corporation Limited [MMRCL],Maharashtra,07/2025,07/2025,07/2029,-,3626.24,3626.24,0.41,0,Urban Public Transport
266,701745,New Suburba Station Development Project,ministry of housing and urban affairs,Maharashtra,04/2018,03/2019,07/2022,-,262.76,262.76,17.62,6,Urban Public Transport
267,701991,Kalyan Station Precinct Imporvement Project,ministry of housing and urban affairs,Maharashtra,04/2018,07/2020,07/2023,-,600,600,272.42,70,Urban Public Transport
268,702637,Mumbai Metro Line 3,Mumbai Metro Rail Corporation Limited [MMRC],Maharashtra,07/2013,06/2016,03/2023,08/2025,23136,37276,32562.27,96,Urban Public Transport
269,702658,Nagpur Metro Rail Phase II Development Project,Maharashtra Metro Rail Corporation Limited [MMRCL],Maharashtra,12/2022,12/2022,12/2027,-,6708,6708,1346.18,30,Urban Public Transport
270,617206,Delhi Metro Rail Phase-IV [Rithala - Kundli Corridor],Delhi Metro Rail Corporation Limited [DMRC],"Multi-States (Delhi, Haryana)",01/2025,01/2025,01/2029,-,6230.99,6230.99,72.41,0,Urban Public Transport
271,702633,Delhi-Ghaziabad-Meerut Regional Rapid Transit System [RRTS] corridor,National Capital Region Transport Corporation [NCRTC],"Multi-States (Delhi, Uttar Pradesh)",03/2019,03/2019,06/2025,12/2025,30274,30274,27060.65,96,Urban Public Transport
272,702628,Kanpur Metro Rail Project,Uttar Pradesh metro rail corporation [UPMRC],Uttar Pradesh,05/2019,11/2019,05/2024,03/2027,11076.48,11076.5,9084.56,76,Urban Public Transport
273,702629,Agra Metro Rail Project,Uttar Pradesh metro rail corporation [UPMRC],Uttar Pradesh,05/2019,12/2020,05/2024,06/2027,8379.62,8379.62,6059.58,64,Urban Public Transport
274,702674,"ESR - 8 nos., distribution system - 216 Km, new house service connections - 38760 nos. upgrading of feeder mains, pumping station etc. - Phase II",Ministry of Housing & Urban Affairs,Andhra Pradesh,02/2017,07/2018,03/2023,01/2026,172.22,172.22,88.86,82,Waste & Water
275,702699,Muzaffarpur Storm Water Drainage Phase-I Project,Ministry of Housing & Urban Affairs,Bihar,11/2016,02/2019,10/2023,01/2026,158.78,158.78,60.5,83,Waste & Water
276,702355,Storm water drainag Development Project,ministry of housing and urban affairs,Dadra & Nagar Haveli and Daman & Diu,08/2020,12/2021,03/2024,-,210,210,0,20,Waste & Water
277,707267,Upgradation of Sewerage system in Gandhinagar City,ministry of housing and urban affairs,Gujarat,07/2020,03/2021,06/2023,-,200,200,100,10,Waste & Water
278,702734,Sewerage Management Scheme Part-3 Implementation,Ministry of Housing & Urban Affairs,Haryana,03/2017,11/2017,09/2023,03/2026,278.01,278.01,218.89,88,Waste & Water
279,702735,Sewerage Management Scheme Part-3 Implementation,Ministry of Housing & Urban Affairs,Haryana,03/2017,10/2018,03/2023,01/2026,213.19,213.19,168.14,91,Waste & Water
280,702741,Dhanbad Water Supply Infrastructure Project,Ministry of Housing & Urban Affairs,Jharkhand,02/2017,12/2018,03/2023,03/2026,216.55,216.55,129.16,74,Waste & Water
281,702742,SAAP-3 Water Supply Infrastructure SAAP-3 Project,Ministry of Housing & Urban Affairs,Jharkhand,02/2017,12/2018,10/2023,03/2026,159.31,159.31,87.5,66,Waste & Water
282,702746,Augmentation and Strenghthning of Urban Water Supply Phase 1 - SAAP 3,Ministry of Housing & Urban Affairs,Jharkhand,02/2017,12/2018,03/2023,03/2026,278.28,278.28,186.5,79,Waste & Water
283,702760,Belgavi Improvement in Sewerage System Project,Ministry of Housing & Urban Affairs,Karnataka,12/2015,10/2016,07/2023,12/2025,162.73,162.73,85.71,80,Waste & Water
284,702764,24/7 water supply under AMRUT for Davanagere,Ministry of Housing & Urban Affairs,Karnataka,11/2016,01/2018,03/2023,12/2025,174.96,174.96,93.18,65,Waste & Water
285,702793,Indore Water Supply Infrastructure Project,Ministry of Housing & Urban Affairs,Madhya Pradesh,12/2016,11/2017,03/2023,12/2025,287.17,287.17,252.5,99,Waste & Water
286,702798,Jabalpur Sewerage Management and Treatment Infrastructure Project,Ministry of Housing & Urban Affairs,Madhya Pradesh,10/2018,12/2017,03/2023,12/2025,362.31,362.31,322.31,93,Waste & Water
287,702808,Satna Sewerage Management and Treatment Infrastructure Project,Ministry of Housing & Urban Affairs,Madhya Pradesh,11/2015,12/2016,03/2024,12/2025,191.56,215.89,191.79,86,Waste & Water
288,702810,Singrauli Sewerage Management and Treatment Infrastructure Project,Ministry of Housing & Urban Affairs,Madhya Pradesh,05/2016,11/2017,03/2023,12/2025,402.01,402.01,357.68,90,Waste & Water
289,702833,Kalyan-Dombivali Water Supply Infrastructure Project,Ministry of Housing & Urban Affairs,Maharashtra,07/2016,09/2019,10/2023,12/2025,194.2,194.2,130.6,70,Waste & Water
290,702840,Mira-Bhayandar Water Supply Infrastructure Project,Ministry of Housing & Urban Affairs,Maharashtra,11/2016,08/2018,03/2023,12/2025,204.55,204.55,186.13,99,Waste & Water
291,702842,Nagpur Water Supply Infrastructure Project,Ministry of Housing & Urban Affairs,Maharashtra,12/2015,08/2018,03/2023,12/2025,273.78,273.78,266.11,99,Waste & Water
292,702851,Pune Water Supply Infrastructure Project,Ministry of Housing & Urban Affairs,Maharashtra,03/2017,07/2017,03/2023,10/2025,235.95,235.95,184.98,92,Waste & Water
293,702854,Solapur Sewerage Management Infrastructure Project,Ministry of Housing & Urban Affairs,Maharashtra,03/2017,04/2018,03/2023,12/2025,180.24,180.24,155.01,91,Waste & Water
294,703021,Jalandhar Water Supply Infrastructure Project,Ministry of Housing & Urban Affairs,Punjab,11/2016,08/2020,08/2023,03/2026,258.53,258.53,161.02,58,Waste & Water
295,703057,Patiala Water Supply Infrastructure Part-2 Project,Ministry of Housing & Urban Affairs,Punjab,11/2016,08/2020,10/2023,12/2025,287,287,213.64,99,Waste & Water
296,702948,Jaunpur Sewerage Management Infrastructure Project,Ministry of Housing & Urban Affairs,Uttar Pradesh,03/2017,08/2019,06/2023,12/2025,235.73,235.73,205.84,87,Waste & Water
297,702949,Jhansi Water Supply Infrastructure Phase-II Project,Ministry of Housing & Urban Affairs,Uttar Pradesh,03/2017,06/2019,07/2023,12/2025,561.74,561.74,485.91,93,Waste & Water
298,617280,"Construction of Basement + Ground Floor+ 10 Storeyed building for State of the Art Director General, GSI Building at plot No.GN-40, Sector-V, Salt Lake, Kolkata",Central Public Works Department (CPWD),West Bengal,04/2019,02/2020,08/2026,-,255.37,255.37,85.9,46,Construction
299,400426,Expansion of Malanjkhand Copper Project,Hindustan Copper Limited [HCL],Madhya Pradesh,09/2011,04/2015,04/2020,04/2026,1856.36,1856.36,947.42,82,Metals & Mining
300,400141,Expansion of Alumina Refinery Plant with addition of 5th Stream having capacity enhancement of 1.0 Million Tonee Per Annum,National Aluminium Company Limited [NALCO],Odisha,04/2017,04/2017,12/2022,09/2025,4103,5677.4,4310.44,79,Metals & Mining
301,400299,Pottangi Bauxite Mines Project,National Aluminium Company Limited [NALCO],Odisha,05/2018,05/2018,03/2025,05/2026,1381,1960.77,650.04,51,Metals & Mining
302,709830,CONVERSION OF FLAT BOTTOM SETTLERS AND WASHERS WITH A SINGLE TRAIN OF HRDS AND DCWS IN STREAMS 1 AND,Ministry of Mines,Odisha,NA,04/2017,11/2026,-,355,581,163.55,12,Metals & Mining
303,709831,SOURCING OF BAUXITE ARRANGEMENT FOR 5TH STREAM ALUMINA REFINERY FROM SOUTH BLOCK MINING LEASE OF PANCHPATMAILI MINES,National Aluminium Company Limited [NALCO],Odisha,11/2017,11/2019,05/2025,06/2026,483,483,414.75,91,Metals & Mining
304,709832,25.5 MW WIND POWER PROJECT AT KAYATHAR IN TAMILNADU,National Aluminium Company Limited [NALCO],Tamil Nadu,09/2017,12/2017,03/2025,03/2026,166,166,135,65,Metals & Mining
305,613008,Construction of Permanent Campus of Central Tribal University of Andhra Pradesh Phase-1,Central Tribal University of Andhra Pradesh,Andhra Pradesh,09/2019,12/2023,06/2027,-,305,305,19.96,32,Education
306,612898,Construction of Permanent Campus of National Institute of Technology Arunachal Pradesh,"National Institute of Technology, Arunachal Pradesh",Arunachal Pradesh,09/2009,03/2013,08/2026,-,592.61,592.61,550.61,80,Education
307,606112,Tezpur University Projects,Tezpur University,Assam,05/2019,06/2021,11/2023,12/2025,153.71,153.71,125.03,97,Education
308,606013,Additional Campus of NITPatna,NIT Patna,Bihar,07/2022,08/2022,07/2024,01/2026,499.21,499.21,444.87,97,Education
309,617877,Phase B of Construction of Permanent Campus of IIT Bhilai,"Indian Institute of Technology, Bhilai",Chhattisgarh,05/2025,06/2025,10/2028,-,1188.97,1188.97,0,0,Education
310,612851,"Phase 1B - Construction of Academic Block, Hostel, Residential Tower, Directors Residence and External Development works at National Institute of Technology, Delhi Campus on Engineering, Procurement and Construction basis",National Institute of Technology Delhi,Delhi,09/2009,11/2022,09/2025,01/2026,333.49,336.42,296.45,97,Education
311,616886,Delhi University Eastern Campus at Surajmal Vihar,Delhi University,Delhi,09/2024,03/2025,10/2026,-,373,373,28.63,20,Education
312,612916,"Construction of permanent campus of Central University of Gujarat at Village kundhela, Dist. Vadodara, Gujarat.",Central University of Gujarat,Gujarat,12/2020,02/2021,03/2025,03/2026,490.63,490.63,314.51,81,Education
313,602099,Establishment of Permanent campus Phase 1 of IIM Sirmaur,"Indian Institute of Management, Sirmaur",Himachal Pradesh,09/2018,08/2020,10/2023,02/2026,392.51,454.78,327.78,94,Education
314,612128,Hostel blocks & dining hall block,"Indian Institute of Technology, Mandi",Himachal Pradesh,03/2023,03/2024,03/2026,03/2026,166.66,166.66,85.92,75,Education
315,612894,"Construction of Permanent Campus of Central University of Himachal Pradesh at Dehra, District - Kangra, [H.P.] on Engineering. Procurement and Construction [EPC Mode 1] Basis.","Central University, Himachal Pradesh",Himachal Pradesh,03/2021,08/2022,11/2024,11/2025,251.98,300.45,183.56,81,Education
316,602098,"Construction of Permanent Campus for IIM Jammu Phase-1 at Jagti, Nagrota, Jammu, J&K","Indian Institute of Management, Jammu",Jammu and Kashmir,03/2019,10/2020,06/2023,11/2025,424.93,500.91,484.52,96,Education
317,610940,"Additional Infrastructure at IISc Bangalore-RCC Monolithic for Men Hostel S14, Women Hostel S11 , Postdoctoral Hostel S12 2 Block , International Hostel S 12 , D&E Block S 12 2 Block FR.",IISC Bangalore,Karnataka,08/2021,08/2021,03/2024,12/2025,420.41,420.41,367.76,99,Education
318,606431,CONSTRUCTION OF PERMANENT CAMPUS FOR IIT PALAKKAD UNDER PHASE 1A,INDIAN INSTITUTE OF TECHNOLOGY PALAKKAD,Kerala,07/2017,03/2020,06/2022,06/2026,1006.45,1217.4,652.05,76,Education
319,617878,Phase B of Construction of Permanent Campus of IIT Palakkad,INDIAN INSTITUTE OF TECHNOLOGY PALAKKAD,Kerala,05/2025,01/2026,10/2028,-,1527,1527,0,0,Education
320,611957,"Phase III A works at IIT Indore [03 Hostels, 01 Studio Apartment, 01 Housing, Heavy & Sophisticated lab complex, Academic POD and Infrastructure for center of excellence]","Indian Institute of Technology, Indore",Madhya Pradesh,12/2023,04/2024,02/2027,-,496.28,496.28,38.62,37,Education
321,612135,Hostel 4 -Earlier Known as Hostel 20,"Indian Institute of Technology, Bombay",Maharashtra,09/2022,12/2023,09/2025,12/2025,182.33,182.33,158.23,99,Education
322,612885,Construction and Developement of National Institute of Technology Meghalaya Permanent Campus at Sohra,"National Institute of Technology, Meghalaya",Meghalaya,09/2009,09/2014,03/2022,07/2025,494.52,494.52,422.07,90,Education
323,612876,"Construction of Permanent Campus for NIT Mizoram at Lengpui, Aizawl",NIT Mizoram,Mizoram,09/2009,06/2014,12/2029,12/2029,474.23,474.23,167.55,4,Education
324,613013,Establishment of NIT Nagaland,NIT Nagaland,Nagaland,09/2009,12/2014,12/2025,-,275.63,275.63,261.24,97,Education
325,610315,IISER BERHAMPUR,"Indian Institutes of Science Education and Research, Behrampur",Odisha,10/2018,09/2019,03/2021,06/2026,1229.32,843.09,835.6,97,Education
326,612877,Establishment of NIT Puducherry Permanent Campus [Phase-I and Phase-II],"National Institute of Technology, Puducherry",Puducherry,09/2009,07/2013,12/2024,08/2025,618.34,544.34,529.94,96,Education
327,605292,"Construction of Permanent Campus of Indian Institute of Management [IIM] Amritsar, Punjab, Phase-I","Indian intitue of Management, Amritsar",Punjab,10/2019,07/2020,06/2023,12/2025,348.31,348.31,290.39,91,Education
328,617221,"Construction of Girls Hostel 400 seater, Boys Hostel 600 seater, Academic Block, International Hostel 100 seater, VC Residence and Purchase of Equipment",Central University of Punjab,Punjab,08/2024,04/2025,10/2027,-,210.99,210.99,20.89,13,Education
329,609736,"Construction of Sikkim University Campus Phase-I Package-II at Yangang, South Sikkim",Sikkim University,Sikkim,08/2020,01/2022,01/2025,03/2026,314.06,314.06,238.22,85,Education
330,612883,Establishment of Permanent Campus of NIT SIkkim at Khamdong-Gangtok District,NIT Sikkim,Sikkim,02/2024,03/2024,02/2028,12/2026,685.76,610.76,121.56,14,Education
331,609996,Construction of Precast housing and hostels at IIT Hyderabad,"Indian Institute of Technology, Hyderabad",Telangana,09/2022,11/2022,10/2024,01/2026,262,262,194.13,80,Education
332,606479,Banaras Hindu University [ Kayakalp of Institute of Medical Sciences],Banaras Hindu University,Uttar Pradesh,06/2020,06/2020,09/2022,03/2026,246,246,199.71,97,Education
333,611963,"Construction & Development of Infrastructural Facilities in the main campus of NIT Uttarakhand at Sumari, Pauri Garhwal",National Institute of Technology Uttarakhand,Uttarakhand,06/2020,04/2024,09/2027,-,650.85,650.85,195.52,37,Education
334,609019,"HEFA projects on development of student hostels, playgrounds, departmental buildings, class room complex and other campus facilities in IIT Kharagpur","Indian Institute of Technology, Kharagpur",West Bengal,06/2018,04/2019,03/2023,03/2026,500,442,390.6,89,Education
335,400081,"National Sports University [NSU], Imphal [Manipur]",Department of Sports & Youth Affairs,Manipur,NA,01/2022,08/2024,11/2025,906.47,611.74,559.27,95,Education
336,616235,Construction of Aviation Fuel farm Facilities at Bhogapuram Airport,Ministry of Petroleum & Natural Gas,Andhra Pradesh,08/2024,08/2024,03/2026,03/2026,240,240,72.26,83,Energy Storage
337,709754,"Construction of LPG Facilities at Kamardanga, Assam",Hindustan Petroleum Corporation Limited,Assam,03/2023,03/2023,07/2027,07/2027,156.36,156.36,70.91,53,Energy Storage
338,709755,"Setting up of new rail fed POL facility at Kamardanga, Assam",Hindustan Petroleum Corporation Limited [HPCL],Assam,03/2023,03/2023,07/2027,07/2027,384.04,384.04,150.78,62,Energy Storage
339,617839,Capacity Augmentation of Kandla LPG Import Terminal [KLIT] from 0.6 MMTPA to 2.5 MMTPA,Ministry of Petroleum & Natural Gas,Gujarat,05/2023,05/2023,07/2026,-,356.86,356.86,12.6,51,Energy Storage
340,400235,"Setting up a common user Petroleum Terminal at Jammu, J&K for resitement of existing PSU OMC's Depots from Jammu City",Bharat Petroleum Corporation Limited [BPCL],Jammu and Kashmir,04/2023,04/2023,03/2025,01/2026,676.89,715.89,559.45,87,Energy Storage
341,604833,"Andheri Residential Towers, Mumbai",Ministry of Petroleum & Natural Gas,Maharashtra,06/2017,06/2017,05/2025,06/2026,281.35,389.67,243.11,54,Energy Storage
342,617829,LPG Bottling Plant at Mualkhang,Ministry of Petroleum & Natural Gas,Mizoram,07/2024,07/2024,11/2027,11/2027,225.71,225.71,12.81,21,Energy Storage
343,701343,Srikakulam Angul Gas Pipeline Project,Ministry of Petroleum & Natural Gas,"Multi-States (Andhra Pradesh, Odisha)",09/2019,09/2019,07/2022,12/2025,2658.34,2810,2282.98,96,Energy Storage
344,701263,Rajasthan Refinery Project,MinistryofPetroleumNaturalGas,"Multi-States (Arunachal Pradesh, Gujarat, Rajasthan)",10/2017,10/2017,10/2022,03/2026,43129,79459,62888.3,89,Energy Storage
345,701349,Paradip-Numaligarh Crude Oil Pipeline [PNCPL] & Crude Oil Import Terminal [COIT] at Paradip,Ministry of Petroleum & Natural Gas,"Multi-States (Assam, Bihar, Jharkhand, Odisha, West Bengal)",01/2019,01/2019,07/2024,03/2026,10228,11407,10063.21,88,Energy Storage
346,400078,New Mundra Panipat Crude Oil Pipeline,Ministry of Petroleum & Natural Gas,"Multi-States (Gujarat, Haryana, Rajasthan)",12/2021,12/2021,12/2024,06/2026,9028,9028,7357.45,86,Energy Storage
347,400012,Kandla Gorakhpur LPG Pipeline,Ministry of Petroleum & Natural Gas,"Multi-States (Gujarat, Madhya Pradesh, Uttar Pradesh)",12/2018,12/2018,12/2021,12/2025,10088,10088,8135.69,93,Energy Storage
348,400301,Multi Product Pipeline from Irugur to Devangonthi,"Department of Water Resources, River Development & GR","Multi-States (Karnataka, Tamil Nadu)",11/2012,11/2012,02/2017,09/2026,678,1732,838.07,74,Energy Storage
349,709759,"Petrochemical evacuation marketing terminal at Barmer, Rajasthan",Hindustan Petroleum Corporation Limited [HPCL],Rajasthan,12/2023,12/2023,12/2026,12/2026,461.05,461.05,153.07,67,Energy Storage
350,400043,Laying of POL Pipelines in Common Corridor for proposed grass root terminal at Vallur [Chennai],Ministry of Petroleum & Natural Gas,Tamil Nadu,01/2022,01/2022,05/2026,05/2026,829,829,338.15,67,Energy Storage
351,400077,"Grass root POL Terminal at Vallur, Chennai",Indian Oil Corporation Limited [IOCL],Tamil Nadu,01/2022,01/2022,12/2024,03/2026,827,887.71,649.51,90,Energy Storage
352,400035,"Grass Root Rail-fed Depot at Sekerkote, Agartala as resitement of existing Dharmanagar Depot",Indian Oil Corporation Limited [IOCL],Tripura,06/2022,06/2022,09/2025,06/2026,656,656,519.02,90,Energy Storage
353,604852,"Grass-root Terminal at Mirzapur, Uttar Pradesh",Ministry of Petroleum & Natural Gas,Uttar Pradesh,09/2022,09/2022,11/2026,11/2026,980.45,980.45,234.6,58,Energy Storage
354,400120,KG-DWN-98/2 Cluster - II Development Project - NELP Block,Oil and Natural Gas Corporation Limited [ONGC],Andhra Pradesh,03/2016,03/2016,06/2020,06/2026,34012,34012,32250,96,Oil & Gas
355,709752,HP-COAT [Crude to Olefins and Aromatics Technology] demo unit at Visakh Refinery,Hindustan Petroleum Corporation Limited,Andhra Pradesh,09/2021,09/2021,06/2024,03/2026,160,220,99.49,79,Oil & Gas
356,709766,"City Gas Distribution Project at Kurnool, Guntur & Prakasam Districts",MinistryofPetroleumNaturalGas,Andhra Pradesh,03/2022,03/2022,03/2030,03/2030,1420,1420,168.51,6,Oil & Gas
357,604791,Numaligarh Refinery Expansion Project,Ministry of Petroleum & Natural Gas,Assam,07/2020,07/2020,07/2024,12/2025,12366,22494,17836.48,79,Oil & Gas
358,604863,Development of Surface Facilities for production and evacuation of Crude Oil and Natural Gas from Nadua and East Khagorija,Ministry of Petroleum & Natural Gas,Assam,01/2018,01/2018,02/2020,12/2025,682.9,726.93,491.68,94,Oil & Gas
359,607701,"Guwahati Refinery Expansion [1.0 to 1.2 MMTPA] along with installation of CRU, Guwahati Refinery",Ministry of Petroleum & Natural Gas,Assam,05/2021,05/2021,10/2023,05/2026,412.3,577,451.05,88,Oil & Gas
360,616858,"Construction of Field Gas Gathering Station at Baghjan area for collection, processing & transportation of natural Gas to be produced from Baghjan Field",Ministry of Petroleum & Natural Gas,Assam,12/2020,12/2020,03/2024,12/2025,430.76,430.76,331.99,88,Oil & Gas
361,617827,"Pipeline Rehabilitation Project, Phase-II",Ministry of Petroleum & Natural Gas,Assam,12/2024,12/2024,12/2029,12/2029,680,680,2.24,14,Oil & Gas
362,617836,Coke Drum Structure Package,Ministry of Petroleum & Natural Gas,Assam,12/2022,12/2022,12/2025,12/2025,635.28,635.28,58.68,45,Oil & Gas
363,709776,Augmentation/Revamping of Facilities at existing Guwahati Terminal at Betkuchi,MinistryofPetroleumNaturalGas,Assam,04/2022,04/2022,09/2026,09/2026,277,323.09,190.21,70,Oil & Gas
364,709779,Capacity Expansion of Digboi Refinery from 0.65 to 1.0 MMTPA,MinistryofPetroleumNaturalGas,Assam,06/2022,06/2022,03/2026,07/2027,768,740,125.07,46,Oil & Gas
365,709847,Pipeline Network Project Rudrasagar,Ministry of Petroleum & Natural Gas,Assam,01/2023,01/2023,04/2026,04/2026,344.99,344.99,220.37,48,Oil & Gas
366,709850,Borholla GGS Life Extension Project [BLEP],Ministry of Petroleum & Natural Gas,Assam,09/2023,09/2023,05/2026,05/2026,198.7,198.7,58.92,40,Oil & Gas
367,709864,DCU Revamp Project,NRL,Assam,08/2021,08/2021,07/2024,06/2026,370,370,271.34,66,Oil & Gas
368,709865,Power Recovery Turbine [PRT] in PFCCU unit as an Energy Conservation Scheme,NRL,Assam,04/2023,04/2023,12/2024,12/2025,293.5,293.5,97.22,97,Oil & Gas
369,617304,"Setting up of LPG Plant with Rail Unloading Facility at Hathua, Dist. Gopalganj, Bihar",MinistryofPetroleumNaturalGas,Bihar,10/2023,10/2023,03/2027,03/2027,340.15,340.15,116.08,34,Oil & Gas
370,701324,Barauni Refinery Capacity Expansion from 6.0 to 9.0 MMTPA,Ministry of Petroleum & Natural Gas,Bihar,01/2020,01/2020,04/2023,08/2026,14810,16724,12327.39,88,Oil & Gas
371,709777,Installation of Bitumen Manufacturing Unit along with allied facilities at Barauni Refinery,MinistryofPetroleumNaturalGas,Bihar,01/2022,01/2022,04/2025,10/2026,389.35,340,77.72,50,Oil & Gas
372,709792,"City Gas Distribution Projects at Darbhanga, Madhubani, Supaul, Sitamarhi and Sheohar districts",Bharat Petroleum Corporation Limited [BPCL],Bihar,12/2022,12/2022,03/2030,03/2030,3638,3638,428.18,29,Oil & Gas
373,709793,"City Gas Distribution Projects at Gopalganj, Siwan, West Champaran, East Champaran and Deoria districts",Bharat Petroleum Corporation Limited [BPCL],Bihar,12/2022,12/2022,06/2030,06/2030,3919,3919,431.68,21,Oil & Gas
374,617819,"City Gas Distribution [CGD] Project in Kondagaon, Bastar, Sukma, Narayanpur, Bijapur & Dantewada GA",Ministry of Petroleum & Natural Gas,Chhattisgarh,06/2022,06/2022,06/2030,06/2030,557.04,557.04,8.33,2,Oil & Gas
375,400087,Redevelopment of Sobhasan Complex,Oil and Natural Gas Corporation Limited [ONGC],Gujarat,08/2021,08/2021,02/2026,02/2026,885.63,1286.67,876.84,80,Oil & Gas
376,400167,Redevelopment of Santhal Field [Onshore-Mehsana Asset],Oil and Natural Gas Corporation Limited [ONGC],Gujarat,02/2017,02/2017,03/2026,03/2026,1162.56,1162.56,1140.98,95,Oil & Gas
377,400169,Redevelopment of Linch Field,Oil and Natural Gas Corporation Limited [ONGC],Gujarat,04/2021,04/2021,03/2025,03/2026,631.03,860.04,572.91,87,Oil & Gas
378,701329,Petrochemical and Lube Integration Project at Gujarat Refinery,Ministry of Petroleum & Natural Gas,Gujarat,09/2020,09/2020,08/2024,06/2026,18936,17825,12940.13,85,Oil & Gas
379,709778,Installation of new Biturox Unit along with allied facilities at Gujarat Refinery,MinistryofPetroleumNaturalGas,Gujarat,01/2022,01/2022,08/2025,09/2026,328.29,287,172.32,67,Oil & Gas
380,709838,Commercial Polymer Flooding Project in Bechraji field,Oil and Natural Gas Corporation Limited [ONGC],Gujarat,01/2022,01/2022,11/2024,05/2027,621.4,739.02,137.74,24,Oil & Gas
381,709840,"Restoration of Gas Terminal, Phase-I [Part-A], Hazira",Oil and Natural Gas Corporation Limited [ONGC],Gujarat,05/2022,05/2022,02/2025,12/2025,249.43,249.43,210.42,95,Oil & Gas
382,709841,Old Pipe Line Replacement [OPRP] Group-A,Oil and Natural Gas Corporation Limited [ONGC],Gujarat,07/2021,07/2021,07/2025,03/2026,173.03,169.84,154.84,89,Oil & Gas
383,709842,"Kalol Redevelopment Project, Ahmedabad Asset",Oil and Natural Gas Corporation Limited [ONGC],Gujarat,08/2022,08/2022,03/2027,03/2027,1487.41,1487.41,937.75,62,Oil & Gas
384,709845,"Revamping of SV Stations, Gas Terminal & Kribhco Terminal",Oil and Natural Gas Corporation Limited [ONGC],Gujarat,11/2022,11/2022,08/2026,08/2026,837.34,837.34,301.21,57,Oil & Gas
385,604853,"Indian Oil Technology Development and Deployment Centre at R&D Campus-II, Faridabad",Ministry of Petroleum & Natural Gas,Haryana,06/2019,06/2019,12/2022,10/2026,2281.94,3200,1850.35,64,Oil & Gas
386,611917,Poly Butadiene Rubber plant at Panipat,Indian Oil Corporation Limited [IOCL],Haryana,03/2022,03/2022,03/2025,06/2026,1459,2531.44,1418.65,77,Oil & Gas
387,701289,Capacity Expansion of Panipat Refinery from 15 to 25 MMTPA,Ministry of Petroleum & Natural Gas,Haryana,02/2021,02/2021,09/2024,06/2026,34627,36225,27366.2,91,Oil & Gas
388,709783,"Installation of Multiple Effect Evaporator [MEE] for ETP-1, 2 & 4 of Panipat Refinery and Petrochemical Complex.",MinistryofPetroleumNaturalGas,Haryana,12/2020,12/2020,06/2023,06/2026,165.13,247.69,143.78,77,Oil & Gas
389,709773,"City Gas Distribution Project at Jammu, Udhampur, Reasi, Samba and Kathua Districts",MinistryofPetroleumNaturalGas,Jammu and Kashmir,03/2022,03/2022,03/2032,03/2032,538,538,4.11,0,Oil & Gas
390,610984,Development of Jharia CBM Block [Phase-1],Oil and Natural Gas Corporation Limited [ONGC],Jharkhand,11/2019,11/2019,01/2024,03/2026,431,431,227,61,Oil & Gas
391,709785,Laying of Natural Gas Pipeline from Hazaribagh to Ranchi [HRPL],MinistryofPetroleumNaturalGas,Jharkhand,02/2023,02/2023,02/2026,02/2026,202.07,202.07,61.67,50,Oil & Gas
392,612790,Power System Upgradation Project,Mangalore Refinary and Petrochemicals Limited,Karnataka,10/2023,10/2023,11/2025,05/2026,385,385,164.35,72,Oil & Gas
393,616879,Demo Bio-ATF Project,Ministry of Petroleum & Natural Gas,Karnataka,03/2024,03/2024,01/2027,01/2027,364,364,39.1,22,Oil & Gas
394,709774,Revamping/ Augmentation of facilities at existing port terminal at Mangalore,Ministry of Petroleum & Natural Gas,Karnataka,01/2022,01/2022,12/2025,06/2027,463,500.62,290.86,75,Oil & Gas
395,617838,Augmentation of CCKPL and IDPL Pipelines capacity along with setting up of Palakkad TOP,Ministry of Petroleum & Natural Gas,Kerala,09/2024,09/2024,08/2028,08/2028,1130,1130,173.9,20,Oil & Gas
396,709790,Replacement and Extension of Jetty Pipelines [REJP] at KR,Bharat Petroleum Corporation Limited [BPCL],Kerala,03/2023,03/2023,03/2026,03/2026,621.87,621.87,211.67,91,Oil & Gas
397,709799,Setting up Polypropylene Unit at Kochi Refinery,MinistryofPetroleumNaturalGas,Kerala,12/2023,12/2023,10/2027,10/2027,4460,4460,351.85,18,Oil & Gas
398,617830,C2/C3 Vijaipur Pata Pipeline,Ministry of Petroleum & Natural Gas,Madhya Pradesh,05/2024,05/2024,01/2027,-,1792,1792,261.13,38,Oil & Gas
399,709798,Ethylene Cracker Project at Bina Refinery including downstream Petrochemical Plants and expansion of Refinery,MinistryofPetroleumNaturalGas,Madhya Pradesh,05/2023,05/2023,05/2028,05/2028,43367,43367,2033,17,Oil & Gas
400,400158,Debottlenecking and Augmentation of Cryogenic facilities at Uran LPG Import Terminal,"Department of Water Resources, River Development & GR",Maharashtra,04/2021,04/2021,02/2024,12/2025,1164.69,1629.86,1012.27,90,Oil & Gas
401,400168,"500 KTA PDHPP Project, Usar",Ministry of Petroleum & Natural Gas,Maharashtra,04/2021,04/2021,04/2025,06/2026,8797,11256,7212.88,87,Oil & Gas
402,610985,Construction of lube oil blending plant at Rasayani,Ministry of Petroleum & Natural Gas,Maharashtra,05/2022,05/2022,12/2023,12/2025,423.39,526.26,326.5,88,Oil & Gas
403,616933,Lube Modernization & Bottom Upgradation Project at Mumbai Refinery,Ministry of Petroleum and Natural Gas,Maharashtra,12/2024,12/2024,03/2028,03/2028,4679,4679,213.91,6,Oil & Gas
404,709760,HP TDAE Unit in Mumbai Refinery,Hindustan Petroleum Corporation Limited,Maharashtra,06/2024,06/2024,04/2026,04/2026,240,240,70.12,62,Oil & Gas
405,709771,"City Gas Distribution Project at Beed, Jalgaon and Jalna Districts",MinistryofPetroleumNaturalGas,Maharashtra,03/2022,03/2022,09/2031,09/2031,865,865,73.18,3,Oil & Gas
406,709780,Construction of Additional Tankages and Allied Facilities at JNPT Terminal,MinistryofPetroleumNaturalGas,Maharashtra,04/2022,04/2022,08/2026,08/2026,341.43,436.14,289.92,55,Oil & Gas
407,709782,ATF Pipeline from Jawaharlal Nehru Port Trust to Navi Mumbai International Airport,Indian Oil Corporation Limited [IOCL],Maharashtra,08/2022,08/2022,08/2025,03/2026,165,165,94.28,79,Oil & Gas
408,709789,Installation of Independent De- Aromatized Solvents [DAS] production facilities at MR,Bharat Petroleum Corporation Limited [BPCL],Maharashtra,03/2023,03/2023,07/2025,02/2026,405,343,227.3,95,Oil & Gas
409,709797,POL & LOBS Installations with Receipt Pipelines at Rasayani,Bharat Petroleum Corporation Limited [BPCL],Maharashtra,05/2023,05/2023,05/2026,05/2026,2585,2585,788.46,67,Oil & Gas
410,709846,Part Replacement Pipeline Project [PRPP],Oil and Natural Gas Corporation Limited [ONGC],Maharashtra,11/2022,11/2022,05/2024,01/2026,1219.48,1145.1,745,90,Oil & Gas
411,616254,Visakh Raipur Pipeline Project,Ministry of Petroleum and Natural Gas,"Multi-States (Andhra Pradesh, Chhattisgarh, Odisha)",09/2024,09/2024,09/2027,09/2027,2212,2212,22.57,14,Oil & Gas
412,701346,North East Gas Grid,Ministry of Petroleum & Natural Gas,"Multi-States (Arunachal Pradesh, Assam, Manipur, Meghalaya, Mizoram, Nagaland, Sikkim, Tripura, West Bengal)",04/2020,04/2020,03/2024,03/2026,9265,9265,6608.95,86,Oil & Gas
413,701350,Upgradation of Facilities of Numaligarh-Siliguri Product Pipeline [NSPL] for transportation of additional products from existing 1.72 MMTPA to 5.5 MMTPA,Ministry of Petroleum & Natural Gas,"Multi-States (Assam, West Bengal)",06/2021,06/2021,12/2024,12/2025,860,860,636.92,99,Oil & Gas
414,709757,"CGD Project in Banka, Dumka, Godda, Jamtara, Pakur, Sahibganj GA ID 11A.02",Hindustan Petroleum Corporation Limited,"Multi-States (Bihar, Jharkhand)",06/2022,06/2022,06/2030,06/2030,1377,1377,347.15,31,Oil & Gas
415,701354,Mumbai Nagpur Jharsuguda Pipeline Project,Ministry of Petroleum & Natural Gas,"Multi-States (Chhattisgarh, Madhya Pradesh, Maharashtra, Odisha)",06/2020,06/2020,05/2023,12/2025,7844.25,8255,6710.1,97,Oil & Gas
416,701330,Mehsana-Bhatinda & Bhatinda-Jammu Natural Gas Pipeline,Ministry of Petroleum & Natural Gas,"Multi-States (Gujarat, Haryana, Punjab, Rajasthan)",07/2011,07/2011,06/2024,12/2025,7392,7392,6320,90,Oil & Gas
417,612853,Gurdaspur Jammu Pipeline,Gas Authority of India Limited [GAIL],"Multi-States (Jammu and Kashmir, Punjab)",07/2023,07/2023,07/2026,07/2026,521.9,521.9,233.4,42,Oil & Gas
418,701228,Kochi - Koottanad - Bangalore - Mangalore Pipeline Phase-II,Ministry of Petroleum & Natural Gas,"Multi-States (Karnataka, Kerala, Tamil Nadu)",06/2009,06/2009,12/2012,12/2025,2915,5909,4531.49,95,Oil & Gas
419,701338,City Gas Distribution Maharashtra Natural Gas Limited,Ministry of Petroleum & Natural Gas,"Multi-States (Karnataka, Maharashtra)",01/2006,01/2006,06/2031,06/2031,5535,5535,4011.77,0,Oil & Gas
420,701344,Dhamra Haldia Pipeline Project,Ministry of Petroleum & Natural Gas,"Multi-States (Odisha, West Bengal)",03/2020,03/2020,11/2022,12/2025,1030.65,1125,879.9,90,Oil & Gas
421,709794,"City Gas Distribution Projects at Fazilka [except area already authorized], Ganganagar and Hanumangarh districts",Bharat Petroleum Corporation Limited [BPCL],"Multi-States (Punjab, Rajasthan)",12/2022,12/2022,06/2030,06/2030,3207,3207,366.34,26,Oil & Gas
422,709786,"Augmentation/ Revamping of Dimapur Depot, Dimapur",MinistryofPetroleumNaturalGas,Nagaland,08/2023,08/2023,11/2027,11/2027,227.62,227.62,11.41,26,Oil & Gas
423,604859,Integrated Para Xylene [PX] and Purified Terephthalic Acid [PTA] Project at Paradip Refinery,Ministry of Petroleum & Natural Gas,Odisha,07/2020,07/2020,01/2024,08/2026,13805,11783,8552.2,91,Oil & Gas
424,617818,"City Gas Distribution [CGD] Project in Gajapati, Kandhamal, Boudh, & Sonepur GA",Ministry of Petroleum & Natural Gas,Odisha,02/2022,02/2022,02/2030,02/2030,514.91,514.91,22.2,4,Oil & Gas
425,709800,"CUF POL Depot at Sadashibpur [Meramundali], Odisha",MinistryofPetroleumNaturalGas,Odisha,04/2021,04/2021,03/2026,03/2026,393.54,393.54,123.06,52,Oil & Gas
426,400119,Life Extension of 48 well platforms of Mumbai High & Heera Fields,Oil and Natural Gas Corporation Limited [ONGC],Offshore,12/2015,12/2015,04/2018,03/2026,3190.69,3375.9,3122.39,90,Oil & Gas
427,616950,PRP-VIII [Group-A],Ministry of Petroleum & Natural Gas,Offshore,09/2024,09/2024,02/2026,05/2026,1486.4,1486.4,272.3,24,Oil & Gas
428,709839,Daman Upside Development Project,Oil and Natural Gas Corporation Limited [ONGC],Offshore,06/2022,06/2022,10/2025,02/2026,4144.41,6406.9,4694.85,90,Oil & Gas
429,709848,MHN TCPP PGC BGC Project [MTPBP],Ministry of Petroleum & Natural Gas,Offshore,06/2022,06/2022,05/2026,05/2026,2329.45,2354.23,1148.9,61,Oil & Gas
430,709849,PRP-VIII Group B [NH & BS Asset],Ministry of Petroleum & Natural Gas,Offshore,06/2024,06/2024,02/2026,05/2026,2379.84,3165.53,1806.9,70,Oil & Gas
431,709851,Integrated Development of 4 Contract Areas under DSF-II,Ministry of Petroleum & Natural Gas,Offshore,05/2023,05/2023,04/2027,04/2027,6183.79,6183.79,697.67,24,Oil & Gas
432,400171,2G Ethanol Biorefinery at Bathinda,Hindustan Petroleum Corporation Limited [HPCL],Punjab,05/2020,05/2020,02/2023,03/2026,1421.46,1421.46,1207.72,95,Oil & Gas
433,709770,City Gas Distribution Project at Pathankot District,MinistryofPetroleumNaturalGas,Punjab,03/2022,03/2022,09/2033,09/2033,151,151,8.77,2,Oil & Gas
434,604795,CBR 9 MMTPA Project,Chennai Petroleum Corporation Limited [CPCL],Tamil Nadu,09/2021,09/2021,06/2025,10/2028,31580,36354,1397.8,10,Oil & Gas
435,709750,Laying of new 28 inch Desal Water Pipeline and 10 inch Reject Water Pipeline between CPCL Manali Refinery and CPCL Desalination plant at Ennore,Chennai Petroleum Corporation Limited [CPCL],Tamil Nadu,01/2024,01/2024,09/2025,12/2025,205,205,66.22,52,Oil & Gas
436,709796,City Gas Distribution Projects at the Nilgiris and Erode districts,Bharat Petroleum Corporation Limited [BPCL],Tamil Nadu,12/2022,12/2022,03/2030,03/2030,3685,3685,250.98,21,Oil & Gas
437,617822,ATF Pipeline from BPCLs Malkapur POL Installation to Hyderabad International airport,MinistryofPetroleumNaturalGas,Telangana,NA,03/2025,09/2027,-,215,215,0,10,Oil & Gas
438,709837,"Creation of Gas Dehydration Facilities, Tripura Asset",Oil and Natural Gas Corporation Limited [ONGC],Tripura,03/2022,03/2022,05/2024,05/2026,209.33,131.51,70.94,66,Oil & Gas
439,400161,"PP Project, Pata",Gas Authority of India Limited [GAIL],Uttar Pradesh,03/2019,03/2019,01/2024,12/2025,910.56,1299.02,1051,99,Oil & Gas
440,709781,Revamping / Augmentation of Facilities at Mathura Bitumen Plant,MinistryofPetroleumNaturalGas,Uttar Pradesh,04/2022,04/2022,06/2027,12/2026,260.12,260.12,10.38,33,Oil & Gas
441,709795,"City Gas Distribution Projects at Lakhimpur Kheri , Sitapur, Bahraich, Shravasti,Balrampur, Siddharth Nagar & Maharajganj districts",Bharat Petroleum Corporation Limited [BPCL],Uttar Pradesh,12/2022,12/2022,06/2030,06/2030,16654,16654,630.34,12,Oil & Gas
442,617302,Durgapur - Haldia Pipeline [Section-3B of JHBDPL Project],Ministry of Petroleum & Natural Gas,West Bengal,03/2017,03/2017,12/2020,12/2025,1740,2493.15,2304.3,91,Oil & Gas
443,617828,Siliguri-Jhapa Pipeline Project,Indian Oil Corporation Limited (IOCL),West Bengal,09/2024,09/2024,03/2029,03/2029,267,267,1.37,7,Oil & Gas
444,617837,Siliguri Marketing Terminal [SMT] Capacity Augmentation Project,Ministry of Petroleum & Natural Gas,West Bengal,11/2021,11/2021,12/2025,12/2025,484,484,282.21,79,Oil & Gas
445,709753,Haldia Panagarh Pipeline Project,Hindustan Petroleum Corporation Limited,West Bengal,11/2022,11/2022,11/2025,05/2026,1010,1010,699.07,87,Oil & Gas
446,709758,"CGD Project in Malda, Birbhum, Murshidabad, Dakshin Dinajpur GA ID 11A.03",Hindustan Petroleum Corporation Limited,West Bengal,06/2022,06/2022,06/2030,06/2030,2628,2628,348.91,30,Oil & Gas
447,709772,"City Gas Distribution Project at East Mednipore, West Mednipore & Jhargram Districts",MinistryofPetroleumNaturalGas,West Bengal,03/2022,03/2022,06/2031,06/2031,609,609,58.09,2,Oil & Gas
448,709791,City Gas Distribution Projects at Alipurduar and Cooch Behar,Bharat Petroleum Corporation Limited [BPCL],West Bengal,12/2022,12/2022,03/2030,03/2030,1017,1017,199.62,40,Oil & Gas
449,617882,"Setting up IT Infrastructure including Network Security and Hosting at AIIMS, New Delhi",PMSSY AND Institute of NATIONAL Importance,Delhi,09/2025,09/2025,09/2026,-,358.19,358.19,0,0,Healthcare
450,617883,"Redevelopment of Residential colonies at Ayur Vigyan Nagar and West Ansari Nagar campuses of AIIMS, New Delhi",PMSSY AND Institute of NATIONAL Importance,Delhi,10/2016,06/2022,06/2027,-,4441,4441,24.68,61,Healthcare
451,701173,AIIMS Majra Rewari Haryana,PMSSY AND Institute of NATIONAL Importance,Haryana,02/2019,02/2019,12/2026,12/2026,1299,1646.43,349.41,45,Healthcare
452,701167,AIIMS Kashmir at Awantipora Jammu & Kashmir,PMSSY AND Institute of NATIONAL Importance,Jammu and Kashmir,01/2019,03/2019,12/2025,06/2026,1828,2160.84,1354.55,2,Healthcare
453,701171,AIIMS Bibinagar,PMSSY AND Institute of NATIONAL Importance,Telangana,12/2018,07/2022,06/2026,06/2026,1028,1365.95,818.46,85,Healthcare
454,612167,"Construction of 350 beds + 50 Super Specialty beds ESIC Hospital Sheelanagar, Visakhapatnam, Andhra Pradesh",Employee's State Insurance Company [ESIC],Andhra Pradesh,02/2021,04/2023,10/2025,01/2026,384.27,384.27,105,40,Healthcare
455,612201,"Construction of 200 bedded ESIC Hospital with 62 Nos Staff quarters , Beltola",Employee's State Insurance Company [ESIC],Assam,12/2017,10/2021,04/2025,02/2026,143.23,154.75,101.83,94,Healthcare
456,612185,C/o Construction of 200 bedded [Up-gradable to 300 bedded] ESI Hospital at Surat Gujarat.,Employee's State Insurance Company [ESIC],Gujarat,06/2019,03/2021,06/2025,01/2026,209.36,209.36,185.96,98,Healthcare
457,612186,350 Bedded [Upgradable to 500 beds] ESI Hospital at Sanand,Employee's State Insurance Company [ESIC],Gujarat,06/2022,04/2023,03/2026,05/2027,558.12,558.12,60.66,8,Healthcare
458,612211,"Demolition, Construction and upgradation of ESI Hospital, Kalol, Gujarat from 50 beds to 150 beds.",Employee's State Insurance Company [ESIC],Gujarat,08/2022,10/2023,10/2025,06/2026,205.87,205.87,31.49,18,Healthcare
459,612239,Construction of 100 bedded ESIC Hospital & 32 nos. of Staff qtrs at OMPURA J&K.,Employee's State Insurance Company [ESIC],Jammu and Kashmir,09/2019,12/2021,09/2024,12/2025,131.05,164.93,162.05,99,Healthcare
460,612745,"Construction of 200 bed ESI Hospital at Bommasandra, Karnataka",Employee's State Insurance Company [ESIC],Karnataka,02/2015,10/2024,01/2027,-,278,278,27.8,0,Healthcare
461,612748,"Construction of 100 bed ESI Hospital and Staff Quarters [32 Nos.] at Harohalli, Karnataka",Employee's State Insurance Company [ESIC],Karnataka,07/2019,03/2025,02/2027,-,150.92,150.92,0,0,Healthcare
462,612188,"Construction of 200 Bedded [Upgradable to 500 Bedded including 50 beds of SST] ESIC Hospital at Bibewadi, Pune",Employee's State Insurance Company [ESIC],Maharashtra,05/2018,03/2023,09/2025,02/2026,429.25,429.25,282.09,70,Healthcare
463,612213,"Construction of 200 Bedded ESIC Hospital at Butibori, Nagpur, Maharashtra.",Employee's State Insurance Company [ESIC],Maharashtra,10/2013,08/2022,08/2025,09/2026,194.93,196.7,114.39,62,Healthcare
464,616691,"Upgradation & Extension of ESIC Hospital and Construction of PG Hostel / Staff Housing for ESIC Hospital at Andheri, Mumbai",Employee's State Insurance Company [ESIC],Maharashtra,12/2008,06/2009,08/2025,12/2025,260.13,260.13,210.12,89,Healthcare
465,612513,"Construction of 100 Bedded ESI Hospital at Duburi, Odisha.",Employee's State Insurance Company [ESIC],Odisha,12/2010,02/2025,06/2027,-,164.6,164.6,16.4,7,Healthcare
466,612178,"Construction of 100 Bedded ESIC Hospital building and 32 Nos Residential Quarters at Vallam Vadangal, SIPCOT, Sriperumbudur",Employee's State Insurance Company [ESIC],Tamil Nadu,02/2015,03/2023,06/2025,01/2026,152.95,177.01,107.83,99,Healthcare
467,612259,CONSTRUCTION OF 300 BEDDED HOSPITAL AT HARIDWAR,Employee's State Insurance Company [ESIC],Uttarakhand,02/2021,12/2021,10/2024,03/2026,102.4,297.63,321.82,80,Healthcare
468,708662,Establishment of 600 bed super specialty hospital with optional development of Medical college and further expansion on PPP basis.,Mumbai Port Trust [MPT],Maharashtra,08/2019,01/2022,06/2026,12/2027,693,693,58,11,Healthcare
469,701565,Jal Marg Vikas Project,Inland Waterways Authority of India [IWAI],"Multi-States (Bihar, Jharkhand, Uttar Pradesh, West Bengal)",01/2018,02/2018,12/2023,12/2025,5369.18,5061.15,3577.42,73,Inland Waterways
470,611142,Fairway Development in West Bengal Farakka - Kahelgaon,Inland Waterways Authority of India [IWAI],Offshore,01/2018,08/2018,07/2023,04/2024,177,197,383.41,100,Inland Waterways
471,609424,"Development of Container Terminal at Tuna-Tekra, Deendayal Port on BOT Basis Under PPP Mode",Deendayal Port Trust,Gujarat,10/2022,03/2024,03/2027,-,4243.64,4243.64,817.98,34,Shipping
472,701568,Construction of oil jetty No.8 at old kandla through internal resources,Deendayal Port Trust [DPT],Gujarat,02/2018,02/2021,02/2023,07/2024,100,225.85,186.47,90,Shipping
473,701570,"Replacement and revamping of pipeline projects in oil jetty area, Kandla",Deendayal Port Trust [DPT],Gujarat,09/2021,09/2021,09/2023,03/2025,171,211.61,137.51,71,Shipping
474,617804,Mechanization of Berth No.14 for handling Containers and other cargo on DBFOT basis - Phase II,New Mangalore Port Authority,Karnataka,12/2023,06/2024,03/2027,-,153.23,153.23,24,33,Shipping
475,400382,Rewas Port Project,Reliance Industries Ltd,Maharashtra,12/2019,01/2020,03/2023,-,6000,6000,5999.89,88,Shipping
476,701586,Setting up of a Floating Storage and Regasification Unit [FSRU] - Mumbai,Mumbai Port Trust [MPT],Maharashtra,11/2020,04/2021,11/2026,11/2026,900,900,65,0,Shipping
477,701574,Deepening and Optimization of Inner Harbour facilities including development of Western Dock on BOT basis to handle Cape size vessels,Paradip Port Trust [PPT],Odisha,05/2022,01/2023,12/2027,10/2028,3004.63,3004.63,1277.52,50,Shipping
478,701576,Berth No. 2 [previously Berth 3] of HDC Mechanization Project,"Haldia Dock Complex, Syama Prasad Mookerjee Port Authority",West Bengal,11/2022,03/2023,09/2025,01/2026,298.26,298.26,457.85,99,Shipping
479,701577,Shalukkhali Liquid Cargo Handling Facility Development Project,"Haldia Dock Complex, Syama Prasad Mookerjee Port Authority",West Bengal,01/2022,08/2022,08/2025,-,253.65,253.65,9.28,0,Shipping
480,707215,National Maritime Heritage Complex [NMHC] Phase-I,Indian Port Rail & Ropeway Corporation Ltd. [IPRCL],Gujarat,02/2019,01/2022,03/2024,09/2025,573,1238.05,515.97,70,"Tourism, Hospitality & Wellness"
481,615202,Capacity expansion of Deposit-14 and 14 NMZ at Kirandul,National Mineral Development Corporation Limited [NMDC],Chhattisgarh,08/2021,07/2022,12/2028,03/2028,1700,1756.2,142.16,7,Metals & Mining
482,617243,Replacement of Hot Leveller No.1 of Plate Mill at Bhilai Steel Plant,Steel Authority of India Limited [SAIL],Chhattisgarh,07/2024,08/2024,07/2026,-,198.62,198.62,20.98,20,Steel
483,617255,"Replacement of Converter Vessels, Trunnion Rings, Support System & Installation of Secondary Emission at Bhilai Steel Plant",Steel Authority of India Limited [SAIL],Chhattisgarh,10/2023,12/2023,06/2026,-,471.83,471.83,161.45,51,Steel
484,617256,Rebuilding of Coke Oven Battery No.7 & 8 at Bhilai Steel Plant,Steel Authority of India Limited [SAIL],Chhattisgarh,11/2023,01/2024,10/2025,03/2026,884.1,884.1,530.05,82,Steel
485,706811,NMDC Slurry Pipeline Project Phase-1,National Mineral Development Corporation Limited [NMDC],Chhattisgarh,11/2015,09/2020,06/2023,12/2025,2907,5427,3243.55,90,Steel
486,709826,SCREENING PLANT-III AT KIRANDUL,National Mineral Development Corporation Limited [NMDC],Chhattisgarh,NA,10/2021,01/2026,-,2718.84,2718.84,1396.9,78,Steel
487,709827,CONSTRUCTION OF RESIDENTIAL TOWERS AT BIOM KIRANDUL COMPLEX,National Mineral Development Corporation Limited [NMDC],Chhattisgarh,NA,10/2022,12/2025,-,349.75,349.75,299.39,94,Steel
488,400174,"New Sinter Plant at BSL, SAIL",Steel Authority of India Limited [SAIL],Jharkhand,03/2015,10/2015,10/2017,06/2027,1034.01,1752.3,885.61,53,Steel
489,617249,Replacement of existing Grinders in CRM-I & II at Bokaro Steel Plant,Steel Authority of India Limited [SAIL],Jharkhand,01/2025,02/2025,01/2027,-,211.94,211.94,20.54,16,Steel
490,617250,Secondary Emission Control in Converters of SMS-II at Bokaro Steel Plant,Steel Authority of India Limited [SAIL],Jharkhand,01/2025,02/2025,10/2026,-,207.13,207.13,15.76,11,Steel
491,617253,Revamping of old sub-systems of Blast Furnace 3 at Bokaro Steel Plant,Steel Authority of India Limited [SAIL],Jharkhand,08/2023,03/2023,07/2025,11/2025,513.82,513.82,310.02,76,Steel
492,617254,Replacement of remaining 04 sets of Battery Cyclones with 04 Nos. of ESPs in Sinter Plant-1 at Bokaro Steel Plant,Steel Authority of India Limited [SAIL],Jharkhand,03/2024,04/2024,06/2026,-,260.37,260.37,58.19,25,Steel
493,617257,Rebuilding of Coke Oven Battery No.6 at Bokaro Steel Plant,Steel Authority of India Limited [SAIL],Jharkhand,11/2023,12/2023,11/2026,-,627.31,627.31,169.38,49,Steel
494,400121,"Construction of Screening Plant-II for Donimalai and Kumaraswamy Iron Ore Mining Complex of NMDC Limited at Ballari Dt, Karnataka.",National Mineral Development Corporation Limited [NMDC],Karnataka,11/2014,06/2024,08/2026,-,1043.63,1043.63,320.8,40,Steel
495,400065,Installation of 4th Slab Caster along with its Auxiliaries and a New Ladle Furnace in SMS-II at Rourkela Steel Plant,Steel Authority of India Limited [SAIL],Odisha,01/2022,02/2022,05/2025,09/2025,1105.23,1105.23,790.11,100,Steel
496,612781,Rebuilding of COB 4 at Durgapur Steel Plant,Steel Authority of India Limited [SAIL],West Bengal,09/2023,09/2023,12/2026,-,916.78,916.78,154.56,21,Steel
497,617242,Installation of New Bar Mill at Durgapur Steel Plant,Steel Authority of India Limited [SAIL],West Bengal,07/2024,08/2024,06/2027,-,2115.44,2115.44,257.17,37,Steel
498,617246,Up-gradation of Blast Furnace No. 3 at Durgapur Steel Plant,Steel Authority of India Limited [SAIL],West Bengal,09/2024,08/2024,06/2026,-,758.09,758.09,95.38,8,Steel
499,617248,Third Ladle Furnace in Secondary Refinery Unit at IISCO Steel Plant,Steel Authority of India Limited [SAIL],West Bengal,11/2024,12/2024,07/2026,-,227.96,227.96,27.2,34,Steel
500,617251,Revamping of Air Pollution Control Systems of SP-1 at Durgapur Steel Plant,Steel Authority of India Limited [SAIL],West Bengal,07/2024,12/2024,05/2026,-,196.4,196.4,11.72,6,Steel
501,617338,Stamp Charge Battery No.12 Battery Proper at IISCO Steel Plant,Steel Authority of India Limited [SAIL],West Bengal,01/2025,02/2025,07/2028,-,2518.39,2518.39,210.51,8,Steel
502,400298,Nadikudi - Srikalahasti New Line,South Central Railway [SCR] - II,Andhra Pradesh,03/2012,12/2016,05/2027,03/2028,2312,5932,2421.35,54,Railways
503,611615,Malugur- Palasamudram New Line Project [17.975 Km],South Western Railway [SWR] - II,Andhra Pradesh,09/2022,07/2026,11/2027,12/2027,342,342,0,0,Railways
504,611752,GOOTY-PENDEKALLU DOUBLING 29.225 Km,South Central Railway [SCR] - II,Andhra Pradesh,03/2023,06/2023,03/2027,03/2027,351.83,351.83,18,25,Railways
505,611754,GUNTAKAL WEST-MALLAPPA GATE RAIL OVER RAIL - ROR TRACK,South Central Railway [SCR] - II,Andhra Pradesh,07/2023,07/2023,07/2026,-,293.3,293.3,0,0,Railways
506,611927,Kurnool - Setting up facilities for coach midlife rehabilitation workshop,WPO/Patna,Andhra Pradesh,01/2014,10/2017,12/2023,-,560.72,560.72,276.66,65,Railways
507,612827,Flyover between Pendurthi and Simhachalam North to avoid surface crossing at Simhachalam 7.135 km PB 73 of 2023 24 NR,East Coast Railway [ECoR] - II,Andhra Pradesh,04/2023,05/2024,04/2027,-,183.65,183.65,5.15,11,Railways
508,616697,3rd & 4th line between Vadlapudi -Gate Jn. cabin and Tie line between Gate Junction to Gangavaram port,East Coast Railway [ECoR] - II,Andhra Pradesh,04/2023,03/2024,06/2026,-,154.28,154.28,20.58,32,Railways
509,617210,Tiupati Katpadi 104.39 kms,South Central Railway [SCR] - II,Andhra Pradesh,04/2025,04/2025,03/2029,-,1215.56,1215.56,0.1,0,Railways
510,617216,3rd Line between Gudur Renigunta 83.17 Km,South Central Railway [SCR] - II,Andhra Pradesh,10/2024,10/2024,03/2027,-,877.34,877.34,29.04,0,Railways
511,705253,Kurnool Coach Midlife Rehabilitation Project,WPO/Patna,Andhra Pradesh,05/2016,07/2014,12/2020,-,563,563,120,0,Railways
512,705436,Kotapalli - Narasapur New Line,South Central Railway [SCR] - II,Andhra Pradesh,03/2009,09/2013,03/2028,03/2028,2501,2501,1320.81,29,Railways
513,705633,Guntur-Guntakal Doubling Project,South Central Railway [SCR] - II,Andhra Pradesh,03/2017,11/2017,12/2025,12/2026,3733,4295,4475.93,93,Railways
514,705648,Vijaywada-Gudur 3rd Line,RVNL - II,Andhra Pradesh,08/2016,04/2018,11/2024,12/2025,6654,6654,5922,90,Railways
515,705789,Penukonda - Dharmavaram Doubling Project [41.5 Km],South Western Railway [SWR] - II,Andhra Pradesh,06/2018,12/2018,03/2026,03/2026,307.66,307.66,276.34,85,Railways
516,705572,Doubling of New Bonggigaon to Kamakhya via Goalpara - 176 km,Northeast Frontier Railway [NFR],Assam,09/2016,09/2016,03/2026,03/2026,4060,4961,3729.89,93,Railways
517,706922,Guwahati-Dibrugarh via Tinsukia & Simaluguri-Dibrugarh,Central Organisation for Railway Electrification [CORE],Assam,09/2020,09/2018,09/2020,06/2024,890.36,889.36,391.73,89,Railways
518,706940,"Mariani-Jorhat, Tinsukia-Dangri and Makum -TirapTrack Electrification Project",GM/C/ NFR,Assam,09/2018,01/2022,05/2024,-,183.99,183.99,0,0,Railways
519,706942,Harmuty-Murkongselek Branch Line Electrification Project,GM/C/ NFR,Assam,09/2018,01/2022,05/2024,-,237.52,237.52,0,0,Railways
520,400254,Sakri -Hasanpur [via Harnagar - Kusheshwar Asthan] New Railway line,East Central Railway [ECR] - I,Bihar,12/2023,08/1997,12/2024,03/2027,735.2,735.2,588.66,84,Railways
521,617231,Construction of Bulb line at Nabinagar Ankorah of East Central Railway,East Central Railway [ECR] - I,Bihar,06/2024,06/2024,06/2028,-,611.74,611.74,0,0,Railways
522,617373,Jhajha-Batai New Line Project,East Central Railway [ECR] - I,Bihar,03/2023,03/2023,03/2027,-,588.18,588.18,3.05,0,Railways
523,617824,Bakhtiyarpur-Rajgir-Tilaiya [Single line section]104km,East Central Railway (ECR) - II,Bihar,10/2025,10/2025,10/2029,-,2017.38,2017.38,0,0,Railways
524,705364,Khagaria-Kusheshwar Asthan [42Km] new line project,East Central Railway [ECR] - I,Bihar,04/2019,12/1998,12/2024,03/2027,614,1384.16,487.99,55,Railways
525,705366,Hajipur-Sagauli New line,East Central Railway [ECR] - I,Bihar,10/2007,10/2004,03/2020,12/2026,2067,2087,2015.02,74,Railways
526,705368,Araria Supaul New BG Line,East Central Railway [ECR] - I,Bihar,06/2018,03/2009,03/2024,01/2027,1605,2514,1604.02,40,Railways
527,705373,"Fatuha-Islampur incl. MM for extn.of NL from Neora to Daniawan , Daniawan to Biharsharif, Biharsharif to Barbigha , Barbigha to Shekhpura",East Central Railway [ECR] - I,Bihar,08/2002,03/2002,03/2023,08/2025,1473,2882,2538.21,95,Railways
528,705450,Jogbani-Biratnagar New Rail Line project,Indian Railway Construction International Limited [IRCON],Bihar,06/2010,01/2011,03/2022,12/2026,402,486,367.54,86,Railways
529,705526,Samastipur-Darbhanga Doubling Railway Project,East Central Railway [ECR] - I,Bihar,11/2015,12/2015,03/2025,10/2025,519,519,380.73,85,Railways
530,705527,Sagauli-Valmiknagar,East Central Railway [ECR] - I,Bihar,03/2018,03/2017,12/2025,12/2025,1216,2222,2074.54,92,Railways
531,705528,Muzaffarpur-Sugauli,East Central Railway [ECR] - I,Bihar,03/2018,03/2017,06/2024,02/2026,1586,1586,1471.11,99,Railways
532,706759,Rampur Dumra-Tal-Rajendrapul Additional Bridge and Railway Line Doubling,Indian Railway Construction International Limited [IRCON],Bihar,03/2016,05/2017,12/2024,12/2025,2373.64,1700.24,1427.78,97,Railways
533,706860,Barauni-Bachwara [16 km] - 3rd & 4th line incl. Barauni yard remodelling [32 km],East Central Railway [ECR] - I,Bihar,10/2022,08/2025,08/2025,10/2026,645,645,27.98,55,Railways
534,900874,JHAJHA - BATIA,East Central Railway [ECR] - I,Bihar,03/2023,03/2023,03/2028,01/2030,588.18,588.18,0.82,0,Railways
535,400220,Kharsia-Dharamjaygarh with Spur line [East Corridor-Phase 1],Indian Railway Construction International Limited [IRCON],Chhattisgarh,03/2016,01/2014,09/2018,03/2026,3055,3438,2624.33,94,Railways
536,400291,Doubling of Kirandul-Jagdalpur Line [150 km],East Coast Railway [ECoR] - II,Chhattisgarh,02/2013,03/2013,03/2020,12/2025,1589,1798,1576.81,94,Railways
537,602792,Gauge Conversion of Kendri-Dhamtari including Abhanpur - Rajim Branch line 67.20 Kms - 2nd Material Modification to Raipur Titlagarh doubling.,SECR,Chhattisgarh,07/2011,05/2021,02/2025,03/2026,1171,1171,377.41,100,Railways
538,612815,4th line between Nipania Bhatapara 14.4 Km,South East Central Railway [SECR] - II,Chhattisgarh,12/2022,05/2024,03/2027,-,170.49,170.49,1.34,5,Railways
539,613003,Dharamjaigarh-Korba 63 km,CERL,Chhattisgarh,08/2023,07/2022,08/2026,-,1686.26,1686.26,288.83,18.5,Railways
540,617200,KHARSIA- NAYA RAIPUR-PARMALKASA 5th and 6th Line [278KM],CAO/C/SECR,Chhattisgarh,04/2025,04/2025,03/2031,-,7853.84,7853.84,0,0,Railways
541,617374,"Dallirajhara - Rowghat New Rail Line Project, Phase-I",Rail Vikas Nigam Limited,Chhattisgarh,NA,11/2009,03/2025,02/2026,1516.45,1881.26,2053.12,94,Railways
542,705433,Dallirajhra- Rowghat New Railway Line - Phase I [95 km],Rail Vikas Nigam Limited,Chhattisgarh,07/2009,12/2009,09/2025,12/2025,1628,1628,1440.85,82,Railways
543,705444,Gevra Road-Pendra Road New Railway Line [135 km],Indian Railway Construction International Limited [IRCON],Chhattisgarh,04/2014,04/2014,03/2022,12/2025,4970,7448.52,4696.68,75,Railways
544,706854,Boridand - Ambikapur Doubling Line Project,South East Central Railway [SECR] - II,Chhattisgarh,06/2022,04/2022,06/2030,06/2030,1376,1576.72,139.49,21,Railways
545,709815,4TH LINE - BHATAPARA-HATHBAND [8.8 KM] [PB-72/NR/2022-23],SECR,Chhattisgarh,09/2022,05/2024,01/2027,12/2027,177.03,177.03,0,3,Railways
546,709816,4TH LINE - BHILAI-BHILAI NAGAR [8.8 KM] [PB-72/NR/2022-23],SECR,Chhattisgarh,09/2022,05/2024,02/2027,02/2027,177.34,177.34,1.64,6,Railways
547,709817,4TH LINE - DADHAPARA-BELHA [9.2 KM] [PB-72/NR/2022-23],SECR,Chhattisgarh,09/2022,05/2024,11/2026,11/2026,169.06,169.06,18.37,60,Railways
548,709818,4TH LINE RAJNANDGAON-DONGARHGARH [31.2 KM] [PB-72/NR/2022-23],SECR,Chhattisgarh,09/2022,05/2024,01/2027,01/2027,328.34,328.34,57.3,27,Railways
549,709819,3RD AND 4TH LINE - SARAGBUNDIA AND MADWARANI,SECR,Chhattisgarh,09/2022,05/2025,12/2026,12/2026,167.64,167.64,0.11,4,Railways
550,613785,Redevelopment of New Delhi Railway Station and construction of associated infrastructure,Rail Land Development Authority,Delhi,01/2023,06/2024,12/2028,-,4744,4744,129.61,1,Railways
551,617379,Development of New Bijwasan Railway Terminal,Northern Railways,Delhi,02/2008,03/2013,03/2020,12/2025,446.21,446.21,521.74,80,Railways
552,705298,North Region Video Surveillance Project,RCIL,Delhi,06/2020,04/2023,03/2024,-,274.39,274.39,0,0,Railways
553,705583,Anand Vihar-Tilak Bridge 3rd & 4th line,CAO/C/NR,Delhi,03/2013,03/2013,03/2023,12/2027,667,667,289.26,63,Railways
554,705694,Provision of Work-site Tampers [WST] Railway Project,EDTK[MC]/RB,Delhi,01/2016,01/2016,12/2023,01/2026,187.72,187.72,141.91,100,Railways
555,705708,WST Machine Procurement Project,EDTK[MC]/RB,Delhi,06/2018,06/2018,03/2024,12/2027,176,176,0,0,Railways
556,705710,PCT Machine Procurement Project,EDTK[MC]/RB,Delhi,04/2019,04/2019,04/2024,06/2027,336,336,74.32,85,Railways
557,705712,RBMV Machine Procurement Project,EDTK[MC]/RB,Delhi,10/2019,10/2019,06/2024,12/2027,480,480,20.65,27,Railways
558,705717,SRGM Machine Procurement Project,EDTK[MC]/RB,Delhi,10/2019,10/2019,12/2023,03/2026,440,440,390.03,90,Railways
559,705720,WST Machine Procurement Project,EDTK[MC]/RB,Delhi,12/2019,12/2019,04/2024,12/2026,384,384,0,0,Railways
560,705721,DTS Machine Procurement Project,EDTK[MC]/RB,Delhi,12/2019,12/2019,12/2024,12/2030,447.6,447.6,0,0,Railways
561,705722,BRM Machine Procurement Project,EDTK[MC]/RB,Delhi,09/2019,09/2019,06/2024,12/2027,210,210,0.02,0,Railways
562,705726,Track Machine Procurement Project,EDTK[MC]/RB,Delhi,04/2020,04/2020,03/2025,01/2028,6339,6339,4201.26,62,Railways
563,611918,Kosamba Umarpada 70 Km,PCE/WR,Gujarat,07/2023,07/2022,03/2027,-,468,468,20.28,8,Railways
564,611937,Adraj Moti Vijapur 40 Kms,Western Railway (WR) - II,Gujarat,05/2022,05/2022,05/2026,12/2025,417.53,417.53,502.23,90,Railways
565,611943,New Broad Gauge line between Naliya to Jakhau Port,Western Railway (WR) - II,Gujarat,02/2023,02/2023,01/2028,01/2028,410.26,410.26,7,5,Railways
566,611944,Quadrupling between Gandhidham Adipur with Y connection at Adipur for providing direct entry towards Mundra Port and Bhuj and high level platform at Gopalpur 11Kms,Western Railway (WR) - II,Gujarat,02/2023,02/2023,03/2026,01/2026,152.44,152.44,102.65,85,Railways
567,611945,Petlad Bhadran 23 Kms,Western Railway,Gujarat,05/2022,05/2022,05/2030,05/2030,307.11,307.11,13.59,17,Railways
568,611970,Samlaya Timba Road 54 km,PCE/WR,Gujarat,02/2023,02/2023,03/2030,03/2030,670.17,670.17,45.02,12,Railways
569,611971,Samni Jambusar 24 km,PCE/WR,Gujarat,05/2022,05/2022,03/2030,03/2030,350,349.93,67.73,31,Railways
570,611974,Western Railway Samakhiali Gandhidham Quadrupiling 53 Kms,Western Railway (WR) - II,Gujarat,08/2023,08/2023,12/2026,06/2027,1430,1430,230.24,21,Railways
571,611977,Dahod Creation of Infrastructure facilities for 9000 HP Electric locomotives Manufacturing at,PCE/WR,Gujarat,05/2022,02/2023,02/2025,-,487,487,108.69,0,Railways
572,611978,Dahod Rolling Stock Workshop Provision of Infrastructure for CBS at,PCE/WR,Gujarat,11/2022,03/2023,03/2025,-,158,158,47.31,0,Railways
573,611979,Sabarmati Setting up of Maintenance Facilities for Train Sets Phase ii,Western Railway (WR) - II,Gujarat,01/2023,04/2023,06/2025,03/2026,250,250,103.21,60,Railways
574,612072,4th LINE BETWEEN BAREJADI NANDEJ-SANAND-AHMEDABAD BYPASS,Western Railway (WR) - II,Gujarat,02/2023,02/2023,03/2027,07/2028,961.67,961.67,359.61,18,Railways
575,613786,"Redevelopment of Ahmedabad railway station and associated infrastructure on engineering, procurement and construction mode",Rail Land Development Authority,Gujarat,01/2023,11/2023,03/2028,-,2379,2379,753.62,22,Railways
576,705458,Miyagam-Karjan-Dabhoi-Samlaya [GC],Western Railway [WR] - II,Gujarat,01/2017,01/2017,03/2021,12/2026,483.88,1039.13,621.61,41,Railways
577,706757,Modasa-Shamlaji Road Railway Line Project,Western Railway (WR) - II,Gujarat,09/2012,04/2008,03/2025,03/2027,262,262,337.67,63,Railways
578,706763,Rajkot - Kanalus Doubling Project [111.2 Kms],Western Railway (WR) - II,Gujarat,10/2021,12/2021,10/2026,10/2026,1080.58,1080.58,829.85,80,Railways
579,709812,NADIAD-PETLAD [37.26 KM],Railway,Gujarat,05/2022,10/2023,06/2030,06/2030,461.91,461.91,93.31,8,Railways
580,709813,NEW BG LINE INTERSECTION [5 NOS] BETWEEN GERATPUR-SANAND & BOTAD-AHMEDABAD [16.51 KM],Western Railway (WR) - II,Gujarat,10/2022,07/2025,06/2028,10/2027,437.21,437.21,19.37,18,Railways
581,611884,Bhiwani - Dobh Bahali Doubling Project [42.30 Km],North Western Railway [NWR],Haryana,02/2023,02/2023,02/2028,02/2028,471,471,219.67,66,Railways
582,617372,Doubling between Pradhankunta-Patherih-Bhojudih of East Central Railway,East Central Railway [ECR] - I,Jharkhand,11/2022,11/2022,12/2025,-,349.22,349.22,108.89,70,Railways
583,617832,Koderma-Arigada Doubling 133.38 Km of East Central Railway,East Central Railway [ECR] - I,Jharkhand,06/2025,06/2025,12/2029,-,2887.11,2887.11,0,0,Railways
584,705765,Gomoh - Flyover for DN trains,East Central Railway [ECR] - I,Jharkhand,01/2018,01/2018,03/2026,03/2026,686,686,578.93,59,Railways
585,705785,Lodhma - Piska - Link Line bypassing Hatia/Ranchi with Y connection,South Eastern Railway [SER] - I,Jharkhand,08/2021,03/2019,06/2026,05/2027,473,473,288.72,5,Railways
586,706837,Pradhan Kuntha Jn Line Doubling Project,East Central Railway [ECR] - I,Jharkhand,11/2022,11/2022,11/2027,11/2027,349.22,349.22,108.89,62,Railways
587,400023,Construction of New BG line between Hassan to Belur [27 Km],South Western Railway [SWR] - II,Karnataka,03/2019,12/2025,04/2028,04/2027,749,749,0,0,Railways
588,703585,Yeshvanthpur - Channasandra Doubling Project [21.70 Km],Karnataka Rail Infrastructure Development Company Limited [K-RIDE],Karnataka,04/2019,10/2019,03/2024,03/2026,314.1,683.57,152.31,53,Railways
589,705434,New Railway Line between Ginigera and Raichur [165.57 km],South Western Railway [SWR] - II,Karnataka,03/2008,05/2009,03/2019,03/2027,2565,3034.98,2108.54,66,Railways
590,705490,Gadag-Wadi New Railway Line [257 km],South Western Railway [SWR] - II,Karnataka,04/2013,08/2017,03/2027,12/2027,2842,6700,1419.19,30,Railways
591,705492,Kadur - Chickamagalur - Sakleshpur [93km],South Western Railway [SWR] - II,Karnataka,01/2014,11/2016,06/2025,12/2025,825,825,705.64,83,Railways
592,705495,Bagalkot-Kudachi New Railway Line [142 km],South Western Railway [SWR] - II,Karnataka,10/2013,11/2012,03/2027,01/2027,1378,1649,729.34,35,Railways
593,705496,Tumkur-Chitradurga-Davangere New Rail Line Project [191 km],South Western Railway [SWR] - II,Karnataka,10/2013,01/2017,03/2019,12/2027,1876,1876,461.98,14,Railways
594,705663,Bangalore-Whitefield-Bangalore City-Krishnarajapuram [23.08 km] - Quadrupling,South Western Railway [SWR] - II,Karnataka,02/2018,06/2022,02/2026,02/2026,493,493,252.45,82,Railways
595,705761,SHIMOGA - SHIKARIPURA - RANEBENNUR [96 Km],South Western Railway [SWR] - II,Karnataka,09/2019,02/2023,12/2027,06/2028,1454,1454,72.26,11,Railways
596,706835,Belgaum-Dharwad via Kittur [73.10Km],South Western Railway [SWR] - II,Karnataka,09/2020,03/2025,12/2027,03/2029,1591,1591,0.38,0,Railways
597,705638,Kumbalam-Turavur doubling project [15.59 Km],Ministry of Railways,Kerala,04/2023,04/2023,03/2027,03/2027,813,802.8,72.62,19,Railways
598,705639,Ernakulam-Kumbalam doubling project [7.71 Km],SR-ERS,Kerala,04/2023,04/2023,03/2028,02/2027,601,595.39,292.67,20,Railways
599,705480,"Lalitpur-Satna, Rewa-Singrauli & Mahoba-Khajuraho",North Central Railway,Madhya Pradesh,01/2007,03/1998,03/2027,12/2027,8914,8914,6447.32,73,Railways
600,705651,Katni - Bina Third Railway Line [279 km],West Central Railway WCR I,Madhya Pradesh,06/2016,01/2017,03/2022,12/2025,2478.23,4127.23,3332.06,95,Railways
601,705659,Satna-Rewa Railway Line Doubling Project,West Central Railway [WCR] - II,Madhya Pradesh,11/2015,08/2017,03/2026,03/2026,500,584,565.66,82,Railways
602,705660,Doubling of Katni - Singrauli Railway Line [261 km],Indian Railway Construction International Limited [IRCON],Madhya Pradesh,03/2016,03/2017,12/2025,12/2025,2445,4377,3242.32,100,Railways
603,705661,Katni Grade Separator/Bye Pass,Indian Railway Construction International Limited [IRCON],Madhya Pradesh,03/2016,09/2017,09/2024,03/2026,1248,1248,1662.02,95,Railways
604,705763,Indore - Budni New Railway Line [198 kms],RVNL - II,Madhya Pradesh,08/2019,10/2020,09/2030,09/2030,7474,7474,1841.69,25,Railways
605,705933,Nimach-Ratlam Doubling [133 Km],Western Railway [WR] - II,Madhya Pradesh,10/2021,10/2021,10/2027,10/2027,1095.88,1095.88,1067.49,89,Railways
606,400019,DHULE [BORVIHIR] - NARDANA NEW LINE [50.60 KMS],Central Railway,Maharashtra,01/2019,04/2023,12/2026,09/2027,492.76,1170.83,288.08,17,Railways
607,400271,Wardha-Nanded Via Yavatmal New BG Line,Central Railway [CR] - II,Maharashtra,12/2017,04/2008,03/2025,12/2026,3445,3445,3002.93,50,Railways
608,611751,AURANGABAD-ANKAI - DOUBLING PROJECT 98.25 Km,South Central Railway [SCR] - II,Maharashtra,05/2023,05/2023,03/2027,-,960.64,960.64,555.02,1,Railways
609,613015,Redevelopment of Chhatrapati Shivaji Maharaj Terminus [CSMT] and construction of associated infrastructure,Rail Land Development Authority,Maharashtra,04/2023,07/2023,03/2027,-,1813,1813,614.86,17,Railways
610,617201,Gondia-Balharshah [Chanda Fort] Doubling [240 Km],South East Central Railway,Maharashtra,04/2025,04/2025,03/2031,-,4373.04,4373.04,0.29,0,Railways
611,617215,Doubling between Parbhani Parli Vaijanath stations 64.71 Km,South Central Railway [SCR] - II,Maharashtra,12/2023,12/2023,03/2028,-,769.93,769.93,25.4,0,Railways
612,617361,Babupeth - Sasti New Rail Line [13.114 KMs],CentralRailway,Maharashtra,10/2024,10/2024,03/2028,-,362.81,362.81,0.47,0,Railways
613,617364,Double Chord line Between Nilaje-Kopar,CentralRailway,Maharashtra,01/2025,01/2025,07/2028,-,338.33,205,6.39,0,Railways
614,705300,Western Region Video Surveillance Project,RCIL,Maharashtra,06/2020,04/2023,12/2023,-,227.59,227.59,0,0,Railways
615,705356,Ahmednagar - Beed - Parli - Vaijnath New Broad Gauge Line Railway Project [261.3 km],Central Railway [CR] - II,Maharashtra,01/1999,10/2002,03/2026,03/2026,2538.67,4957.27,5140.63,98,Railways
616,705357,Baramati Lonand New Line Project,Central Railway,Maharashtra,03/2016,03/1999,03/2027,03/2027,138.48,1843.9,850.75,51,Railways
617,705479,Wadsa-Gadchiroli,South East Central Railway,Maharashtra,05/2017,03/2012,03/2027,03/2027,1886,1886,728.36,53,Railways
618,705498,3rd Line Kalyan - Kasara [67.35 Kilometres],Central Railway,Maharashtra,09/2015,09/2015,12/2026,12/2026,792.89,1395.79,981.36,52,Railways
619,705500,3rd Line Wardha - Sewagram - Nagpur,Central Railway [CR] - II,Maharashtra,09/2015,05/2016,12/2025,12/2025,540.02,944.24,783.01,83,Railways
620,705502,3rd Line Wardha - Ballarshah [132 Kilometres],Central Railway [CR] - II,Maharashtra,03/2016,12/2016,12/2025,02/2026,1384.72,2033.59,1713.23,80,Railways
621,705503,Pune - Miraj-Londa [467 Kilometres],Central Railway,Maharashtra,06/2016,06/2016,02/2025,08/2025,4027.53,4872.52,4969.74,100,Railways
622,705504,Doubling of Daund Manmad Line [247.6 km],Central Railway,Maharashtra,10/2017,03/2017,12/2025,03/2026,2081.27,3267.06,2874.47,92,Railways
623,705505,4th Line Wardha - Nagpur [78.7 Kilometres],Central Railway [CR] - II,Maharashtra,04/2017,05/2018,12/2025,02/2026,637.95,1341.28,1012.82,83,Railways
624,705506,3rd Line Manmad - Jalgaon [160 Kilometres],Central Railway [CR] - II,Maharashtra,05/2017,04/2018,12/2024,08/2025,1035.16,1558.75,1726.94,95,Railways
625,705735,Solapur-tuljapur-Osmanabad,Central Railway,Maharashtra,08/2018,12/2023,03/2027,03/2028,904.92,3295.74,1154.89,12,Railways
626,705799,Nagpur- Nagbhir Railway Line Gauge Conversion Project,MRIDC,Maharashtra,10/2019,04/2020,12/2025,12/2025,1400,1400,1472,80,Railways
627,706779,Mumbai Urban Transport Project [MUTP] - PHASE II,Mumbai Rail Vikas Corporation Ltd.[MRVC],Maharashtra,05/2008,04/2008,03/2014,12/2027,8087,8087,7364,87,Railways
628,706780,Mumbai Urban Transport Project [MUTP] Phase-IIIA,Mumbai Rail Vikas Corporation Ltd.[MRVC],Maharashtra,04/2019,04/2019,12/2027,12/2027,33690,33690,2805,16,Railways
629,706781,Mumbai Urban Transport Project Phase-III,Mumbai Rail Vikas Corporation Ltd.[MRVC],Maharashtra,11/2016,12/2016,03/2022,12/2026,10947,10947,5588.85,65,Railways
630,709808,PACHORA-JAMNER WITH EXTENSION UPTO MALKAPUR NG TO BG,CR,Maharashtra,08/2022,01/2022,08/2027,03/2028,955.39,2093.82,130.42,11,Railways
631,705391,Jiribam-Imphal new line project,Northeast Frontier Railway [NFR],Manipur,03/2013,12/2007,12/2026,06/2029,14323,21885.9,15782.48,72,Railways
632,705491,Marikuppam - Kuppam New Line Project [23.70 Km],South Western Railway [SWR] - II,"Multi-States (Andhra Pradesh, Karnataka)",04/2012,10/2018,06/2026,06/2026,297,297,135.5,20,Railways
633,705494,Rayadurg-Tumkur via Kalyandurg New Line [207 km],South Western Railway [SWR] - II,"Multi-States (Andhra Pradesh, Karnataka)",03/2008,07/2010,09/2015,02/2028,2496,2496,1787.43,70,Railways
634,705610,"Renigunta, Wadi & Gooty Bypass Railway Project",South Central Railway [SCR] - I,"Multi-States (Andhra Pradesh, Karnataka)",04/2016,04/2016,12/2025,12/2025,302,543,381,50,Railways
635,617212,Doubling between Mudkhed Medchal & Mahbubnagar Dhone section 417.88 Km,South Central Railway [SCR] - II,"Multi-States (Andhra Pradesh, Maharashtra, Telangana)",08/2023,08/2023,03/2029,-,4686.09,4686.09,778.34,1,Railways
636,400253,Vizianagaram - Titlagarh 3rd line [272 Km including By - pass line of 7.68 KM],RVNL - II,"Multi-States (Andhra Pradesh, Odisha)",06/2016,11/2016,12/2025,12/2025,4803,6669.91,5722.01,89,Railways
637,705512,Doubling of Kottavalasa-Koraput Rail Line [189 KM],East Coast Railway [ECoR] - II,"Multi-States (Andhra Pradesh, Odisha)",12/2015,01/2016,03/2022,03/2028,2500,2500,2037.7,71,Railways
638,705520,Vizianagaram-Sambhalpur 3rd Line Project,RVNL,"Multi-States (Andhra Pradesh, Odisha)",06/2016,12/2016,03/2025,-,4803.16,4803.16,2979.23,0,Railways
639,400275,Tindivanam-Nagari New Line Project [184.5 km],Ministry of Railways,"Multi-States (Andhra Pradesh, Tamil Nadu)",07/2008,10/2008,09/2025,03/2028,3631,3631,1113.53,18,Railways
640,616857,Doubling between Motumari Vishnupuram - 88.81 Km and Rail over Rail - RoR at Motumari - 10.877 Km,South Central Railway [SCR] - II,"Multi-States (Andhra Pradesh, Telangana)",02/2024,03/2025,03/2029,-,1595.55,1595.55,14.45,1,Railways
641,617211,Doubling of Guntur Bibinagar 239 Km,South Central Railway [SCR] - II,"Multi-States (Andhra Pradesh, Telangana)",08/2023,08/2023,03/2029,-,2853.23,2853.23,75.78,1,Railways
642,617214,Rail Connectivity to Errupalem Amravati Namburu 57 Km,South Central Railway [SCR] - II,"Multi-States (Andhra Pradesh, Telangana)",11/2024,11/2024,03/2027,-,2047.4,2047.4,14.49,0,Railways
643,705612,Kazipet-Vijayawada 3rd line with electrification [220 km],South Central Railway [SCR] - II,"Multi-States (Andhra Pradesh, Telangana)",03/2013,08/2014,02/2025,12/2025,1953,3363,3625.29,94,Railways
644,705632,Vijayawada - Kazipet Byepass line,South Central Railway [SCR] - II,"Multi-States (Andhra Pradesh, Telangana)",04/2016,04/2016,01/2025,12/2025,647,904,973.78,93,Railways
645,705401,Murkongselek-Pasighat,Northeast Frontier Railway (NFR) - II,"Multi-States (Arunachal Pradesh, Assam)",02/2011,03/2023,03/2025,05/2026,435,1250,771.1,62,Railways
646,616701,Lumding Furkating Doubling Project 140 km,Northeast Frontier Railway [NFR],"Multi-States (Assam, Nagaland)",02/2024,01/2025,02/2028,-,2123.7,2123.7,13.74,0,Railways
647,705392,Dimapur [Dhansiri]-Sukhobi Kohima [Zubza] NL [82.5 Km],Northeast Frontier Railway [NFR],"Multi-States (Assam, Nagaland)",08/2015,02/2016,03/2025,12/2025,6663,6663,5634.59,81,Railways
648,705794,New Delhi- Howrah Speed Booster[160Kmph] Project,PCE/NCR,"Multi-States (Bihar, Delhi, Jharkhand, Uttar Pradesh, West Bengal)",09/2019,09/2019,03/2024,-,6684.81,6684.81,127.03,0,Railways
649,400234,Third Railway Line between Patratu-Sonnagar [281 kms],RVNL - II,"Multi-States (Bihar, Jharkhand)",11/2016,08/2018,03/2026,07/2026,8975,8975,4950,88,Railways
650,616699,Multi tracking of Son Nagar-Andal 374.53 rkm & 814.38 tkm,East Central Railway [ECR] - I,"Multi-States (Bihar, Jharkhand)",08/2023,08/2023,03/2028,-,12333.57,12333.6,420.86,13,Railways
651,705375,Koderma-Tilaiya New Line,East Central Railway [ECR] - I,"Multi-States (Bihar, Jharkhand)",11/2004,03/2002,02/2025,02/2026,1626,2486.62,2122.42,94,Railways
652,705385,Pirpainti - Jasidih [100.52 Km] New BG line,Eastern Railway [ER] - I,"Multi-States (Bihar, Jharkhand)",03/2014,03/2022,03/2028,03/2028,2555,2555,784.18,49,Railways
653,611669,NER Provision of Automatic Block Signalling on Gorakhpur Cantt[Excl] Chhapra Gramin & Burhwal Jn [Excl] Sitapur Jn section of high density routes,North Eastern Railway [NER],"Multi-States (Bihar, Uttar Pradesh)",NA,06/2023,03/2027,-,380.47,380.47,24.53,0,Railways
654,617224,Gorakhpur-Valmikinagar Doubling project,NER,"Multi-States (Bihar, Uttar Pradesh)",08/2023,03/2024,12/2027,-,1120,1120,269.67,26,Railways
655,705562,Chhapra-Ballia Patch Doubling,North Eastern Railway [NER],"Multi-States (Bihar, Uttar Pradesh)",03/2013,12/2015,02/2025,03/2026,963,1046,912.16,95,Railways
656,706844,Katihar - Kumedpur Doubling Line Project,GM/C/ NFR,"Multi-States (Bihar, West Bengal)",08/2022,,08/2027,08/2027,942,942,356,45,Railways
657,705617,Rajnandgaon - Nagpur [Kalumna] Third Railway Line [228.30 km],South East Central Railway [SECR] - II,"Multi-States (Chhattisgarh, Maharashtra)",09/2016,12/2016,12/2024,06/2026,3545,3545,3518.69,96,Railways
658,617390,Sardega -Bhalumuda New Double line [37.24 Km],SECR,"Multi-States (Chhattisgarh, Odisha)",09/2024,09/2024,03/2028,-,1281.81,1281.81,128,2,Railways
659,705511,Jagdalpur-Koraput,East Coast Railway [ECoR] - II,"Multi-States (Chhattisgarh, Odisha)",12/2015,03/2016,03/2024,12/2026,1547,1547,1336.83,91,Railways
660,705616,Jharsuguda-Bilaspur Fourth Railway Line [206 km],SECR,"Multi-States (Chhattisgarh, Odisha)",09/2016,09/2016,10/2024,03/2026,2140,2979,2189.75,93,Railways
661,705728,Mumbai-Ahmedabad High Speed Rail Project- 508 km,National High Speed Rail Corporation [NHSRC],"Multi-States (Dadra & Nagar Haveli and Daman & Diu, Gujarat, Maharashtra)",03/2015,09/2017,08/2027,12/2029,108000,108000,84199.89,55,Railways
662,705793,New Delhi- Mumbai Speed Booster[160Kmph] Project,PCE/WR,"Multi-States (Delhi, Gujarat, Madhya Pradesh, Maharashtra, Rajasthan)",09/2019,09/2019,03/2024,-,6806.44,6806.44,135.65,0,Railways
663,705650,Hospet - Tinaighat - Vasco Rail Doubling Project,RVNL - II,"Multi-States (Goa, Karnataka)",03/2010,07/2012,03/2027,12/2027,5060,5060,5246.91,86,Railways
664,706950,Hospet-Hubli-Vasco da Gama Line Electrification Project,RVNL,"Multi-States (Goa, Karnataka)",07/2015,05/2018,03/2023,03/2024,744.49,1122.62,969.05,95,Railways
665,705237,Western Dedicated Freight Corridor,DFCCIL,"Multi-States (Gujarat, Haryana, Maharashtra, Rajasthan, Uttar Pradesh)",02/2008,01/2012,03/2022,12/2025,51101,124005,124623,96,Railways
666,705453,"New line Dahod-Indore via Sardarpur, Jabuwa and Dhar",Western Railway [WR] - II,"Multi-States (Gujarat, Madhya Pradesh)",06/2012,06/2012,02/2027,02/2027,456.07,3516.77,3725.91,50,Railways
667,705454,Chhota Udaipur - Dhar New Line Project [157 km],Western Railway [WR] - II,"Multi-States (Gujarat, Madhya Pradesh)",11/2008,01/2014,12/2025,12/2025,1794,1794,1815.94,80,Railways
668,611452,MUMBAI CENTRAL VIRAR VADODARA AHMEDABAAD TRAIN PROTECTION SYSTEM 500 RKM,Western Railway,"Multi-States (Gujarat, Maharashtra)",09/2019,03/2023,12/2025,12/2026,311,311,263.42,93,Railways
669,400022,Taranga Hill-Abu Road via Ambaji,North Western Railway [NWR],"Multi-States (Gujarat, Rajasthan)",07/2022,07/2022,07/2030,07/2030,2798,2798,2037.04,17,Railways
670,616842,LUNI- SAMDARI- BHILDI DOUBLING,North Western Railway [NWR],"Multi-States (Gujarat, Rajasthan)",02/2024,02/2024,07/2027,-,3085.59,3085.59,363.31,13,Railways
671,705424,Chandigarh-Baddi New Rail Line- 36 km,Northen Railway [NR],"Multi-States (Haryana, Himachal Pradesh)",02/2018,02/2018,12/2026,12/2026,1540,1540.13,539.29,35,Railways
672,611861,Rewari - Kathuwas Doubling Project [27.72 Km],North Western Railway [NWR],"Multi-States (Haryana, Rajasthan)",02/2023,12/2022,06/2027,06/2027,352,352,275.26,66,Railways
673,705410,Nangal Dam-Talwara New Broad Gauge Line [84 KM] and Taking Over Siding Mukerian-Talwara [29 KM],Northen Railway [NR],"Multi-States (Himachal Pradesh, Punjab)",03/1983,05/1985,12/2025,12/2027,2018,2018,2259.62,82,Railways
674,705428,Bhanupalli-Bilaspur-Beri New Railway Line Project,RVNL - II,"Multi-States (Himachal Pradesh, Punjab)",03/2009,04/2015,12/2026,12/2027,13447,13447,7008.64,61,Railways
675,705628,Doubling of Hatia [Ranchi]-Bondamunda Rail Line - 159 km,South Eastern Railway - JH,"Multi-States (Jharkhand, Odisha)",03/2016,02/2017,06/2025,06/2026,3029,3029.04,2525.28,87,Railways
676,616588,Buramara-Chakulia new line [59.96 km],South Eastern Railway [SER] - I,"Multi-States (Jharkhand, Odisha, West Bengal)",08/2024,12/2024,12/2029,-,1459.13,1459.13,3.33,0,Railways
677,616227,Chandil - Anara - Damodar - 3rd line [121.26 km],CAO/C/SER,"Multi-States (Jharkhand, West Bengal)",09/2024,07/2025,09/2029,-,1932.01,1932.01,0.3,0,Railways
678,705668,KHARAGPUR-ADITYAPUR THIRD RAIL LINE- 132 KM,RVNL - I,"Multi-States (Jharkhand, West Bengal)",09/2016,01/2018,03/2025,12/2025,3250,3250,3176.46,97,Railways
679,705662,Hotgi-Kudgi-Gadag Doubling Project,South Western Railway [SWR] - II,"Multi-States (Karnataka, Maharashtra)",04/2014,01/2016,12/2024,03/2026,1878,2459,2684.67,92,Railways
680,703586,Baiyyappanahalli - Hosur Doubling Project [48 km],Karnataka Rail Infrastructure Development Company Limited [K-RIDE],"Multi-States (Karnataka, Tamil Nadu)",04/2019,02/2019,03/2024,01/2026,498.7,748.7,630.41,86,Railways
681,705635,Trivandrum- Kanyakumari,Southern Railway (SR) - I,"Multi-States (Kerala, Tamil Nadu)",08/2017,03/2016,03/2025,12/2026,1432,3785.45,2505.8,50,Railways
682,705457,Ratlam-Mhow-Khandwa-Akola Gauge Conversion,Western Railway [WR] - II,"Multi-States (Madhya Pradesh, Maharashtra)",04/2008,03/2010,03/2027,09/2028,1656.25,6499.86,4445.82,81,Railways
683,705507,Itarsi - Nagpur Third Railway Line [280 km],Central Railway (CR) - II,"Multi-States (Madhya Pradesh, Maharashtra)",09/2016,09/2016,03/2027,12/2027,2449.91,2506.68,1937.22,55,Railways
684,617406,RATLAM- DUNGARPUR VIA BANSWARA NEW LINE PROJECT,North Western Railway [NWR],"Multi-States (Madhya Pradesh, Rajasthan)",10/2015,05/2023,03/2028,-,2417.24,2417.24,6.79,8,Railways
685,705419,Gwalior - Seopurkala with extension to Kota [Gauge Conversion],North Central Railway,"Multi-States (Madhya Pradesh, Rajasthan)",03/2011,07/2018,03/2025,02/2026,2913,2913,2120.66,85,Railways
686,705481,Ramganjmandi-Bhopal New Line Project [262 km],West Central Railway [WCR] - II,"Multi-States (Madhya Pradesh, Rajasthan)",03/2001,10/2004,12/2025,12/2027,3032,5073,3764.11,70,Railways
687,705764,Nimach-Badi Sadri New Rail Line Project,Western Railway [WR] - II,"Multi-States (Madhya Pradesh, Rajasthan)",04/2017,09/2021,03/2026,06/2026,495,825,130.09,57,Railways
688,705667,Mathura-Jhansi Third Railway Line [274 Km],RVNL - II,"Multi-States (Madhya Pradesh, Rajasthan, Uttar Pradesh)",12/2015,03/2018,12/2024,12/2026,5961,5961,4990.85,94,Railways
689,705598,Jhansi - Bina Third Railway Line [153 Km],CAO/C/NCR,"Multi-States (Madhya Pradesh, Uttar Pradesh)",09/2016,03/2018,03/2022,03/2026,2002,2002,1831.86,93,Railways
690,705608,Jhansi-Khairar-Manikpur & Khirar-Bhimsen,North Central Railway,"Multi-States (Madhya Pradesh, Uttar Pradesh)",03/2018,04/2019,03/2026,03/2026,4330,4330,2456.1,62,Railways
691,705613,Third Line [new] between Kazipet - Balharshah with electrification [201.04 Km],South Central Railway [SCR] - II,"Multi-States (Maharashtra, Telangana)",09/2016,10/2016,01/2025,11/2025,2595,3071,3409.31,94,Railways
692,705629,Narayangarh-Bhadrak 3rd line,South Eastern Railway [SER] - I,"Multi-States (Odisha, West Bengal)",03/2019,03/2017,12/2025,06/2026,2400,3425.32,2344.37,66,Railways
693,400223,Nagapattinam-Tiruturaipundi and Karaikal-Peralam New Line,Ministry of Railways,"Multi-States (Puducherry, Tamil Nadu)",07/2008,01/2019,03/2027,03/2028,713,981,598.38,80,Railways
694,705432,Sivok-Rangpo New Rail Line,Indian Railway Construction International Limited [IRCON],"Multi-States (Sikkim, West Bengal)",10/2009,05/2010,05/2015,12/2027,7877,11775,9647.55,89,Railways
695,602797,"Sainthia, Sitarampur, Mughalsarai, Allahabad & Etawah - Bypass Line Project",Eastern Railway [ER] - I,"Multi-States (Uttar Pradesh, West Bengal)",08/2017,12/2017,03/2027,03/2027,461.64,461.64,193.39,8,Railways
696,400045,Proposed 6 nos Road Over Bridge [ROB] at different locations under MCL Talcher Under Deposit Scheme.,East Coast Railway [ECoR] - II,Odisha,08/2022,07/2022,03/2025,01/2025,168.32,168.32,69.85,82,Railways
697,400232,Brundamal-Jharsuguda- flyover connection for joining downline,East Coast Railway [ECoR] - II,Odisha,01/2014,01/2014,12/2026,12/2026,297,297,209.57,45,Railways
698,612834,3rd & 4th line between Sarla - Sason [8 km] [PB 73/2023-24/NR],East Coast Railway [ECoR] - II,Odisha,04/2023,04/2023,12/2025,-,252,252,91.45,65,Railways
699,616586,Bangriposi-Gorumahisani new line [ 85.60 km ],CAO/C/SER,Odisha,08/2024,09/2025,12/2029,-,2269.49,2269.49,4.08,0,Railways
700,616587,Badampahar-Kendujhargarh new line [82.06 km],CAO/C/SER,Odisha,08/2024,09/2025,12/2029,-,1875.72,1875.72,1.04,0,Railways
701,616695,Paradeep - Badabandha 3rd & 4th Line / 18.51kms,East Coast Railway [ECoR] - II,Odisha,08/2023,04/2025,11/2028,-,300.15,300.15,0,0,Railways
702,705358,Khurda-Bolangir New Broad Gauge Rail Link [301km],East Coast Railway [ECoR] - II,Odisha,03/1994,03/2001,12/2026,12/2026,3792,5089,5194.05,89,Railways
703,705359,Talcher-Bimlagarh New Railway Line,East Coast Railway [ECoR] - II,Odisha,03/2004,12/2004,03/2025,03/2027,1928,1928,1972.31,49,Railways
704,705510,Bhadrak-Nergundi Third Line,East Coast Railway [ECoR] - II,Odisha,10/2015,04/2015,11/2024,01/2026,1284,1284,1298,80,Railways
705,705513,Koraput - Singapur Railway Doubling,East Coast Railway [ECoR] - II,Odisha,12/2015,12/2015,12/2027,03/2028,2362,2362,1834.53,70,Railways
706,705514,Jarapada- Budhapank with flyover at Talcher road 3rd and 4th Line,East Coast Railway [ECoR] - II,Odisha,11/2015,12/2015,11/2018,03/2026,1000,810.02,421.59,58,Railways
707,705515,3rd & 4th Railway Line Project from Salegaon to Budhapank via Rajathgarh.,East Coast Railway [ECoR] - II,Odisha,07/2013,12/2015,03/2026,03/2026,1173,2092,1971,80,Railways
708,705741,Jeypore-Navarangpur New Rail Line Project,East Coast Railway [ECoR] - II,Odisha,07/2017,04/2023,07/2028,12/2029,748,748,12.76,1,Railways
709,705742,Jeypore-Malkanagiri New Railway Line Project,East Coast Railway [ECoR] - II,Odisha,02/2018,12/2023,07/2033,07/2033,2344,2344,490.13,20,Railways
710,706898,Khurda Road - Balangir Electrification of Railway Track Project,Ministry of Railways,Odisha,09/2018,09/2019,03/2021,-,267.61,267.61,0,0,Railways
711,709811,GANDHAMARDAN IRON ORE MINES TO GOALDIH STATION/12.76kms,East Coast Railway [ECoR] - II,Odisha,09/2022,05/2025,09/2027,09/2027,190,189.93,0,0,Railways
712,705362,"Jaynagar-Bijalpura, incl. extn. Bet, Bijalpura-Bardibas [Nepal]",East Central Railway [ECR] - I,Offshore,08/2015,03/2011,03/2022,03/2026,819,819,580.51,75,Railways
713,705783,Ludhiana- Killa Raipur Railway Doubling Project,Railway,Punjab,03/2019,12/2022,03/2025,03/2026,237.64,238,134.48,50,Railways
714,611614,Dedicated Test Track for RDSO Phase II,North Western Railway [NWR],Rajasthan,11/2021,11/2021,11/2026,11/2026,819.48,967.06,471,86,Railways
715,611849,Devgarh Madariya - Nathdwara Gauge Conversion [82.54 Km] part of Marwar - Mavli Gauge Conversion [152 Km],North Western Railway [NWR],Rajasthan,01/2023,01/2023,06/2028,06/2028,968.92,968.92,151.53,52,Railways
716,611929,Maintenance cum workshop depot for Vande Bharat Sleeper Trains as per conditions under WTA 527,WPO/Patna,Rajasthan,09/2022,06/2023,12/2024,-,166.86,166.86,0,0,Railways
717,616841,PUSHKAR- MERTA CITY NEW LINE,North Western Railway [NWR],Rajasthan,02/2024,02/2024,12/2026,-,799.64,799.64,14.64,4,Railways
718,616843,AJMER- CHANDERIYA DOUBLING,North Western Railway [NWR],Rajasthan,02/2024,02/2024,06/2027,-,1634.79,1634.79,140.65,7,Railways
719,617403,SADULPUR - CHURU DOUBLING PROJECT,North Western Railway [NWR],Rajasthan,01/2024,01/2024,06/2026,-,468.64,468.64,128.6,52,Railways
720,617404,POKHRAN - RAMDEVRA New Line,North Western Railway [NWR],Rajasthan,04/2025,04/2025,03/2028,-,189.21,189.21,0,0,Railways
721,617408,NATHDWARA- NATHDWARA TOWN NL,North Western Railway [NWR],Rajasthan,03/2019,04/2024,03/2027,-,166.33,166.33,83.34,2,Railways
722,705482,Dholpur - Sirmuttra Gauge Conversion,North Central Railway,Rajasthan,03/2022,04/2020,02/2019,02/2027,747,747,431.82,44,Railways
723,705752,Gudha-Thatha Mithri Construction of Railway Track Project,North Western Railway [NWR],Rajasthan,04/2019,04/2019,11/2026,11/2026,819.48,967.06,393.06,99,Railways
724,705912,Sawai Madhopur-Jaipur Railway Line Project,North Western Railway [NWR],Rajasthan,02/2024,04/2023,03/2027,-,1203.89,1203.89,109.85,13,Railways
725,705919,Agra Fort-Bandikui Doubling Line Project,CAO/C/NCR,Rajasthan,06/2022,02/2021,06/2027,06/2027,1390,1390,123,25,Railways
726,706866,Sawaimadhopur Bye Pass Line Project,North Western Railway [NWR],Rajasthan,12/2022,01/2023,03/2026,05/2027,304,304,53,46,Railways
727,400280,Ph II extension of MRTS from Velachery to St Thomas Mount,Ministry of Railways,Tamil Nadu,11/2007,11/2008,07/2025,09/2025,734,734.01,475.73,99,Railways
728,613002,Redevelopment of Chennai Egmore Station,Ministry of Railways,Tamil Nadu,05/2022,10/2022,03/2026,-,842,842,340,0,Railways
729,705244,Coach Production Factory Upgradation Project,CPM/ICF,Tamil Nadu,12/2017,07/2018,12/2021,-,520,520,192.25,0,Railways
730,616856,Doubling between Bhadrachalam Road and Dornakal,South Central Railway [SCR] - II,Telangana,08/2023,04/2025,04/2029,-,770.12,770.12,16.34,0,Railways
731,617409,Railway Manufacturing Unit,South Central Railway [SCR] - II,Telangana,07/2016,02/2023,12/2026,-,521.36,521.36,420,58,Railways
732,705252,Kazipet Wagon Overhauling Project,RVNL,Telangana,09/2017,07/2017,12/2023,-,385,385,0,0,Railways
733,705437,Manoharabad-Kothapalli New Rail Line [151 km],South Central Railway [SCR] - II,Telangana,07/2016,01/2017,03/2027,12/2027,1160,2781,2116.77,71,Railways
734,400204,Bahraich-Shravasti-Balrampur-Siddharthnagar -Santkabir nagar,North Eastern Railway [NER],Uttar Pradesh,10/2018,03/2017,10/2030,10/2030,4939.78,4939.78,1253.71,8,Railways
735,400205,Sahjanwa-Dohrighat,North Eastern Railway [NER],Uttar Pradesh,08/2019,03/2017,03/2029,03/2029,1319.75,1319.75,485.96,3,Railways
736,617252,Anandnagar - Ghugli via Maharajganj New line 52.7 km,Construction NER,Uttar Pradesh,10/2023,11/2023,03/2028,-,958.27,958.27,454.36,23,Railways
737,617284,Chunar-Chopan doubling project,North Central Railway,Uttar Pradesh,08/2023,01/2025,03/2028,-,1423.96,1423.96,58.77,5,Railways
738,617333,Surface triangle line bet. Bhadura stn and new crossing stn Karma,East Central Railway [ECR] - I,Uttar Pradesh,10/2022,05/2024,02/2027,-,199.96,199.96,0,0,Railways
739,617370,Doubling between Jaunpur Jn - Zaffarabad 6.28 km,M/S SRC company Infra Private Limited,Uttar Pradesh,03/2023,02/2025,01/2027,-,180.66,180.66,4,12,Railways
740,705567,Burhwal Gonda 3rd line,North Eastern Railway [NER],Uttar Pradesh,11/2017,07/2019,03/2025,01/2026,1016,1118,1435.86,88,Railways
741,705588,Janghai-Pratapgarh- Amethi,CAO/C/II/NR,Uttar Pradesh,11/2017,03/2017,03/2025,03/2026,722,1194,1567,70,Railways
742,705766,Lalitpur-Birari with flyover at Lalitpur- 16 Km,North Central Railway,Uttar Pradesh,03/2017,11/2017,12/2024,01/2026,304.44,356,234.88,80,Railways
743,705771,Allahabad-Bamhrauli Flyover Construction & 4th Railway Line Project,North Central Railway,Uttar Pradesh,04/2019,10/2020,03/2026,03/2026,494,494,333,70,Railways
744,705772,"Mughalsarai-Allahabad, 3rd line",North Central Railway,Uttar Pradesh,12/2015,03/2016,12/2026,03/2027,2649,2649.44,1688.13,65,Railways
745,705774,Aligarh -Daud Khan Flyover Construction & 3rd Railway Line Project,CAO/C/NCR,Uttar Pradesh,04/2019,09/2020,01/2025,03/2027,758,779.49,412.67,73,Railways
746,705777,Bhandai - Flyover for Etawah bound down train- 10 Km,North Central Railway (NCR) - II,Uttar Pradesh,07/2020,04/2021,02/2026,02/2027,250.18,250.18,115.68,8,Railways
747,705779,"Phephna-Indara, Mau-Shahganj doubling excluding Indara-Mau",RVNL - I,Uttar Pradesh,05/2017,10/2019,12/2024,03/2026,1178,1777,1489.5,85,Railways
748,705780,Bhatni-Aurnihar with electrification excluding Indara-Mau,RVNL - I,Uttar Pradesh,03/2018,03/2017,12/2024,12/2025,2529,2529.46,2051.69,94,Railways
749,705782,Barabanki-Malhaur 3rd & 4th Railway Line Project,CAO/C/NR,Uttar Pradesh,01/2019,04/2017,03/2025,03/2026,407,407,317,75,Railways
750,705784,Janghai-Phaphamau Doubling Rail Line Project,RVNL,Uttar Pradesh,11/2018,03/2020,03/2025,03/2025,357,978.77,579,95,Railways
751,705429,Rishikesh-Karnaprayag New Rail Line- 125 km,RVNL - I,Uttarakhand,11/2016,08/2018,12/2025,03/2027,38953,38953,24645.15,65,Railways
752,400247,Kalinarayanpur-Krishnanagar Doubling Alongwith Krishnanagar - Chapra New Line And Naihati-Ranaghat 3rd Line.,Eastern Railway [ER] - I,West Bengal,07/2015,11/2005,02/2027,02/2027,1000,1000,1053.99,69,Railways
753,400273,Tarakeshwar-Bishnupur New Line [82.47 km],Eastern Railway [ER] - I,West Bengal,03/2001,02/2008,03/2019,02/2026,1189,1542,1330.49,91,Railways
754,400277,Dum Dum Airport-New Garia via Rajarhat-Construction of Metro Railway,RVNL - II,West Bengal,03/2010,10/2011,12/2025,03/2026,8964,8964,8316.32,81,Railways
755,612096,Construction of Balurghat-Hilli new BG Line,Northeast Frontier Railway [NFR],West Bengal,12/2010,12/2010,03/2027,03/2027,1209,1181.57,405.31,9,Railways
756,617345,SER Upgradation of maintenance infrastructure at Shalimar into Vande Bharat Chair Car maintenance cum workshop depot.,South Eastern Railway - JH,West Bengal,03/2024,12/2024,10/2026,-,226.87,226.87,21.22,20,Railways
757,705730,Joka-BBD Bag new metro project,RVNL - II,West Bengal,03/2010,04/2010,12/2026,12/2029,4835,10362,4672.28,51,Railways
758,706776,Noapara-Barasat via Bimanbandar - Construction of Metro railway [18 km],"Metro Railway, Kolkata",West Bengal,11/2010,03/2010,08/2026,03/2029,4830,4830,2764.13,32,Railways
759,706777,Baranagar-Barrackpore and Dakshineshwar- Construction of Metro Railway,RVNL - II,West Bengal,03/2010,03/2010,12/2026,12/2025,2298,2734,393.01,17,Railways
760,701658,Krishnapatnam Node - Phase 1 - Roads and Services Development,National Industrial Corridor Development Corporation,Andhra Pradesh,12/2020,02/2024,02/2028,-,2139.44,2139.44,503.39,24,Real Estate
761,701657,Tumakuru Node - Phase 1 - Roads and Services Development,National Highways & Infrastructure Development Corporation Ltd. [NHIDCL],Karnataka,12/2020,02/2023,09/2026,-,1701.81,1701.81,153.26,14,Real Estate
762,709859,SETTING UP OF PHYSICAL INFRASTRUCTURE FOR THE NATIONAL INSTITUTE OF COMMUNICATION FINANCE [NICF] AT GHITORNI,National Communication Academy - Finance (Erstwhile NICF),Delhi,10/2014,04/2018,02/2020,10/2025,248.2,248.2,236.91,98,Telecommunication
763,701598,Provision of 4G based Mobile Services in Uncovered Villages and National Highways of Meghalaya,Department of Telecommunications,Meghalaya,09/2019,09/2020,03/2022,03/2026,971.96,971.96,208.25,99,Telecommunication
764,617413,Mobile connectivity in Left Wing Extremism [LWE] affected areas-Phase 1 Upgradation,Department of Telecommunications [DoT],"Multi-States (Andhra Pradesh, Bihar, Chhattisgarh, Jharkhand, Madhya Pradesh, Maharashtra, Odisha, Telangana, Uttar Pradesh, West Bengal)",04/2022,05/2024,05/2025,03/2026,1884.6,1884.6,100,87,Telecommunication
765,701599,Mobile connectivity in Left Wing Extremism [LWE] affected areas-Phase2,Department of Telecommunications [DoT],"Multi-States (Andhra Pradesh, Bihar, Chhattisgarh, Jharkhand, Madhya Pradesh, Maharashtra, Odisha, Telangana, Uttar Pradesh, West Bengal)",NA,09/2021,03/2023,03/2026,1577.57,1577.57,628.29,87,Telecommunication
766,701602,"Provision of 4G based mobile services in 7,287 uncovered villages of 44 Aspirational District across 5 states of Andhra Pradesh, Chhattisgarh, Jharkhand, Maharashtra & Odisha",Department of Telecommunications [DoT],"Multi-States (Andhra Pradesh, Chhattisgarh, Jharkhand, Maharashtra, Odisha)",11/2021,05/2022,11/2023,05/2026,3685,3685,1203.48,82,Telecommunication
767,701597,Provision of 4G Mobile Services in Uncovered Villages of Arunachal Pradesh and 2 Districts of Assam,Department of Telecommunications,"Multi-States (Arunachal Pradesh, Assam)",12/2020,10/2021,04/2023,03/2026,1255.49,1255.49,284.04,92,Telecommunication
768,701600,354 Uncovered Villages Scheme,Department of Telecommunications [DoT],"Multi-States (Bihar, Gujarat, Himachal Pradesh, Jammu and Kashmir, Ladakh, Rajasthan, Uttar Pradesh)",12/2019,04/2020,10/2021,08/2025,336.89,301.13,235.96,100,Telecommunication
769,704495,"502 Aspirational District Scheme in Four states - Bihar, Madhya Pradesh, Rajastha and Uttar Pradesh",Department of Telecommunications [DoT],"Multi-States (Bihar, Madhya Pradesh, Rajasthan, Uttar Pradesh)",NA,03/2021,03/2022,12/2025,421.65,228.94,142.01,97,Telecommunication
770,709749,PHASE-I OF CONSOLIDATION OF EXISTING CDR DATA CENTERS AND NIB-P3 DATA CENTERS WITH STATE OF THE ART,BSNL,"Multi-States (Maharashtra, Telangana)",03/2020,03/2020,06/2021,12/2025,461.42,461.42,166.02,81,Telecommunication
771,400013,Saturation 4G mobile coverage of Uncovered Villages through USOF,Department of Telecommunications [DoT],PAN India,07/2022,07/2022,06/2024,03/2026,26316,30620,9791.8,78,Telecommunication
772,701593,4G Services by BSNL,Department of Telecommunications [DoT],PAN India,11/2020,11/2020,03/2024,03/2026,28466,19592,8471.19,97,Telecommunication
773,706775,BharatNet,Department of Telecommunications [DoT],PAN India,07/2017,10/2011,08/2023,03/2027,61109,188000,46431.54,81,Telecommunication
774,709856,MPLS-IP BASED ACCESS AND AGGREGATION NETWORK [MAAN] IN BSNL ALONG WITH TEST AND MEASURING EQUIPMENT,BSNL,PAN India,05/2023,05/2023,08/2024,11/2025,645.13,645.13,377.59,92,Telecommunication
775,709857,"Planning, Engineering, Supply, Installation, Testing, Commissioning, Integration & Annual Maintenance of 4G mobile network at 1 Lakh sites on PAN India basis including Mumbai & Delhi LSA on turnkey basis under Phase IX.2 Project.",BSNL,PAN India,05/2023,06/2023,06/2025,03/2026,24544.55,24544.5,8472.04,97,Telecommunication
776,709858,OPTICAL TRANSPORT NETWORK [OTN] PH-4 IN BSNL,BSNL,PAN India,02/2024,02/2024,08/2025,11/2025,810.99,810.99,786.86,100,Telecommunication
777,616600,Interception and Diversion and STP works in Bhagalpur under Hybrid annuity based PPP mode-Namami Gange Programme,National Mission for Clean Ganga,Bihar,10/2017,03/2022,02/2025,12/2025,413.29,413.29,126.67,97,Waste & Water
778,616611,Sewage Treatment Plant 100MLD and Sewerage Network 288 km in Digha-Patna under Hybrid annuity based PPP mode-Namami Gange Programme,National Mission for Clean Ganga,Bihar,08/2017,07/2019,12/2025,-,824,824,396.71,56,Waste & Water
779,616612,Sewage Treatment Plant 50MLD and Sewerage Network 150 km in Kankarbagh- Patna under Hybrid annuity based PPP mode-Namami Gange Programme,National Mission for Clean Ganga,Bihar,08/2017,07/2019,12/2025,-,578.89,578.89,171.79,54,Waste & Water
780,616615,"Sewer Network, SPS and STP at Begusarai",National Mission for Clean Ganga,Bihar,03/2010,03/2018,04/2025,12/2025,230.06,230.06,261.82,97,Waste & Water
781,616616,"Sewer Networks, SPS and STP at Hajipur",National Mission for Clean Ganga,Bihar,03/2010,03/2018,06/2025,12/2025,305.19,305.19,346.46,95,Waste & Water
782,616594,Interception & Diversion with Rehabilitation of sewerage scheme at Agra under Hybrid annuity based PPP model-Namami Gange Programme,National Mission for Clean Ganga,Uttar Pradesh,05/2020,04/2023,04/2025,12/2025,842.25,842.25,208.64,77,Waste & Water
783,616605,Pollution Abatement Works for River Kali Meerut under Meerut Municipality Interception & Diversion with STP,National Mission for Clean Ganga,Uttar Pradesh,05/2020,11/2024,12/2024,05/2027,690.71,690.71,34.79,38,Waste & Water
784,616604,Pollution Abatement works for River Ganga at Hooghly Chinsurah- Municipal Town Interception & Diversion with STP,National Mission for Clean Ganga,West Bengal,05/2018,12/2021,03/2025,12/2025,154.73,154.73,96.17,92,Waste & Water
785,400100,Sardar Gouthu Latchanna Thotapalli Barrage Project,Water Resources-AP,Andhra Pradesh,04/2005,01/2006,12/2019,06/2026,353.05,1023.24,869.11,95,Water Resources
786,400101,Gundlakamma project,Water Resources-AP,Andhra Pradesh,04/2005,04/2005,12/2019,03/2027,397.41,697.39,619.09,98,Water Resources
787,701415,Polavaram Irrigation Project,Water Resources-AP,Andhra Pradesh,01/2009,11/2009,04/2022,03/2026,10151.04,55548.9,25291.59,84,Water Resources
788,701370,Borolia Irrigation Project,"Department of Water Resources, River Development & GR",Assam,04/1996,12/1996,12/2022,03/2026,256.16,256.16,44.7,55,Water Resources
789,400104,Punpun Barrage Project,Water Resources-BR,Bihar,04/2007,04/2007,12/2019,03/2026,571.07,658.12,447.68,44,Water Resources
790,400111,Kelo Irrigation Project,Water Resources-CT,Chhattisgarh,04/2008,04/2008,12/2019,06/2026,459.97,727.04,616.93,72,Water Resources
791,701399,Kudali Irrigation Project,"Department of Water Resources, River Development & GR",Chhattisgarh,04/2009,12/2009,12/2025,-,382.29,382.29,239.03,86,Water Resources
792,400097,Sardar Sarovar CADWM Project,"Narmada and Water Resources, Water Supply and Kalpsar Department-GJ",Gujarat,04/2017,04/2017,12/2019,03/2026,5021.76,6670.31,4957.08,90,Water Resources
793,701372,Sardar Sarovar Project,"Narmada and Water Resources, Water Supply and Kalpsar Department-GJ",Gujarat,04/1996,04/1996,12/2019,03/2026,20718.17,33412.5,31860.86,93,Water Resources
794,701376,"Subernarekha Multipurpose Project, Jharkhand",Department of Water Resources-JH,Jharkhand,04/2011,01/2012,12/2019,03/2026,3807.77,9579.58,5790.29,70,Water Resources
795,701377,Upper Tunga Irrigation Project,Water Resources-KA,Karnataka,04/2014,04/2014,12/2019,03/2026,770.16,1606.07,1515.32,99,Water Resources
796,400096,Omkareshwar CADWM Project,Water resource-mp,Madhya Pradesh,04/2017,04/2017,12/2019,03/2026,648.09,648.09,203.06,49,Water Resources
797,400115,Bargi Diversion Project Phase - IV [km. 154 to km 197],Water Resources-MP,Madhya Pradesh,04/2008,01/2009,12/2019,03/2026,751.03,893.35,783.1,75,Water Resources
798,400116,Bargi Diversion Project Phase - III [km. 104 to km 154],Water Resources-MP,Madhya Pradesh,04/2007,04/2007,12/2019,03/2026,1229.15,1399.7,1937.25,80,Water Resources
799,400095,Gosikhurd CADWM Project,Department of water resources-MH - II,Maharashtra,04/2017,04/2017,12/2019,06/2026,743.73,743.73,365.86,52,Water Resources
800,400105,Urmodi Irrigation Project,Department of water resources-MH - II,Maharashtra,04/2017,04/2018,06/2022,12/2026,580.79,895.81,713.46,76,Water Resources
801,400107,Sulwade-Jamphal-Kanoli Lift Irrigation Scheme,Department of water resources-MH - II,Maharashtra,04/2017,02/2019,06/2023,06/2027,2407.67,2407.67,2579.27,80,Water Resources
802,400109,Purna Barrage-2 [Ner Dhamana] Medium Irrigation Project,Department of water resources-MH - II,Maharashtra,04/2017,04/2018,06/2020,06/2026,848.07,888.43,690.49,69,Water Resources
803,400112,Jigaon Irrigation Project,Department of water resources-MH - II,Maharashtra,04/2017,04/2018,06/2028,-,7222.95,7222.95,9035.2,90,Water Resources
804,617422,Bodwad Parisar Sinchan Yojna,Department of Water Resources-MH,Maharashtra,05/2002,01/2017,07/2027,-,1923.81,1923.81,1770.13,49,Water Resources
805,701383,Waghur Project,Department of water resources-MH - II,Maharashtra,04/1996,04/1996,12/2019,03/2026,1058.99,1758.51,1557.64,89,Water Resources
806,701386,Gosikhurd Project,Department of water resources-MH - II,Maharashtra,04/2008,04/2008,12/2019,06/2028,7196.47,12770.1,13837.78,72,Water Resources
807,701391,Aruna Medium Irrigation Project,Department of water resources-MH - II,Maharashtra,04/2009,01/2010,12/2019,12/2025,210.45,1472.14,1705.83,97,Water Resources
808,701396,Lower Pedhi Project,Department of water resources-MH - II,Maharashtra,04/2008,04/2008,12/2019,06/2026,255.97,1480.7,1324.98,65,Water Resources
809,701398,Nardave Medium Irrigation Project,Department of water resources-MH - II,Maharashtra,04/2009,04/2009,12/2019,06/2026,211.46,781.85,623.5,72,Water Resources
810,701400,Thoubal Multipurpose Project,Water Resources Department-MN,Manipur,04/1997,04/1997,12/2019,03/2026,1449.44,1822.24,1837.91,98,Water Resources
811,701412,North Koel Reservoir Project,"Department of Water Resources, River Development & GR","Multi-States (Bihar, Jharkhand)",08/2017,01/2021,03/2021,03/2026,1622.27,2430.76,151.04,32,Water Resources
812,603945,Integrated Anandpur Barrage Project,Water Resources-OR,Odisha,04/1997,01/1998,12/2019,06/2026,567.03,2990.05,2715.12,62,Water Resources
813,701404,Kanupur Irrigation Project,Irrigation and CAD-TG,Odisha,04/2003,01/2004,12/2019,06/2026,989.43,2301.28,2712.75,79,Water Resources
814,701410,Relining of Rajasthan feeder and Sirhind Feeder canal,Department of Water Resources-PB,Punjab,02/2016,04/2018,06/2021,06/2026,1441.26,2462.16,3012.69,80,Water Resources
815,701411,Shahpur Kandi Dam Project,Department of Water Resources-PB,Punjab,02/2010,04/2018,06/2022,10/2025,2285.81,2715.7,2169.72,88,Water Resources
816,400102,Sri Ram Sagar Project Stage - II,Irrigation and CAD-TG,Telangana,04/2005,04/2005,12/2019,03/2026,736.13,949.87,940.7,96,Water Resources
817,400103,Indiramma Flood Flow Canal Project,Irrigation and CAD-TG,Telangana,04/2005,01/2006,12/2019,12/2026,1331.3,5940.09,4491.08,92,Water Resources
818,701405,J. Chokka Rao Devadula Lift Irrigation Scheme,Irrigation and CAD-TG,Telangana,04/2006,04/2006,12/2019,12/2025,8200.71,14730,4664.8,87,Water Resources
819,701406,Rajiv Bhima Lift Irrigation Scheme,Irrigation and CAD-TG,Telangana,04/2007,01/2008,12/2019,03/2026,1402,2509.66,1839.76,100,Water Resources
820,400093,Saryu Nahar CADWM Project,Irrigation & Water Resources-UP,Uttar Pradesh,04/2017,04/2017,12/2019,03/2026,1672.7,1672.7,22.24,1,Water Resources
821,701395,Morna [Gureghar] Irrigation Project,"Department of Water Resources, River Development & GR",Uttar Pradesh,04/2007,12/2007,12/2025,-,219.9,219.9,115.2,31,Water Resources
822,701408,Madhya Ganga canal Phase-II,Irrigation & Water Resources-UP,Uttar Pradesh,04/2008,04/2008,12/2019,12/2025,1060.67,4417.21,4552.44,82,Water Resources
823,613787,Jamrani Dam Multipurpose Project,Irrigation-UK,Uttarakhand,10/2023,11/2023,06/2029,-,2584.1,2584.1,968.52,16,Water Resources
