Sl.No,Project Code,Project Name,Agency,State,Date of Approval (MM/YYYY),Start Date (MM/YYYY),Original DoC (MM/YYYY),Revised DoC (MM/YYYY),Original Cost (Rs. Crore),Revised Cost (Rs. Crore),Cumulative Expenditure (Rs. Crore),JUL25 progress (%),Sector
1,612786,"Construction of New Domestic Terminal Building Building and miscellaneous works including maintenance, operations and AICMC at Kadapa Airport",Airport Authority of India [AAI],Andhra Pradesh,01/2024,-,01/2026,03/2026,265.91,265.91,45.54,31,Aviation & Aviation Infrastructure
2,701107,Construction of New Integrated Terminal Building and associated works including apron to park 3 code E type of aircraft or 6 code C type of aircraft at Vijayawada Airport.,Airport Authority of India [AAI],Andhra Pradesh,09/2020,-,09/2022,12/2025,611.8,611.8,464.55,77,Aviation & Aviation Infrastructure
3,701121,Construction of New Domestic Terminal Building at Rajahmundry Airport.,Airport Authority of India [AAI],Andhra Pradesh,08/2023,-,08/2025,12/2025,347.15,347.15,81.23,49,Aviation & Aviation Infrastructure
4,706724,Guwahati Airport New Integrated Terminal Building Construction Project,Adani Airport Holdings Limited,Assam,03/2018,-,03/2025,-,1712,1712,0,94.1,Aviation & Aviation Infrastructure
5,612183,Development of New Civil Enclave at Bihta,Airport Authority of India [AAI],Bihar,03/2025,-,09/2027,-,1413,1413,0,1,Aviation & Aviation Infrastructure
6,612194,Development of New Civil Enclave and associated works at Darbhanga Airport,Airport Authority of India [AAI],Bihar,07/2024,-,01/2026,-,911.66,911.66,133.01,23,Aviation & Aviation Infrastructure
7,701101,"Construction of New Domestic Terminal Building [Phase-I and II] and other allied structures at JPNI Airport, Patna",Airport Authority of India [AAI],Bihar,10/2018,-,07/2023,11/2025,1216.9,1216.9,1046.48,94,Aviation & Aviation Infrastructure
8,701105,Goa Airport Terminal Building Extension Project,Airport Authority of India [AAI],Goa,12/2019,-,12/2021,09/2025,255.69,255.69,130,88,Aviation & Aviation Infrastructure
9,701126,"Development of Dholera International Greenfield Airport , Gujarat",Airport Authority of India [AAI],Gujarat,07/2022,-,06/2026,06/2026,1305,1551,666.42,63,Aviation & Aviation Infrastructure
10,611047,"Construction of NTB complex including apron, taxi track and other associated civil works and electrical & mechanical installations towards Tawi River side at CA Jammu.",Airport Authority of India [AAI],Jammu and Kashmir,07/2023,-,06/2026,06/2026,861.37,861.37,154.3,30,Aviation & Aviation Infrastructure
11,612787,Construction of New Domestic Terminal Building and Miscellaneous works at Hubli Airport,Airport Authority of India [AAI],Karnataka,01/2024,-,01/2026,03/2026,320.47,320.47,56.54,36,Aviation & Aviation Infrastructure
12,612788,Construction of New Domestic Terminal Building and Miscellaneous Works at Belagavi Airport.,Airport Authority of India [AAI],Karnataka,02/2024,-,01/2026,01/2026,322.45,322.45,115.82,48,Aviation & Aviation Infrastructure
13,612789,"Development of additional RESA on either end on Runway 10-28 at Calicut Airport. Construction of embankment with slope protection, drainage system and associated works for additional RESA on either end on Runway 10-28",Airport Authority of India [AAI],Kerala,02/2024,-,09/2025,03/2026,484.57,484.57,74.67,19,Aviation & Aviation Infrastructure
14,400010,"Construction of Terminal Building & Associated works at Leh Airport, Ladakh",Airport Authority of India [AAI],Ladakh,09/2018,-,09/2021,10/2025,480,640,427.04,67,Aviation & Aviation Infrastructure
15,706718,C/o NITB Imphal Airport,Airport Authority of India [AAI],Manipur,07/2022,-,07/2024,12/2026,499,499,160.48,41,Aviation & Aviation Infrastructure
16,611440,Procurment of 30 Nos ACFTs of WT Capacity 10KL at Various Airports,Airport Authority of India [AAI],"Multi-States (Andhra Pradesh, Bihar, Delhi, Gujarat, Jharkhand, Karnataka, Kerala, Madhya Pradesh, Odisha, Tamil Nadu, Telangana, Uttar Pradesh, West Bengal)",05/2023,-,06/2025,-,215.17,215.17,104.92,53,Aviation & Aviation Infrastructure
17,611570,"16 SITC of ATM Automation System and ASMGCS [Including SMR & MLAT] for Mumbai, Navi Mumbai, MOPA [without ASMGCS], HIAL & BIAL",Airport Authority of India [AAI],"Multi-States (Goa, Karnataka, Maharashtra, Telangana)",10/2022,-,09/2025,-,500.48,500.48,306.21,74,Aviation & Aviation Infrastructure
18,701127,Construction of New Passenger Terminal Building for Domestic Operations at Jodhpur Airport.,Airport Authority of India [AAI],Rajasthan,04/2023,-,11/2024,10/2025,480,480,254.71,77,Aviation & Aviation Infrastructure
19,701128,Construction of New Integrated Passenger Terminal Building at Udaipur Airport,Airport Authority of India [AAI],Rajasthan,11/2022,-,03/2026,10/2026,887,887,312.4,44,Aviation & Aviation Infrastructure
20,612793,"Widening of basic strip at Western Side of Runway Chainage 80m to 920m i/c slope stabilization Measures [Balance work] of uphill and Improvement of Storm Water Drainage System at Pakyong Airport, Sikkim on design & build basis [EPC] with integrated 10 years maintenance.",Airport Authority of India [AAI],Sikkim,12/2023,-,02/2026,-,323.26,323.26,29.69,12,Aviation & Aviation Infrastructure
21,611602,"Modernization of Chennai Airport, Phase II, Part 2",Airport Authority of India [AAI],Tamil Nadu,06/2023,-,07/2025,03/2026,1207,1207,376.47,21,Aviation & Aviation Infrastructure
22,612063,"Construction of New Terminal Building, Second Link Taxi Track, Apron Expansion, and associated works at Prayagraj Airport- On Design & Build Basis.",Airport Authority of India [AAI],Uttar Pradesh,08/2023,-,11/2024,08/2025,219.18,274.38,206.33,97,Aviation & Aviation Infrastructure
23,701091,Lucknow Airport-Terminal 3- Phase 1 & Other Associated Works,Adani Airport Holdings Limited,Uttar Pradesh,09/2018,-,03/2026,-,3100,3100,0,99.96,Aviation & Aviation Infrastructure
24,701113,"Development of Lal Bahadur Shastri International airport, Varanasi including C/o New Terminal Building, Apron Extension, Runway Extension, PTT and allied works.",Airport Authority of India [AAI],Uttar Pradesh,07/2024,-,07/2027,07/2027,2869.65,2869.65,302.3,14,Aviation & Aviation Infrastructure
25,701122,Development of New Integrated Civil Enclave at Agra Airport,Airport Authority of India [AAI],Uttar Pradesh,07/2024,-,07/2026,-,579,579,74.3,14,Aviation & Aviation Infrastructure
26,611495,Development of New Civil Enclave at Bagdogra Airport,Airport Authority of India [AAI],West Bengal,10/2023,-,01/2027,01/2027,1549,1549,262.41,10,Aviation & Aviation Infrastructure
27,612791,"Re-Construction of Rigid portions of Secondary Runway, K and A Taxiway and Strengthening of C Taxiway at NSCBI Airport Kolkata.",Airport Authority of India [AAI],West Bengal,12/2023,-,02/2025,08/2026,328.3,328.3,98.15,44,Aviation & Aviation Infrastructure
28,615820,TIKAK EXTENSION OCP,MIS MoCoal Integration Logins,Assam,07/2022,-,07/2031,-,159.77,159.77,80.84,0,Coal
29,615821,TIRAP OCP,MIS MoCoal Integration Logins,Assam,11/2022,-,11/2030,-,289.46,289.46,105.47,0,Coal
30,400144,PORDA CHIMTAPANI OCP [10 MTY],South Eastern Coalfields Limited [SECL],Chhattisgarh,12/2020,-,03/2029,-,2310.12,2310.12,83.66,10,Coal
31,400145,CHHAL OC SEAM III [6 MTY],South Eastern Coalfields Limited [SECL],Chhattisgarh,12/2013,-,03/2022,09/2025,610.63,610.63,577.46,85,Coal
32,400147,KUSMUNDA OC EXPANSION [15 TO 50 MTY],South Eastern Coalfields Limited [SECL],Chhattisgarh,08/2013,-,03/2023,03/2030,7612.33,7612.33,4697.95,81,Coal
33,400149,BAROUD OC EXPANSION [3.0-10.0MTY],South Eastern Coalfields Limited [SECL],Chhattisgarh,08/2020,-,03/2029,-,2309.8,2309.8,913.03,47,Coal
34,400354,DIPKA EXPANSION OCP [40 MTY],South Eastern Coalfields Limited [SECL],Chhattisgarh,12/2020,-,03/2029,-,5241.4,5241.4,2675,37,Coal
35,400424,GEVRA OC [70 MTY],South Eastern Coalfields Limited [SECL],Chhattisgarh,03/2016,-,03/2023,03/2026,11816.4,11816.4,5328.96,77,Coal
36,613795,JAMPALI OC RCE [2.0 MTY],SECL - CIL,Chhattisgarh,05/2020,-,03/2025,06/2025,278.64,278.64,210.07,82,Coal
37,613798,AMERA OC RCE [1.0 MTY],South Eastern Coalfields Limited [SECL],Chhattisgarh,02/2015,-,03/2026,-,335.97,335.97,87.47,42,Coal
38,613799,AMGAON OC RCE [1.0 MTY],South Eastern Coalfields Limited [SECL],Chhattisgarh,07/2015,-,03/2026,-,316.11,316.11,188.53,71,Coal
39,613800,JAGANNATHPUR OC RCE PROJECT[3.0 MTY],South Eastern Coalfields Limited [SECL],Chhattisgarh,07/2016,-,03/2025,03/2026,459.49,459.49,274.35,92,Coal
40,613801,MAHAMAYA OCP [1.50 MTY],South Eastern Coalfields Limited [SECL],Chhattisgarh,05/2018,-,03/2026,-,410.26,410.26,169.3,38,Coal
41,615191,KATKONA RO UG MINE,South Eastern Coalfields Limited [SECL],Chhattisgarh,01/2023,-,03/2029,-,329.21,329.21,60.3,2,Coal
42,616234,PELMA OC MDO,South Eastern Coalfields Limited [SECL],Chhattisgarh,10/2022,-,03/2033,-,1725.04,1725.04,15.63,17,Coal
43,617287,KUSMUNDA OC EXPANSION PROJECT 50-75 MTY,SECL - CIL,Chhattisgarh,11/2024,-,03/2030,-,4516.88,4516.88,16.97,3,Coal
44,617288,MANIKPUR OC EXPANSION PROJECT 7 MTY,South Eastern Coalfields Limited [SECL],Chhattisgarh,01/2025,-,03/2029,-,382.61,382.61,0.86,1,Coal
45,612838,DIPKA OC,SECL - CIL,Gujarat,01/2017,-,03/2025,-,7580,7580,3091,65,Coal
46,400018,HURA C OCP,ECL - CIL,Jharkhand,08/2022,-,03/2029,-,859.41,859.41,450.47,62,Coal
47,400073,KONAR EXPANSION OCP,Ministry of Coal,Jharkhand,01/2022,-,03/2032,-,799.34,799.34,426.16,46,Coal
48,400074,KARO EXPANSION OCP,Ministry of Coal,Jharkhand,01/2022,-,03/2029,-,908.47,908.47,251.79,22,Coal
49,400136,SANGHMITRA OC,Ministry of Coal,Jharkhand,03/2027,-,03/2032,-,2660,2660,0,0,Coal
50,400138,CHANDRAGUPT OCP,Ministry of Coal,Jharkhand,08/2020,-,03/2032,-,973.5,973.5,440.32,15,Coal
51,400139,KOTRE BASANTPUR PACHMO OCP,Ministry of Coal,Jharkhand,08/2020,-,03/2032,-,861.06,625.4,441.05,41,Coal
52,400142,Pachwara South Coal Block,NLC India Limited [NLCIL],Jharkhand,12/2019,-,09/2028,-,2242.9,2242.9,1165.64,54,Coal
53,400150,RPR MAGADH EXP OCP,Ministry of Coal,Jharkhand,08/2020,-,03/2028,-,7254.37,7254.37,1534.64,38,Coal
54,400151,NORTH URIMARI EXPANSION OCP,Ministry of Coal,Jharkhand,07/2021,-,03/2029,-,778.8,778.8,695.11,67,Coal
55,400153,EPR ROHINI - KARKETTA OCP,Ministry of Coal,Jharkhand,01/2021,-,03/2028,-,1020.42,1020.42,83.95,20,Coal
56,400154,EPR PUNDI OCP,Ministry of Coal,Jharkhand,11/2020,-,03/2027,-,713.35,713.35,236.57,10,Coal
57,400155,EPR ASHOK OC,Ministry of Coal,Jharkhand,05/2021,-,03/2028,-,2898.28,2898.28,176.6,21,Coal
58,400156,EPR AMRAPALI OCP,Ministry of Coal,Jharkhand,02/2020,-,03/2028,-,5136.15,5136.15,1125.18,43,Coal
59,400160,RAJRAPPA RCE OCP,Ministry of Coal,Jharkhand,12/2009,-,03/2016,03/2027,510.85,510.85,488.57,76,Coal
60,400172,CHITRA EAST OC,Eastern Coal Fields Limited [ECL],Jharkhand,08/2018,-,03/2026,-,513.99,513.99,228.71,51,Coal
61,400352,JHARKHAND-LAIYO OCP,Ministry of Coal,Jharkhand,08/2020,-,03/2031,-,764.57,764.57,145.81,25,Coal
62,400425,MOONIDIH XV SEAM UG,BCCL - CIL,Jharkhand,08/2011,-,03/2019,05/2026,1230.27,1230.27,624.17,81,Coal
63,611017,2.5 MTPA PATHERDIH NLW WASHERY,Ministry of Coal,Jharkhand,04/2016,-,04/2018,03/2026,334.27,334.27,138.69,48,Coal
64,611864,AMALAGAMATED NTST KUJAMA OCP 8.5MTY,Ministry of Coal,Jharkhand,01/2023,-,03/2030,-,4011.85,4011.85,398.5,28,Coal
65,613808,MURAIDIH UG PROJECT,Ministry of Coal,Jharkhand,02/2011,-,04/2014,12/2026,339.87,339.87,190.65,70,Coal
66,615349,TAPIN SOUTH EXPN,Ministry of Coal,Jharkhand,11/2020,-,03/2028,-,230.41,230.41,21,20,Coal
67,615822,SIRKA OC,Ministry of Coal,Jharkhand,05/2020,-,03/2028,-,222.82,222.82,139.31,60,Coal
68,615843,TETARIAKHAR OC,Ministry of Coal,Jharkhand,11/2019,-,03/2025,03/2027,243.52,243.52,44.64,28,Coal
69,616225,CHUPERBHITA SIMLONG OCP MDO 6 MTY,Eastern Coal Fields Limited [ECL],Jharkhand,12/2023,-,03/2037,-,979.08,979.08,0,0,Coal
70,616236,JARANGDIH EXPN. OCP 1.5 MTY,CCL - CIL,Jharkhand,02/2020,-,03/2029,-,414.37,414.37,85.6,26,Coal
71,616253,BLOCK E OCP,Ministry of Coal,Jharkhand,03/2024,-,03/2029,-,5850.83,5850.83,0,2,Coal
72,400148,AMADAND OCP[4.0MTY],Ministry of Coal,Madhya Pradesh,03/2016,-,03/2021,03/2027,869.44,869.44,274.45,75,Coal
73,400152,RAMPUR BATURA OCP [4.0MTY],South Eastern Coalfields Limited [SECL],Madhya Pradesh,07/2019,-,03/2026,-,1248.93,1248.93,495.4,44,Coal
74,400162,BLOCK B EXPANSION [3.5 TO 8.0 MTPA] OPENCAST COAL MINING PROJECT,Northern Coalfields Limited [NCL],Madhya Pradesh,07/2019,-,03/2023,03/2027,998.71,998.71,458.01,46,Coal
75,400321,NIGAHI EXPANSION [15 TO 25 MTPA] OPENCAST MINING PROJECT,Northern Coalfields Limited [NCL],Madhya Pradesh,11/2020,-,03/2025,03/2028,1729.68,1729.68,772.91,44,Coal
76,613802,KANCHAN OC EXP,South Eastern Coalfields Limited [SECL],Madhya Pradesh,12/2014,-,03/2026,-,371.04,371.04,144.61,47,Coal
77,613803,JHIRIA WEST OCP [1.5 MTY],South Eastern Coalfields Limited [SECL],Madhya Pradesh,01/2024,-,03/2026,-,366.94,366.94,25.07,41,Coal
78,613804,RPR TAWA-III UG 0.84 MTY,WCL - CIL,Madhya Pradesh,12/2021,-,03/2027,-,314.09,314.09,5.7,17,Coal
79,615185,AMALGAMATED DHANKASA & JAMUNIA UG,Western Coalfields Limited [WCL],Madhya Pradesh,09/2022,-,03/2027,-,399.2,399.2,72.21,67,Coal
80,615187,RPR OF VISHNUPURI UG TO OC,Western Coalfields Limited [WCL],Madhya Pradesh,11/2022,-,03/2029,-,220.62,220.62,0,11,Coal
81,615194,URDHAN EXPANSION OC COST PLUS,Western Coalfields Limited [WCL],Madhya Pradesh,01/2023,-,03/2031,-,206.88,206.88,23.22,1,Coal
82,615195,SHARDA UG MINE,Western Coalfields Limited [WCL],Madhya Pradesh,09/2023,-,03/2028,-,166.25,166.25,2.78,9,Coal
83,615206,GANDHIGRAM UG MINE,Western Coalfields Limited [WCL],Madhya Pradesh,08/2019,-,03/2026,-,414.15,414.15,13.27,57,Coal
84,400033,BHATADI EXPANSION OC,Western Coalfields Limited [WCL],Maharashtra,05/2022,-,03/2028,-,580.61,580.61,20.52,26,Coal
85,400177,AMALGAMATED YEKONA I & YEKONA II OC,Western Coalfields Limited [WCL],Maharashtra,08/2015,-,03/2025,03/2026,727.28,727.28,524.54,80,Coal
86,400178,DINESH[MAKARDHOKRA-III] OC,Western Coalfields Limited [WCL],Maharashtra,02/2020,-,03/2027,-,822.88,822.88,621.73,35,Coal
87,400353,DHUPTALA OC [SASTI UG TO OC ],Western Coalfields Limited [WCL],Maharashtra,10/2021,-,03/2028,-,711.01,711.01,80.33,17,Coal
88,615184,SAONER UG MINE -1 EXPANSION 1.2 MTY,Western Coalfields Limited [WCL],Maharashtra,01/2022,-,03/2028,-,228.64,228.64,139.81,68,Coal
89,615186,SASTI EXPANSION OPENCAST,Western Coalfields Limited [WCL],Maharashtra,08/2020,-,03/2026,-,319.04,319.04,90.96,20,Coal
90,615188,NEW MAJRI UG TO OC 3 MTY COST PLUS,Western Coalfields Limited [WCL],Maharashtra,09/2022,-,03/2027,-,402.27,402.27,41.08,24,Coal
91,615189,MAKARDHOKRA EXPN OC 4.9 MTY,Western Coalfields Limited [WCL],Maharashtra,06/2022,-,03/2026,-,361.87,361.87,67.64,12,Coal
92,615190,SINGHORI DEEP OC MIN 2.0 MTY,Western Coalfields Limited [WCL],Maharashtra,05/2022,-,03/2029,-,335.75,335.75,26.64,6,Coal
93,615192,GOKUL EXTENSION OC MINE,Western Coalfields Limited [WCL],Maharashtra,04/2021,-,03/2026,-,309.58,309.58,29.85,8,Coal
94,615199,KOLGAON EXPANSION DEEP OC MINE 0.80 MTY,Western Coalfields Limited [WCL],Maharashtra,09/2023,-,03/2027,-,198.71,198.71,0.71,3,Coal
95,615330,BALLARPUR NORTH WEST OC MINE,Western Coalfields Limited [WCL],Maharashtra,12/2022,-,03/2029,-,360.81,360.81,0,4,Coal
96,615331,GADEGAON OC 3 MTY,Western Coalfields Limited [WCL],Maharashtra,10/2023,-,03/2030,-,497.41,497.41,0,0,Coal
97,615914,GHONSA EXPANSION DEEP OC MINE 1.5 MTY,Western Coalfields Limited [WCL],Maharashtra,03/2021,-,03/2029,-,184.71,184.71,10.48,6,Coal
98,615916,AMLG GAURI PAUNI EXPANSION OC - 9.0 MTY,Western Coalfields Limited [WCL],Maharashtra,04/2024,-,03/2030,-,1225.21,1225.21,78.41,1,Coal
99,615917,GAURIDEEP/GAURI CENTRAL OCP 7.00 MTY CP,Western Coalfields Limited [WCL],Maharashtra,06/2024,-,03/2030,-,973.07,973.07,0.11,0,Coal
100,615918,RPR OF BHANEGAON OC,Western Coalfields Limited [WCL],Maharashtra,09/2022,-,03/2028,-,405.2,405.2,11.71,8,Coal
101,615919,N. EXTN. MUNGOLI NIRGUDA D OCP 6.125 MTY,Western Coalfields Limited [WCL],Maharashtra,06/2024,-,03/2030,-,1024.91,1024.91,165.54,0,Coal
102,615982,NILJAI EXPANSION DEEP OCP,Western Coalfields Limited [WCL],Maharashtra,08/2016,-,03/2022,03/2026,319.75,319.75,367.6,79,Coal
103,616044,UKNI DEEP OC MINE -COST PLUS,Western Coalfields Limited [WCL],Maharashtra,01/2019,-,03/2021,03/2026,237.06,237.06,159.21,87,Coal
104,616050,AMALGAMATED INDER-KAMPTEE DEEP OC,Western Coalfields Limited [WCL],Maharashtra,09/2018,-,03/2024,03/2026,235.9,235.9,237.12,98,Coal
105,616223,ADASA UG TO OC MINE,Western Coalfields Limited [WCL],Maharashtra,11/2018,-,03/2024,03/2026,316,316,308.84,86,Coal
106,616229,AMAL GONDEGAON GHATROHANA EXPN OCP,Western Coalfields Limited [WCL],Maharashtra,09/2024,-,03/2030,-,668.54,668.54,0.53,0,Coal
107,617233,WAGHODA UG MINE [1.02 MTY],Western Coalfields Limited [WCL],Maharashtra,01/2025,-,03/2030,-,379.3,379.3,0,0,Coal
108,617278,KOLARPIMPRI EXPANSION OC [2.5 MTY],Western Coalfields Limited [WCL],Maharashtra,02/2025,-,03/2030,-,630.37,630.37,0,0,Coal
109,400313,Master Plan for Jharia and Raniganj Coalfields,Bharat Coking Coal Limited [BCCL],"Multi-States (Jharkhand, West Bengal)",08/2009,-,08/2019,12/2028,2661.73,2661.73,787.75,43,Coal
110,400369,BINA KAKRI AMALGAMATION EXPANSION OPENCAST MINING PROJECT [14 MTPA],Northern Coalfields Limited [NCL],"Multi-States (Madhya Pradesh, Uttar Pradesh)",08/2020,-,03/2024,03/2027,836.42,836.42,778.77,89,Coal
111,615183,KHADIA EXPANSION [10 TO 16 MTPA] OPENCAST MINING PROJECT,Northern Coalfields Limited [NCL],"Multi-States (Madhya Pradesh, Uttar Pradesh)",06/2021,-,03/2025,03/2027,491.67,491.67,202.18,40,Coal
112,400165,SUBHADRA OCP,Mahanadi Coalfields Limited (MCL),Odisha,05/2021,-,03/2029,03/2029,1693.81,1693.81,1278.66,42,Coal
113,400166,SIARMAL OCP,Mahanadi Coalfields Limited (MCL),Odisha,02/2021,-,03/2029,03/2028,5194.95,5194.95,3455.65,54,Coal
114,400179,BHUBANESWARI EXPANSION OCP,Mahanadi Coalfields Limited (MCL),Odisha,01/2023,-,03/2031,-,3145.45,6321.73,1250.66,21,Coal
115,400183,BALARAM EXPANSION OCP,Mahanadi Coalfields Limited (MCL),Odisha,08/2020,-,03/2029,-,3504.21,3504.21,1027.23,52,Coal
116,400185,GOPALJI KANIHA OCP [10 TO 30 MTY],Mahanadi Coalfields Limited (MCL),Odisha,04/2022,-,03/2030,-,8416.19,6107.87,1694.31,17,Coal
117,400187,INTEGRATED LAKHANPUR-BELPAHAR-LILARI OCP,Mahanadi Coalfields Limited (MCL),Odisha,05/2018,-,03/2027,-,2434.75,2434.75,1805.65,61,Coal
118,400392,BHARATPUR RE-ORGANIZATION OCP,Mahanadi Coalfields Limited (MCL),Odisha,11/2018,-,03/2029,-,2838.86,2838.86,1748.9,47,Coal
119,615193,BASUNDHARA WEST EXTENSION OPENCAST PRO,Mahanadi Coalfields Limited (MCL),Odisha,05/2014,-,03/2027,-,479.15,479.15,259.2,62,Coal
120,615857,Naini Coal Mine,Singareni Collieries Company Limited [SCCL],Odisha,03/2020,-,03/2026,-,494.3,494.3,491.33,80,Coal
121,616226,INTEGRATED KULDA GARJANBAHAL OCP 40 MTY,Mahanadi Coalfields Limited (MCL),Odisha,04/2023,-,03/2033,-,3563.5,3563.5,150.7,3,Coal
122,616231,BHUBANESWARI EXPN OCP 50 MTY,Mahanadi Coalfields Limited (MCL),Odisha,03/2024,-,03/2033,-,5366.27,5366.27,0,3,Coal
123,616232,HINGULA II OC EXPN PH III 15 MTY,Mahanadi Coalfields Limited (MCL),Odisha,11/2022,-,03/2029,-,1561.85,1561.85,50.15,23,Coal
124,616233,BALABHADRA OCP,Mahanadi Coalfields Limited (MCL),Odisha,04/2023,-,03/2030,-,978.44,978.44,211.36,8,Coal
125,615818,Jawahar Khani Open Cast Mine,Singareni Collieries Company Limited [SCCL],Telangana,12/2021,-,03/2025,03/2027,297.88,297.88,46.39,20,Coal
126,615858,Kalyanikhani Opencast Project,Singareni Collieries Company Limited [SCCL],Telangana,05/2017,-,03/2026,-,384.32,384.32,281.83,75,Coal
127,615859,Kakathiya Khani Opencast - III Project Phase - I,Singareni Collieries Company Limited [SCCL],Telangana,05/2017,-,03/2026,-,413.84,413.84,397.55,79,Coal
128,615860,Godavarikhani Coal Mine - 5,Singareni Collieries Company Limited [SCCL],Telangana,05/2019,-,03/2025,03/2026,607.04,607.04,178.82,71,Coal
129,615861,Indaram Opencast Project,Singareni Collieries Company Limited [SCCL],Telangana,12/2022,-,03/2025,03/2026,424.81,424.81,402.64,80,Coal
130,615862,Goleti Opencast Mine,Singareni Collieries Company Limited [SCCL],Telangana,08/2021,-,03/2026,-,345.6,345.6,73.25,20,Coal
131,615863,Venkatesh Khani Coal Mine,Singareni Collieries Company Limited [SCCL],Telangana,06/2020,-,03/2026,-,484.5,484.5,434.44,75,Coal
132,615864,Ramagundam OC-II Extension Project,Singareni Collieries Company Limited [SCCL],Telangana,06/2015,-,03/2026,-,489.62,489.62,405.54,77,Coal
133,615865,Kakatiyakhani OC - 2 Project,Singareni Collieries Company Limited [SCCL],Telangana,09/2017,-,03/2025,03/2026,442.42,442.42,203.15,63,Coal
134,400173,MOHANPUR EXPANSION OC -PHASE II,Eastern Coal Fields Limited [ECL],West Bengal,11/2020,-,03/2026,-,888.99,888.99,85.51,30,Coal
135,400180,BONJEMEHARI EXPANSION OCP,Eastern Coal Fields Limited [ECL],West Bengal,08/2021,-,03/2026,03/2026,570.11,570.11,81.29,16,Coal
136,400181,NAKRAKONDA KUMARDIH- B OCP,Eastern Coal Fields Limited [ECL],West Bengal,08/2018,-,03/2029,-,502.68,502.68,70.97,25,Coal
137,400182,SIDULI [OC & UG],ECL - CIL,West Bengal,05/2018,-,03/2027,-,535.18,535.18,5.05,14,Coal
138,400186,TILABONI UG,Eastern Coal Fields Limited [ECL],West Bengal,03/2023,-,03/2029,03/2029,749.08,749.08,51.73,10,Coal
139,400312,JHANJRA EXPANSION UG,Eastern Coal Fields Limited [ECL],West Bengal,04/2020,-,03/2029,-,1210.12,1210.12,514.93,40,Coal
140,400315,SONEPUR BAZARI EXPANSION OCP [12 MTY],Eastern Coal Fields Limited [ECL],West Bengal,07/2021,-,03/2029,-,5365.88,5365.88,571.02,17,Coal
141,611016,2.0 MTPA BHOJUDIH NLW WASHERY,Ministry of Coal,West Bengal,03/2019,-,09/2020,09/2025,384.57,384.57,353.21,97,Coal
142,612816,ITAPARA OCP,Eastern Coal Fields Limited [ECL],West Bengal,12/2023,-,03/2030,-,929.1,929.1,65.61,7,Coal
143,613793,SHYAMSUNDARPUR UG INCLUDING SARPI,Eastern Coal Fields Limited [ECL],West Bengal,04/2020,-,03/2026,-,483.65,483.65,55.89,12,Coal
144,613794,PARASEA-BELBAID UG PROJECT,Eastern Coal Fields Limited [ECL],West Bengal,01/2023,-,03/2028,-,389.1,389.1,131.42,16,Coal
145,616230,PARASCOLE JAMBAD OCP,Eastern Coal Fields Limited [ECL],West Bengal,11/2024,-,03/2037,-,1193.55,1193.55,6.79,0,Coal
146,617299,50 MW Wind Power Project,NLC India Limited [NLCIL],Gujarat,02/2024,-,06/2025,01/2026,383.84,383.84,303.5,41,Electricity Generation
147,400231,NLC Talabira Thermal Power Project,NLC India Limited [NLCIL],Odisha,01/2024,-,03/2030,-,27212.96,27213,1938.68,1,Electricity Generation
148,612819,300 MW SPP part of 510 MW CPSU scheme,NLC India Limited [NLCIL],Rajasthan,03/2023,-,09/2024,09/2025,1813,1813,769.57,68,Electricity Generation
149,615327,50 MW Solar PP Minedout Area,NLC India Limited [NLCIL],Tamil Nadu,02/2024,-,03/2025,09/2025,218.03,218.03,160.93,46,Electricity Generation
150,400259,Ghatampur Thermal Power Plant 3 X 660 MW,NLC India Limited [NLCIL],Uttar Pradesh,08/2016,-,11/2020,10/2025,17237.8,21780.9,20135.48,92,Electricity Generation
151,400203,Dharamjaigarh-Korba,WR,Chhattisgarh,03/2017,-,12/2026,08/2026,1686.22,1686.22,342.96,40,Railways
152,400416,Shivpur-Kathautia New Rail [BG] Line [49 km] [Package II of Tori-Shivpur-Kathautia line],Ministry of Coal,Jharkhand,05/2022,-,06/2025,-,1799.64,1799.64,1293.71,60,Railways
153,400192,Tubed Coal Mine,Damodar Valley Corporation,Jharkhand,10/2016,-,05/2026,05/2026,1581,1581,599.18,34,Coal
154,603293,Badam Coal Mining project of NTPC,National Thermal Power Corporation [NTPC],Jharkhand,09/2019,-,12/2056,04/2027,502,784,302.2,59,Coal
155,602182,Dibang Multipurpose Project,National Highways & Infrastructure Development Corporation Ltd. [NHIDCL],Arunachal Pradesh,02/2023,-,02/2032,02/2032,31876.39,31876.4,3436.38,16,Electricity Generation
156,611698,240MW Heo HE Project,North Eastern Electric Power Corporation Limited,Arunachal Pradesh,05/2025,-,07/2029,-,1938.85,1938.85,49.31,3,Electricity Generation
157,611699,186 MW Tato-I H E Project,North Eastern Electric Power Corporation Limited,Arunachal Pradesh,05/2025,-,07/2029,-,1750.07,1750.07,102.79,2,Electricity Generation
158,602579,Buxar Thermal Power Project [1320 MW],Satluj Jal Vidyut Nigam [SJVN] Thermal Limited,Bihar,06/2019,-,01/2024,11/2025,10439.09,13756.6,11970.96,92,Electricity Generation
159,611930,Lara Super Thermal Power Project Stage-II [2 x 800 MW],National Thermal Power Corporation [NTPC],Chhattisgarh,08/2023,-,06/2028,-,15530,15530,2288,14,Electricity Generation
160,617188,"Sipat Super Thermal Power Project, Stage-III [1x800 MW]",National Thermal Power Corporation [NTPC],Chhattisgarh,09/2024,-,09/2029,-,9791,9791,0,0,Electricity Generation
161,709747,Bagodara Solar Power Project,Satluj Jal Vidyut Nigam [SJVN] Thermal Limited,Gujarat,05/2021,-,12/2025,12/2025,339.35,339.35,317.59,51,Electricity Generation
162,602582,Dhaulasidh Hydro Electric Project [66 MW],Satluj Jal Vidyut Nigam [SJVN] Thermal Limited,Himachal Pradesh,05/2021,-,11/2025,03/2027,687.97,1511.87,908.65,67,Electricity Generation
163,602593,Luhri Stage-I Hydro Electric Project [210 MW],Satluj Jal Vidyut Nigam [SJVN] Thermal Limited,Himachal Pradesh,11/2020,-,01/2026,08/2029,1810.56,3584.53,1742.92,51,Electricity Generation
164,602633,382 MW Sunni Dam HEP,Satluj Jal Vidyut Nigam [SJVN] Thermal Limited,Himachal Pradesh,04/2018,-,03/2027,-,2615,2615,495.57,0.5,Electricity Generation
165,611586,Sunni Dam Hydro Electric Project [382 MW],Satluj Jal Vidyut Nigam [SJVN] Thermal Limited,Himachal Pradesh,01/2023,-,04/2028,12/2028,2614.51,4540.71,956.76,29,Electricity Generation
166,602525,"Pakal Dul [Drangdhuran] Hydroelectric Project, 1000 MW",National Highways & Infrastructure Development Corporation Ltd. [NHIDCL],Jammu and Kashmir,02/2018,-,04/2020,09/2026,8112.12,8112.12,6916.1,71,Electricity Generation
167,602532,Kiru HE Project,National Highways & Infrastructure Development Corporation Ltd. [NHIDCL],Jammu and Kashmir,03/2019,-,09/2023,03/2026,4287.59,4287.59,3055.87,66,Electricity Generation
168,602535,"Ratle HE Project - 850 MW, Ratle Hydroelectric Power Corporation Limited.",National Highways & Infrastructure Development Corporation Ltd. [NHIDCL],Jammu and Kashmir,02/2021,-,02/2026,08/2029,5281.94,5281.94,1009.79,24,Electricity Generation
169,605155,Kwar HE Project,National Highways & Infrastructure Development Corporation Ltd. [NHIDCL],Jammu and Kashmir,05/2022,-,11/2026,-,4526.12,4526.12,1078.61,23,Electricity Generation
170,400261,Patratu Thermal Power Station Expansion Project Phase-I [3x800 MW],National Thermal Power Corporation [NTPC],Jharkhand,11/2017,-,03/2023,11/2026,17112,20302,17365,81,Electricity Generation
171,611509,"Koderma Thermal Power Station Phase II [2X800 MW] At Koderma, Jharkhand",Damodar Valley Corporation,Jharkhand,11/2024,-,03/2029,-,14358,14358,1116.7,1,Electricity Generation
172,709820,OMKARESHWAR FLOATING SOLAR POWER PROJECT [90 MW],Satluj Jal Vidyut Nigam [SJVN] Thermal Limited,Madhya Pradesh,11/2022,-,08/2024,-,646.17,646.17,0,0,Electricity Generation
173,602096,Subansiri Lower HE Project [2000 MW],National Highways & Infrastructure Development Corporation Ltd. [NHIDCL],"Multi-States (Arunachal Pradesh, Assam)",09/2003,-,09/2010,05/2026,6285.33,26075.5,24685.13,96,Electricity Generation
174,602961,Talcher Thermal Power Station Stage III [2 x 660 MW] Expansion,National Thermal Power Corporation [NTPC],Odisha,09/2022,-,05/2027,03/2028,11843.75,12543,3975,26,Electricity Generation
175,709748,BIKANER SOLAR POWER PROJECT,Satluj Jal Vidyut Nigam [SJVN] Thermal Limited,Rajasthan,05/2022,-,04/2024,12/2025,5491.89,5491.89,4606.84,82,Electricity Generation
176,602181,"TEESTA-VI HE PROJECT, SIKKIM [500 MW], executed by LANCO TEESTA HYDRO POWER LIMITED [A wholly owned Subsidiary of NHPC LTD. acquired through NCLT]",National Highways & Infrastructure Development Corporation Ltd. [NHIDCL],Sikkim,03/2019,-,03/2024,12/2027,5748.04,5748.04,4495.28,68,Electricity Generation
177,605156,Rangit-IV HE Project [120 MW] executed by Jal Power Corporation Ltd. [JPCL] -A wholly owned subsidiary of NHPC Ltd. acquired through NCLT,National Highways & Infrastructure Development Corporation Ltd. [NHIDCL],Sikkim,03/2021,-,05/2024,12/2025,938.29,1828.11,1554.15,90,Electricity Generation
178,602194,Khurja super Thermal Power Plant [2X660 MW],THDC India Limited,Uttar Pradesh,08/2019,-,02/2024,08/2025,11089.42,13276.2,12429.05,96,Electricity Generation
179,612142,"Singrauli Super Thermal Power Project, Stage-III [2x800 MW]",National Thermal Power Corporation [NTPC],Uttar Pradesh,03/2024,-,02/2030,-,17195,17195,1626,8,Electricity Generation
180,602185,Tapovan-Vishnugad HEP [4x130 MW],National Thermal Power Corporation [NTPC],Uttarakhand,11/2006,-,03/2013,04/2029,2978,10907.3,7123.58,77,Electricity Generation
181,602193,Tehri Pumped Storage Plant Project [4x250 MW],THDC India Limited,Uttarakhand,06/2011,-,06/2022,11/2025,4825.6,8339,7939.82,98,Electricity Generation
182,602195,Vishnugad Pipalkoti Hydro Electric Project [444 MW],THDC India Limited,Uttarakhand,01/2014,-,12/2022,03/2027,3860.35,6823.72,4828.89,72,Electricity Generation
183,400062,"Raghunathpur Thermal Power Station Phase II [2X660 MW] at Raghunathpur, Purulia, West Bengal",Damodar Valley Corporation,West Bengal,02/2025,-,06/2029,-,17673,17673,1183.7,1,Electricity Generation
184,602184,Rammam-III HEPP [3x40 MW],National Thermal Power Corporation [NTPC],West Bengal,09/2014,-,09/2019,03/2029,1381.84,1381.84,1266,45,Electricity Generation
185,602538,Installation of FGD for 4x210 & 2x250 MW MTPS U 1-6,Damodar Valley Corporation,West Bengal,02/2021,-,01/2024,12/2025,1037,1106,1085.39,91,Electricity Generation
186,611967,Transmission Scheme for Solar Energy Zone in Ananthpuram 2500MW and Kurnool 1000MW,Power Grid Corporation of India Limited [POWERGRID],Andhra Pradesh,09/2023,-,09/2025,04/2026,1248.69,1248.69,820.26,78,Transmission & Distribution
187,612856,Augmentation of 1x1500 MVA 3rd 765/400 kV transformation capacity at Kurnool New Substation,Power Grid Corporation of India Limited [POWERGRID],Andhra Pradesh,12/2023,-,09/2025,11/2025,163.61,163.61,50.72,39,Transmission & Distribution
188,617183,Transmission system strengthening at Kurnool- III PS for integration of additional RE generation projects [POWERGRID Kurnool III PS RE Transmission Limited],Power Grid Corporation of India Limited [POWERGRID],Andhra Pradesh,03/2025,-,12/2027,-,2886,2886,28.86,0,Transmission & Distribution
189,611737,Western Region Expansion Scheme-XXV,Power Grid Corporation of India Limited [POWERGRID],Chhattisgarh,02/2023,-,11/2023,09/2025,385.84,385.84,378.16,96,Transmission & Distribution
190,611656,Transmission scheme for evacuation of 4.5GW RE injection at Khavda PS under Phase II- Part B,Power Grid Corporation of India Limited [POWERGRID],Gujarat,03/2023,-,03/2025,10/2025,1167.55,1167,1013.39,91,Transmission & Distribution
191,611657,Transmission scheme for evacuation of 4.5GW RE injection at Khavda PS under Phase II- Part C,Power Grid Corporation of India Limited [POWERGRID],Gujarat,03/2023,-,03/2025,11/2025,2820.99,2820.99,2454.26,84,Transmission & Distribution
192,611660,Establishment of Khavda Pooling Station-2 KPS2 in Khavda RE Park KPS2 TRANSMISSION SYSTEM LIMITED,Power Grid Corporation of India Limited [POWERGRID],Gujarat,03/2023,-,12/2024,08/2025,966.79,966.79,894.76,95,Transmission & Distribution
193,612139,Transmission system for Evacuation of Additional 7 GW RE power from Khavda RE park under Phase-III Part B [Vataman Transmission Limited],Power Grid Corporation of India Limited [POWERGRID],Gujarat,12/2023,-,12/2025,06/2026,3751.82,3751.82,1500.72,21,Transmission & Distribution
194,612151,Transmission System for Evacuation of Power from potential Renewable Energy zone in Khavda Area of Gujarat under Phase IV [7 GW] Part E3,Power Grid Corporation of India Limited [POWERGRID],Gujarat,07/2023,-,07/2025,10/2025,334,334,70.44,22,Transmission & Distribution
195,612855,Transmission System for Evacuation of Power from Potential Energy Renewable Zone in Khavda Area of Gujarat under Ph-IV [7GW] Part E2,Power Grid Corporation of India Limited [POWERGRID],Gujarat,05/2024,-,05/2026,02/2026,679,679,81.48,18,Transmission & Distribution
196,615342,Augmentation of Transformation Capacity at jam Khambhaliya PS [GIS] [SPV Name POWERGRID Jam Khambhaliya Transmission Limited],Power Grid Corporation of India Limited [POWERGRID],Gujarat,10/2024,-,07/2026,-,329,329,9.97,1,Transmission & Distribution
197,615343,Provision of Dynamic Reactive Compensation at Khavda pooling Station 1 [KPS1] and Khavda Pooling station 3 [KPS3],Power Grid Corporation of India Limited [POWERGRID],Gujarat,11/2024,-,11/2026,-,501,501,5.01,1,Transmission & Distribution
198,615345,Transmission System for Evacuation of Power from Potential Renewable Energy Zone in Khavda area of Gujarat under Phase-IV [7GW] Part B [SPV Name POWERGRID South Olpad Transmission Limited],Power Grid Corporation of India Limited [POWERGRID],Gujarat,10/2024,-,10/2026,-,4766,4766,513.29,5,Transmission & Distribution
199,617069,Augmentation of Transformation Capacity at KPS1 [GIS] and KPS2 [GIS] [Phase-V Part B1 and Part B2 Scheme] [SPV Name- POWERGRID KPS1 and 2 Augmentation Transmission Limited],Power Grid Corporation of India Limited [POWERGRID],Gujarat,02/2025,-,02/2027,-,466,466,6.99,0,Transmission & Distribution
200,617182,Augmentation of Banaskantha [Raghanesda] PS [GIS] [POWERGRID Banaskantha Transco Limited],Power Grid Corporation of India Limited [POWERGRID],Gujarat,03/2025,-,03/2027,-,172,172,1.72,0,Transmission & Distribution
201,617272,Implementation of LILO of both circuits of 400KV vindhyachal PS-Sasan D/C Line at Hindalco Switchyard,Power Grid Corporation of India Limited [POWERGRID],Haryana,06/2024,-,12/2026,-,370,370,1,1,Transmission & Distribution
202,608302,Transmission system for evacuation of Power from Pakaldul HEP in Chenab Valley HEPs - LTA System,Power Grid Corporation of India Limited [POWERGRID],Jammu and Kashmir,02/2022,-,04/2025,08/2025,318.12,318.12,286.31,99,Transmission & Distribution
203,617179,Transmission Scheme for evacuation of Power from Ratle HEP [850 MW] & kiru [624 MW] Part B,Power Grid Corporation of India Limited [POWERGRID],Jammu and Kashmir,07/2024,-,07/2026,-,218.6,218.6,0,0,Transmission & Distribution
204,612140,Transmission Scheme for Integration of Renewable Energy Zone [Phase II] in Koppal II [Phase A&B] and gadag II[Phase A] in Karnataka [POWERGRID KOPPAL GADAG TRANSMISSION LIMITED],Power Grid Corporation of India Limited [POWERGRID],Karnataka,12/2023,-,12/2025,-,2889.39,2889.39,1154.31,37,Transmission & Distribution
205,616672,System Strengthening at Koppal-II and GadagII for integration of RE generation projects [SPV Name POWERGRID Koppal Gadag Augmentation Transmission Limited],Power Grid Corporation of India Limited [POWERGRID],Karnataka,01/2025,-,06/2027,-,1354,1354,16.65,0,Transmission & Distribution
206,617068,"Augmentation of Transformation Capacity by 3x500 MVA, 400/220 KV ICTS [6th-8th] and 1x1500 MVA, 765/400 KV ICT [4th] at Bidar PS [SPV Name- POWERGRID Bidar Augmentation Transmission Limited]",Power Grid Corporation of India Limited [POWERGRID],Karnataka,02/2025,-,06/2027,-,288,288,5.76,0,Transmission & Distribution
207,617184,Transmission Scheme for integration of Davanagere/ Chitradurga and Bellary REZ in Karnataka [POWERGRID Chitradurga Bellary REZ Transmission Limited],Power Grid Corporation of India Limited [POWERGRID],Karnataka,03/2025,-,09/2027,-,3453,3453,20.7,0,Transmission & Distribution
208,615344,Transmission System for Evacuation of Power from Rajasthan REZ Ph-IV [Part-2 5.5GW] [Jaisalmer/Barmer Complex] Part H1 [POWERGRID KURAWAR TRANSMISSION LIMITED],Power Grid Corporation of India Limited [POWERGRID],Madhya Pradesh,10/2024,-,10/2026,-,3674,3674,408.18,13,Transmission & Distribution
209,615346,Transmission System for Evacuation of Power from Rajasthan REZ Ph-IV [Part-2 5.5 GW] [Jaisalmer/Barmer Complex] Part C [SPV Name POWERGRID Mandsaur Transmission Limited],Power Grid Corporation of India Limited [POWERGRID],Madhya Pradesh,08/2024,-,08/2026,-,2708,2708,649.92,26,Transmission & Distribution
210,617279,Transmission System for evacuation of power from Mahan Energen Limited Generating Station in Madhya Pradesh [SPV Name - POWERGRID MEL Power Transmission Limited],Power Grid Corporation of India Limited [POWERGRID],Madhya Pradesh,06/2025,-,12/2027,-,558,558,5.58,0,Transmission & Distribution
211,611966,Transmission System for Evacuation of power from Potential RE Zone in Khavda Area of Gujarat under phase IV 7GW-Part E4,Power Grid Corporation of India Limited [POWERGRID],Maharashtra,11/2023,-,07/2025,11/2025,224.41,224.41,22.44,9,Transmission & Distribution
212,617185,Transmission System for Integration of Kurnool-IV REZ Phase-I [for 4.5 GW] [POWERGRID Kurnool-IV Transmission Limited],Power Grid Corporation of India Limited [POWERGRID],"Multi-States (Andhra Pradesh, Karnataka)",03/2025,-,03/2027,-,5550,5550,111,0,Transmission & Distribution
213,900808,Transmission System for Kurnool Wind Energy Zone/ Solar Energy Zone Part-A and Part-B,Power Grid Corporation of India Limited [POWERGRID],"Multi-States (Andhra Pradesh, Telangana)",03/2023,-,11/2024,12/2025,3546.94,3546.94,3121.3,94,Transmission & Distribution
214,602223,Comprehensive Scheme for Strengthening of Transmission and Distribution [T&D] Systems [CSST&DS] in Arunachal Pradesh and Sikkim,Power Grid Corporation of India Limited [POWERGRID],"Multi-States (Arunachal Pradesh, Sikkim)",01/2016,-,12/2018,03/2027,4754.42,4754.42,7321.07,81,Transmission & Distribution
215,607709,NORTH EASTERN REGION POWER SYSTEM IMPROVEMENT PROJECT [NERPSIP],Power Grid Corporation of India Limited [POWERGRID],"Multi-States (Assam, Manipur, Meghalaya, Mizoram, Nagaland, Tripura)",03/2016,-,12/2018,09/2025,5111.33,6700,5253.47,96,Transmission & Distribution
216,617271,Eastern Region Expansion Scheme-43 [ERES-43],Power Grid Corporation of India Limited [POWERGRID],"Multi-States (Bihar, Odisha, West Bengal)",09/2024,-,03/2026,-,342.69,342.69,0.2,0,Transmission & Distribution
217,617270,Eastern Region Expansion Scheme-44 [ERES-44],Power Grid Corporation of India Limited [POWERGRID],"Multi-States (Bihar, West Bengal)",11/2024,-,05/2026,-,408.94,408.94,0.2,0,Transmission & Distribution
218,400005,Transmission Network Expansion in Gujarat to increase its ATC from ISTS Part B,Power Grid Corporation of India Limited [POWERGRID],"Multi-States (Dadra & Nagar Haveli and Daman & Diu, Gujarat, Maharashtra)",07/2022,-,06/2023,12/2025,4546.26,4546.26,4148.46,93,Transmission & Distribution
219,608922,Transmission System Strengthening Scheme for evacuation of power from SEZ in Rajasthan 8.1 GW under Phase II Part G,Power Grid Corporation of India Limited [POWERGRID],"Multi-States (Delhi, Haryana, Rajasthan)",05/2022,-,11/2023,11/2025,1666,2218,2139.28,95,Transmission & Distribution
220,611735,Transmission system for evacuation of power from REZ in Rajasthan 20GW under Phase-III Part J,Power Grid Corporation of India Limited [POWERGRID],"Multi-States (Delhi, Rajasthan)",12/2022,-,03/2025,04/2026,331,331,75.92,28,Transmission & Distribution
221,612132,Transmission Scheme for Evacuation of power from REZ in Rajasthan [20 GW] under Phase-III Part D [Sikar Khetri Transmission Ltd],Power Grid Corporation of India Limited [POWERGRID],"Multi-States (Delhi, Rajasthan)",02/2024,-,08/2025,05/2026,2000,2000,1314.8,59,Transmission & Distribution
222,608301,Transmission system strengthening scheme for evacuation of power from solar energy zones in Rajasthan 8.1 GW under Phase II- Part- G1,Power Grid Corporation of India Limited [POWERGRID],"Multi-States (Delhi, Uttar Pradesh)",02/2022,-,09/2023,11/2025,359.47,359.47,330.71,93,Transmission & Distribution
223,615347,TRANSMISSION SYSTEM FOR EVACUATION OF POWER FROM POTENTIAL RENEWABLE ENERGY ZONE IN KHAVDA AREA OF GUJARAT UNDER PHASE-V [8 GW] PART A [SPV Name POWERGRID West Central Transmission Limited],Power Grid Corporation of India Limited [POWERGRID],"Multi-States (Gujarat, Maharashtra)",11/2024,-,05/2029,-,24819,24819,1489.14,1,Transmission & Distribution
224,615339,Transmission system for evacuation of power from Rajasthan REZ Ph-IV [Part- 3/6GW] [Bikaner complex] Part A [SPV Name POWERGRID Bikaner IV Transmission Limited],Power Grid Corporation of India Limited [POWERGRID],"Multi-States (Haryana, Punjab, Rajasthan)",11/2024,-,11/2026,-,5969,5969,167.13,4,Transmission & Distribution
225,615340,TRANSMISSION SYSTEM FOR EVACUATION OF POWER FROM RAJASTHAN REZ PH-IV [PART-3/ 6 GW] [BIKANER COMPLEX] PART B [SPV Name POWERGRID Siwani Transmission Limited],Power Grid Corporation of India Limited [POWERGRID],"Multi-States (Haryana, Rajasthan)",11/2024,-,11/2026,-,5357,5357,267.85,8,Transmission & Distribution
226,606781,Transmission System for Strengthening of Srinagar-Leh Tr. System,Power Grid Corporation of India Limited [POWERGRID],"Multi-States (Jammu and Kashmir, Ladakh)",03/2022,-,12/2024,09/2025,288.71,288.71,202.1,59,Transmission & Distribution
227,612138,"Transmission Scheme for Solar Energy Zone in Bidar [2500 MW], Karnataka [Bidar Transmission Ltd]",Power Grid Corporation of India Limited [POWERGRID],"Multi-States (Karnataka, Telangana)",02/2024,-,02/2026,-,2147.62,2147.62,1068.65,55,Transmission & Distribution
228,615333,Transmission System for Evacuation of Power from Rajasthan REZ Ph-IV [Part-2 5.5 GW] [Jaisalmer/Barmer Complex] Part D [SPV Name POWERGRID Beawar Mandsaur Transmission Limited],Power Grid Corporation of India Limited [POWERGRID],"Multi-States (Madhya Pradesh, Rajasthan)",08/2024,-,08/2026,-,2227,2227,534.48,19,Transmission & Distribution
229,615334,Transmission System for Evacuation of Power from Rajasthan REZ Ph-IV [Part-2 5.5 GW] [Jaisalmer/Barmer Complex] Part E [SPV Name POWERGRID Mewar Transmission Limited],Power Grid Corporation of India Limited [POWERGRID],"Multi-States (Madhya Pradesh, Rajasthan)",08/2024,-,08/2026,-,3251,3251,685.96,17,Transmission & Distribution
230,617186,Rajasthan REZ Ph-V [Part-1- 4 GW] [Sirohi/Nagaur] Complex [Rajasthan V Power Transmission Limited],Power Grid Corporation of India Limited [POWERGRID],"Multi-States (Madhya Pradesh, Rajasthan)",03/2025,-,03/2027,-,5028,5028,139.2,1,Transmission & Distribution
231,612133,Transmission System for Evacuation of power from Rajasthan REZ Ph-IV [Part-1] [Bikaner Complex] Part D [Neemrana Bareilly Transmission Ltd],Power Grid Corporation of India Limited [POWERGRID],"Multi-States (Rajasthan, Uttar Pradesh)",12/2023,-,12/2025,06/2026,2056,2056,1336.4,55,Transmission & Distribution
232,616670,Transmission System for evacuation of Power from Rajasthan REZ Ph-IV [Part-4 3.5 GW] Part A [SPV name POWERGRID Ghiror Transmission Limited],Power Grid Corporation of India Limited [POWERGRID],"Multi-States (Rajasthan, Uttar Pradesh)",12/2024,-,12/2026,-,5846,5846,236.18,3,Transmission & Distribution
233,611659,Transmission system strengthening scheme for evacuation of power from solar energy zones in Rajasthan[8.1 GW] under phase-II- Part E,Power Grid Corporation of India Limited [POWERGRID],Rajasthan,03/2023,-,09/2024,10/2025,1433.28,1433,1341.7,93,Transmission & Distribution
234,611947,Transmission System for Evacuation of Power from REZ in Rajasthan 20GW under Phase III- Part E2,Power Grid Corporation of India Limited [POWERGRID],Rajasthan,11/2023,-,06/2025,09/2025,428.3,428.3,107.07,46,Transmission & Distribution
235,611948,Transmission system for evacuation of power from REZ in Rajasthan 20 GW under Phase-III part H,Power Grid Corporation of India Limited [POWERGRID],Rajasthan,10/2023,-,04/2025,12/2025,2211.29,2211.29,1780.53,72,Transmission & Distribution
236,611949,Transmission system for evacuation of power from REZ in Rajasthan 20 GW under Phase-III part C1,Power Grid Corporation of India Limited [POWERGRID],Rajasthan,10/2023,-,04/2025,10/2025,1796.02,1796.02,1201.17,79,Transmission & Distribution
237,611950,Transmission system for evacuation of power from REZ in Rajasthan 20 GW under Phase-III part B1,Power Grid Corporation of India Limited [POWERGRID],Rajasthan,09/2023,-,04/2025,12/2025,2190.54,2190.54,1740.6,77,Transmission & Distribution
238,611951,Transmission system for evacuation of power from REZ in Rajasthan 20GW under Phase-III Part E1,Power Grid Corporation of India Limited [POWERGRID],Rajasthan,08/2023,-,02/2025,09/2025,688.74,688.74,585.42,93,Transmission & Distribution
239,612134,Transmission System for Evacuation of power from Rajasthan REZ Ph-IV [Part-1] [Bikaner Complex] Part A [Bikaner Neemrana Transmission Ltd],Power Grid Corporation of India Limited [POWERGRID],Rajasthan,12/2023,-,12/2025,03/2026,2998.34,2998.34,1592.11,49,Transmission & Distribution
240,615332,Transmission System for Evacuation of Power from Rajasthan REZ Ph-IV [Part-2 5.5 GW][Jaisalmer/Barmer Complex] Part B [SPV Name POWERGRID Sirohi Transmission Limited],Power Grid Corporation of India Limited [POWERGRID],Rajasthan,08/2024,-,08/2026,-,3279,3279,547.59,19,Transmission & Distribution
241,615335,Transmission System Strengthening for Interconnections of Bhadla-III & Bikaner III Complex [SPV Name POWERGRID BHADLA BIKANER TRANSMISSION LIMITED],Power Grid Corporation of India Limited [POWERGRID],Rajasthan,08/2024,-,08/2026,-,1382,1382,41.46,2,Transmission & Distribution
242,615337,Additional Transmission System for evacuation of Power from Bhadla-III PS as part of Rajasthan REZ Phase III Scheme [20 GW] [SPV Name POWERGRID Bhadla-III Power Transmission Limited],Power Grid Corporation of India Limited [POWERGRID],Rajasthan,08/2024,-,02/2026,-,369,369,17.82,6,Transmission & Distribution
243,615338,TRANSMISSION SYSTEM FOR EVACUATION OF POWER FROM RAJASTHAN REZ PH -IV [PART-2 5.5 GW] [JAISALMER/BARMER COMPLEX] PART F [SPV Name POWERGRID BARMER I TRANSMISSION LIMITED],Power Grid Corporation of India Limited [POWERGRID],Rajasthan,11/2024,-,11/2026,-,2735,2735,81.42,5,Transmission & Distribution
244,617181,"Augmentation at Fatehgarh-II PS, Fatehgarh-IV PS [Section-II] and Barmer-I PS [POWERGRID Fatehgarh Barmer Augmentation Transmission Limited]",Power Grid Corporation of India Limited [POWERGRID],Rajasthan,03/2025,-,12/2026,-,404,404,4.04,0,Transmission & Distribution
245,616671,Transmission System under ISTS for evacuation of Power from Kudankulam Unit-3&4 [2x1000 MW] [SPV Name POWERGRID Kudankulam Tarnsmission Limited],Power Grid Corporation of India Limited [POWERGRID],Tamil Nadu,01/2025,-,12/2026,12/2026,548,548,10.96,4,Transmission & Distribution
246,617269,Transmission System for Strengthening to facilitate evacuation of power from Bhadla/Bikaner Complex,Power Grid Corporation of India Limited [POWERGRID],Uttar Pradesh,12/2024,-,06/2026,-,212.81,212.81,0.2,0,Transmission & Distribution
247,617282,"C/o 184 MS Flats for Hon'ble MPs at BKS Marg, New Delhi",Central Public Works Department [CPWD],Delhi,05/2022,-,05/2025,08/2025,646.53,646.52,518.46,98,Construction
248,702668,Chennai Metro Rail Phase-II Development Project,Chennai Metro Rail Limited [CMRL],Tamil Nadu,11/2020,-,08/2029,-,63246,63246,47162.73,0,Inland Waterways
249,707229,"Integrated Command control Center [ICCC] - Construction and Development of Integrated Command Control Center with Security, Surveillance, ITMS, Connecting Port, Ship Service, Smart Solid Waste Management, Smart Public Transport System",Smart City Mission,Andaman & Nicobar,11/2021,-,05/2023,-,209.88,209.88,0,0,Real Estate
250,702522,In-Situ Slum Redevelopment Project in Bihar,"PMAY, Ministry of Housing and Urban Affairs",Bihar,06/2015,-,03/2024,-,454.65,454.65,204.64,0,Real Estate
251,702544,In-Situ Slum Redevelopment Project in Haryana,"PMAY, Ministry of Housing and Urban Affairs",Chandigarh,06/2015,-,03/2024,-,285.85,285.85,127.58,0,Real Estate
252,702524,Affordable Housing Construction Project in Chhattisgarh,"PMAY, Ministry of Housing and Urban Affairs",Chhattisgarh,06/2015,-,03/2024,-,3797.69,3797.69,2694,0,Real Estate
253,400188,Redevelopment of Seven General Pool Residential Accommodation [GPRA] Colonies in Delhi,National Buildings Construction Corporation [NBCC],Delhi,05/2018,-,12/2022,12/2025,32850,32850,0,0,Real Estate
254,701719,Rehablitation in Junavadaj Area Smart City Project,Ministry of Housing & Urban Affairs,Gujarat,06/2016,-,07/2022,-,539,539,39.63,50,Real Estate
255,702540,In-Situ Slum Redevelopment Project in Gujarat,"PMAY, Ministry of Housing and Urban Affairs",Gujarat,06/2015,-,03/2024,-,5477.4,5477.4,3035.81,0,Real Estate
256,702555,In-Situ Slum Redevelopment Project in Jharkhand,"PMAY, Ministry of Housing and Urban Affairs",Jharkhand,06/2015,-,03/2024,-,212.74,212.74,41,0,Real Estate
257,702612,In-Situ Slum Redevelopment Project in Uttar Pradesh,"PMAY, Ministry of Housing and Urban Affairs",Uttar Pradesh,06/2015,-,03/2024,-,576.99,576.99,141.94,0,Real Estate
258,701766,Green Building Development Project,Ministry of Housing & Urban Affairs,Uttarakhand,08/2019,-,11/2023,-,150.97,150.97,18.95,0,Real Estate
259,702627,Patna Metro Rail Project,Patna Metro Rail Corporation Ltd. [PMRCL],Bihar,02/2019,-,02/2024,06/2027,13365.77,13365.8,4039.77,40.07,Urban Public Transport
260,617207,Delhi Metro Rail Phase-IV [2 Corridors],Delhi Metro Rail Corporation Limited [DMRC],Delhi,03/2024,-,03/2029,-,8399.81,8399.81,5.57,0,Urban Public Transport
261,702632,DMRTS Phase - IV [3 Priority Corridors],Delhi Metro Rail Corporation Limited [DMRC],Delhi,07/2019,-,03/2025,03/2026,24948.65,24948.7,15423.06,68,Urban Public Transport
262,702630,Surat Metro Rail Project,Gujarat Metro Rail Corporation Limited [GMRCL],Gujarat,04/2019,-,03/2024,06/2026,12020.32,12020.3,7386.41,68,Urban Public Transport
263,702631,"Ahmedabad Metro Rail Project, Phase-II",Gujarat Metro Rail Corporation Limited [GMRCL],Gujarat,03/2019,-,03/2024,12/2025,5384.17,5384.17,4151.57,87,Urban Public Transport
264,702639,Ahmedabad Metro Rail Project [Phase-I],Gujarat Metro Rail Corporation Limited [GMRCL],Gujarat,03/2018,-,03/2018,08/2025,10773,12924.5,11857.91,99.34,Urban Public Transport
265,702635,Construction of Bangalore Metro Rail Project Phase 2.,Bengaluru Metro Rail,Karnataka,02/2016,-,03/2021,09/2026,26405.14,30695.1,29477.97,94,Urban Public Transport
266,702665,Construction Bangalore Metro Rail Project Phase-2A & 2B,Bengaluru Metro Rail,Karnataka,01/2019,-,06/2026,06/2026,14788.1,14788.1,8424.54,53,Urban Public Transport
267,702664,Kochi Metro Rail Phase 2 Development Project,CSPCC Projects,Kerala,11/2022,-,11/2026,11/2026,1957.05,1957.05,306.45,10,Urban Public Transport
268,702625,Bhopal Metro Rail Project,Madhya Pradesh Metro Rail Co Limited [MPMRCL],Madhya Pradesh,11/2018,-,11/2022,06/2028,6941.4,6941.4,3116.75,43,Urban Public Transport
269,702626,Indore Metro Rail Project,Madhya Pradesh Metro Rail Co Limited [MPMRCL],Madhya Pradesh,11/2018,-,11/2022,12/2028,7500.8,7500.8,3839.27,54,Urban Public Transport
270,617225,PCMC To Nigdi- Extension Of North South Corridor Of Phase-1,Maharashtra Metro Rail Corporation Limited [MMRCL],Maharashtra,10/2023,-,01/2027,-,910.18,910.18,110.33,21,Urban Public Transport
271,617226,Pune Metro Phase-1 Extension line towards south from Swargate to Katraj,Maharashtra Metro Rail Corporation Limited [MMRCL],Maharashtra,09/2024,-,03/2029,-,2954.53,2954.53,18.66,3,Urban Public Transport
272,701745,New Suburba Station Development Project,Ministry of Housing & Urban Affairs,Maharashtra,03/2019,-,07/2022,-,262.76,262.76,17.62,6,Urban Public Transport
273,701991,Kalyan Station Precinct Imporvement Project,Ministry of Housing & Urban Affairs,Maharashtra,07/2020,-,07/2023,-,600,600,49.42,0,Urban Public Transport
274,702637,Mumbai Metro Line 3,Mumbai Metro Rail Corporation Limited [MMRC],Maharashtra,06/2016,-,03/2023,06/2024,23136,23942,27519.07,91.9,Urban Public Transport
275,702658,Nagpur Metro Rail Phase II Development Project,Maharashtra Metro Rail Corporation Limited [MMRCL],Maharashtra,12/2022,-,12/2027,-,6708,6708,977.38,24,Urban Public Transport
276,617206,Delhi Metro Rail Phase-IV [Rithala - Kundli Corridor],Delhi Metro Rail Corporation Limited [DMRC],"Multi-States (Delhi, Haryana)",01/2025,-,01/2029,-,6230.99,6230.99,0.14,0,Urban Public Transport
277,702633,Delhi-Ghaziabad-Meerut Regional Rapid Transit System [RRTS] corridor,National Capital Region Transport Corporation [NCRTC],"Multi-States (Delhi, Uttar Pradesh)",03/2019,-,06/2025,-,30274,30274,25812.26,86,Urban Public Transport
278,702628,Kanpur Metro Rail Project,Uttar Pradesh metro rail corporation [UPMRC],Uttar Pradesh,11/2019,-,05/2024,03/2027,11076.48,11076.5,9079.81,73,Urban Public Transport
279,702629,Agra Metro Rail Project,Uttar Pradesh metro rail corporation [UPMRC],Uttar Pradesh,12/2020,-,05/2024,06/2027,8379.62,8379.62,6055.19,57,Urban Public Transport
280,702355,Storm water drainag Development Project,Ministry of Housing & Urban Affairs,Dadra & Nagar Haveli and Daman & Diu,12/2021,-,03/2024,-,210,210,0,0,Waste & Water
281,707267,Upgradation of Sewerage system in Gandhinagar City,Smart City Mission,Gujarat,03/2021,-,06/2023,-,200,200,100,10,Waste & Water
282,617280,"Construction of Basement + Ground Floor+ 10 Storeyed building for State of the Art Director General, GSI Building at plot No.GN-40, Sector-V, Salt Lake, Kolkata",Central Public Works Department (CPWD),West Bengal,02/2020,-,08/2026,-,255.37,255.37,78.34,35,Construction
283,611798,Rakha Underground Mining Project,Hindustan Copper Limited [HCL],Jharkhand,03/2024,-,03/2033,-,2705,2705,0,0,Metals & Mining
284,611800,Surda Underground Copper Mining Project,Hindustan Copper Limited [HCL],Jharkhand,03/2024,-,03/2028,-,665.02,665.02,13.33,1,Metals & Mining
285,400426,Expansion of Malanjkhand Copper Project,Hindustan Copper Limited [HCL],Madhya Pradesh,04/2015,-,04/2020,04/2026,1856.36,1856.36,924.98,79,Metals & Mining
286,400141,Expansion of Alumina Refinery Plant with addition of 5th Stream having capacity enhancement of 1.0 Million Tonee Per Annum,National Aluminium Company Limited [NALCO],Odisha,04/2017,-,12/2022,09/2025,4103,5677.4,3913.98,75,Metals & Mining
287,400299,Pottangi Bauxite Mines Project,National Aluminium Company Limited [NALCO],Odisha,05/2018,-,03/2025,05/2026,1381,1960.77,650.04,51,Metals & Mining
288,709829,UTKAL D AND E COAL BLOCK,National Aluminium Company Limited [NALCO],Odisha,02/2016,-,03/2025,-,1021.97,1021.97,0,0,Metals & Mining
289,709830,CONVERSION OF FLAT BOTTOM SETTLERS AND WASHERS WITH A SINGLE TRAIN OF HRDS AND DCWS IN STREAMS 1 AND,Ministry of Mines,Odisha,04/2017,-,11/2026,-,355,581,0,0,Metals & Mining
290,709831,SOURCING OF BAUXITE ARRANGEMENT FOR 5TH STREAM ALUMINA REFINERY FROM SOUTH BLOCK MINING LEASE OF PANCHPATMAILI MINES,National Aluminium Company Limited [NALCO],Odisha,11/2019,-,05/2025,06/2026,483,483,403.44,90,Metals & Mining
291,709832,25.5 MW WIND POWER PROJECT AT KAYATHAR IN TAMILNADU,National Aluminium Company Limited [NALCO],Tamil Nadu,12/2017,-,03/2025,03/2026,166,166,135,65,Metals & Mining
292,613008,Construction of Permanent Campus of Central Tribal University of Andhra Pradesh Phase-1,Central Tribal University of Andhra Pradesh,Andhra Pradesh,12/2023,-,06/2027,-,305,305,83.33,24,Education
293,612898,Construction of Permanent Campus of National Institute of Technology Arunachal Pradesh,"National Institute of Technology, Arunachal Pradesh",Arunachal Pradesh,03/2013,-,08/2026,-,592.61,592.61,549.96,75,Education
294,606112,Tezpur University Projects,Tezpur University,Assam,06/2021,-,11/2023,08/2025,153.71,153.71,288.87,93,Education
295,606013,Additional Campus of NITPatna,NIT Patna,Bihar,08/2022,-,07/2024,01/2026,499.21,499.21,425.47,91,Education
296,612851,"Phase 1B - Construction of Academic Block, Hostel, Residential Tower, Directors Residence and External Development works at National Institute of Technology, Delhi Campus on Engineering, Procurement and Construction basis",Ministry of Education,Delhi,11/2022,-,09/2025,-,333.49,333.49,272.95,88,Education
297,616886,Delhi University Eastern Campus at Surajmal Vihar,Delhi University,Delhi,01/2025,-,10/2026,-,373,373,18.03,15,Education
298,612916,"Construction of permanent campus of Central University of Gujarat at Village kundhela, Dist. Vadodara, Gujarat.",Gujarat,Gujarat,02/2021,-,03/2025,03/2026,490.63,490.63,301.44,76,Education
299,602099,Establishment of Permanent campus Phase 1 of IIM Sirmaur,"Indian Institute of Management, Sirmaur",Himachal Pradesh,08/2020,-,10/2023,02/2026,392.51,454.78,320.75,92,Education
300,612128,Hostel blocks & dining hall block,"Indian Institute of Technology, Mandi",Himachal Pradesh,03/2024,-,03/2026,03/2026,166.66,166.66,72.09,58,Education
301,612894,"Construction of Permanent Campus of Central University of Himachal Pradesh at Dehra, District - Kangra, [H.P.] on Engineering. Procurement and Construction [EPC Mode 1] Basis.","Central University, Himachal Pradesh",Himachal Pradesh,08/2022,-,11/2024,11/2025,251.98,300.45,183.36,78,Education
302,602098,"Construction of Permanent Campus for IIM Jammu Phase-1 at Jagti, Nagrota, Jammu, J&K","Indian Institute of Management, Jammu",Jammu and Kashmir,10/2020,-,06/2023,08/2025,424.93,500.91,484.52,96,Education
303,610940,"Additional Infrastructure at IISc Bangalore-RCC Monolithic for Men Hostel S14, Women Hostel S11 , Postdoctoral Hostel S12 2 Block , International Hostel S 12 , D&E Block S 12 2 Block FR.",IISC Bangalore,Karnataka,08/2021,-,03/2024,09/2025,420.41,420.41,360.72,99,Education
304,606431,CONSTRUCTION OF PERMANENT CAMPUS FOR IIT PALAKKAD UNDER PHASE 1A,INDIAN INSTITUTE OF TECHNOLOGY PALAKKAD,Kerala,03/2020,-,06/2022,11/2026,1006.45,1217.4,615.95,66,Education
305,611957,"Phase III A works at IIT Indore [03 Hostels, 01 Studio Apartment, 01 Housing, Heavy & Sophisticated lab complex, Academic POD and Infrastructure for center of excellence]","Indian Institute of Technology, Indore",Madhya Pradesh,11/2023,-,12/2026,-,496.28,496.28,138.6,30,Education
306,612135,Hostel 4 -Earlier Known as Hostel 20,"Indian Institute of Technology, Bombay",Maharashtra,05/2022,-,09/2025,-,182.33,182.33,132.44,94,Education
307,612203,Academic Block 1 & 2,"Indian Institute of Technology, Bombay",Maharashtra,01/2023,-,07/2026,03/2027,68,263.93,22.15,16,Education
308,612885,Construction and Developement of National Institute of Technology Meghalaya Permanent Campus at Sohra,"National Institute of Technology, Meghalaya",Meghalaya,09/2014,-,03/2022,07/2025,494.52,494.52,413.57,86,Education
309,612876,"Construction of Permanent Campus for NIT Mizoram at Lengpui, Aizawl",Ministry of Education,Mizoram,05/2014,-,12/2029,12/2029,474.23,474.23,167.55,4,Education
310,613013,Establishment of NIT Nagaland,NIT Nagaland,Nagaland,09/2012,-,12/2025,-,275.63,275.63,257.82,93,Education
311,610315,IISER BERHAMPUR,"Indian Institutes of Science Education and Research, Behrampur",Odisha,09/2019,-,03/2021,11/2025,1229.32,773.76,835.55,97,Education
312,612877,Establishment of NIT Puducherry Permanent Campus [Phase-I and Phase-II],"National Institute of Technology, Puducherry",Puducherry,07/2013,-,12/2024,08/2025,618.34,544.34,509.24,94,Education
313,605292,"Construction of Permanent Campus of Indian Institute of Management [IIM] Amritsar, Punjab, Phase-I","Indian intitue of Management, Amritsar",Punjab,07/2020,-,06/2023,12/2025,348.31,348.31,290.39,91,Education
314,617221,"Construction of Girls Hostel 400 seater, Boys Hostel 600 seater, Academic Block, International Hostel 100 seater, VC Residence and Purchase of Equipment",Central University of Punjab,Punjab,04/2025,-,10/2027,-,210.99,210.99,0,0,Education
315,609736,"Construction of Sikkim University Campus Phase-I Package-II at Yangang, South Sikkim",Sikkim University,Sikkim,01/2022,-,01/2025,09/2025,314.06,314.06,238.22,82,Education
316,612883,Establishment of Permanent Campus of NIT SIkkim at Khamdong-Gangtok District,Ministry of Education,Sikkim,03/2024,-,02/2028,12/2026,685.76,610.76,121.56,7,Education
317,609996,Construction of Precast housing and hostels at IIT Hyderabad,"Indian Institute of Technology, Hyderabad",Telangana,11/2022,-,10/2024,01/2026,262,262,164.4,71,Education
318,606479,Banaras Hindu University [ Kayakalp of Institute of Medical Sciences],Banaras Hindu University,Uttar Pradesh,06/2020,-,09/2022,03/2026,246,246,185.83,93,Education
319,611963,"Construction & Development of Infrastructural Facilities in the main campus of NIT Uttarakhand at Sumari, Pauri Garhwal",National Institute of Technology Uttarakhand,Uttarakhand,04/2024,-,09/2027,-,650.85,650.85,130,24,Education
320,609019,"HEFA projects on development of student hostels, playgrounds, departmental buildings, class room complex and other campus facilities in IIT Kharagpur","Indian Institute of Technology, Kharagpur",West Bengal,04/2019,-,03/2023,03/2026,500,442,382.6,87,Education
321,609041,"IoE Projects [Civil Works], IIT Kharagpur","Indian Institute of Technology, Kharagpur",West Bengal,04/2019,-,03/2023,12/2026,287.2,287.2,310,86,Education
322,616235,Construction of Aviation Fuel farm Facilities at Bhogapuram Airport,Ministry of Petroleum & Natural Gas,Andhra Pradesh,08/2024,-,03/2026,03/2026,240,240,31.23,50,Energy Storage
323,709754,"Construction of LPG Facilities at Kamardanga, Assam",Hindustan Petroleum Corporation Limited,Assam,03/2023,-,07/2027,07/2027,156.36,156.36,49.78,39,Energy Storage
324,709755,"Setting up of new rail fed POL facility at Kamardanga, Assam",Hindustan Petroleum Corporation Limited [HPCL],Assam,03/2023,-,07/2027,07/2027,384.04,384.04,110.44,48,Energy Storage
325,400235,"Setting up a common user Petroleum Terminal at Jammu, J&K for resitement of existing PSU OMC's Depots from Jammu City",Bharat Petroleum Corporation Limited [BPCL],Jammu and Kashmir,04/2023,-,03/2025,09/2025,676.89,676.89,518.22,77,Energy Storage
326,701269,"Construction of 80,000 MT LPG Cavern at Mangalore",Ministry of Petroleum & Natural Gas,Karnataka,12/2018,-,12/2022,08/2025,854,854,712.3,99,Energy Storage
327,604833,"Andheri Residential Towers, Mumbai",Ministry of Petroleum & Natural Gas,Maharashtra,06/2017,-,05/2025,06/2026,281.35,389.67,227.54,50,Energy Storage
328,701343,Srikakulam Angul Gas Pipeline Project,Ministry of Petroleum & Natural Gas,"Multi-States (Andhra Pradesh, Odisha)",09/2019,-,07/2022,12/2025,2658.34,2810,2192.68,94,Energy Storage
329,701263,Rajasthan Refinery Project,MinistryofPetroleumNaturalGas,"Multi-States (Arunachal Pradesh, Gujarat, Rajasthan)",10/2017,-,10/2022,03/2026,43129,72937,59524.37,87,Energy Storage
330,701349,Paradip-Numaligarh Crude Oil Pipeline [PNCPL] & Crude Oil Import Terminal [COIT] at Paradip,Ministry of Petroleum & Natural Gas,"Multi-States (Assam, Bihar, Jharkhand, Odisha, West Bengal)",01/2019,-,07/2024,09/2025,10228,11407,9701.95,86,Energy Storage
331,400078,New Mundra Panipat Crude Oil Pipeline,Ministry of Petroleum & Natural Gas,"Multi-States (Gujarat, Haryana, Rajasthan)",12/2021,-,12/2024,12/2025,9028,9028,7071.08,84,Energy Storage
332,400012,Kandla Gorakhpur LPG Pipeline,Ministry of Petroleum & Natural Gas,"Multi-States (Gujarat, Madhya Pradesh, Uttar Pradesh)",12/2018,-,12/2021,12/2025,10088,10088,7598.13,92,Energy Storage
333,400301,Multi Product Pipeline from Irugur to Devangonthi,"Department of Water Resources, River Development & GR","Multi-States (Karnataka, Tamil Nadu)",11/2012,-,02/2017,10/2025,678,1732,675.25,67,Energy Storage
334,709759,"Petrochemical evacuation marketing terminal at Barmer, Rajasthan",Hindustan Petroleum Corporation Limited [HPCL],Rajasthan,12/2023,-,12/2026,12/2026,461.05,461.05,111.57,51,Energy Storage
335,400043,Laying of POL Pipelines in Common Corridor for proposed grass root terminal at Vallur [Chennai],Ministry of Petroleum & Natural Gas,Tamil Nadu,01/2022,-,05/2026,05/2026,829,829,297.77,62,Energy Storage
336,400077,"Grass root POL Terminal at Vallur, Chennai",Indian Oil Corporation Limited [IOCL],Tamil Nadu,01/2022,-,12/2024,03/2026,827,887.71,619.5,85,Energy Storage
337,400035,"Grass Root Rail-fed Depot at Sekerkote, Agartala as resitement of existing Dharmanagar Depot",Indian Oil Corporation Limited [IOCL],Tripura,06/2022,-,09/2025,09/2025,656,656,465.73,84,Energy Storage
338,604852,"Grass-root Terminal at Mirzapur, Uttar Pradesh",Ministry of Petroleum & Natural Gas,Uttar Pradesh,09/2022,-,11/2026,11/2026,980.45,980.45,236.22,50,Energy Storage
339,400120,KG-DWN-98/2 Cluster - II Development Project - NELP Block,Oil and Natural Gas Corporation Limited [ONGC],Andhra Pradesh,03/2016,-,06/2020,06/2026,34012,34012,35498.35,96,Oil & Gas
340,709752,HP-COAT [Crude to Olefins and Aromatics Technology] demo unit at Visakh Refinery,Hindustan Petroleum Corporation Limited,Andhra Pradesh,09/2021,-,06/2024,03/2026,160,220,77.06,64,Oil & Gas
341,709761,HP Trijet Unit in Visakh Refinery,Hindustan Petroleum Corporation Limited,Andhra Pradesh,07/2024,-,07/2027,07/2027,193,193,0.43,23,Oil & Gas
342,709766,"City Gas Distribution Project at Kurnool, Guntur & Prakasam Districts",MinistryofPetroleumNaturalGas,Andhra Pradesh,03/2022,-,03/2030,03/2030,1420,1420,162.47,6,Oil & Gas
343,604791,Numaligarh Refinery Expansion Project,Ministry of Petroleum & Natural Gas,Assam,07/2020,-,07/2024,12/2025,12366,22494,16502.36,75,Oil & Gas
344,604792,"Assam Bio Refinery, ABRPL",Ministry of Petroleum & Natural Gas,Assam,02/2018,-,09/2021,07/2025,1750,4200,4650,99,Oil & Gas
345,604863,Development of Surface Facilities for production and evacuation of Crude Oil and Natural Gas from Nadua and East Khagorija,Ministry of Petroleum & Natural Gas,Assam,01/2018,-,02/2020,12/2025,682.9,726.93,488.37,94,Oil & Gas
346,607701,"Guwahati Refinery Expansion [1.0 to 1.2 MMTPA] along with installation of CRU, Guwahati Refinery",Ministry of Petroleum & Natural Gas,Assam,05/2021,-,10/2023,05/2026,412.3,577,430.83,84,Oil & Gas
347,616858,"Construction of Field Gas Gathering Station at Baghjan area for collection, processing & transportation of natural Gas to be produced from Baghjan Field",Ministry of Petroleum & Natural Gas,Assam,12/2020,-,03/2024,12/2025,430.76,430.76,326.12,85,Oil & Gas
348,709776,Augmentation/Revamping of Facilities at existing Guwahati Terminal at Betkuchi,MinistryofPetroleumNaturalGas,Assam,04/2022,-,09/2026,09/2026,277,323.09,185.18,67,Oil & Gas
349,709779,Capacity Expansion of Digboi Refinery from 0.65 to 1.0 MMTPA,MinistryofPetroleumNaturalGas,Assam,06/2022,-,03/2026,03/2026,768,740,99.02,35,Oil & Gas
350,709847,Pipeline Network Project Rudrasagar,Ministry of Petroleum & Natural Gas,Assam,01/2023,-,04/2026,04/2026,344.99,344.99,210.89,46,Oil & Gas
351,709850,Borholla GGS Life Extension Project [BLEP],Ministry of Petroleum & Natural Gas,Assam,09/2023,-,05/2026,05/2026,198.7,198.7,36.78,29,Oil & Gas
352,709864,DCU Revamp Project,NRL,Assam,08/2021,-,07/2024,10/2025,370,370,249.41,57,Oil & Gas
353,709865,Power Recovery Turbine [PRT] in PFCCU unit as an Energy Conservation Scheme,NRL,Assam,04/2023,-,12/2024,10/2025,293.5,293.5,97.22,93,Oil & Gas
354,617303,"City Gas Distribution Project at Khagaria, Saharsa and Madhepura",Ministry of Petroleum & Natural Gas,Bihar,03/2019,-,03/2030,03/2030,163,163,95.54,40,Oil & Gas
355,617304,"Setting up of LPG Plant with Rail Unloading Facility at Hathua, Dist. Gopalganj, Bihar",MinistryofPetroleumNaturalGas,Bihar,10/2023,-,03/2027,03/2027,340.15,340.15,88.08,24,Oil & Gas
356,701324,Barauni Refinery Capacity Expansion from 6.0 to 9.0 MMTPA,Ministry of Petroleum & Natural Gas,Bihar,01/2020,-,04/2023,08/2026,14810,16724,11728.01,87,Oil & Gas
357,709777,Installation of Bitumen Manufacturing Unit along with allied facilities at Barauni Refinery,MinistryofPetroleumNaturalGas,Bihar,01/2022,-,04/2025,10/2026,389.35,340,46.94,37,Oil & Gas
358,709792,"City Gas Distribution Projects at Darbhanga, Madhubani, Supaul, Sitamarhi and Sheohar districts",Bharat Petroleum Corporation Limited [BPCL],Bihar,12/2022,-,03/2030,03/2030,3638,3638,396.42,21,Oil & Gas
359,709793,"City Gas Distribution Projects at Gopalganj, Siwan, West Champaran, East Champaran and Deoria districts",Bharat Petroleum Corporation Limited [BPCL],Bihar,12/2022,-,06/2030,06/2030,3919,3919,392.59,14,Oil & Gas
360,400087,Redevelopment of Sobhasan Complex,Oil and Natural Gas Corporation Limited [ONGC],Gujarat,08/2021,-,02/2026,02/2026,885.63,1286.67,765.43,73,Oil & Gas
361,400167,Redevelopment of Santhal Field [Onshore-Mehsana Asset],Oil and Natural Gas Corporation Limited [ONGC],Gujarat,02/2017,-,03/2026,03/2026,1162.56,1162.56,1156.9,94,Oil & Gas
362,400169,Redevelopment of Linch Field,Oil and Natural Gas Corporation Limited [ONGC],Gujarat,04/2021,-,03/2025,10/2025,631.03,860.04,505.07,77,Oil & Gas
363,701329,Petrochemical and Lube Integration Project at Gujarat Refinery,Ministry of Petroleum & Natural Gas,Gujarat,09/2020,-,08/2024,12/2025,18936,17825,12190.08,83,Oil & Gas
364,709778,Installation of new Biturox Unit along with allied facilities at Gujarat Refinery,MinistryofPetroleumNaturalGas,Gujarat,01/2022,-,08/2025,09/2026,328.29,287,144.16,55,Oil & Gas
365,709838,Commercial Polymer Flooding Project in Bechraji field,Oil and Natural Gas Corporation Limited [ONGC],Gujarat,01/2022,-,11/2024,11/2025,621.4,621.4,137.71,21,Oil & Gas
366,709840,"Restoration of Gas Terminal, Phase-I [Part-A], Hazira",Oil and Natural Gas Corporation Limited [ONGC],Gujarat,05/2022,-,02/2025,12/2025,249.43,249.43,209.42,93,Oil & Gas
367,709841,Old Pipe Line Replacement [OPRP] Group-A,Oil and Natural Gas Corporation Limited [ONGC],Gujarat,07/2021,-,07/2025,03/2026,173.03,169.84,148,87,Oil & Gas
368,709842,"Kalol Redevelopment Project, Ahmedabad Asset",Oil and Natural Gas Corporation Limited [ONGC],Gujarat,08/2022,-,03/2027,03/2027,1487.41,1487.41,776.61,61,Oil & Gas
369,709845,"Revamping of SV Stations, Gas Terminal & Kribhco Terminal",Oil and Natural Gas Corporation Limited [ONGC],Gujarat,11/2022,-,08/2026,08/2026,837.34,837.34,205.78,49,Oil & Gas
370,604853,"Indian Oil Technology Development and Deployment Centre at R&D Campus-II, Faridabad",Ministry of Petroleum & Natural Gas,Haryana,06/2019,-,12/2022,03/2026,2281.94,3200,1800.61,63,Oil & Gas
371,611917,Poly Butadiene Rubber plant at Panipat,Indian Oil Corporation Limited [IOCL],Haryana,03/2022,-,03/2025,06/2026,1459,2531.44,1043.9,70,Oil & Gas
372,701289,Capacity Expansion of Panipat Refinery from 15 to 25 MMTPA,Ministry of Petroleum & Natural Gas,Haryana,02/2021,-,09/2024,12/2025,34627,36225,23977.47,88,Oil & Gas
373,709783,"Installation of Multiple Effect Evaporator [MEE] for ETP-1, 2 & 4 of Panipat Refinery and Petrochemical Complex.",MinistryofPetroleumNaturalGas,Haryana,12/2020,-,06/2023,06/2026,165.13,247.69,129.27,70,Oil & Gas
374,709773,"City Gas Distribution Project at Jammu, Udhampur, Reasi, Samba and Kathua Districts",MinistryofPetroleumNaturalGas,Jammu and Kashmir,03/2022,-,03/2032,03/2032,538,538,4.09,0,Oil & Gas
375,610984,Development of Jharia CBM Block [Phase-1],Oil and Natural Gas Corporation Limited [ONGC],Jharkhand,11/2019,-,01/2024,08/2025,431,431,211.34,58,Oil & Gas
376,709785,Laying of Natural Gas Pipeline from Hazaribagh to Ranchi [HRPL],MinistryofPetroleumNaturalGas,Jharkhand,02/2023,-,02/2026,02/2026,202.07,202.07,55.46,45,Oil & Gas
377,612790,Power System Upgradation Project,Mangalore Refinary and Petrochemicals Limited,Karnataka,10/2023,-,11/2025,11/2025,385,385,132.73,63,Oil & Gas
378,616879,Demo Bio-ATF Project,Ministry of Petroleum & Natural Gas,Karnataka,03/2024,-,01/2027,01/2027,364,364,22.82,10,Oil & Gas
379,709774,Revamping/ Augmentation of facilities at existing port terminal at Mangalore,Ministry of Petroleum & Natural Gas,Karnataka,01/2022,-,12/2025,12/2025,463,500.62,264.44,82,Oil & Gas
380,709790,Replacement and Extension of Jetty Pipelines [REJP] at KR,Bharat Petroleum Corporation Limited [BPCL],Kerala,03/2023,-,03/2026,03/2026,621.87,621.87,192.66,83,Oil & Gas
381,709799,Setting up Polypropylene Unit at Kochi Refinery,MinistryofPetroleumNaturalGas,Kerala,12/2023,-,10/2027,10/2027,4460,4460,255.64,12,Oil & Gas
382,709798,Ethylene Cracker Project at Bina Refinery including downstream Petrochemical Plants and expansion of Refinery,MinistryofPetroleumNaturalGas,Madhya Pradesh,05/2023,-,05/2028,05/2028,43367,43367,1788.6,13,Oil & Gas
383,400158,Debottlenecking and Augmentation of Cryogenic facilities at Uran LPG Import Terminal,"Department of Water Resources, River Development & GR",Maharashtra,04/2021,-,02/2024,12/2025,1164.69,1629.86,901.73,84,Oil & Gas
384,400168,"500 KTA PDHPP Project, Usar",Ministry of Petroleum & Natural Gas,Maharashtra,04/2021,-,04/2025,10/2025,8797,11256,6768.36,85,Oil & Gas
385,610985,Construction of lube oil blending plant at Rasayani,Ministry of Petroleum & Natural Gas,Maharashtra,05/2022,-,12/2023,12/2025,423.39,526.26,287.49,78,Oil & Gas
386,616933,Lube Modernization & Bottom Upgradation Project at Mumbai Refinery,Ministry of Petroleum and Natural Gas,Maharashtra,12/2024,-,03/2028,03/2028,4679,4679,188.88,4,Oil & Gas
387,709760,HP TDAE Unit in Mumbai Refinery,Hindustan Petroleum Corporation Limited,Maharashtra,06/2024,-,04/2026,04/2026,240,240,34.4,37,Oil & Gas
388,709771,"City Gas Distribution Project at Beed, Jalgaon and Jalna Districts",MinistryofPetroleumNaturalGas,Maharashtra,03/2022,-,09/2031,09/2031,865,865,68.01,2,Oil & Gas
389,709780,Construction of Additional Tankages and Allied Facilities at JNPT Terminal,MinistryofPetroleumNaturalGas,Maharashtra,04/2022,-,08/2026,08/2026,341.43,436.14,279.19,50,Oil & Gas
390,709782,ATF Pipeline from Jawaharlal Nehru Port Trust to Navi Mumbai International Airport,Indian Oil Corporation Limited [IOCL],Maharashtra,08/2022,-,08/2025,03/2026,165,165,89.94,72,Oil & Gas
391,709789,Installation of Independent De- Aromatized Solvents [DAS] production facilities at MR,Bharat Petroleum Corporation Limited [BPCL],Maharashtra,03/2023,-,07/2025,12/2025,405,343,201.28,84,Oil & Gas
392,709797,POL & LOBS Installations with Receipt Pipelines at Rasayani,Bharat Petroleum Corporation Limited [BPCL],Maharashtra,05/2023,-,05/2026,05/2026,2585,2585,564.58,58,Oil & Gas
393,709846,Part Replacement Pipeline Project [PRPP],Oil and Natural Gas Corporation Limited [ONGC],Maharashtra,11/2022,-,05/2024,11/2025,1219.48,1145.1,745.24,90,Oil & Gas
394,616254,Visakh Raipur Pipeline Project,Ministry of Petroleum and Natural Gas,"Multi-States (Andhra Pradesh, Chhattisgarh, Odisha)",09/2024,-,09/2027,09/2027,2212,2212,11.52,7,Oil & Gas
395,701341,Multi-product Pipeline from Krishnapatnam Coastal Installation to the proposed Installation at Hyderabad [Malkapur],Ministry of Petroleum & Natural Gas,"Multi-States (Andhra Pradesh, Telangana)",09/2019,-,03/2025,08/2025,1932,2208,1552.37,98,Oil & Gas
396,701346,North East Gas Grid,Ministry of Petroleum & Natural Gas,"Multi-States (Arunachal Pradesh, Assam, Manipur, Meghalaya, Mizoram, Nagaland, Sikkim, Tripura, West Bengal)",04/2020,-,03/2024,03/2026,9265,9265,6375.02,85,Oil & Gas
397,701350,Upgradation of Facilities of Numaligarh-Siliguri Product Pipeline [NSPL] for transportation of additional products from existing 1.72 MMTPA to 5.5 MMTPA,Ministry of Petroleum & Natural Gas,"Multi-States (Assam, West Bengal)",06/2021,-,12/2024,10/2025,860,860,566.18,98,Oil & Gas
398,709757,"CGD Project in Banka, Dumka, Godda, Jamtara, Pakur, Sahibganj GA ID 11A.02",Hindustan Petroleum Corporation Limited,"Multi-States (Bihar, Jharkhand)",06/2022,-,06/2030,06/2030,1377,1377,329.43,26,Oil & Gas
399,701354,Mumbai Nagpur Jharsuguda Pipeline Project,Ministry of Petroleum & Natural Gas,"Multi-States (Chhattisgarh, Madhya Pradesh, Maharashtra, Odisha)",06/2020,-,05/2023,09/2025,7844.25,8255,6495.6,95,Oil & Gas
400,701330,Mehsana-Bhatinda & Bhatinda-Jammu Natural Gas Pipeline,Ministry of Petroleum & Natural Gas,"Multi-States (Gujarat, Haryana, Punjab, Rajasthan)",07/2011,-,06/2024,12/2025,7392,7392,6304,90,Oil & Gas
401,612853,Gurdaspur Jammu Pipeline,Gas Authority of India Limited [GAIL],"Multi-States (Jammu and Kashmir, Punjab)",07/2023,-,07/2026,07/2026,521.9,521.9,190.1,36,Oil & Gas
402,701228,Kochi - Koottanad - Bangalore - Mangalore Pipeline Phase-II,Ministry of Petroleum & Natural Gas,"Multi-States (Karnataka, Kerala, Tamil Nadu)",06/2009,-,12/2012,12/2025,2915,5909,4431.9,94,Oil & Gas
403,701338,City Gas Distribution Maharashtra Natural Gas Limited,Ministry of Petroleum & Natural Gas,"Multi-States (Karnataka, Maharashtra)",01/2006,-,06/2031,06/2031,5535,5535,3836.09,0,Oil & Gas
404,701344,Dhamra Haldia Pipeline Project,Ministry of Petroleum & Natural Gas,"Multi-States (Odisha, West Bengal)",03/2020,-,11/2022,12/2025,1030.65,1125,853.7,87,Oil & Gas
405,709794,"City Gas Distribution Projects at Fazilka [except area already authorized], Ganganagar and Hanumangarh districts",Bharat Petroleum Corporation Limited [BPCL],"Multi-States (Punjab, Rajasthan)",12/2022,-,06/2030,06/2030,3207,3207,334.82,22,Oil & Gas
406,709786,"Augmentation/ Revamping of Dimapur Depot, Dimapur",MinistryofPetroleumNaturalGas,Nagaland,08/2023,-,11/2027,11/2027,227.62,227.62,9.01,20,Oil & Gas
407,604859,Integrated Para Xylene [PX] and Purified Terephthalic Acid [PTA] Project at Paradip Refinery,Ministry of Petroleum & Natural Gas,Odisha,07/2020,-,01/2024,08/2026,13805,11783,8250.46,90,Oil & Gas
408,709800,"CUF POL Depot at Sadashibpur [Meramundali], Odisha",MinistryofPetroleumNaturalGas,Odisha,04/2021,-,03/2026,03/2026,393.54,393.54,100.39,43,Oil & Gas
409,400119,Life Extension of 48 well platforms of Mumbai High & Heera Fields,Oil and Natural Gas Corporation Limited [ONGC],Offshore,12/2015,-,04/2018,12/2025,3190.69,3375.9,3074.01,89,Oil & Gas
410,616950,PRP-VIII [Group-A],Ministry of Petroleum & Natural Gas,Offshore,09/2024,-,02/2026,02/2026,1486.4,1486.4,184.56,17,Oil & Gas
411,709839,Daman Upside Development Project,Oil and Natural Gas Corporation Limited [ONGC],Offshore,06/2022,-,10/2025,02/2026,4144.41,6406.9,3770.15,83,Oil & Gas
412,709848,MHN TCPP PGC BGC Project [MTPBP],Ministry of Petroleum & Natural Gas,Offshore,06/2022,-,05/2026,05/2026,2329.45,2354.23,820.24,48,Oil & Gas
413,709849,PRP-VIII Group B [NH & BS Asset],Ministry of Petroleum & Natural Gas,Offshore,06/2024,-,02/2026,02/2026,2379.84,3165.53,1652.62,61,Oil & Gas
414,709851,Integrated Development of 4 Contract Areas under DSF-II,Ministry of Petroleum & Natural Gas,Offshore,05/2023,-,04/2027,04/2027,6183.79,6183.79,360,17,Oil & Gas
415,400171,2G Ethanol Biorefinery at Bathinda,Hindustan Petroleum Corporation Limited [HPCL],Punjab,05/2020,-,02/2023,03/2026,1421.46,1421.46,1180.91,95,Oil & Gas
416,612998,Bathinda Sangrur Pipeline,Ministry of Petroleum and Natural Gas,Punjab,11/2021,-,05/2024,08/2025,367,397,339.19,93,Oil & Gas
417,709770,City Gas Distribution Project at Pathankot District,MinistryofPetroleumNaturalGas,Punjab,03/2022,-,09/2033,09/2033,151,151,8.77,2,Oil & Gas
418,604795,CBR 9 MMTPA Project,Chennai Petroleum Corporation Limited [CPCL],Tamil Nadu,09/2021,-,06/2025,10/2028,31580,36354,1342.27,10,Oil & Gas
419,709750,Laying of new 28 inch Desal Water Pipeline and 10 inch Reject Water Pipeline between CPCL Manali Refinery and CPCL Desalination plant at Ennore,Chennai Petroleum Corporation Limited [CPCL],Tamil Nadu,01/2024,-,09/2025,12/2025,205,205,19.86,39,Oil & Gas
420,709768,City Gas Distribution Project at Dharmapuri and Krishnagiri Districts,MinistryofPetroleumNaturalGas,Tamil Nadu,03/2022,-,12/2030,12/2030,501,501,111.55,5,Oil & Gas
421,709796,City Gas Distribution Projects at the Nilgiris and Erode districts,Bharat Petroleum Corporation Limited [BPCL],Tamil Nadu,12/2022,-,03/2030,03/2030,3685,3685,234.12,11,Oil & Gas
422,709837,"Creation of Gas Dehydration Facilities, Tripura Asset",Oil and Natural Gas Corporation Limited [ONGC],Tripura,03/2022,-,05/2024,12/2025,209.33,131.51,65.97,62,Oil & Gas
423,400161,"PP Project, Pata",Gas Authority of India Limited [GAIL],Uttar Pradesh,03/2019,-,01/2024,08/2025,910.56,1299.02,1004,97,Oil & Gas
424,709781,Revamping / Augmentation of Facilities at Mathura Bitumen Plant,MinistryofPetroleumNaturalGas,Uttar Pradesh,04/2022,-,06/2027,12/2026,260.12,260.12,1.11,25,Oil & Gas
425,709795,"City Gas Distribution Projects at Lakhimpur Kheri , Sitapur, Bahraich, Shravasti,Balrampur, Siddharth Nagar & Maharajganj districts",Bharat Petroleum Corporation Limited [BPCL],Uttar Pradesh,12/2022,-,06/2030,06/2030,16654,16654,603.21,9,Oil & Gas
426,709801,71 MWp [DC] Solar power project at Prayagraj,Bharat Petroleum Corporation Limited [BPCL],Uttar Pradesh,02/2024,-,08/2025,-,308.32,308.32,183.37,95,Oil & Gas
427,617302,Durgapur - Haldia Pipeline [Section-3B of JHBDPL Project],Ministry of Petroleum & Natural Gas,West Bengal,03/2017,-,12/2020,12/2025,1740,2493.15,2237.5,90,Oil & Gas
428,709753,Haldia Panagarh Pipeline Project,Hindustan Petroleum Corporation Limited,West Bengal,11/2022,-,11/2025,11/2025,1010,1010,627.12,81,Oil & Gas
429,709758,"CGD Project in Malda, Birbhum, Murshidabad, Dakshin Dinajpur GA ID 11A.03",Hindustan Petroleum Corporation Limited,West Bengal,06/2022,-,06/2030,06/2030,2628,2628,332.52,26,Oil & Gas
430,709772,"City Gas Distribution Project at East Mednipore, West Mednipore & Jhargram Districts",MinistryofPetroleumNaturalGas,West Bengal,03/2022,-,06/2031,06/2031,609,609,58.15,2,Oil & Gas
431,709791,City Gas Distribution Projects at Alipurduar and Cooch Behar,Bharat Petroleum Corporation Limited [BPCL],West Bengal,12/2022,-,03/2030,03/2030,1017,1017,176.15,32,Oil & Gas
432,701173,AIIMS Majra Rewari Haryana,Ministry of Health & Family Welfare,Haryana,02/2019,-,02/2023,12/2026,1299,1299,349.41,28,Healthcare
433,701167,AIIMS Kashmir at Awantipora Jammu & Kashmir,Central Public Works Department [CPWD],Jammu and Kashmir,01/2019,-,01/2025,12/2025,1828,1828,1504.91,65,Healthcare
434,701171,AIIMS Bibinagar,Ministry of Health & Family Welfare,Telangana,12/2018,-,09/2022,12/2025,1028,1365.95,792.24,83,Healthcare
435,708662,Establishment of 600 bed super specialty hospital with optional development of Medical college and further expansion on PPP basis.,Mumbai Port Trust [MPT],Maharashtra,01/2022,-,06/2026,12/2027,693,693,58,0,Healthcare
436,609424,"Development of Container Terminal at Tuna-Tekra, Deendayal Port on BOT Basis Under PPP Mode",Deendayal Port Trust [DPT],Gujarat,12/2023,-,12/2026,-,4243.64,4243.64,346.2,10,Inland Waterways
437,701565,Jal Marg Vikas Project,Inland Waterways Authority of India [IWAI],"Multi-States (Bihar, Jharkhand, Uttar Pradesh, West Bengal)",02/2018,-,12/2023,12/2025,5369.18,5061.15,3432.34,70,Inland Waterways
438,701586,Setting up of a Floating Storage and Regasification Unit [FSRU] - Mumbai,Mumbai Port Trust [MPT],Maharashtra,04/2021,-,11/2026,11/2026,900,900,65,0,Shipping
439,708655,Operationalization of Coastal Berth & Shallow Water Berth through PPP,Jawaharlal Nehru Port Authority [JNPA],Maharashtra,07/2021,-,01/2026,-,366.8,366.8,188.46,25,Shipping
440,701574,Deepening and Optimization of Inner Harbour facilities including development of Western Dock on BOT basis to handle Cape size vessels,Paradip Port Trust [PPT],Odisha,01/2023,-,12/2027,10/2028,3004.63,3004.63,1149.79,40,Shipping
441,701576,Berth No. 2 [previously Berth 3] of HDC Mechanization Project,"Haldia Dock Complex, Syama Prasad Mookerjee Port Authority",West Bengal,03/2023,-,09/2025,01/2026,298.26,298.26,399.52,83,Shipping
442,701577,Shalukkhali Liquid Cargo Handling Facility Development Project,"Haldia Dock Complex, Syama Prasad Mookerjee Port Authority",West Bengal,08/2022,-,08/2025,-,253.65,253.65,9.28,0,Shipping
443,707215,National Maritime Heritage Complex [NMHC] Phase-I,Indian Port Rail & Ropeway Corporation Ltd. [IPRCL],Gujarat,01/2022,-,03/2024,09/2025,573,1238.05,487.35,66,"Tourism, Hospitality & Wellness"
444,705515,3rd & 4th Railway Line Project from Salegaon to Budhapank via Rajathgarh.,East Coast Railway [ECoR] - II,Odisha,12/2015,-,03/2026,03/2026,1173,2092,1971,80,Inland Waterways
445,705741,Jeypore-Navarangpur New Rail Line Project,East Coast Railway [ECoR] - II,Odisha,04/2023,-,07/2028,12/2029,748,748,10.43,1,Inland Waterways
446,705742,Jeypore-Malkanagiri New Railway Line Project,East Coast Railway [ECoR] - II,Odisha,12/2023,-,07/2033,07/2033,2344,2344,196.75,8,Inland Waterways
447,706898,Khurda Road - Balangir Electrification of Railway Track Project,CORE,-,09/2019,-,03/2021,-,267.61,267.61,0,0,Railways
448,400298,Nadikudi - Srikalahasti New Line,South Central Railway [SCR] - II,Andhra Pradesh,12/2016,-,05/2027,03/2028,2312,5200,2179,54,Railways
449,611615,Malugur- Palasamudram New Line Project [17.975 Km],South Western Railway [SWR] - II,Andhra Pradesh,11/2025,-,11/2027,12/2027,342,342.14,0,0,Railways
450,611752,GOOTY-PENDEKALLU DOUBLING 29.225 Km,South Central Railway [SCR] - II,Andhra Pradesh,06/2023,-,03/2027,03/2027,351.83,351.83,18,25,Railways
451,611754,GUNTAKAL WEST-MALLAPPA GATE RAIL OVER RAIL - ROR TRACK,South Central Railway [SCR] - II,Andhra Pradesh,07/2023,-,07/2026,-,293.3,293.3,0,0,Railways
452,611927,Kurnool - Setting up facilities for coach midlife rehabilitation workshop,WPO/Patna,Andhra Pradesh,10/2017,-,12/2023,-,560.72,560.72,276.66,65,Railways
453,612827,Flyover between Pendurthi and Simhachalam North to avoid surface crossing at Simhachalam 7.135 km PB 73 of 2023 24 NR,East Coast Railway [ECoR] - II,Andhra Pradesh,05/2024,-,04/2027,-,183.65,183.65,4.16,11,Railways
454,616697,3rd & 4th line between Vadlapudi -Gate Jn. cabin and Tie line between Gate Junction to Gangavaram port,East Coast Railway [ECoR] - II,Andhra Pradesh,03/2024,-,06/2026,-,154.28,154.28,10.79,16,Railways
455,617210,Tiupati Katpadi 104.39 kms,South Central Railway [SCR] - II,Andhra Pradesh,04/2025,-,03/2029,-,1215.56,1215.56,0,0,Railways
456,617216,3rd Line between Gudur Renigunta 83.17 Km,South Central Railway [SCR] - II,Andhra Pradesh,10/2024,-,03/2027,-,877.34,877.34,2.97,0,Railways
457,705436,Kotapalli - Narasapur New Line,South Central Railway [SCR] - II,Andhra Pradesh,09/2013,-,03/2028,03/2028,2501,2501,1264.18,29,Railways
458,705633,Guntur-Guntakal Doubling Project,South Central Railway [SCR] - II,Andhra Pradesh,11/2017,-,12/2025,12/2026,3733,4295,4112.59,92,Railways
459,705648,Vijaywada-Gudur 3rd Line,RVNL - II,Andhra Pradesh,04/2018,-,11/2024,12/2025,6654,6654,5922,90,Railways
460,705789,Penukonda - Dharmavaram Doubling Project [41.5 Km],South Western Railway [SWR] - II,Andhra Pradesh,12/2018,-,03/2026,03/2026,307.66,307.66,267.83,60,Railways
461,613788,AGTHORI KAMAKHYA SECTION WITH CONSTRUCTION OF NEW RAIL CUM- ROAD BRIDGE AT SARAIGHAT - 7.062KM,Northeast Frontier Railway [NFR],Assam,05/2025,-,12/2029,-,1473.77,1473.77,0,0,Railways
462,705572,Doubling of New Bonggigaon to Kamakhya via Goalpara - 176 km,Northeast Frontier Railway [NFR],Assam,09/2016,-,03/2026,03/2026,4060,4961,3683.75,93,Railways
463,706922,Guwahati-Dibrugarh via Tinsukia & Simaluguri-Dibrugarh,Central Organisation for Railway Electrification [CORE],Assam,09/2018,-,09/2020,06/2024,890.36,889.36,391.73,89,Railways
464,400254,Sakri -Hasanpur [via Harnagar - Kusheshwar Asthan] New Railway line,East Central Railway [ECR] - I,Bihar,08/1997,-,12/2024,03/2027,735.2,735.2,585.09,81,Railways
465,617231,Construction of Bulb line at Nabinagar Ankorah of East Central Railway,East Central Railway [ECR] - I,Bihar,05/2026,-,06/2028,-,611.74,611.74,0,0,Railways
466,705363,Sakri-Hasanpur Road New Rail Line Project,East Central Railway [ECR] - I,Bihar,03/2011,-,12/2024,03/2025,735,735,605,78,Railways
467,705364,Khagaria-Kusheshwar Asthan [42Km] new line project,East Central Railway [ECR] - I,Bihar,12/1998,-,12/2024,03/2027,614,1384,479.22,55,Railways
468,705366,Hajipur-Sagauli New line,East Central Railway [ECR] - I,Bihar,10/2004,-,03/2020,12/2026,2067,2087,1908.49,74,Railways
469,705368,Araria Supaul New BG Line,East Central Railway [ECR] - II,Bihar,03/2009,-,03/2024,01/2027,1605,2514,1311.39,33,Railways
470,705373,"Fatuha-Islampur incl. MM for extn.of NL from Neora to Daniawan , Daniawan to Biharsharif, Biharsharif to Barbigha , Barbigha to Shekhpura",East Central Railway [ECR] - II,Bihar,03/2002,-,03/2023,08/2025,1473,2882,2824.8,91,Railways
471,705400,New B.G. Railway Line- Araria to Galgalia [Thakurgunj],Northeast Frontier Railway [NFR],Bihar,06/2007,-,12/2024,07/2025,2650,4412,4152.4,96,Railways
472,705450,Jogbani-Biratnagar New Rail Line project,Indian Railway Construction International Limited [IRCON],Bihar,01/2011,-,03/2022,12/2026,402,486,361,86,Railways
473,705526,Samastipur-Darbhanga Doubling Railway Project,East Central Railway [ECR] - I,Bihar,12/2015,-,03/2025,10/2025,519,519,337.03,82,Railways
474,705527,Sagauli-Valmiknagar,East Central Railway [ECR] - II,Bihar,03/2017,-,12/2025,12/2025,1216,2222,2039,91,Railways
475,705528,Muzaffarpur-Sugauli,East Central Railway [ECR] - II,Bihar,03/2017,-,06/2024,08/2025,1586,1586,1586.82,99,Railways
476,706759,Rampur Dumra-Tal-Rajendrapul Additional Bridge and Railway Line Doubling,Indian Railway Construction International Limited [IRCON],Bihar,05/2017,-,12/2024,12/2025,2374,2374,1777,85,Railways
477,400220,Kharsia-Dharamjaygarh with Spur line [East Corridor-Phase 1],Indian Railway Construction International Limited [IRCON],Chhattisgarh,01/2014,-,09/2018,03/2026,3055,3438,2574.54,94,Railways
478,400291,Doubling of Kirandul-Jagdalpur Line [150 km],East Coast Railway [ECoR] - II,Chhattisgarh,03/2013,-,03/2020,12/2025,1589,1798,1541.7,92,Railways
479,602792,Gauge Conversion of Kendri-Dhamtari including Abhanpur - Rajim Branch line 67.20 Kms - 2nd Material Modification to Raipur Titlagarh doubling.,SECR,Chhattisgarh,05/2021,-,02/2025,11/2025,1171,1171,848,82,Railways
480,612815,4th line between Nipania Bhatapara 14.4 Km,South East Central Railway [SECR] - II,Chhattisgarh,05/2024,-,03/2027,-,170.49,170.49,0,0,Railways
481,613003,Dharamjaigarh-Korba 63 km,CERL,Chhattisgarh,07/2022,-,08/2026,-,1686.26,1686.26,288.83,18.5,Railways
482,617200,KHARSIA- NAYA RAIPUR-PARMALKASA 5th and 6th Line [278KM],CAO/C/SECR,Chhattisgarh,04/2025,-,03/2031,-,7853.84,7853.84,0,0,Railways
483,705433,Dallirajhra- Rowghat New Railway Line - Phase I [95 km],RVNL - II,Chhattisgarh,12/2009,-,09/2025,12/2025,1628,1628,1440.85,82,Railways
484,705444,Gevra Road-Pendra Road New Railway Line [135 km],Indian Railway Construction International Limited [IRCON],Chhattisgarh,04/2014,-,03/2022,12/2025,4970,4970,4271.55,72,Railways
485,705756,Chirimiri-Nagpur Halt New Railway Line Project,South East Central Railway [SECR] - II,Chhattisgarh,06/2020,-,06/2030,06/2030,241,656.52,71,0,Railways
486,706854,Boridand - Ambikapur Doubling Line Project,South East Central Railway [SECR] - II,Chhattisgarh,04/2022,-,06/2030,06/2030,1376,1576.23,218,18,Railways
487,709814,NIPANIA-BHATAPRA [14.4 KM] 4TH LINE [PB-72/NR/2022-23],SECR,Chhattisgarh,05/2024,-,12/2026,12/2026,170,184,0,0,Railways
488,709815,4TH LINE - BHATAPARA-HATHBAND [8.8 KM] [PB-72/NR/2022-23],SECR,Chhattisgarh,05/2024,-,01/2027,12/2027,177.03,177.03,0,0,Railways
489,709816,4TH LINE - BHILAI-BHILAI NAGAR [8.8 KM] [PB-72/NR/2022-23],SECR,Chhattisgarh,05/2024,-,02/2027,02/2027,177.34,177.34,0.76,2,Railways
490,709817,4TH LINE - DADHAPARA-BELHA [9.2 KM] [PB-72/NR/2022-23],SECR,Chhattisgarh,05/2024,-,11/2026,11/2026,169.06,169.06,10.13,4,Railways
491,709818,4TH LINE RAJNANDGAON-DONGARHGARH [31.2 KM] [PB-72/NR/2022-23],SECR,Chhattisgarh,05/2024,-,01/2027,01/2027,328.34,328.34,48.02,25,Railways
492,709819,3RD AND 4TH LINE - SARAGBUNDIA AND MADWARANI,SECR,Chhattisgarh,09/2022,-,12/2026,12/2026,177,177,0,0,Railways
493,613785,Redevelopment of New Delhi Railway Station and construction of associated infrastructure,Ministry of Railways,Delhi,06/2024,-,12/2028,-,4744,4744,31.77,0,Railways
494,705298,North Region Video Surveillance Project,RCIL,Delhi,04/2023,-,03/2024,-,274.39,274.39,0,0,Railways
495,705694,Provision of Work-site Tampers [WST] Railway Project,EDTK[MC]/RB,Delhi,01/2016,-,12/2023,01/2026,187.72,187.72,141.91,100,Railways
496,705708,WST Machine Procurement Project,EDTK[MC]/RB,Delhi,06/2018,-,03/2024,12/2027,176,176,0,0,Railways
497,705710,PCT Machine Procurement Project,EDTK[MC]/RB,Delhi,04/2019,-,04/2024,06/2027,336,336,74.32,81.25,Railways
498,705712,RBMV Machine Procurement Project,EDTK[MC]/RB,Delhi,10/2019,-,06/2024,12/2027,480,480,0.33,3.75,Railways
499,705717,SRGM Machine Procurement Project,EDTK[MC]/RB,Delhi,10/2019,-,12/2023,03/2026,440,440,390.03,75,Railways
500,705720,WST Machine Procurement Project,EDTK[MC]/RB,Delhi,12/2019,-,04/2024,12/2026,384,384,0,0,Railways
501,705721,DTS Machine Procurement Project,EDTK[MC]/RB,Delhi,12/2019,-,12/2024,12/2026,447.6,447.6,0,0,Railways
502,705722,BRM Machine Procurement Project,EDTK[MC]/RB,Delhi,09/2019,-,06/2024,12/2027,210,210,0.02,0,Railways
503,705726,Track Machine Procurement Project,EDTK[MC]/RB,Delhi,04/2020,-,03/2025,01/2028,6339,6339,4166.47,41,Railways
504,611918,Kosamba Umarpada 70 Km,PCE/WR,Gujarat,07/2022,-,03/2027,-,468,468,20,0,Railways
505,611937,Adraj Moti Vijapur 40 Kms,Western Railway [WR] - II,Gujarat,05/2022,-,05/2026,05/2026,417.53,417.53,223,86,Railways
506,611938,Vijapur Ambliyasan 42 km,PCE/WR,Gujarat,05/2022,-,05/2026,05/2026,415.38,415.38,364,96,Railways
507,611939,Himatnagar Khedbrahma 55 km,WR,Gujarat,04/2017,-,06/2001,06/2026,482.42,482.42,461,96,Railways
508,611943,New broad gauge line between Naliya Jakhau Port 25 Kms,PCE/WR,Gujarat,02/2023,-,01/2028,01/2028,410.26,410.26,6,4,Railways
509,611944,Quadrupling between Gandhidham Adipur with Y connection at Adipur for providing direct entry towards Mundra Port and Bhuj and high level platform at Gopalpur 11Kms,PCE/WR,Gujarat,02/2023,-,03/2026,03/2026,152.44,152.44,20,68,Railways
510,611945,Petlad Bhadran 23 Kms,PCE/WR,Gujarat,05/2022,-,05/2030,05/2030,307.11,307.11,82,8,Railways
511,611969,Choranda Motikoral 18 Kms,PCE/WR,Gujarat,08/2023,-,10/2026,-,246,246,0,0,Railways
512,611970,Samlaya Timba Road 54 km,PCE/WR,Gujarat,02/2023,-,03/2030,03/2030,670.17,670.17,102,12,Railways
513,611971,Samni Jambusar 24 km,PCE/WR,Gujarat,05/2022,-,03/2030,03/2030,350,349.93,87,32,Railways
514,611972,Jambusar Kavi 26 Kms,PCE/WR,Gujarat,04/2023,-,12/2026,-,318,318,0,0,Railways
515,611973,miyagam karjan Choranda maalsar 37 kms,PCE/WR,Gujarat,06/2023,-,12/2026,-,450,450,0,0,Railways
516,611974,Western Railway Samakhiali Gandhidham Quadrupiling 53 Kms,PCE/WR,Gujarat,08/2023,-,12/2026,-,1430,1430,0,0,Railways
517,611977,Dahod Creation of Infrastructure facilities for 9000 HP Electric locomotives Manufacturing at,PCE/WR,Gujarat,02/2023,-,02/2025,-,487,487,108.69,0,Railways
518,611978,Dahod Rolling Stock Workshop Provision of Infrastructure for CBS at,PCE/WR,Gujarat,03/2023,-,03/2025,-,158,158,47.31,0,Railways
519,611979,Sabarmati Setting up of Maintenance Facilities for Train Sets Phase ii,PCE/WR,Gujarat,04/2023,-,06/2025,-,250,250,0,0,Railways
520,612072,4th LINE BETWEEN BAREJADI NANDEJ-SANAND-AHMEDABAD BYPASS,Western Railway,Gujarat,02/2023,-,03/2027,03/2027,961.67,961.67,132.63,16,Railways
521,613786,"Redevelopment of Ahmedabad railway station and associated infrastructure on engineering, procurement and construction mode",Ministry of Railways,Gujarat,11/2023,-,03/2028,-,2379,2379,607.69,15,Railways
522,705458,Miyagam-Karjan-Dabhoi-Samlaya [GC],Western Railway [WR] - II,Gujarat,01/2017,-,03/2021,12/2026,844,1600,693,68,Railways
523,706757,Modasa-Shamlaji Road Railway Line Project,SECR,Gujarat,04/2008,-,03/2025,03/2027,262,262,203,58,Railways
524,706763,Rajkot - Kanalus Doubling Project [111.2 Kms],Western Railway [WR] - II,Gujarat,12/2021,-,10/2026,10/2026,1080.58,1080.58,731,72,Railways
525,709812,NADIAD-PETLAD [37.26 KM],WR,Gujarat,-,-,06/2030,06/2030,461.91,461.91,75,7,Railways
526,709813,NEW BG LINE INTERSECTION [5 NOS] BETWEEN GERATPUR-SANAND & BOTAD-AHMEDABAD [16.51 KM] [PB#29/NR/202,SECR,Gujarat,-,-,10/2027,10/2027,437.21,437.21,43,15,Railways
527,611884,Bhiwani - Dobh Bahali Doubling Project [42.30 Km],North Western Railway [NWR],Haryana,02/2023,-,02/2028,02/2028,471,471,187.33,57,Railways
528,705765,Gomoh - Flyover for DN trains,East Central Railway [ECR] - II,Jharkhand,01/2018,-,03/2026,03/2026,686,686,536.04,59,Railways
529,705785,Lodhma - Piska - Link Line bypassing Hatia/Ranchi with Y connection,South Eastern Railway [SER] - I,Jharkhand,03/2019,-,06/2026,05/2027,473,473,284.26,4,Railways
530,400023,Construction of New BG line between Hassan to Belur [27 Km],South Western Railway [SWR] - II,Karnataka,12/2025,-,04/2028,04/2027,749,749,0,0,Railways
531,703585,Yeshvanthpur - Channasandra Doubling Project [21.70 Km],Karnataka Rail Infrastructure Development Company Limited [K-RIDE],Karnataka,10/2019,-,12/2024,06/2026,314,314,144,59,Railways
532,705434,New Railway Line between Ginigera and Raichur [165.57 km],South Western Railway [SWR] - II,Karnataka,05/2009,-,03/2019,03/2027,2565,3034.98,2063.57,66,Railways
533,705490,Gadag-Wadi New Railway Line [257 km],South Western Railway [SWR] - II,Karnataka,08/2017,-,03/2027,12/2027,2842,6700,1721.14,30,Railways
534,705492,Kadur - Chickamagalur - Sakleshpur [93km],South Western Railway [SWR] - II,Karnataka,11/2016,-,06/2025,12/2025,825,825,770.18,83,Railways
535,705495,Bagalkot-Kudachi New Railway Line [142 km],South Western Railway [SWR] - II,Karnataka,11/2012,-,03/2027,01/2027,1378,1649,670.74,35,Railways
536,705496,Tumkur-Chitradurga-Davangere New Rail Line Project [191 km],South Western Railway [SWR] - II,Karnataka,01/2017,-,03/2019,12/2027,1876,1876,516.17,13,Railways
537,705761,SHIMOGA - SHIKARIPURA - RANEBENNUR [96 Km],South Western Railway [SWR] - II,Karnataka,02/2023,-,12/2027,06/2028,1454,1454,69.58,11,Railways
538,706835,Belgaum-Dharwad via Kittur [73.10Km],South Western Railway [SWR] - II,Karnataka,03/2025,-,12/2027,03/2029,1591,1591,0.75,0,Railways
539,705638,Kumbalam-Turavur doubling project [15.59 Km],Southern Railway [SR] - II,Kerala,04/2023,-,03/2027,-,813,813,292.15,15,Railways
540,705639,Ernakulam-Kumbalam doubling project [7.71 Km],SR-ERS,Kerala,04/2023,-,03/2028,-,601,601,283,17,Railways
541,705480,"Lalitpur-Satna, Rewa-Singrauli & Mahoba-Khajuraho",North Central Railway,Madhya Pradesh,03/1998,-,03/2027,12/2027,8914,8914,4971.65,70,Railways
542,705651,Katni - Bina Third Railway Line [279 km],West Central Railway WCR I,Madhya Pradesh,01/2017,-,03/2022,12/2025,2478.23,4127.23,3295.49,90,Railways
543,705659,Satna-Rewa Railway Line Doubling Project,West Central Railway [WCR] - II,Madhya Pradesh,08/2017,-,03/2026,-,500,584,561.26,80,Railways
544,705660,Doubling of Katni - Singrauli Railway Line [261 km],Indian Railway Construction International Limited [IRCON],Madhya Pradesh,03/2017,-,12/2026,12/2027,2445,4377,3122,100,Railways
545,705661,Katni Grade Separator/Bye Pass,Indian Railway Construction International Limited [IRCON],Madhya Pradesh,09/2017,-,09/2024,03/2026,1248,1248,1537.77,92,Railways
546,705763,Indore - Budni New Railway Line [198 kms],RVNL - II,Madhya Pradesh,10/2020,-,09/2030,-,7474,7474,1658.03,22,Railways
547,705933,Nimach-Ratlam Doubling [133 Km],Western Railway [WR] - II,Madhya Pradesh,10/2021,-,10/2027,-,1095.88,1095.88,1056.18,89,Railways
548,400019,DHULE [BORVIHIR] - NARDANA NEW LINE [50.60 KMS],CR,Maharashtra,04/2023,-,12/2026,09/2027,493,1171,234.48,9,Railways
549,400271,Wardha-Nanded Via Yavatmal New BG Line,Central Railway [CR] - II,Maharashtra,04/2008,-,03/2028,-,3445,3445,3002.93,50,Railways
550,611751,AURANGABAD-ANKAI - DOUBLING PROJECT 98.25 Km,South Central Railway [SCR] - II,Maharashtra,05/2023,-,03/2027,-,960.64,960.64,0,0.01,Railways
551,611975,Western Railway Vasai bypass double line between Naigaon Juchandra 6 km,PCE/WR,Maharashtra,07/2023,-,03/2026,-,176,176,0,0,Railways
552,611976,Jogeshwari AT Development of JOS-AT as Trainset Maintenance Depot for energy efficient Vande Bharat Sleeper Trains,PCE/WR,Maharashtra,06/2023,-,10/2025,-,221,221,0,0,Railways
553,613015,Redevelopment of Chhatrapati Shivaji Maharaj Terminus [CSMT] and construction of associated infrastructure,Ministry of Railways,Maharashtra,07/2023,-,03/2027,-,1813,1813,525.2,12,Railways
554,617201,Gondia-Balharshah [Chanda Fort] Doubling [240 Km],South East Central Railway,Maharashtra,04/2025,-,04/2030,-,4373.04,4373.04,0,0,Railways
555,617215,Doubling between Parbhani Parli Vaijanath stations 64.71 Km,South Central Railway [SCR] - II,Maharashtra,12/2023,-,03/2028,-,769.93,769.93,0,0,Railways
556,705300,Western Region Video Surveillance Project,RCIL,Maharashtra,04/2023,-,12/2023,-,227.59,227.59,0,0,Railways
557,705356,Ahmednagar - Beed - Parli - Vaijnath New Broad Gauge Line Railway Project [261.3 km],Central Railways,Maharashtra,10/2002,-,03/2026,-,2539,4957,4725.34,92,Railways
558,705357,Baramati Lonand New Line Project,Central Railway [CR] - II,Maharashtra,03/1999,-,03/2027,-,736,1844,712,50,Railways
559,705479,Wadsa-Gadchiroli,South East Central Railway,Maharashtra,03/2012,-,03/2027,-,1886,1886,706.28,49,Railways
560,705498,3rd Line Kalyan - Kasara [67.35 Kilometres],Central Railway [CR] - II,Maharashtra,09/2015,-,12/2026,-,793,1432,894.16,50,Railways
561,705500,3rd Line Wardha - Sewagram - Nagpur,Central Railway [CR] - II,Maharashtra,05/2016,-,12/2025,-,540,698,724.75,80,Railways
562,705502,3rd Line Wardha - Ballarshah [132 Kilometres],Central Railway [CR] - II,Maharashtra,12/2016,-,12/2025,02/2026,1385,1385,1102.48,77,Railways
563,705503,Pune - Miraj-Londa [467 Kilometres],Central Railway [CR] - II,Maharashtra,06/2016,-,02/2025,08/2025,3627,6689,6548,84,Railways
564,705504,Doubling of Daund Manmad Line [247.6 km],Central Railway [CR] - II,Maharashtra,03/2017,-,12/2025,-,2081,3075,2769,88,Railways
565,705505,4th Line Wardha - Nagpur [78.7 Kilometres],Central Railway [CR] - II,Maharashtra,05/2018,-,12/2025,02/2026,638,1137,969,80,Railways
566,705506,3rd Line Manmad - Jalgaon [160 Kilometres],Central Railway [CR] - II,Maharashtra,04/2018,-,12/2024,08/2025,1035,1559,1692,97,Railways
567,705735,Solapur-tuljapur-Osmanabad,WR,Maharashtra,12/2023,-,03/2028,-,905,3296,1150,10,Railways
568,705799,Nagpur- Nagbhir Railway Line Gauge Conversion Project,MRIDC,Maharashtra,04/2020,-,12/2025,-,1400,1400,1472,80,Railways
569,706779,Mumbai Urban Transport Project [MUTP] - PHASE II,Mumbai Rail Vikas Corporation Ltd.[MRVC],Maharashtra,04/2008,-,03/2014,12/2027,8087,8087,7364,87,Railways
570,706780,Mumbai Urban Transport Project [MUTP] Phase-IIIA,Mumbai Rail Vikas Corporation Ltd.[MRVC],Maharashtra,04/2019,-,12/2027,-,33690,33690,2246.15,16,Railways
571,706781,Mumbai Urban Transport Project Phase-III,Mumbai Rail Vikas Corporation Ltd.[MRVC],Maharashtra,12/2016,-,03/2022,12/2026,10947,10947,5057.67,60,Railways
572,709808,PACHORA-JAMNER WITH EXTENSION UPTO MALKAPUR NG TO BG,CR,Maharashtra,01/2022,-,08/2027,03/2028,955,2094,118,2,Railways
573,709809,KALYAN-MURBAD VIA ULHASNAGAR [UMBRELLA WORK],Central Railway [CR] - II,Maharashtra,04/2023,-,03/2027,-,836,836,9.29,1,Railways
574,705491,Marikuppam - Kuppam New Line Project [23.70 Km],South Western Railway [SWR] - II,"Multi-States (Andhra Pradesh, Karnataka)",10/2018,-,06/2026,-,297,297,123.17,15,Railways
575,705494,Rayadurg-Tumkur via Kalyandurg New Line [207 km],South Western Railway [SWR] - II,"Multi-States (Andhra Pradesh, Karnataka)",07/2010,-,09/2015,02/2028,2496,2496,1691.88,67,Railways
576,705610,"Renigunta, Wadi & Gooty Bypass Railway Project",South Central Railway [SCR] - I,"Multi-States (Andhra Pradesh, Karnataka)",04/2016,-,12/2025,-,302,543,381,50,Railways
577,617212,Doubling between Mudkhed Medchal & Mahbubnagar Dhone section 417.88 Km,South Central Railway [SCR] - II,"Multi-States (Andhra Pradesh, Maharashtra, Telangana)",08/2023,-,03/2029,-,4686.09,4686.09,0,0,Railways
578,400253,Vizianagaram - Titlagarh 3rd line [272 Km including By - pass line of 7.68 KM],RVNL - II,"Multi-States (Andhra Pradesh, Odisha)",11/2016,-,12/2026,-,4803,6670,5722.01,89,Railways
579,705512,Doubling of Kottavalasa-Koraput Rail Line [189 KM],East Coast Railway [ECoR] - II,"Multi-States (Andhra Pradesh, Odisha)",01/2016,-,03/2022,03/2028,2500,2500,2033.31,70,Railways
580,616702,Malkangiri Pandurangapuram new railway line project,Indian Railways,"Multi-States (Andhra Pradesh, Odisha, Telangana)",01/2027,-,11/2031,-,3591.76,3591.76,0,0,Railways
581,400275,Tindivanam-Nagari New Line Project [184.5 km],Southern Railway [SR] - II,"Multi-States (Andhra Pradesh, Tamil Nadu)",10/2008,-,09/2016,03/2028,3631,3631,1113.53,18,Railways
582,616857,Doubling between Motumari Vishnupuram - 88.81 Km and Rail over Rail - RoR at Motumari - 10.877 Km,South Central Railway [SCR] - II,"Multi-States (Andhra Pradesh, Telangana)",03/2025,-,03/2029,-,1595.55,1595.55,7.69,1,Railways
583,617211,Doubling of Guntur Bibinagar 239 Km,South Central Railway [SCR] - II,"Multi-States (Andhra Pradesh, Telangana)",08/2023,-,03/2029,-,2853.23,2853.23,43.88,1,Railways
584,617214,Rail Connectivity to Errupalem Amravati Namburu 57 Km,South Central Railway [SCR] - II,"Multi-States (Andhra Pradesh, Telangana)",11/2024,-,03/2027,-,2047.4,2047.4,0,0,Railways
585,705612,Kazipet-Vijayawada 3rd line with electrification [220 km],South Central Railway [SCR] - II,"Multi-States (Andhra Pradesh, Telangana)",08/2014,-,02/2025,12/2025,1953,3363,2915.49,90,Railways
586,705632,Vijayawada - Kazipet Byepass line,South Central Railway [SCR] - II,"Multi-States (Andhra Pradesh, Telangana)",04/2016,-,01/2025,12/2025,647,904,870,91,Railways
587,705401,Murkongselek-Pasighat,Northeast Frontier Railway [NFR],"Multi-States (Arunachal Pradesh, Assam)",03/2012,-,03/2025,12/2025,435,1250,901,56,Railways
588,616701,Lumding Furkating Doubling Project 140 km,Northeast Frontier Railway [NFR],"Multi-States (Assam, Nagaland)",01/2025,-,02/2028,-,2123.7,2123.7,13.74,0,Railways
589,705392,Dimapur [Dhansiri]-Sukhobi Kohima [Zubza] NL [82.5 Km],Northeast Frontier Railway [NFR],"Multi-States (Assam, Nagaland)",02/2016,-,03/2025,12/2025,6663,6663,5202.29,79,Railways
590,705794,New Delhi- Howrah Speed Booster[160Kmph] Project,PCE/NCR,"Multi-States (Bihar, Delhi, Jharkhand, Uttar Pradesh, West Bengal)",09/2019,-,03/2024,-,6684.81,6684.81,127.03,0,Railways
591,400234,Third Railway Line between Patratu-Sonnagar [281 kms],RVNL - II,"Multi-States (Bihar, Jharkhand)",08/2018,-,03/2026,07/2026,8975,8975,4950,88,Railways
592,616699,Multi tracking of Son Nagar-Andal [374.53 rkm & 814.38 tkm],East Central Railway [ECR] - I,"Multi-States (Bihar, Jharkhand)",08/2023,-,03/2028,-,12333.57,12333.6,444.74,10,Railways
593,705375,Koderma-Tilaiya New Line,East Central Railway [ECR] - II,"Multi-States (Bihar, Jharkhand)",03/2002,-,02/2025,02/2026,1626,2020,2060.97,92,Railways
594,705385,Pirpainti - Jasidih [100.52 Km] New BG line,Eastern Railway [ER] - I,"Multi-States (Bihar, Jharkhand)",03/2022,-,03/2028,-,2555,2555,763.08,48,Railways
595,611669,NER Provision of Automatic Block Signalling on Gorakhpur Cantt[Excl] Chhapra Gramin & Burhwal Jn [Excl] Sitapur Jn section of high density routes,North Eastern Railway [NER],"Multi-States (Bihar, Uttar Pradesh)",06/2023,-,03/2027,-,380.47,380.47,24.53,0,Railways
596,617224,Gorakhpur-Valmikinagar Doubling project,NER,"Multi-States (Bihar, Uttar Pradesh)",03/2024,-,12/2027,-,1120,1120,181.86,20,Railways
597,705562,Chhapra-Ballia Patch Doubling,North Eastern Railway [NER],"Multi-States (Bihar, Uttar Pradesh)",11/2015,-,02/2025,03/2026,963,1046,906,95.4,Railways
598,705617,Rajnandgaon - Nagpur [Kalumna] Third Railway Line [228.30 km],South East Central Railway [SECR] - II,"Multi-States (Chhattisgarh, Maharashtra)",12/2016,-,12/2024,06/2026,3545,3545,3163.08,95,Railways
599,705511,Jagdalpur-Koraput,East Coast Railway [ECoR] - II,"Multi-States (Chhattisgarh, Odisha)",03/2016,-,03/2024,12/2026,1547,1547,1308.2,90,Railways
600,705616,Jharsuguda-Bilaspur Fourth Railway Line [206 km],SECR,"Multi-States (Chhattisgarh, Odisha)",09/2016,-,10/2024,12/2025,2140,2979,2124.15,88,Railways
601,705728,Mumbai-Ahmedabad High Speed Rail Project- 508 km,National High Speed Rail Corporation [NHSRC],"Multi-States (Dadra & Nagar Haveli and Daman & Diu, Gujarat, Maharashtra)",09/2017,-,08/2027,12/2029,108000,108000,78690.89,53,Railways
602,705793,New Delhi- Mumbai Speed Booster[160Kmph] Project,PCE/WR,"Multi-States (Delhi, Gujarat, Madhya Pradesh, Maharashtra, Rajasthan)",09/2019,-,03/2024,-,6806.44,6806.44,135.65,0,Railways
603,705650,Hospet - Tinaighat - Vasco Rail Doubling Project,RVNL - II,"Multi-States (Goa, Karnataka)",07/2012,-,03/2027,12/2027,5060,5060,5007.82,86,Railways
604,706950,Hospet-Hubli-Vasco da Gama Line Electrification Project,RVNL,"Multi-States (Goa, Karnataka)",05/2018,-,03/2023,03/2024,744.49,1122.62,969.05,95,Railways
605,705237,Western Dedicated Freight Corridor,DFCCIL,"Multi-States (Gujarat, Haryana, Maharashtra, Rajasthan, Uttar Pradesh)",01/2012,-,03/2022,12/2025,51101,124005,124623,96,Railways
606,705453,"New line Dahod-Indore via Sardarpur, Jabuwa and Dhar",Western Railway [WR] - II,"Multi-States (Gujarat, Madhya Pradesh)",06/2012,-,02/2027,-,1942,2691,3412.98,67,Railways
607,705454,Chhota Udaipur - Dhar New Line Project [157 km],Western Railway [WR] - II,"Multi-States (Gujarat, Madhya Pradesh)",01/2014,-,12/2025,-,1794,1794,1800.85,80,Railways
608,611452,MUMBAI CENTRAL VIRAR VADODARA AHMEDABAAD TRAIN PROTECTION SYSTEM 500 RKM,Western Railway,"Multi-States (Gujarat, Maharashtra)",03/2023,-,12/2025,06/2025,311,311,208,92,Railways
609,400022,Taranga Hill-Abu Road via Ambaji,North Western Railway [NWR],"Multi-States (Gujarat, Rajasthan)",07/2022,-,07/2030,-,2798,2798,1891.9,14,Railways
610,616842,LUNI- SAMDARI- BHILDI DOUBLING,North Western Railway [NWR],"Multi-States (Gujarat, Rajasthan)",02/2024,-,07/2027,-,3085.59,3085.59,154.46,7,Railways
611,705424,Chandigarh-Baddi New Rail Line- 36 km,Northen Railway [NR],"Multi-States (Haryana, Himachal Pradesh)",02/2018,-,12/2026,-,1540,1540,506.73,31,Railways
612,611861,Rewari - Kathuwas Doubling Project [27.72 Km],North Western Railway [NWR],"Multi-States (Haryana, Rajasthan)",12/2022,-,06/2027,-,352,352,239.01,59,Railways
613,705410,Nangal Dam-Talwara New Broad Gauge Line [84 KM] and Taking Over Siding Mukerian-Talwara [29 KM],Northen Railway [NR],"Multi-States (Himachal Pradesh, Punjab)",05/1985,-,12/2025,01/2027,2018,2018,1848,74,Railways
614,705428,Bhanupalli-Bilaspur-Beri New Railway Line Project,RVNL - II,"Multi-States (Himachal Pradesh, Punjab)",04/2015,-,12/2026,12/2027,13447,13447,6391.15,59,Railways
615,705628,Doubling of Hatia [Ranchi]-Bondamunda Rail Line - 159 km,South Eastern Railway - JH,"Multi-States (Jharkhand, Odisha)",02/2017,-,06/2025,06/2026,3029,3029,2458.15,85,Railways
616,616588,Buramara-Chakulia new line [59.96 km],South Eastern Railway [SER] - I,"Multi-States (Jharkhand, Odisha, West Bengal)",12/2024,-,12/2029,-,1459.13,1459.13,1.04,0,Railways
617,616227,Chandil - Anara - Damodar - 3rd line [121.26 km],CAO/C/SER,"Multi-States (Jharkhand, West Bengal)",07/2025,-,09/2029,-,1932.01,1932.01,0.03,0,Railways
618,617240,Murarai - Barharwa 3rd line,Eastern Railway [ER] - II,"Multi-States (Jharkhand, West Bengal)",01/2026,-,05/2028,-,935.19,935.19,0,0,Railways
619,705668,KHARAGPUR-ADITYAPUR THIRD RAIL LINE- 132 KM,RVNL - II,"Multi-States (Jharkhand, West Bengal)",01/2018,-,03/2025,12/2025,3250,3250,3176.46,97,Railways
620,705662,Hotgi-Kudgi-Gadag Doubling Project,South Western Railway [SWR] - II,"Multi-States (Karnataka, Maharashtra)",01/2016,-,12/2024,03/2026,1878,2459,2628.8,89,Railways
621,703586,Baiyyappanahalli - Hosur Doubling Project [48 km],Karnataka Rail Infrastructure Development Company Limited [K-RIDE],"Multi-States (Karnataka, Tamil Nadu)",02/2019,-,12/2024,01/2026,499,499,595,97,Railways
622,705635,Trivandrum- Kanyakumari,SR-ERS,"Multi-States (Kerala, Tamil Nadu)",03/2016,-,03/2024,12/2027,1432,3785,2451,46,Railways
623,705457,Ratlam-Mhow-Khandwa-Akola Gauge Conversion,Western Railway [WR] - II,"Multi-States (Madhya Pradesh, Maharashtra)",03/2010,-,03/2027,09/2028,5678,6531.9,4314,87,Railways
624,705507,Itarsi - Nagpur Third Railway Line [280 km],Central Railway [CR] - II,"Multi-States (Madhya Pradesh, Maharashtra)",09/2016,-,03/2027,-,2450,2450,1815.49,52,Railways
625,705419,Gwalior - Seopurkala with extension to Kota [Gauge Conversion],North Central Railway,"Multi-States (Madhya Pradesh, Rajasthan)",07/2018,-,03/2025,02/2026,2913,2913,2751,83,Railways
626,705481,Ramganjmandi-Bhopal New Line Project [262 km],West Central Railway [WCR] - II,"Multi-States (Madhya Pradesh, Rajasthan)",10/2004,-,12/2025,12/2027,3032,5073,3592.92,70,Railways
627,705764,Nimach-Badi Sadri New Rail Line Project,Western Railway [WR] - II,"Multi-States (Madhya Pradesh, Rajasthan)",09/2021,-,03/2026,12/2025,495,825,306,46,Railways
628,705667,Mathura-Jhansi Third Railway Line [274 Km],RVNL - II,"Multi-States (Madhya Pradesh, Rajasthan, Uttar Pradesh)",03/2018,-,12/2024,12/2026,5961,5961,4928.62,94,Railways
629,705598,Jhansi - Bina Third Railway Line [153 Km],CAO/C/NCR,"Multi-States (Madhya Pradesh, Uttar Pradesh)",03/2018,-,03/2022,03/2026,2002,2002,1884.84,93,Railways
630,705608,Jhansi-Khairar-Manikpur & Khirar-Bhimsen,North Central Railway,"Multi-States (Madhya Pradesh, Uttar Pradesh)",03/2017,-,03/2026,-,4330,4330,1989,53,Railways
631,705613,Third Line [new] between Kazipet - Balharshah with electrification [201.04 Km],South Central Railway [SCR] - II,"Multi-States (Maharashtra, Telangana)",10/2016,-,01/2025,11/2025,2595,3071,3142.35,92,Railways
632,705629,Narayangarh-Bhadrak 3rd line,South Eastern Railway [SER] - I,"Multi-States (Odisha, West Bengal)",03/2017,-,12/2025,06/2026,2400,2400,2188,65,Railways
633,400223,Nagapattinam-Tiruturaipundi and Karaikal-Peralam New Line,Southern Railway [SR] - II,"Multi-States (Puducherry, Tamil Nadu)",01/2019,-,03/2026,03/2027,713,981,598.38,80,Railways
634,705432,Sivok-Rangpo New Rail Line,Indian Railway Construction International Limited [IRCON],"Multi-States (Sikkim, West Bengal)",05/2010,-,05/2015,12/2027,7877,12133,8883.6,80,Railways
635,602797,"Sainthia, Sitarampur, Mughalsarai, Allahabad & Etawah - Bypass Line Project",Eastern Railway [ER] - I,"Multi-States (Uttar Pradesh, West Bengal)",12/2017,-,03/2027,-,461.64,461.64,178.45,6,Railways
636,400045,Proposed 6 nos Road Over Bridge [ROB] at different locations under MCL Talcher Under Deposit Scheme.,East Coast Railway [ECoR] - II,Odisha,07/2022,-,03/2025,01/2025,168.32,168.32,69.85,82,Railways
637,400232,Brundamal-Jharsuguda- flyover connection for joining downline,East Coast Railway [ECoR] - II,Odisha,01/2014,-,12/2026,-,297,297,193.22,30,Railways
638,612834,3rd & 4th line between Sarla - Sason [8 km] [PB 73/2023-24/NR],East Coast Railway [ECoR] - II,Odisha,04/2023,-,12/2025,-,252,252,79.55,45,Railways
639,616586,Bangriposi-Gorumahisani new line [ 85.60 km ],CAO/C/SER,Odisha,09/2025,-,12/2029,-,2269.49,2269.49,0,0,Railways
640,616587,Badampahar-Kendujhargarh new line [82.06 km],CAO/C/SER,Odisha,09/2025,-,12/2029,-,1875.72,1875.72,0,0,Railways
641,616694,Flyover between Siju and Paradeep coaching Yard to avoid Surface crossing of trains,East Coast Railway [ECoR] - II,Odisha,10/2025,-,07/2028,-,200.77,200.77,0,0,Railways
642,616695,Paradeep - Badabandha 3rd & 4th Line / 18.51kms,East Coast Railway [ECoR] - II,Odisha,04/2025,-,11/2028,-,300.15,300.15,0.01,0,Railways
643,705358,Khurda-Bolangir New Broad Gauge Rail Link [301km],East Coast Railway [ECoR] - II,Odisha,03/2001,-,12/2026,-,3792,5089,4983.45,89,Railways
644,705359,Talcher-Bimlagarh New Railway Line,East Coast Railway [ECoR] - II,Odisha,12/2004,-,03/2025,03/2027,1928,1928,1902.91,47,Railways
645,705510,Bhadrak-Nergundi Third Line,East Coast Railway [ECoR] - II,Odisha,04/2015,-,11/2024,01/2026,1284,1284,1298,80,Railways
646,705513,Koraput - Singapur Railway Doubling,East Coast Railway [ECoR] - II,Odisha,12/2015,-,12/2027,03/2028,2362,2362,1787.49,68,Railways
647,705514,Jarapada- Budhapank with flyover at Talcher road 3rd and 4th Line,East Coast Railway [ECoR] - II,Odisha,12/2015,-,11/2018,03/2026,1000,810.02,401.61,36,Railways
648,705743,Talcher-Angul New Line with Y-Connection at Talcher,CAO/C/ECoR,Odisha,-,-,05/2027,05/2028,495,495,29.5,1,Railways
649,705767,Baghuapal Flyover Construction Project,CAO/C/ECoR,Odisha,10/2022,-,03/2028,-,257.97,258,0.83,0,Railways
650,706856,Rourkela - Bondamunda 5th Line Doubling Project,South Eastern Railway [SER] - I,Odisha,03/2022,-,09/2026,-,245,245,82,35,Railways
651,709810,KODINGAMALI BAUXITE MINES TO SINGARAM RAILWAY STATION,Indian Railway,Odisha,01/2026,-,08/2027,-,190.9,190.9,0,0,Railways
652,709811,GANDHAMARDAN IRON ORE MINES TO GOALDIH STATION/12.76kms,East Coast Railway [ECoR] - II,Odisha,05/2025,-,09/2027,-,190,190,0,0,Railways
653,611980,Junagarh Visavadar 42 Kms,WR,Offshore,02/2023,-,09/2028,-,492.83,492.83,3,1,Railways
654,705362,"Jaynagar-Bijalpura, incl. extn. Bet, Bijalpura-Bardibas [Nepal]",East Central Railway [ECR] - I,Offshore,03/2011,-,03/2022,03/2026,819,819,588.32,75,Railways
655,705783,Ludhiana- Killa Raipur Railway Doubling Project,CAO/C/NR,Punjab,12/2022,-,03/2025,03/2026,237.64,237.64,118,55,Railways
656,611614,Dedicated Test Track for RDSO Phase II,North Western Railway [NWR],Rajasthan,11/2021,-,11/2026,-,819.48,967.06,471,86,Railways
657,611849,Devgarh Madariya - Nathdwara Gauge Conversion [82.54 Km] part of Marwar - Mavli Gauge Conversion [152 Km],North Western Railway [NWR],Rajasthan,01/2023,-,06/2028,-,969,969,411,45,Railways
658,611929,Maintenance cum workshop depot for Vande Bharat Sleeper Trains as per conditions under WTA 527,WPO/Patna,Rajasthan,06/2023,-,12/2024,-,166.86,166.86,0,0,Railways
659,616696,RINGUS KHATUSHYAMJI NEW LINE,North Western Railway [NWR],Rajasthan,03/2024,-,03/2028,-,254.06,254.06,1.65,0,Railways
660,616840,RAS- MERTA CITY NEW LINE INCL BYPASS AT MERTA ROAD,North Western Railway [NWR],Rajasthan,02/2024,-,03/2028,-,947,947,1.36,0,Railways
661,616841,PUSHKAR- MERTA CITY NEW LINE,North Western Railway [NWR],Rajasthan,02/2024,-,12/2026,-,799.64,799.64,13.91,3,Railways
662,616843,AJMER- CHANDERIYA DOUBLING,North Western Railway [NWR],Rajasthan,02/2024,-,06/2027,-,1634.79,1634.79,59.51,5,Railways
663,705482,Dholpur - Sirmuttra Gauge Conversion,North Central Railway,Rajasthan,04/2020,-,02/2019,02/2027,747,747,392,39,Railways
664,705752,Gudha-Thatha Mithri Construction of Railway Track Project,North Western Railway [NWR],Rajasthan,04/2019,-,11/2026,-,819.48,967.06,471,98,Railways
665,705912,Sawai Madhopur-Jaipur Railway Line Project,North Western Railway [NWR],Rajasthan,04/2023,-,03/2027,-,1203.89,1203.89,35.05,9,Railways
666,705919,Agra Fort-Bandikui Doubling Line Project,CAO/C/NCR,Rajasthan,02/2021,-,06/2027,-,1390,1390,123,25,Railways
667,706866,Sawaimadhopur Bye Pass Line Project,North Western Railway [NWR],Rajasthan,01/2023,-,03/2026,05/2027,304,304,134,35,Railways
668,400280,Ph II extension of MRTS from Velachery to St Thomas Mount,Southern Railways [SR] - construction,Tamil Nadu,11/2008,-,07/2024,08/2025,734,982,475.73,99,Railways
669,613002,Redevelopment of Chennai Egmore Station,WR,Tamil Nadu,10/2022,-,03/2026,-,842,842,340,0,Railways
670,705244,Coach Production Factory Upgradation Project,CPM/ICF,Tamil Nadu,07/2018,-,12/2021,-,520,520,192.25,0,Railways
671,705755,Morappur - Dharmpuri New Railway Line Project,Southern Railway [SR] - I,Tamil Nadu,12/2016,-,03/2028,-,359,359,40,1,Railways
672,616856,Doubling between Bhadrachalam Road and Dornakal,South Central Railway [SCR] - II,Telangana,04/2025,-,04/2029,-,770.12,770.12,0,0,Railways
673,705437,Manoharabad-Kothapalli New Rail Line [151 km],South Central Railway [SCR] - II,Telangana,01/2017,-,03/2027,12/2027,1160,2781,1713.38,71,Railways
674,400204,Bahraich-Shravasti-Balrampur-Siddharthnagar -Santkabir nagar,North Eastern Railway [NER],Uttar Pradesh,03/2017,-,10/2030,-,4939.78,4939.78,1217.13,8,Railways
675,400205,Sahjanwa-Dohrighat,North Eastern Railway [NER],Uttar Pradesh,03/2017,-,03/2029,-,1319.75,1319.75,457.35,3,Railways
676,617252,Anandnagar - Ghugli via Maharajganj 50 km,Construction NER,Uttar Pradesh,11/2023,-,03/2028,-,958.27,958.27,432.01,23,Railways
677,617284,Chunar-Chopan doubling project,North Central Railway,Uttar Pradesh,01/2025,-,03/2028,-,1423.96,1423.96,26,2,Railways
678,705566,Domingarh-Gorakhpur-Gorakhpur Cantt.-Kusumhi - 3rd Railway Line Project,North Eastern Railway [NER],Uttar Pradesh,06/2018,-,02/2025,09/2025,351,521.47,494,98,Railways
679,705567,Burhwal Gonda 3rd line,North Eastern Railway [NER],Uttar Pradesh,07/2019,-,03/2025,09/2025,1016,1118,1113.75,70,Railways
680,705588,Janghai-Pratapgarh- Amethi,CAO/C/II/NR,Uttar Pradesh,03/2017,-,03/2025,03/2026,722,1194,1100,70,Railways
681,705766,Lalitpur-Birari with flyover at Lalitpur- 16 Km,North Central Railway,Uttar Pradesh,03/2017,-,12/2024,11/2025,304.44,356,214,65,Railways
682,705772,"Mughalsarai-Allahabad, 3rd line",North Central Railway,Uttar Pradesh,03/2016,-,12/2026,03/2027,2649,2649,1399,62,Railways
683,705774,Aligarh -Daud Khan Flyover Construction & 3rd Railway Line Project,CAO/C/NCR,Uttar Pradesh,09/2020,-,01/2025,03/2027,758,779.49,315.37,55,Railways
684,705777,Bhandai Flyover Construction Project,CAO/C/NCR,Uttar Pradesh,04/2021,-,02/2026,02/2027,250.18,250.18,118,15,Railways
685,705779,"Phephna-Indara, Mau-Shahganj doubling excluding Indara-Mau",South Eastern Railway [SER] - I,Uttar Pradesh,03/2017,-,12/2024,03/2026,1178,1777,1489.5,85,Railways
686,705780,Bhatni-Aurnihar with electrification excluding Indara-Mau,RVNL - II,Uttar Pradesh,03/2017,-,12/2024,10/2025,2529,2529.46,2051.69,94,Railways
687,705782,Barabanki-Malhaur 3rd & 4th Railway Line Project,CAO/C/NR,Uttar Pradesh,04/2017,-,03/2025,03/2026,407,407,317,75,Railways
688,705784,Janghai-Phaphamau Doubling Rail Line Project,RVNL,Uttar Pradesh,03/2020,-,03/2025,-,357,978.77,579,95,Railways
689,705863,Bahraich - Nanpara - Nepalganj Road Gauge Conversion,North Eastern Railway [NER],Uttar Pradesh,04/2021,-,07/2025,08/2025,950,950,507.02,86,Railways
690,705918,Allahabad division - Aligarh - Harduaganj Flyover,North Central Railway,Uttar Pradesh,02/2021,-,06/2026,03/2027,1457,1457,50,8,Railways
691,705429,Rishikesh-Karnaprayag New Rail Line- 125 km,RVNL - II,Uttarakhand,08/2018,-,12/2025,03/2027,38953,38953,24645.15,65,Railways
692,400247,Kalinarayanpur-Krishnanagar Doubling Alongwith Krishnanagar - Chapra New Line And Naihati-Ranaghat 3rd Line.,Eastern Railway [ER] - I,West Bengal,11/2005,-,02/2027,-,1000,1000,1029.97,67,Railways
693,400273,Tarakeshwar-Bishnupur New Line [82.47 km],Eastern Railway [ER] - I,West Bengal,02/2008,-,03/2019,02/2026,1189,1542,1287.05,90,Railways
694,400277,Dum Dum Airport-New Garia via Rajarhat-Construction of Metro Railway,RVNL - II,West Bengal,10/2011,-,12/2025,03/2026,8964,8964,8097.47,80,Railways
695,612096,Construction of Balurghat-Hilli new BG Line,Northeast Frontier Railway [NFR],West Bengal,12/2010,-,03/2027,03/2025,1209,1209,405.31,9,Railways
696,617322,Kalipahari Bakhtarnagar 5th line,Eastern Railway [ER] - I,West Bengal,07/2025,-,06/2027,-,350.46,350.46,0,0,Railways
697,705730,Joka-BBD Bag new metro project,RVNL - II,West Bengal,04/2010,-,12/2026,12/2028,4835,10362,4361.23,59,Railways
698,706776,Noapara-Barasat via Bimanbandar - Construction of Metro railway [18 km],"Metro Railway, Kolkata",West Bengal,03/2010,-,08/2026,03/2029,4830,4830,2764.13,32,Railways
699,705663,Bangalore-Whitefield-Bangalore City-Krishnarajapuram [23.08 km] - Quadrupling,South Western Railway [SWR] - II,Karnataka,06/2022,-,02/2026,-,493,493,252.45,82,Real Estate
700,706777,Baranagar-Barrackpore and Dakshineshwar- Construction of Metro Railway,RVNL - II,West Bengal,03/2010,-,12/2026,12/2025,2298,2734,393,17,Urban Public Transport
701,615202,Capacity expansion of Deposit-14 and 14 NMZ at Kirandul,National Mineral Development Corporation Limited [NMDC],Chhattisgarh,07/2022,-,12/2028,03/2028,1700,1756.2,65.44,2,Metals & Mining
702,617243,Replacement of Hot Leveller No.1 of Plate Mill at Bhilai Steel Plant,Steel Authority of India Limited [SAIL],Chhattisgarh,08/2024,-,07/2026,-,198.62,198.62,10.53,8,Steel
703,617255,"Replacement of Converter Vessels, Trunnion Rings, Support System & Installation of Secondary Emission at Bhilai Steel Plant",Steel Authority of India Limited [SAIL],Chhattisgarh,12/2023,-,06/2026,-,471.83,471.83,111.75,35,Steel
704,617256,Rebuilding of Coke Oven Battery No.7 & 8 at Bhilai Steel Plant,Steel Authority of India Limited [SAIL],Chhattisgarh,01/2024,-,10/2025,-,884.1,884.1,453.2,75,Steel
705,706811,NMDC Slurry Pipeline Project Phase-1,National Mineral Development Corporation Limited [NMDC],Chhattisgarh,09/2020,-,06/2023,12/2025,2907,5427,3012.02,84,Steel
706,709826,SCREENING PLANT-III AT KIRANDUL,National Mineral Development Corporation Limited [NMDC],Chhattisgarh,10/2021,-,01/2026,-,2718.84,2718.84,1327.11,72,Steel
707,709827,CONSTRUCTION OF RESIDENTIAL TOWERS AT BIOM KIRANDUL COMPLEX,National Mineral Development Corporation Limited [NMDC],Chhattisgarh,10/2022,-,12/2025,-,349.75,349.75,247.42,85,Steel
708,400174,"New Sinter Plant at BSL, SAIL",Steel Authority of India Limited [SAIL],Jharkhand,05/2015,-,10/2017,06/2027,1034.01,1752.3,883.23,51,Steel
709,617249,Replacement of existing Grinders in CRM-I & II at Bokaro Steel Plant,Steel Authority of India Limited [SAIL],Jharkhand,02/2025,-,01/2027,-,211.94,211.94,7.52,6,Steel
710,617250,Secondary Emission Control in Converters of SMS-II at Bokaro Steel Plant,Steel Authority of India Limited [SAIL],Jharkhand,02/2025,-,10/2026,-,207.13,207.13,7.91,6,Steel
711,617253,Revamping of old sub-systems of Blast Furnace 3 at Bokaro Steel Plant,Steel Authority of India Limited [SAIL],Jharkhand,10/2023,-,07/2025,11/2025,513.82,513.82,220.42,69,Steel
712,617254,Replacement of remaining 04 sets of Battery Cyclones with 04 Nos. of ESPs in Sinter Plant-1 at Bokaro Steel Plant,Steel Authority of India Limited [SAIL],Jharkhand,04/2024,-,06/2026,-,260.37,260.37,44.22,22,Steel
713,617257,Rebuilding of Coke Oven Battery No.6 at Bokaro Steel Plant,Steel Authority of India Limited [SAIL],Jharkhand,12/2023,-,11/2026,-,627.31,627.31,88.21,37,Steel
714,400121,"Construction of Screening Plant-II for Donimalai and Kumaraswamy Iron Ore Mining Complex of NMDC Limited at Ballari Dt, Karnataka.",National Mineral Development Corporation Limited [NMDC],Karnataka,06/2024,-,08/2026,-,1043.63,1043.63,214.48,25,Steel
715,400065,Installation of 4th Slab Caster along with its Auxiliaries and a New Ladle Furnace in SMS-II at Rourkela Steel Plant,Steel Authority of India Limited [SAIL],Odisha,02/2022,-,05/2025,07/2025,1105.23,1105.23,736.47,96,Steel
716,612781,Rebuilding of COB 4 at Durgapur Steel Plant,Steel Authority of India Limited [SAIL],West Bengal,12/2023,-,12/2026,-,916.78,916.78,118.63,12,Steel
717,617242,Installation of New Bar Mill at Durgapur Steel Plant,Steel Authority of India Limited [SAIL],West Bengal,10/2024,-,06/2027,-,2115.44,2115.44,206.67,24,Steel
718,617246,Up-gradation of Blast Furnace No. 3 at Durgapur Steel Plant,Steel Authority of India Limited [SAIL],West Bengal,10/2024,-,06/2026,-,758.09,758.09,53.31,3,Steel
719,617248,Third Ladle Furnace in Secondary Refinery Unit at IISCO Steel Plant,Steel Authority of India Limited [SAIL],West Bengal,12/2024,-,07/2026,-,227.96,227.96,16.24,29,Steel
720,617251,Revamping of Air Pollution Control Systems of SP-1 at Durgapur Steel Plant,Steel Authority of India Limited [SAIL],West Bengal,12/2024,-,05/2026,-,196.4,196.4,0.19,2,Steel
721,701658,Krishnapatnam Node - Phase 1 - Roads and Services Development,National Industrial Corridor Development Corporation,Andhra Pradesh,02/2024,-,02/2028,-,2139.44,2139.44,327.99,14,Real Estate
722,701657,Tumakuru Node - Phase 1 - Roads and Services Development,National Highways & Infrastructure Development Corporation Ltd. [NHIDCL],Karnataka,02/2023,-,09/2026,-,1701.81,1701.81,95,8,Real Estate
723,400429,Exhibition cum Convention Centre Dwarka [Phase I],India International Convention & Expo Centre,Delhi,12/2017,-,10/2019,01/2025,5178,5401,4470,97.4,"Tourism, Hospitality & Wellness"
724,709859,SETTING UP OF PHYSICAL INFRASTRUCTURE FOR THE NATIONAL INSTITUTE OF COMMUNICATION FINANCE [NICF] AT GHITORNI,National Communication Academy - Finance (Erstwhile NICF),Delhi,04/2018,-,02/2020,10/2025,248.2,248.2,236.91,98,Telecommunication
725,701598,Provision of 4G based Mobile Services in Uncovered Villages and National Highways of Meghalaya,Department of Telecommunications [DoT],Meghalaya,09/2020,-,03/2022,03/2025,971.96,971.96,208.25,98,Telecommunication
726,701599,Mobile connectivity in Left Wing Extremism [LWE] affected areas-Phase2,Department of Telecommunications [DoT],"Multi-States (Andhra Pradesh, Bihar, Chhattisgarh, Jharkhand, Madhya Pradesh, Maharashtra, Odisha, Telangana, Uttar Pradesh, West Bengal)",09/2021,-,03/2023,11/2025,1577.57,1577.57,596.17,87,Telecommunication
727,701602,"Provision of 4G based mobile services in 7,287 uncovered villages of 44 Aspirational District across 5 states of Andhra Pradesh, Chhattisgarh, Jharkhand, Maharashtra & Odisha",Department of Telecommunications [DoT],"Multi-States (Andhra Pradesh, Chhattisgarh, Jharkhand, Maharashtra, Odisha)",05/2022,-,11/2023,11/2025,3685,3685,1101.39,79,Telecommunication
728,701597,Provision of 4G Mobile Services in Uncovered Villages of Arunachal Pradesh and 2 Districts of Assam,Department of Telecommunications [DoT],"Multi-States (Arunachal Pradesh, Assam)",10/2021,-,04/2023,09/2025,1255.49,1255.49,284.04,89,Telecommunication
729,701600,354 Uncovered Villages Scheme,Department of Telecommunications [DoT],"Multi-States (Bihar, Gujarat, Himachal Pradesh, Jammu and Kashmir, Ladakh, Rajasthan, Uttar Pradesh)",04/2020,-,10/2021,08/2025,336.89,301.13,225.71,97,Telecommunication
730,704495,"502 Aspirational District Scheme in Four states - Bihar, Madhya Pradesh, Rajastha and Uttar Pradesh",Department of Telecommunications [DoT],"Multi-States (Bihar, Madhya Pradesh, Rajasthan, Uttar Pradesh)",03/2021,-,03/2022,12/2025,421.65,228.94,126.45,96,Telecommunication
731,709749,PHASE-I OF CONSOLIDATION OF EXISTING CDR DATA CENTERS AND NIB-P3 DATA CENTERS WITH STATE OF THE ART,BSNL,"Multi-States (Maharashtra, Telangana)",03/2020,-,06/2021,12/2025,461.42,461.42,166.02,81,Telecommunication
732,400013,Saturation 4G mobile coverage of Uncovered Villages through USOF,Department of Telecommunications [DoT],PAN India,07/2022,-,06/2024,03/2026,26316,30620,9291.8,72,Telecommunication
733,701593,4G Services by BSNL,Department of Telecommunications [DoT],PAN India,11/2020,-,03/2024,03/2026,28466,19592,8332.52,92,Telecommunication
734,706775,BharatNet,Department of Telecommunications [DoT],PAN India,10/2011,-,08/2023,03/2027,61109,188000,41486.14,80.52,Telecommunication
735,709855,SUPER EDGE ROUTERS FOR BSNL INTERNET PROTOCOL - MULTI PROTOCOL LEBEL SWITCHING [IPMPLS] NETWORK,BSNL,PAN India,03/2023,-,03/2024,03/2025,239.6,239.6,179.63,100,Telecommunication
736,709856,MPLS-IP BASED ACCESS AND AGGREGATION NETWORK [MAAN] IN BSNL ALONG WITH TEST AND MEASURING EQUIPMENT,BSNL,PAN India,05/2023,-,08/2024,08/2025,645.13,645.13,522.88,90,Telecommunication
737,709857,"Planning, Engineering, Supply, Installation, Testing, Commissioning, Integration & Annual Maintenance of 4G mobile network at 1 Lakh sites on PAN India basis including Mumbai & Delhi LSA on turnkey basis under Phase IX.2 Project.",BSNL,PAN India,06/2023,-,06/2025,03/2026,24544.55,24544.5,8333.37,96,Telecommunication
738,709858,OPTICAL TRANSPORT NETWORK [OTN] PH-4 IN BSNL,BSNL,PAN India,02/2024,-,08/2025,-,810.99,810.99,741.9,100,Telecommunication
739,616600,Interception and Diversion and STP works in Bhagalpur under Hybrid annuity based PPP mode-Namami Gange Programme,National Mission for Clean Ganga,Bihar,03/2022,-,02/2025,12/2025,413.29,413.29,126.67,0,Waste & Water
740,616611,Sewage Treatment Plant 100MLD and Sewerage Network 288 km in Digha-Patna under Hybrid annuity based PPP mode-Namami Gange Programme,National Mission for Clean Ganga,Bihar,07/2019,-,12/2025,-,824,824,385.32,55,Waste & Water
741,616612,Sewage Treatment Plant 50MLD and Sewerage Network 150 km in Kankarbagh- Patna under Hybrid annuity based PPP mode-Namami Gange Programme,National Mission for Clean Ganga,Bihar,07/2019,-,12/2025,-,578.89,578.89,165.84,53,Waste & Water
742,616615,"Sewer Network, SPS and STP at Begusarai",National Mission for Clean Ganga,Bihar,03/2018,-,04/2025,12/2025,230.06,230.06,261.48,97,Waste & Water
743,616616,"Sewer Networks, SPS and STP at Hajipur",National Mission for Clean Ganga,Bihar,03/2018,-,06/2025,12/2025,305.19,305.19,346.44,95,Waste & Water
744,616594,Interception & Diversion with Rehabilitation of sewerage scheme at Agra under Hybrid annuity based PPP model-Namami Gange Programme,National Mission for Clean Ganga,Uttar Pradesh,04/2023,-,04/2025,12/2025,842.25,842.25,208.64,69,Waste & Water
745,616605,Pollution Abatement Works for River Kali Meerut under Meerut Municipality Interception & Diversion with STP,National Mission for Clean Ganga,Uttar Pradesh,11/2024,-,12/2024,05/2027,690.71,690.71,0,27,Waste & Water
746,616604,Pollution Abatement works for River Ganga at Hooghly Chinsurah- Municipal Town Interception & Diversion with STP,National Mission for Clean Ganga,West Bengal,12/2021,-,03/2025,12/2025,154.73,154.73,96.17,92,Waste & Water
747,400100,Sardar Gouthu Latchanna Thotapalli Barrage Project,Water Resources-AP,Andhra Pradesh,01/2006,-,12/2019,03/2025,353.05,1023.24,869.11,95,Water Resources
748,400101,Gundlakamma project,Water Resources-AP,Andhra Pradesh,04/2005,-,12/2019,03/2027,397.41,697.39,610.89,98,Water Resources
749,701415,Polavaram Irrigation Project,Water Resources-AP,Andhra Pradesh,11/2004,-,04/2022,03/2026,10151.04,55548.9,24347.76,83,Water Resources
750,701370,Borolia Irrigation Project,"Department of Water Resources, River Development & GR",Assam,12/1996,-,12/2022,03/2025,256.16,256.16,0,0,Water Resources
751,400104,Punpun Barrage Project,Water Resources-BR,Bihar,04/2007,-,12/2019,03/2026,571.07,658.12,469.66,44,Water Resources
752,701371,Durgawati Reservoir Project,Irrigation and CAD-TG,Bihar,04/1997,-,12/2019,12/2024,691.15,971.96,978.51,87,Water Resources
753,400111,Kelo Irrigation Project,Water Resources-CT,Chhattisgarh,04/2008,-,12/2019,06/2025,459.97,727.04,616.93,71,Water Resources
754,701399,Kudali Irrigation Project,"Department of Water Resources, River Development & GR",Chhattisgarh,12/2009,-,12/2022,-,382.29,382.29,0,81.8,Water Resources
755,400097,Sardar Sarovar CADWM Project,"Narmada and Water Resources, Water Supply and Kalpsar Department-GJ",Gujarat,04/2004,-,12/2019,03/2025,5021.76,6670.31,4954.99,90.3,Water Resources
756,701372,Sardar Sarovar Project,"Narmada and Water Resources, Water Supply and Kalpsar Department-GJ",Gujarat,04/1996,-,12/2019,03/2025,20718.17,33412.5,31767.59,93,Water Resources
757,701376,"Subernarekha Multipurpose Project, Jharkhand",Department of Water Resources-JH,Jharkhand,01/2012,-,12/2019,04/2025,3807.77,9579.58,5550.74,69,Water Resources
758,701377,Upper Tunga Irrigation Project,Water Resources-KA,Karnataka,04/2014,-,12/2019,03/2025,770.16,1606.07,1511.22,99,Water Resources
759,400096,Omkareshwar CADWM Project,Water resource-mp,Madhya Pradesh,04/2015,-,12/2019,03/2026,648.09,648.09,172.56,3,Water Resources
760,400115,Bargi Diversion Project Phase - IV [km. 154 to km 197],Water Resources-MP,Madhya Pradesh,01/2009,-,12/2019,07/2025,751.03,893.35,777.99,74,Water Resources
761,400116,Bargi Diversion Project Phase - III [km. 104 to km 154],Water Resources-MP,Madhya Pradesh,04/2007,-,12/2019,07/2025,1229.15,1399.7,1807.2,79,Water Resources
762,400095,Gosikhurd CADWM Project,Department of water resources-MH - II,Maharashtra,04/2017,-,12/2019,06/2026,743.73,743.73,252,50,Water Resources
763,400105,Urmodi Irrigation Project,Department of water resources-MH - II,Maharashtra,04/2018,-,06/2022,06/2025,580.79,895.81,713.46,76.22,Water Resources
764,400107,Sulwade-Jamphal-Kanoli Lift Irrigation Scheme,Department of water resources-MH - II,Maharashtra,02/2019,-,06/2023,06/2027,2407.67,2407.67,2436.43,80,Water Resources
765,400109,Purna Barrage-2 [Ner Dhamana] Medium Irrigation Project,Department of water resources-MH - II,Maharashtra,04/2018,-,06/2020,06/2025,848.07,888.43,690.49,69,Water Resources
766,400112,Jigaon Irrigation Project,Department of water resources-MH - II,Maharashtra,04/2018,-,06/2028,-,7222.95,7222.95,8501.45,90,Water Resources
767,701383,Waghur Project,Department of water resources-MH - II,Maharashtra,04/1996,-,12/2019,03/2026,1058.99,1758.51,1530.36,89,Water Resources
768,701384,Tillari Irrigation Project,Department of water resources-MH - II,Maharashtra,01/2006,-,12/2019,01/2025,368.34,649.6,724.36,99,Water Resources
769,701386,Gosikhurd Project,Department of water resources-MH - II,Maharashtra,04/2008,-,12/2019,06/2026,7196.47,12770.1,13533.29,72,Water Resources
770,701388,Bembla Irrigation Project,Department of water resources-MH - II,Maharashtra,04/2007,-,12/2019,06/2025,1352.53,2685.41,2689.7,98,Water Resources
771,701390,Arjuna Medium Irrigation project,Department of water resources-MH - II,Maharashtra,01/2008,-,12/2019,12/2024,333.87,611,803.89,100,Water Resources
772,701391,Aruna Medium Irrigation Project,Department of water resources-MH - II,Maharashtra,01/2010,-,12/2019,01/2025,210.45,1472.14,1697.94,97,Water Resources
773,701392,Krishna Koyana Lift Irrigation Project,Department of water resources-MH - II,Maharashtra,04/2009,-,12/2019,12/2023,973.62,2774.9,1069.82,90,Water Resources
774,701396,Lower Pedhi Project,Department of water resources-MH - II,Maharashtra,04/2008,-,12/2019,06/2026,255.97,1480.7,1324.78,64,Water Resources
775,701398,Nardave Medium Irrigation Project,Department of water resources-MH - II,Maharashtra,04/2009,-,12/2019,03/2025,211.46,781.85,623.5,72.59,Water Resources
776,701400,Thoubal Multipurpose Project,Water Resources Department-MN,Manipur,04/1997,-,12/2019,03/2026,1449.44,1822.24,1837.91,98,Water Resources
777,701412,North Koel Reservoir Project,"Department of Water Resources, River Development & GR","Multi-States (Bihar, Jharkhand)",01/2021,-,03/2021,03/2026,1622.27,2430.76,142.1,32,Water Resources
778,603945,Integrated Anandpur Barrage Project,Water Resources-OR,Odisha,01/1998,-,12/2019,06/2025,567.03,2990.05,2629.74,62,Water Resources
779,701404,Kanupur Irrigation Project,Irrigation and CAD-TG,Odisha,01/2004,-,12/2019,12/2024,989.43,2301.28,2563.56,79,Water Resources
780,701410,Relining of Rajasthan feeder and Sirhind Feeder canal,Department of Water Resources-PB,Punjab,04/2018,-,06/2021,06/2025,1441.26,2462.16,2962.99,80,Water Resources
781,701411,Shahpur Kandi Dam Project,Department of Water Resources-PB,Punjab,04/2018,-,06/2022,10/2025,2285.81,2715.7,2072.33,80,Water Resources
782,400094,J. ChokhaRao LIS CADWM Project,Irrigation and CAD-TG,Telangana,04/2016,-,12/2019,03/2023,759.94,13445.4,0,0,Water Resources
783,400102,Sri Ram Sagar Project Stage - II,Irrigation and CAD-TG,Telangana,04/2005,-,12/2019,12/2024,736.13,949.87,940.7,96,Water Resources
784,400103,Indiramma Flood Flow Canal Project,Irrigation and CAD-TG,Telangana,01/2006,-,12/2019,03/2025,1331.3,5940.09,4491.08,92,Water Resources
785,701405,J. Chokka Rao Devadula Lift Irrigation Scheme,Irrigation and CAD-TG,Telangana,04/2006,-,12/2019,12/2025,8200.71,14730,4558.89,87,Water Resources
786,701406,Rajiv Bhima Lift Irrigation Scheme,Irrigation and CAD-TG,Telangana,01/2008,-,12/2019,03/2026,1402,2509.66,1839.76,100,Water Resources
787,400093,Saryu Nahar CADWM Project,Irrigation & Water Resources-UP,Uttar Pradesh,04/2017,-,12/2019,03/2026,1672.7,1672.7,0,0,Water Resources
788,400117,Arjun Sahayak Project,Irrigation & Water Resources-UP,Uttar Pradesh,04/2009,-,12/2019,-,741.38,2465.68,3218.3,100,Water Resources
789,701395,Morna [Gureghar] Irrigation Project,"Department of Water Resources, River Development & GR",Uttar Pradesh,12/2007,-,06/2023,-,219.9,219.9,0,0,Water Resources
790,701408,Madhya Ganga canal Phase-II,Irrigation & Water Resources-UP,Uttar Pradesh,07/2007,-,12/2019,12/2024,1060.67,4417.21,4415.24,82,Water Resources
791,613787,Jamrani Dam Multipurpose Project,Irrigation-UK,Uttarakhand,04/2023,-,06/2029,-,2584.1,2584.1,486.52,16,Water Resources