Sl.No,Project Code,Project Name,Agency,State,Date of Approval (MM/YYYY),Start Date (MM/YYYY),Original DoC (MM/YYYY),Revised DoC (MM/YYYY),Original Cost (Rs. Crore),Revised Cost (Rs. Crore),Cumulative Expenditure (Rs. Crore),JAN26
 Progress (%),Sector
143,617299,"50 MW Wind Power Project","NLC India Limited [NLCIL]","Gujarat",07/2022,01/2024,06/2025,01/2026,383.84,383.84,323.92,51,"Electricity Generation"
144,617730,"600 MW Khavda Solar Power Project","NLC India Limited [NLCIL]","Gujarat",08/2023,06/2024,06/2026,-,3335.85,3335.85,1378.51,28,"Electricity Generation"
145,618991,"200 MW SPP part of 510 MW CPSU scheme","NLC India Limited [NLCIL]","Gujarat",07/2022,03/2024,12/2026,-,1221.41,1221.41,63.57,0,"Electricity Generation"
146,618992,"100 MW SPP part of SECI 150 MW Hybrid","NLC India Limited [NLCIL]","Gujarat",07/2022,04/2024,12/2026,-,480.68,480.68,2.57,1,"Electricity Generation"
147,400231,"NLC Talabira Thermal Power Project","NLC India Limited [NLCIL]","Odisha",01/2017,01/2024,03/2030,-,27212.96,27213.0,2616.26,1,"Electricity Generation"
148,612819,"300 MW SPP part of 510 MW CPSU scheme","NLC India Limited [NLCIL]","Rajasthan",07/2022,03/2023,09/2024,12/2025,1813.0,1813.0,1752.16,100,"Electricity Generation"
149,615327,"50 MW Solar PP Minedout Area","NLC India Limited [NLCIL]","Tamil Nadu",08/2023,02/2024,03/2025,12/2025,218.03,218.03,166.55,100,"Electricity Generation"
150,400259,"Ghatampur Thermal Power Plant 3 X 660 MW","NLC India Limited [NLCIL]","Uttar Pradesh",07/2016,08/2016,11/2020,03/2026,17237.8,21780.9,20967.25,94,"Electricity Generation"
151,400203,"Dharamjaigarh-Korba","Railway","Chhattisgarh",05/2018,03/2017,12/2026,08/2026,1686.22,2438.53,536.26,42,"Railways"
152,400416,"Shivpur-Kathautia New Rail [BG] Line [49 km] [Package II of Tori-Shivpur-Kathautia line]","Ministry of Coal","Jharkhand",02/2018,05/2022,06/2025,06/2026,1799.64,2564.34,1663.13,66,"Railways"
153,400192,"Tubed Coal Mine","Damodar Valley Corporation","Jharkhand",07/2016,10/2016,05/2026,05/2026,1581.0,1581.0,599.74,36,"Coal"
154,603293,"Badam Coal Mining project of NTPC","National Thermal Power Corporation [NTPC]","Jharkhand",02/2019,09/2019,12/2056,04/2027,502.0,784.0,399.59,59,"Coal"
155,602182,"Dibang Multipurpose Project","National Hydroelectric Power Corporation Limited [NHPC]","Arunachal Pradesh",02/2023,02/2023,02/2032,02/2032,31876.39,31876.4,3933.3,16,"Electricity Generation"
156,611698,"240MW Heo HE Project","North Eastern Electric Power Corporation Limited","Arunachal Pradesh",12/2024,05/2025,07/2029,-,1938.85,1938.85,71.88,3,"Electricity Generation"
157,611699,"186 MW Tato-I HE Project","North Eastern Electric Power Corporation Limited","Arunachal Pradesh",12/2024,05/2025,07/2029,-,1750.07,1750.07,61.45,2,"Electricity Generation"
158,602579,"Buxar Thermal Power Project [1320 MW]","Satluj Jal Vidyut Nigam [SJVN] Thermal Limited","Bihar",03/2019,06/2019,01/2024,12/2025,10439.09,13756.6,13009.49,93,"Electricity Generation"
159,619051,"Nabinagar Super Thermal Power Project, Stage-II [3x800 MW]","National Thermal Power Corporation [NTPC]","Bihar",11/2024,03/2025,07/2030,-,29948.0,29948.0,1930.24,6,"Electricity Generation"
160,611930,"Lara Super Thermal Power Project Stage-II [2 x 800 MW]","National Thermal Power Corporation [NTPC]","Chhattisgarh",08/2023,08/2023,06/2028,09/2028,15530.0,16106.0,3622.38,23,"Electricity Generation"
161,617188,"Sipat Super Thermal Power Project, Stage-III [1x800 MW]","National Thermal Power Corporation [NTPC]","Chhattisgarh",09/2024,09/2024,09/2029,-,9791.0,9791.0,1069.05,8,"Electricity Generation"
162,709747,"Bagodara Solar Power Project","Satluj Jal Vidyut Nigam [SJVN] Thermal Limited","Gujarat",03/2021,05/2021,12/2025,12/2025,339.35,339.35,317.59,51,"Electricity Generation"
163,602582,"Dhaulasidh Hydro Electric Project [66 MW]","Satluj Jal Vidyut Nigam [SJVN] Thermal Limited","Himachal Pradesh",10/2020,05/2021,11/2025,03/2027,687.97,1561.21,1048.07,72,"Electricity Generation"
164,602593,"Luhri Stage-1 Hydro Electric Project [210 MW]","Satluj Jal Vidyut Nigam [SJVN] Thermal Limited","Himachal Pradesh",11/2020,11/2020,01/2026,02/2030,1810.56,4681.64,1878.51,51,"Electricity Generation"
165,602633,"382 MW Sunni Dam HEP","Satluj Jal Vidyut Nigam [SJVN] Thermal Limited","Himachal Pradesh",NA,04/2018,03/2027,-,2615.0,2615.0,495.57,0.5,"Electricity Generation"
166,611586,"Sunni Dam Hydro Electric Project [382 MW]","Satluj Jal Vidyut Nigam [SJVN] Thermal Limited","Himachal Pradesh",01/2023,01/2023,04/2028,12/2029,2614.51,4925.87,1042.48,32,"Electricity Generation"
167,602525,"Pakal Dul (Drangdhuran) Hydroelectric Project, 1000 MW","National Hydroelectric Power Corporation Limited [NHPC]","Jammu and Kashmir",10/2014,02/2018,04/2020,12/2026,8112.12,12728.0,8057.69,77,"Electricity Generation"
168,602532,"Kiru HE Project","National Hydroelectric Power Corporation Limited [NHPC]","Jammu and Kashmir",03/2019,02/2020,09/2023,12/2026,4287.59,5409.0,3313.59,75,"Electricity Generation"
169,602535,"Ratle HE Project-850 MW, Ratle Hydroelectric Power Corporation Limited","National Hydroelectric Power Corporation Limited [NHPC]","Jammu and Kashmir",02/2021,01/2022,02/2026,11/2028,5281.94,5281.94,1415.21,27,"Electricity Generation"
170,605155,"Kwar HE Project","National Hydroelectric Power Corporation Limited [NHPC]","Jammu and Kashmir",05/2022,11/2022,11/2026,03/2028,4526.12,4526.12,1203.55,26,"Electricity Generation"
171,400261,"Patratu Thermal Power Station Expansion Project Phase-I [3x800 MW]","National Thermal Power Corporation [NTPC]","Jharkhand",11/2017,11/2017,03/2023,02/2027,18668.0,20302.0,18186.0,86,"Electricity Generation"
172,611509,"Koderma Thermal Power Station Phase II [2X800 MW] At Koderma, Jharkhand","Damodar Valley Corporation","Jharkhand",04/2023,11/2024,03/2029,-,14358.0,14358.0,1632.9,8,"Electricity Generation"
173,618976,"Gadarwara Super Thermal Power Project, Stage-II [2x800 MW]","National Thermal Power Corporation [NTPC]","Madhya Pradesh",11/2024,05/2025,03/2030,-,20446.0,20446.0,1229.69,5,"Electricity Generation"
174,602096,"Subansiri Lower HE Project [2000 MW]","National Hydroelectric Power Corporation Limited [NHPC]","Multi-States (Arunachal Pradesh, Assam)",09/2003,01/2005,09/2010,05/2026,6285.33,26075.5,25826.41,97,"Electricity Generation"
175,602961,"Talcher Thermal Power Station Stage III [2 x 660 MW] Expansion","National Thermal Power Corporation [NTPC]","Odisha",08/2022,09/2022,05/2027,03/2028,11843.75,12543.0,5442.33,44,"Electricity Generation"
176,602181,"TEESTA-VI HE PROJECT, SIKKIM [500 MW], executed by LANCO TEESTA HYDRO POWER LIMITED","National Hydroelectric Power Corporation Limited [NHPC]","Sikkim",03/2019,03/2020,03/2024,12/2027,5748.04,5748.04,4050.79,71,"Electricity Generation"
177,605156,"Rangit-IV HE Project [120 MW] executed by Jal Power Corporation Ltd. [JPCL]","National Hydroelectric Power Corporation Limited [NHPC]","Sikkim",03/2021,08/2021,05/2024,12/2025,938.29,1828.11,1557.72,94,"Electricity Generation"
178,612142,"Singrauli Super Thermal Power Project, Stage-III [2x800 MW]","National Thermal Power Corporation [NTPC]","Uttar Pradesh",03/2024,03/2024,02/2030,-,17195.0,17195.0,2458.83,13,"Electricity Generation"
179,602185,"Tapovan-Vishnugad HEP [4x130 MW]","National Thermal Power Corporation [NTPC]","Uttarakhand",11/2006,11/2006,03/2013,04/2029,2978.0,10907.3,7401.46,77,"Electricity Generation"
180,602193,"Tehri Pumped Storage Plant Project [4x250 MW]","THDC India Limited","Uttarakhand",07/2006,06/2011,06/2022,03/2026,4825.6,8339.0,8189.07,99,"Electricity Generation"
181,602195,"Vishnugad Pipalkoti Hydro Electric Project [444 MW]","THDC India Limited","Uttarakhand",08/2008,01/2014,12/2022,09/2027,3860.35,6405.08,5100.28,75,"Electricity Generation"
182,400062,"Raghunathpur Thermal Power Station Phase II [2X660 MW] at Raghunathpur, Purulia","Damodar Valley Corporation","West Bengal",01/2023,02/2025,06/2029,-,17673.0,17673.0,1508.59,6,"Electricity Generation"
183,602184,"Rammam-III HEPP [3x40 MW]","National Thermal Power Corporation [NTPC]","West Bengal",09/2014,09/2014,09/2019,03/2029,1381.84,2865.56,1432.07,52,"Electricity Generation"
184,602538,"Installation of FGD for 4x210 & 2x250 MW MTPS U 1-6","Damodar Valley Corporation","West Bengal",06/2019,02/2021,01/2024,05/2026,1037.0,1106.0,1123.79,94,"Electricity Generation"
185,611967,"Transmission Scheme for Solar Energy Zone in Ananthpuram 2500MW and Kurnool 1000MW","Power Grid Corporation of India Limited [POWERGRID]","Andhra Pradesh",09/2023,09/2023,09/2025,03/2026,1248.69,1248.69,1102.46,93,"Transmission & Distribution"
186,612856,"Augmentation of 1x1500 MVA 3rd 765/400 kV transformation capacity at Kurnool New Substation","Power Grid Corporation of India Limited [POWERGRID]","Andhra Pradesh",05/2023,12/2023,09/2025,03/2026,163.61,163.61,134.08,83,"Transmission & Distribution"
187,617183,"Transmission system strengthening at Kurnool-III PS for integration of additional RE generation projects","Power Grid Corporation of India Limited [POWERGRID]","Andhra Pradesh",03/2025,03/2025,12/2027,-,2886.0,2886.0,197.4,12,"Transmission & Distribution"
188,617375,"North Eastern Region Expansion Scheme-XXIII [NERES-XXIII]","Power Grid Corporation of India Limited [POWERGRID]","Arunachal Pradesh",08/2025,08/2025,02/2028,-,209.38,209.38,0.41,0,"Transmission & Distribution"
189,612139,"Transmission system for Evacuation of Additional 7 GW RE power from Khavda RE park under Phase-III Part B","Power Grid Corporation of India Limited [POWERGRID]","Gujarat",12/2023,12/2023,12/2025,12/2026,3751.82,3751.82,2138.53,42,"Transmission & Distribution"
190,612151,"Transmission System for Evacuation of Power from potential Renewable Energy zone in Khavda Area of Gujarat under Phase IV [7 GW] Part E3","Power Grid Corporation of India Limited [POWERGRID]","Gujarat",07/2023,07/2023,07/2025,03/2026,334.0,334.0,256.07,82,"Transmission & Distribution"
191,612855,"Transmission System for Evacuation of Power from Potential Energy Renewable Zone in Khavda Area of Gujarat under Ph-IV [7GW] Part E2","Power Grid Corporation of India Limited [POWERGRID]","Gujarat",05/2024,05/2024,05/2026,06/2026,679.0,679.0,239.34,36,"Transmission & Distribution"
192,615342,"Augmentation of Transformation Capacity at Jam Khambhaliya PS [GIS]","Power Grid Corporation of India Limited [POWERGRID]","Gujarat",10/2024,10/2024,07/2026,-,329.0,329.0,14.8,6,"Transmission & Distribution"
193,615343,"Provision of Dynamic Reactive Compensation at Khavda pooling Station 1 [KPS1] and Khavda Pooling station 3 [KPS3]","Power Grid Corporation of India Limited [POWERGRID]","Gujarat",11/2024,11/2024,11/2026,-,501.0,501.0,8.11,3,"Transmission & Distribution"
194,615345,"Transmission System for Evacuation of Power from Potential Renewable Energy Zone in Khavda area under Phase-IV [7GW] Part B","Power Grid Corporation of India Limited [POWERGRID]","Gujarat",10/2024,10/2024,10/2026,03/2027,4766.0,4766.0,1121.91,13,"Transmission & Distribution"
195,617069,"Augmentation of Transformation Capacity at KPS1 [GIS] and KPS2 [GIS] [Phase-V Part B1 and Part B2 Scheme]","Power Grid Corporation of India Limited [POWERGRID]","Gujarat",02/2025,02/2025,02/2027,-,466.0,466.0,27.96,2,"Transmission & Distribution"
196,617182,"Augmentation of Banaskantha [Raghanesda] PS [GIS]","Power Grid Corporation of India Limited [POWERGRID]","Gujarat",03/2025,03/2025,03/2027,-,172.0,172.0,25.8,21,"Transmission & Distribution"
197,617391,"Augmentation of Transformation Capacity at Bhuj-II PS [GIS]","Power Grid Corporation of India Limited [POWERGRID]","Gujarat",02/2025,02/2025,11/2026,03/2027,488.29,488.29,2.44,0,"Transmission & Distribution"
198,617405,"Jamnagar Transmission Limited","Adani Transmission Limited","Gujarat",NA,10/2024,10/2026,-,4000.0,4000.0,268.0,16,"Transmission & Distribution"
199,617801,"Provision of ICT Augmentation & Bus Reactor at Bhuj-II PS","Power Grid Corporation of India Limited [POWERGRID]","Gujarat",03/2025,03/2025,12/2026,03/2027,581.74,581.74,2.91,0,"Transmission & Distribution"
200,619026,"KPSIII HVDC Transmission Limited","Adani Transmission Limited","Gujarat",NA,12/2025,12/2029,-,19000.0,19000.0,0.0,0,"Transmission & Distribution"
201,619029,"Transmission System for Reliable Power Supply to Dholera","Power Grid Corporation of India Limited [POWERGRID]","Gujarat",09/2024,09/2024,03/2026,-,319.42,319.42,12.8,6,"Transmission & Distribution"
202,619049,"Khavda IVA Power Transmission Limited","Adani Transmission Limited","Gujarat",08/2024,08/2024,08/2026,-,4500.0,4500.0,1876.33,55,"Transmission & Distribution"
203,617272,"Implementation of LILO of both circuits of 400KV Vindhyachal PS-Sasan D/C Line at Hindalco Switchyard","Power Grid Corporation of India Limited [POWERGRID]","Haryana",06/2024,06/2024,12/2026,-,370.0,370.0,24.05,6,"Transmission & Distribution"
204,617179,"Transmission Scheme for evacuation of Power from Ratle HEP [850 MW] & Kiru [624 MW] Part B","Power Grid Corporation of India Limited [POWERGRID]","Jammu and Kashmir",07/2024,07/2024,07/2026,03/2027,218.6,218.6,2.71,1,"Transmission & Distribution"
205,617326,"Implementation of Transmission Systems in Jharkhand consisting of 400/220/132/33 kV transmission lines and substations","Power Grid Corporation of India Limited [POWERGRID]","Jharkhand",02/2012,02/2012,03/2026,08/2026,1842.25,1842.25,1648.05,95,"Transmission & Distribution"
206,612140,"Transmission Scheme for Integration of Renewable Energy Zone [Phase III] in Koppal II and Gadag II in Karnataka","Power Grid Corporation of India Limited [POWERGRID]","Karnataka",12/2023,12/2023,12/2025,06/2026,2889.39,2889.39,2033.26,72,"Transmission & Distribution"
207,616672,"System Strengthening at Koppal-II and Gadag-II for integration of RE generation projects","Power Grid Corporation of India Limited [POWERGRID]","Karnataka",01/2025,01/2025,06/2027,-,1354.0,1354.0,89.77,8,"Transmission & Distribution"
208,617068,"Augmentation of Transformation Capacity by 3x500 MVA, 400/220 KV ICTs and 1x1500 MVA, 765/400 KV ICT at Bidar PS","Power Grid Corporation of India Limited [POWERGRID]","Karnataka",02/2025,02/2025,06/2027,-,288.0,288.0,8.0,4,"Transmission & Distribution"
209,617184,"Transmission Scheme for integration of Davanagere/Chitradurga and Bellary REZ in Karnataka","Power Grid Corporation of India Limited [POWERGRID]","Karnataka",03/2025,03/2025,09/2027,-,3453.0,3453.0,75.96,6,"Transmission & Distribution"
210,617803,"Transmission System Strengthening at Davanagere for Integration of RE Generation","Power Grid Corporation of India Limited [POWERGRID]","Karnataka",09/2025,09/2025,09/2027,-,379.0,379.0,14.81,1,"Transmission & Distribution"
211,619028,"Augmentation of 1x500 MVA 400/220kV ICT [3rd] at Thrissur VSC HVDC Station in Kerala","Power Grid Corporation of India Limited [POWERGRID]","Kerala",08/2025,08/2025,08/2027,-,173.14,173.14,0.9,0,"Transmission & Distribution"
212,615344,"Transmission System for Evacuation of Power from Rajasthan REZ Ph-IV [Part-2 5.5GW] [Jaisalmer/Barmer Complex] Part H1","Power Grid Corporation of India Limited [POWERGRID]","Madhya Pradesh",10/2024,10/2024,10/2026,03/2027,3674.0,3674.0,1253.56,26,"Transmission & Distribution"
213,615346,"Transmission System for Evacuation of Power from Rajasthan REZ Ph-IV (Part-2 5.5 GW) [Jaisalmer/Barmer Complex] Part C","Power Grid Corporation of India Limited [POWERGRID]","Madhya Pradesh",08/2024,08/2024,08/2026,12/2026,2708.0,2708.0,1137.36,48,"Transmission & Distribution"
214,617279,"Transmission System for evacuation of power from Mahan Energen Limited Generating Station in Madhya Pradesh","Power Grid Corporation of India Limited [POWERGRID]","Madhya Pradesh",06/2025,06/2025,08/2026,12/2026,558.0,558.0,38.66,2,"Transmission & Distribution"
215,617802,"Augmentation of Transformation Capacity and Implementation of Line Bays at Mandsaur S/S for RE Interconnection","Power Grid Corporation of India Limited [POWERGRID]","Madhya Pradesh",10/2025,10/2025,12/2027,-,319.0,319.0,7.36,1,"Transmission & Distribution"
216,619024,"Mahan Transmission Limited","Adani Transmission Limited","Madhya Pradesh",03/2025,03/2025,03/2028,-,3125.32,3125.32,50.79,12,"Transmission & Distribution"
217,611966,"Transmission System for Evacuation of power from Potential RE Zone in Khavda Area of Gujarat under phase IV 7GW-Part E4","Power Grid Corporation of India Limited [POWERGRID]","Maharashtra",11/2023,11/2023,07/2025,03/2026,224.41,224.41,121.18,63,"Transmission & Distribution"
218,619027,"WRNES Talegaon Power Transmission Limited","Adani Transmission Limited","Maharashtra",NA,05/2025,04/2027,-,2000.0,2000.0,0.0,5,"Transmission & Distribution"
219,617185,"Transmission System for Integration of Kurnool-IV REZ Phase-I [for 4.5 GW]","Power Grid Corporation of India Limited [POWERGRID]","Multi-States (Andhra Pradesh, Karnataka)",03/2025,03/2025,01/2028,-,5550.0,5550.0,787.0,9,"Transmission & Distribution"
220,617806,"Transmission System for integration of Ananthapur 2 REZ Phase 1 for 4.5 GW","Sterlite Power","Multi-States (Andhra Pradesh, Karnataka)",08/2024,03/2025,03/2027,-,4535.99,4535.99,401.57,32,"Transmission & Distribution"
221,619030,"Inter-Regional Strengthening between SR Grid and ER Grid","Power Grid Corporation of India Limited [POWERGRID]","Multi-States (Andhra Pradesh, Odisha)",02/2026,02/2026,08/2028,-,2722.5,2722.5,0.0,0,"Transmission & Distribution"
222,900808,"Transmission System for Kurnool Wind Energy Zone/Solar Energy Zone Part-A and Part-B","Power Grid Corporation of India Limited [POWERGRID]","Multi-States (Andhra Pradesh, Telangana)",11/2022,03/2023,11/2024,03/2026,3546.94,3546.94,3476.0,99,"Transmission & Distribution"
223,602223,"Comprehensive Scheme for Strengthening of Transmission and Distribution [T&D] Systems in Arunachal Pradesh and Sikkim","Power Grid Corporation of India Limited [POWERGRID]","Multi-States (Arunachal Pradesh, Sikkim)",10/2014,10/2014,12/2018,03/2027,4754.42,9129.32,7904.16,83,"Transmission & Distribution"
224,607709,"NORTH EASTERN REGION POWER SYSTEM IMPROVEMENT PROJECT [NERPSIP]","Power Grid Corporation of India Limited [POWERGRID]","Multi-States (Assam, Manipur, Meghalaya, Mizoram, Nagaland, Tripura)",12/2014,03/2016,12/2018,03/2026,5111.33,6700.0,5474.57,96,"Transmission & Distribution"
225,617271,"Eastern Region Expansion Scheme-43 [ERES-43]","Power Grid Corporation of India Limited [POWERGRID]","Multi-States (Bihar, Odisha, West Bengal)",09/2024,09/2024,03/2026,06/2026,342.69,342.69,41.22,9,"Transmission & Distribution"
226,617807,"Inter-regional [NR-WR] Transmission System strengthening to relieve the loading of 765 kV Vindhyachal-Varanasi D/c line","Power Grid Corporation of India Limited [POWERGRID]","Multi-States (Bihar, Uttar Pradesh)",10/2025,10/2025,10/2027,-,2368.0,2368.0,19.41,1,"Transmission & Distribution"
227,617270,"Eastern Region Expansion Scheme-44 [ERES-44]","Power Grid Corporation of India Limited [POWERGRID]","Multi-States (Bihar, West Bengal)",11/2024,11/2024,05/2026,03/2027,408.94,408.94,2.04,0,"Transmission & Distribution"
228,400005,"Transmission Network Expansion in Gujarat to increase its ATC from ISTS Part B","Power Grid Corporation of India Limited [POWERGRID]","Multi-States (Dadra & Nagar Haveli and Daman & Diu, Gujarat, Maharashtra)",01/2022,07/2022,06/2023,05/2026,4546.26,4546.26,4482.15,96,"Transmission & Distribution"
229,611735,"Transmission system for evacuation of power from REZ in Rajasthan 20GW under Phase-III Part J","Power Grid Corporation of India Limited [POWERGRID]","Multi-States (Delhi, Rajasthan)",12/2022,12/2022,03/2025,07/2026,331.0,331.0,151.73,42,"Transmission & Distribution"
230,612132,"Transmission Scheme for Evacuation of power from REZ in Rajasthan [20 GW] under Phase-III Part D Phase I","Power Grid Corporation of India Limited [POWERGRID]","Multi-States (Delhi, Rajasthan)",02/2024,02/2024,08/2025,06/2026,2000.0,2000.0,1566.4,78,"Transmission & Distribution"
231,615347,"TRANSMISSION SYSTEM FOR EVACUATION OF POWER FROM POTENTIAL RENEWABLE ENERGY ZONE IN KHAVDA UNDER PHASE-V [8 GW] PART A","Power Grid Corporation of India Limited [POWERGRID]","Multi-States (Gujarat, Maharashtra)",11/2024,11/2024,05/2029,-,24819.0,24819.0,1985.98,6,"Transmission & Distribution"
232,615339,"Transmission system for evacuation of power from Rajasthan REZ Ph-IV [Part-3/6GW] [Bikaner complex] Part A","Power Grid Corporation of India Limited [POWERGRID]","Multi-States (Haryana, Punjab, Rajasthan)",11/2024,11/2024,11/2026,03/2027,5969.0,5969.0,1049.35,16,"Transmission & Distribution"
233,615340,"TRANSMISSION SYSTEM FOR EVACUATION OF POWER FROM RAJASTHAN REZ PH-IV [PART-3/6 GW] [BIKANER COMPLEX] PART B","Power Grid Corporation of India Limited [POWERGRID]","Multi-States (Haryana, Rajasthan)",11/2024,11/2024,11/2026,03/2027,5357.0,5357.0,878.54,23,"Transmission & Distribution"
234,617808,"Inter-Regional Strengthening between SR Grid and WR Grid","Power Grid Corporation of India Limited [POWERGRID]","Multi-States (Karnataka, Maharashtra)",10/2025,10/2025,10/2027,-,1007.0,1007.0,10.07,1,"Transmission & Distribution"
235,612138,"Transmission Scheme for Solar Energy Zone in Bidar [2500 MW], Karnataka","Power Grid Corporation of India Limited [POWERGRID]","Multi-States (Karnataka, Telangana)",02/2024,02/2024,02/2026,06/2026,2147.62,2147.62,1769.42,82,"Transmission & Distribution"
236,615333,"Transmission System for Evacuation of Power from Rajasthan REZ Ph-IV [Part-2 5.5 GW] [Jaisalmer/Barmer Complex] Part D","Power Grid Corporation of India Limited [POWERGRID]","Multi-States (Madhya Pradesh, Rajasthan)",08/2024,08/2024,08/2026,-,2227.0,2227.0,913.07,31,"Transmission & Distribution"
237,615334,"Transmission System for Evacuation of Power from Rajasthan REZ Ph-IV [Part-2 5.5 GW] [Jaisalmer/Barmer Complex] Part E","Power Grid Corporation of India Limited [POWERGRID]","Multi-States (Madhya Pradesh, Rajasthan)",08/2024,08/2024,08/2026,03/2027,3251.0,3251.0,1560.48,33,"Transmission & Distribution"
238,617186,"Rajasthan REZ Ph-V [Part-1 - 4 GW] [Sirohi/Nagaur] Complex","Power Grid Corporation of India Limited [POWERGRID]","Multi-States (Madhya Pradesh, Rajasthan)",03/2025,03/2025,03/2027,-,5028.0,5028.0,483.69,12,"Transmission & Distribution"
239,619025,"RAJASTHAN PART I POWER TRANSMISSION LIMITED","Adani Transmission Limited","Multi-States (Madhya Pradesh, Rajasthan, Uttar Pradesh)",01/2025,01/2025,07/2029,-,25000.0,25000.0,90.05,0,"Transmission & Distribution"
240,612133,"Transmission System for Evacuation of power from Rajasthan REZ Ph-IV [Part-1] [Bikaner Complex] Part D","Power Grid Corporation of India Limited [POWERGRID]","Multi-States (Rajasthan, Uttar Pradesh)",12/2023,12/2023,12/2025,06/2026,2056.0,2056.0,1685.92,68,"Transmission & Distribution"
241,616670,"Transmission System for evacuation of Power from Rajasthan REZ Ph-IV [Part-4 3.5 GW] Part A","Power Grid Corporation of India Limited [POWERGRID]","Multi-States (Rajasthan, Uttar Pradesh)",12/2024,12/2024,12/2026,03/2027,5846.0,5846.0,893.85,18,"Transmission & Distribution"
242,611947,"Transmission System for Evacuation of Power from REZ in Rajasthan 20GW under Phase III- Part E2","Power Grid Corporation of India Limited [POWERGRID]","Rajasthan",11/2023,11/2023,06/2025,03/2026,428.3,428.3,351.21,84,"Transmission & Distribution"
243,611948,"Transmission system for evacuation of power from REZ in Rajasthan 20 GW under Phase-III part H","Power Grid Corporation of India Limited [POWERGRID]","Rajasthan",10/2023,10/2023,04/2025,03/2026,2211.29,2211.29,2087.01,95,"Transmission & Distribution"
244,611949,"Transmission system for evacuation of power from REZ in Rajasthan 20 GW under Phase-III part C1","Power Grid Corporation of India Limited [POWERGRID]","Rajasthan",10/2023,10/2023,04/2025,05/2026,1796.02,1796.02,1652.33,96,"Transmission & Distribution"
245,611950,"Transmission system for evacuation of power from REZ in Rajasthan 20 GW under Phase-III part B1","Power Grid Corporation of India Limited [POWERGRID]","Rajasthan",09/2023,09/2023,04/2025,02/2026,2190.54,2190.54,2139.44,99,"Transmission & Distribution"
246,611951,"Transmission system for evacuation of power from REZ in Rajasthan 20GW under Phase-III Part E1","Power Grid Corporation of India Limited [POWERGRID]","Rajasthan",12/2021,08/2023,02/2025,02/2026,688.74,688.74,685.98,99,"Transmission & Distribution"
247,612134,"Transmission System for Evacuation of power from Rajasthan REZ Ph-IV [Part-1] [Bikaner Complex] Part A","Power Grid Corporation of India Limited [POWERGRID]","Rajasthan",12/2023,12/2023,12/2025,06/2026,2998.34,2998.34,2248.75,64,"Transmission & Distribution"
248,615332,"Transmission System for Evacuation of Power from Rajasthan REZ Ph-IV [Part-2 5.5 GW] [Jaisalmer/Barmer Complex] Part B","Power Grid Corporation of India Limited [POWERGRID]","Rajasthan",08/2024,08/2024,08/2026,12/2026,3279.0,3279.0,1393.24,37,"Transmission & Distribution"
249,615335,"Transmission System Strengthening for Interconnections of Bhadla-III & Bikaner III Complex","Power Grid Corporation of India Limited [POWERGRID]","Rajasthan",08/2024,08/2024,08/2026,12/2026,1382.0,1382.0,332.92,21,"Transmission & Distribution"
250,615337,"Additional Transmission System for evacuation of Power from Bhadla-III PS as part of Rajasthan REZ Phase III Scheme [20 GW]","Power Grid Corporation of India Limited [POWERGRID]","Rajasthan",08/2024,08/2024,02/2026,03/2026,369.0,369.0,136.6,45,"Transmission & Distribution"
251,615338,"TRANSMISSION SYSTEM FOR EVACUATION OF POWER FROM RAJASTHAN REZ PH-IV [PART-2 5.5 GW] [JAISALMER/BARMER COMPLEX] PART F","Power Grid Corporation of India Limited [POWERGRID]","Rajasthan",11/2024,11/2024,11/2026,06/2027,2735.0,2735.0,803.26,24,"Transmission & Distribution"
252,617181,"Augmentation at Fatehgarh-II PS, Fatehgarh-IV PS and Barmer-I PS","Power Grid Corporation of India Limited [POWERGRID]","Rajasthan",03/2025,03/2025,12/2026,03/2027,404.0,404.0,21.04,3,"Transmission & Distribution"
253,616671,"Transmission System under ISTS for evacuation of Power from Kudankulam Unit-3&4 [2x1000 MW]","Power Grid Corporation of India Limited [POWERGRID]","Tamil Nadu",01/2025,01/2025,12/2026,12/2026,548.0,548.0,111.13,14,"Transmission & Distribution"
254,617269,"Transmission System for Strengthening to facilitate evacuation of power from Bhadla/Bikaner Complex","Power Grid Corporation of India Limited [POWERGRID]","Uttar Pradesh",12/2024,12/2024,06/2026,08/2026,212.81,212.81,2.13,1,"Transmission & Distribution"
255,617412,"Construction of One Tower of Office Complex and another Tower of Residential quarters for Central Tax at Khajaguda, Hyderabad","Central Public Works Department-CPWD","Telangana",03/2024,11/2024,09/2027,-,644.0,644.0,127.46,15,"Construction"
256,707229,"Integrated Command control Center [ICCC] Construction and Development of Integrated Command Control Center","Ministry of Housing and Urban Affairs","Andaman & Nicobar",07/2021,11/2021,05/2023,-,209.88,209.88,0.0,70,"Real Estate"
257,400188,"Redevelopment of Seven General Pool Residential Accommodation [GPRA] Colonies in Delhi","National Buildings Construction Corporation [NBCC]","Delhi",07/2016,05/2018,12/2025,12/2025,32850.0,32841.0,12339.04,43,"Real Estate"
258,701719,"Rehabilitation in Junavadaj Area Smart City Project","Ministry of Housing and Urban Affairs","Gujarat",02/2016,06/2016,07/2022,-,539.0,539.0,39.63,50,"Real Estate"
259,701766,"Green Building Development Project","Ministry of Housing and Urban Affairs","Uttarakhand",11/2019,08/2019,11/2023,-,150.97,150.97,18.95,31,"Real Estate"
260,702627,"Patna Metro Rail Project","Patna Metro Rail Corporation Ltd. [PMRCL]","Bihar",02/2019,02/2019,02/2024,06/2027,13365.77,13365.8,4670.21,48,"Urban Public Transport"
261,617207,"Delhi Metro Rail Phase-IV [2 Corridors]","Delhi Metro Rail Corporation Limited [DMRC]","Delhi",03/2024,03/2024,03/2029,-,8399.81,8399.81,67.42,0,"Urban Public Transport"
262,619031,"Delhi Metro Rail Phase V A","Delhi Metro Rail Corporation Limited [DMRC]","Delhi",01/2026,01/2026,12/2028,-,12014.91,12014.9,2.07,0,"Urban Public Transport"
263,702632,"DMRTS Phase-IV [3 Priority Corridors]","Delhi Metro Rail Corporation Limited [DMRC]","Delhi",07/2019,07/2019,03/2025,03/2026,24948.65,24948.7,18768.36,75,"Urban Public Transport"
264,702630,"Surat Metro Rail Project","Gujarat Metro Rail Corporation Limited [GMRCL]","Gujarat",03/2019,04/2019,03/2024,06/2026,12020.32,12020.3,8371.28,76,"Urban Public Transport"
265,702631,"Ahmedabad Metro Rail Project, Phase-II","Gujarat Metro Rail Corporation Limited [GMRCL]","Gujarat",03/2019,03/2019,03/2024,12/2025,5384.17,5384.17,4960.02,100,"Urban Public Transport"
266,702639,"Ahmedabad Metro Rail Project [Phase-1]","Gujarat Metro Rail Corporation Limited [GMRCL]","Gujarat",11/2014,02/2015,03/2018,01/2026,10773.0,12924.5,12330.27,99,"Urban Public Transport"
267,619022,"Metro connectivity from Millennium City Centre to Cyber City with Spur to Dwarka Expressway, Gurugram","Gurugram Metro Rail Limited [GMRL]","Haryana",07/2023,08/2024,07/2027,-,5452.72,5452.72,92.12,0,"Urban Public Transport"
268,702635,"Construction of Bangalore Metro Rail Project Phase 2","Bengaluru Metro Rail","Karnataka",02/2014,02/2016,03/2021,09/2026,26405.14,30695.1,29717.97,95,"Urban Public Transport"
269,702665,"Construction Bangalore Metro Rail Project Phase-2A & 2B","Bengaluru Metro Rail","Karnataka",06/2021,01/2019,06/2026,06/2026,14788.1,14788.1,9394.4,61,"Urban Public Transport"
270,702664,"Kochi Metro Rail Phase 2 Development Project","CSPCC Projects","Kerala",11/2022,11/2022,11/2026,11/2026,1957.05,1957.05,567.33,27,"Urban Public Transport"
271,702625,"Bhopal Metro Rail Project","Madhya Pradesh Metro Rail Co Limited [MPMRCL]","Madhya Pradesh",11/2018,11/2018,11/2022,06/2028,6941.4,6941.4,3948.31,53,"Urban Public Transport"
272,702626,"Indore Metro Rail Project","Madhya Pradesh Metro Rail Co Limited [MPMRCL]","Madhya Pradesh",11/2018,11/2018,11/2022,12/2028,7500.8,7500.8,4547.78,60,"Urban Public Transport"
273,617225,"PCMC To Nigdi - Extension Of North South Corridor Of Phase-1","Maharashtra Metro Rail Corporation Limited [MMRCL]","Maharashtra",10/2023,10/2023,01/2027,-,910.18,910.18,218.14,35,"Urban Public Transport"
274,617226,"Pune Metro Phase-1 Extension line towards south from Swargate to Katraj","Maharashtra Metro Rail Corporation Limited [MMRCL]","Maharashtra",09/2024,09/2024,03/2029,-,2954.53,2954.53,26.99,4,"Urban Public Transport"
275,617327,"Thane Integral Ring Metro Rail Project","Maharashtra Metro Rail Corporation Limited [MMRCL]","Maharashtra",09/2024,09/2024,09/2029,-,12200.1,12200.1,9.23,5,"Urban Public Transport"
276,618971,"Pune Metro Rail Project Phase-2 Corridor 2A Vanaz to Chandani Chowk and Corridor 2B Ramwadi to Wagholi","Maharashtra Metro Rail Corporation Limited [MMRCL]","Maharashtra",07/2025,07/2025,07/2029,-,3626.24,3626.24,0.63,0,"Urban Public Transport"
277,618985,"Pune Metro Rail Project Phase-2 Line-4 Kharadi to Khadakwasla with Spur Line 4A Nal Stop Warje - Manikbaug","Maharashtra Metro Rail Corporation Limited [MMRCL]","Maharashtra",12/2025,12/2025,12/2030,-,9857.85,9857.85,0.09,0,"Urban Public Transport"
278,701745,"New Suburba Station Development Project","Ministry of Housing and Urban Affairs","Maharashtra",04/2018,03/2019,07/2022,-,262.76,262.76,17.62,6,"Urban Public Transport"
279,701991,"Kalyan Station Precinct Improvement Project","Ministry of Housing and Urban Affairs","Maharashtra",04/2018,07/2020,07/2023,-,600.0,600.0,272.42,70,"Urban Public Transport"
280,702637,"Mumbai Metro Line 3","Mumbai Metro Rail Corporation Limited [MMRC]","Maharashtra",07/2013,06/2016,03/2023,08/2025,23136.0,37276.0,32732.81,97,"Urban Public Transport"
281,702658,"Nagpur Metro Rail Phase II Development Project","Maharashtra Metro Rail Corporation Limited [MMRCL]","Maharashtra",12/2022,12/2022,12/2027,-,6708.0,6708.0,1530.96,33,"Urban Public Transport"
282,617206,"Delhi Metro Rail Phase-IV [Rithala - Kundli Corridor]","Delhi Metro Rail Corporation Limited [DMRC]","Multi-States (Delhi, Haryana)",01/2025,01/2025,01/2029,-,6230.99,6230.99,72.51,0,"Urban Public Transport"
283,702633,"Delhi-Ghaziabad-Meerut Regional Rapid Transit System [RRTS] corridor","National Capital Region Transport Corporation [NCRTC]","Multi-States (Delhi, Uttar Pradesh)",03/2019,03/2019,06/2025,02/2026,30274.0,30274.0,27465.26,96,"Urban Public Transport"
284,702668,"Chennai Metro Rail Phase-II Development Project","Chennai Metro Rail Limited [CMRL]","Tamil Nadu",10/2024,11/2020,08/2029,-,63246.0,63246.0,30721.57,48,"Urban Public Transport"
285,619052,"LUCKNOW METRO RAIL PROJECT PHASE-1B EAST WEST CORRIDOR","Uttar Pradesh Metro Rail Corporation [UPMRC]","Uttar Pradesh",09/2025,05/2026,04/2031,-,5801.05,5801.05,0.0,0,"Urban Public Transport"
286,702628,"Kanpur Metro Rail Project","Uttar Pradesh Metro Rail Corporation [UPMRC]","Uttar Pradesh",05/2019,11/2019,05/2024,03/2027,11076.48,11076.5,9093.53,79,"Urban Public Transport"
287,702629,"Agra Metro Rail Project","Uttar Pradesh Metro Rail Corporation [UPMRC]","Uttar Pradesh",05/2019,12/2020,05/2024,06/2027,8379.62,8379.62,6067.18,67,"Urban Public Transport"
288,702674,"ESR-8 nos., distribution system-216 Km, new house service connections-38760 nos, pumping station etc. Phase II","Ministry of Housing & Urban Affairs","Andhra Pradesh",02/2017,07/2018,03/2023,03/2026,172.22,172.22,88.86,82,"Waste & Water"
289,702699,"Muzaffarpur Storm Water Drainage Phase-I Project","Ministry of Housing & Urban Affairs","Bihar",11/2016,02/2019,10/2023,03/2026,158.78,158.78,93.35,84,"Waste & Water"
290,702355,"Storm water drainage Development Project","Ministry of Housing and Urban Affairs","Dadra & Nagar Haveli and Daman & Diu",08/2020,12/2021,03/2024,-,210.0,210.0,0.0,20,"Waste & Water"
291,707267,"Upgradation of Sewerage system in Gandhinagar City","Ministry of Housing and Urban Affairs","Gujarat",07/2020,03/2021,06/2023,-,200.0,200.0,100.0,10,"Waste & Water"
292,702734,"Sewerage Management Scheme Part-3 Implementation","Ministry of Housing & Urban Affairs","Haryana",03/2017,11/2017,09/2023,03/2026,278.01,278.01,218.89,88,"Waste & Water"
293,702735,"Sewerage Management Scheme Part-3 Implementation","Ministry of Housing & Urban Affairs","Haryana",03/2017,10/2018,03/2023,03/2026,213.19,213.19,168.14,91,"Waste & Water"
294,702741,"Dhanbad Water Supply Infrastructure Project","Ministry of Housing & Urban Affairs","Jharkhand",02/2017,12/2018,03/2023,03/2026,216.55,216.55,129.16,74,"Waste & Water"
295,702742,"SAAP-3 Water Supply Infrastructure SAAP-3 Project","Ministry of Housing & Urban Affairs","Jharkhand",02/2017,12/2018,10/2023,03/2026,159.31,159.31,87.5,66,"Waste & Water"
296,702746,"Augmentation and Strengthening of Urban Water Supply Phase 1 - SAAP 3","Ministry of Housing & Urban Affairs","Jharkhand",02/2017,12/2018,03/2023,03/2026,278.28,278.28,186.5,79,"Waste & Water"
297,702760,"Belgavi Improvement in Sewerage System Project","Ministry of Housing & Urban Affairs","Karnataka",12/2015,10/2016,07/2023,03/2026,162.73,162.73,85.71,80,"Waste & Water"
298,702764,"24/7 water supply under AMRUT for Davanagere","Ministry of Housing & Urban Affairs","Karnataka",11/2016,01/2018,03/2023,03/2026,174.96,174.96,93.18,65,"Waste & Water"
299,702793,"Indore Water Supply Infrastructure Project","Ministry of Housing & Urban Affairs","Madhya Pradesh",12/2016,11/2017,03/2023,03/2026,287.17,287.17,252.5,99,"Waste & Water"
300,702798,"Jabalpur Sewerage Management and Treatment Infrastructure Project","Ministry of Housing & Urban Affairs","Madhya Pradesh",10/2018,12/2017,03/2023,03/2026,362.31,362.31,324.79,96,"Waste & Water"
301,702808,"Satna Sewerage Management and Treatment Infrastructure Project","Ministry of Housing & Urban Affairs","Madhya Pradesh",11/2015,12/2016,03/2024,03/2026,191.56,215.89,192.79,90,"Waste & Water"
302,702810,"Singrauli Sewerage Management and Treatment Infrastructure Project","Ministry of Housing & Urban Affairs","Madhya Pradesh",05/2016,11/2017,03/2023,03/2026,402.01,438.1,357.68,90,"Waste & Water"
303,702833,"Kalyan-Dombivali Water Supply Infrastructure Project","Ministry of Housing & Urban Affairs","Maharashtra",07/2016,09/2019,10/2023,03/2026,194.2,194.2,136.56,75,"Waste & Water"
304,702840,"Mira-Bhayandar Water Supply Infrastructure Project","Ministry of Housing & Urban Affairs","Maharashtra",11/2016,08/2018,03/2023,03/2026,204.55,204.55,186.13,99,"Waste & Water"
305,702851,"Pune Water Supply Infrastructure Project","Ministry of Housing & Urban Affairs","Maharashtra",03/2017,07/2017,03/2023,03/2026,235.95,235.95,184.98,95,"Waste & Water"
306,702854,"Solapur Sewerage Management Infrastructure Project","Ministry of Housing & Urban Affairs","Maharashtra",03/2017,04/2018,03/2023,03/2026,180.24,180.24,166.32,98,"Waste & Water"
307,703021,"Jalandhar Water Supply Infrastructure Project","Ministry of Housing & Urban Affairs","Punjab",11/2016,08/2020,08/2023,03/2026,258.53,266.64,161.02,58,"Waste & Water"
308,703057,"Patiala Water Supply Infrastructure Part-2 Project","Ministry of Housing & Urban Affairs","Punjab",11/2016,08/2020,10/2023,03/2026,287.0,287.0,213.64,99,"Waste & Water"
309,702948,"Jaunpur Sewerage Management Infrastructure Project","Ministry of Housing & Urban Affairs","Uttar Pradesh",03/2017,08/2019,06/2023,03/2026,235.73,235.73,221.27,100,"Waste & Water"
310,702949,"Jhansi Water Supply Infrastructure Phase-II Project","Ministry of Housing & Urban Affairs","Uttar Pradesh",03/2017,06/2019,07/2023,03/2026,561.74,561.74,485.91,93,"Waste & Water"
311,617280,"Construction of Basement + Ground Floor + 10 Storeyed building for Director General, GSI Building at Salt Lake, Kolkata","Central Public Works Department (CPWD)","West Bengal",04/2019,02/2020,08/2026,-,255.37,255.37,94.91,52,"Construction"
312,400426,"Expansion of Malanjkhand Copper Project","Hindustan Copper Limited [HCL]","Madhya Pradesh",09/2011,04/2015,04/2020,04/2026,1856.36,1856.36,955.12,83,"Metals & Mining"
313,400141,"Expansion of Alumina Refinery Plant with addition of 5th Stream [1.0 MTPA]","National Aluminium Company Limited [NALCO]","Odisha",04/2017,04/2017,12/2022,06/2026,4103.0,5677.4,4556.52,81,"Metals & Mining"
314,400299,"Pottangi Bauxite Mines Project","National Aluminium Company Limited [NALCO]","Odisha",05/2018,05/2018,03/2025,05/2026,1381.0,1960.77,769.17,51,"Metals & Mining"
315,709830,"CONVERSION OF FLAT BOTTOM SETTLERS AND WASHERS WITH A SINGLE TRAIN OF HRDS AND DCWS IN STREAMS 1 AND 2","Ministry of Mines","Odisha",NA,04/2017,11/2026,-,355.0,581.0,163.55,12,"Metals & Mining"
316,709831,"SOURCING OF BAUXITE ARRANGEMENT FOR 5TH STREAM ALUMINA REFINERY FROM SOUTH BLOCK MINING LEASE OF PANCHPATMALI MINES","National Aluminium Company Limited [NALCO]","Odisha",11/2017,11/2019,05/2025,06/2026,483.0,483.0,423.32,91,"Metals & Mining"
317,709832,"25.5 MW WIND POWER PROJECT AT KAYATHAR IN TAMILNADU","National Aluminium Company Limited [NALCO]","Tamil Nadu",09/2017,12/2017,03/2025,03/2026,166.0,166.0,135.0,66,"Metals & Mining"
318,612885,"Construction and Development of National Institute of Technology Meghalaya Permanent Campus at Sohra","National Institute of Technology, Meghalaya","Meghalaya",09/2009,09/2014,03/2022,10/2026,494.52,429.7,362.48,92,"Education"
319,613008,"Construction of Permanent Campus of Central Tribal University of Andhra Pradesh Phase-1","Central Tribal University of Andhra Pradesh","Andhra Pradesh",09/2019,12/2023,06/2027,-,305.0,305.0,62.16,40,"Education"
320,612898,"Construction of Permanent Campus of National Institute of Technology Arunachal Pradesh","National Institute of Technology, Arunachal Pradesh","Arunachal Pradesh",09/2009,03/2013,08/2026,08/2024,592.61,592.61,550.61,80,"Education"
321,606112,"Tezpur University Projects","Tezpur University","Assam",05/2019,06/2021,11/2023,12/2025,153.71,153.71,125.03,97,"Education"
322,606013,"Additional Campus of NIT Patna","NIT Patna","Bihar",07/2022,08/2022,07/2024,01/2026,499.21,499.21,446.99,97,"Education"
323,617877,"Phase B of Construction of Permanent Campus of IIT Bhilai","Indian Institute of Technology, Bhilai","Chhattisgarh",05/2025,01/2026,10/2028,-,1188.97,1188.97,0.0,0,"Education"
324,612851,"Phase 1B-Construction of Academic Block, Hostel, Residential Tower at NIT Delhi Campus","National Institute of Technology Delhi","Delhi",09/2009,11/2022,09/2025,01/2026,333.49,336.42,304.15,98,"Education"
325,616886,"Delhi University Eastern Campus at Surajmal Vihar","Delhi University","Delhi",09/2024,03/2025,10/2026,-,373.0,373.0,27.63,10,"Education"
326,612916,"Construction of permanent campus of Central University of Gujarat at Village Kundhela, Vadodara","Central University of Gujarat","Gujarat",12/2020,02/2021,03/2025,03/2026,490.63,490.63,319.74,83,"Education"
327,602099,"Establishment of Permanent campus Phase 1 of IIM Sirmaur","Indian Institute of Management, Sirmaur","Himachal Pradesh",09/2018,08/2020,10/2023,02/2026,392.51,454.78,329.07,95,"Education"
328,612128,"Hostel blocks & dining hall block","Indian Institute of Technology, Mandi","Himachal Pradesh",03/2023,03/2024,03/2026,03/2026,166.66,166.66,102.52,78,"Education"
329,612894,"Construction of Permanent Campus of Central University of Himachal Pradesh at Dehra","Central University, Himachal Pradesh","Himachal Pradesh",03/2021,08/2022,11/2024,03/2026,251.98,300.45,223.36,84,"Education"
330,602098,"Construction of Permanent Campus for IIM Jammu Phase-1 at Jagti, Nagrota, Jammu","Indian Institute of Management, Jammu","Jammu and Kashmir",03/2019,10/2020,06/2023,11/2025,424.93,500.91,484.52,96,"Education"
331,606431,"CONSTRUCTION OF PERMANENT CAMPUS FOR IIT PALAKKAD UNDER PHASE 1A","INDIAN INSTITUTE OF TECHNOLOGY PALAKKAD","Kerala",07/2017,03/2020,06/2022,06/2026,1006.45,1217.4,663.4,82,"Education"
332,617878,"Phase B of Construction of Permanent Campus of IIT Palakkad","INDIAN INSTITUTE OF TECHNOLOGY PALAKKAD","Kerala",05/2025,01/2026,10/2028,-,1527.0,1527.0,9.8,0,"Education"
333,611957,"Phase III A works at IIT Indore","Indian Institute of Technology, Indore","Madhya Pradesh",12/2023,04/2024,02/2027,-,496.28,496.28,56.35,44,"Education"
334,612876,"Construction of Permanent Campus for NIT Mizoram at Lengpui, Aizawl","NIT Mizoram","Mizoram",09/2009,06/2014,12/2029,03/2022,474.23,474.23,167.55,4,"Education"
335,613013,"Establishment of NIT Nagaland","NIT Nagaland","Nagaland",09/2009,12/2014,12/2025,-,275.63,275.63,261.7,98,"Education"
336,610315,"IISER BERHAMPUR","Indian Institutes of Science Education and Research, Behrampur","Odisha",10/2018,09/2019,03/2021,06/2026,1229.32,843.09,835.6,98,"Education"
337,619033,"1000 seater Boys hostel, 500 seater Girls hostel, 1.5 MLD STP and Faculty Residence","NIT Rourkela","Odisha",NA,01/2024,06/2026,-,198.97,198.97,31.48,33,"Education"
338,612877,"Establishment of NIT Puducherry Permanent Campus [Phase-I and Phase-II]","National Institute of Technology, Puducherry","Puducherry",09/2009,07/2013,12/2024,05/2026,618.34,544.34,530.88,98,"Education"
339,605292,"Construction of Permanent Campus of Indian Institute of Management [IIM] Amritsar Punjab, Phase-I","Indian Institute of Management, Amritsar","Punjab",10/2019,07/2020,06/2023,09/2026,348.31,348.31,290.39,91,"Education"
340,617221,"Construction of Girls Hostel, Boys Hostel, Academic Block at Central University of Punjab","Central University of Punjab","Punjab",08/2024,04/2025,10/2027,-,210.99,210.99,39.12,24,"Education"
341,609736,"Construction of Sikkim University Campus Phase-I Package-II at Yangang, South Sikkim","Sikkim University","Sikkim",08/2020,01/2022,01/2025,03/2026,314.06,314.06,278.69,89,"Education"
342,612883,"Establishment of Permanent Campus of NIT Sikkim at Khamdong-Gangtok District","NIT Sikkim","Sikkim",02/2024,03/2024,02/2028,12/2026,685.76,610.76,171.56,25,"Education"
343,609996,"Construction of Precast housing and hostels at IIT Hyderabad","Indian Institute of Technology, Hyderabad","Telangana",09/2022,11/2022,10/2024,01/2026,262.0,262.0,200.11,83,"Education"
344,606479,"Banaras Hindu University [Kayakalp of Institute of Medical Sciences]","Banaras Hindu University","Uttar Pradesh",06/2020,06/2020,09/2022,03/2026,246.0,246.0,200.11,97,"Education"
345,611963,"Construction & Development of infrastructural Facilities in main campus of NIT Uttarakhand at Sumari","National Institute of Technology Uttarakhand","Uttarakhand",06/2020,04/2024,09/2027,-,650.85,650.85,308.05,43,"Education"
346,609019,"HEFA projects on development of student hostels and campus facilities in IIT Kharagpur","Indian Institute of Technology, Kharagpur","West Bengal",06/2018,04/2019,03/2023,03/2026,500.0,442.0,403.6,93,"Education"
347,400081,"National Sports University [NSU], Imphal [Manipur]","Department of Sports & Youth Affairs","Manipur",NA,01/2022,08/2024,08/2026,906.47,611.74,569.37,96,"Education"
348,616235,"Construction of Aviation Fuel farm Facilities at Bhogapuram Airport","Ministry of Petroleum & Natural Gas","Andhra Pradesh",08/2024,08/2024,03/2026,03/2026,240.0,240.0,146.17,91,"Energy Storage"
349,709754,"Construction of LPG Facilities at Kamardanga, Assam","Hindustan Petroleum Corporation Limited","Assam",03/2023,03/2023,07/2027,07/2027,156.36,156.36,80.88,59,"Energy Storage"
350,709755,"Setting up of new rail fed POL facility at Kamardanga, Assam","Hindustan Petroleum Corporation Limited [HPCL]","Assam",03/2023,03/2023,07/2027,07/2027,384.04,384.04,183.99,71,"Energy Storage"
351,617839,"Capacity Augmentation of Kandla LPG Import Terminal from 0.6 MMTPA to 2.5 MMTPA","Ministry of Petroleum & Natural Gas","Gujarat",05/2023,05/2023,07/2026,07/2026,356.86,304.4,92.3,63,"Energy Storage"
352,604833,"Andheri Residential Towers, Mumbai","Ministry of Petroleum & Natural Gas","Maharashtra",06/2017,06/2017,05/2025,06/2026,281.35,389.67,247.89,57,"Energy Storage"
353,617829,"LPG Bottling Plant at Mualkhang","Ministry of Petroleum & Natural Gas","Mizoram",07/2024,07/2024,10/2028,11/2027,225.71,225.71,16.57,26,"Energy Storage"
354,701343,"Srikakulam Angul Gas Pipeline Project","Ministry of Petroleum & Natural Gas","Multi-States (Andhra Pradesh, Odisha)",09/2019,09/2019,07/2022,06/2026,2658.34,2810.0,2300.5,96,"Energy Storage"
355,701349,"Paradip-Numaligarh Crude Oil Pipeline & Crude Oil Import Terminal at Paradip","Ministry of Petroleum & Natural Gas","Multi-States (Assam, Bihar, Jharkhand, Odisha, West Bengal)",01/2019,01/2019,07/2024,06/2026,10228.0,11407.0,10463.05,90,"Energy Storage"
356,400078,"New Mundra Panipat Crude Oil Pipeline","Ministry of Petroleum & Natural Gas","Multi-States (Gujarat, Haryana, Rajasthan)",12/2021,12/2021,12/2024,06/2026,9028.0,9028.0,7290.7,89,"Energy Storage"
357,400012,"Kandla Gorakhpur LPG Pipeline","Ministry of Petroleum & Natural Gas","Multi-States (Gujarat, Madhya Pradesh, Uttar Pradesh)",12/2018,12/2018,12/2021,03/2026,10088.0,10088.0,8056.6,94,"Energy Storage"
358,400301,"Multi Product Pipeline from Irugur to Devangonthi","Department of Water Resources, River Development & GR","Multi-States (Karnataka, Tamil Nadu)",11/2012,11/2012,02/2017,09/2026,678.0,1732.0,943.82,78,"Energy Storage"
359,701263,"Rajasthan Refinery Project","Ministry of Petroleum & Natural Gas","Rajasthan",10/2017,10/2017,10/2022,03/2026,43129.0,79459.0,64516.26,90,"Energy Storage"
360,709759,"Petrochemical evacuation marketing terminal at Barmer, Rajasthan","Hindustan Petroleum Corporation Limited [HPCL]","Rajasthan",12/2023,12/2023,12/2026,12/2026,461.05,461.05,178.98,76,"Energy Storage"
361,400043,"Laying of POL Pipelines in Common Corridor for proposed grass root terminal at Vallur","Ministry of Petroleum & Natural Gas","Tamil Nadu",01/2022,01/2022,05/2026,05/2026,829.0,829.0,331.77,71,"Energy Storage"
362,400077,"Grass root POL Terminal at Vallur, Chennai","Indian Oil Corporation Limited [IOCL]","Tamil Nadu",01/2022,01/2022,12/2024,03/2026,827.0,887.71,641.34,90,"Energy Storage"
363,400035,"Grass Root Rail-fed Depot at Sekerkote, Agartala as resitement of existing Dharmanagar Depot","Indian Oil Corporation Limited [IOCL]","Tripura",06/2022,06/2022,09/2025,06/2026,656.0,656.0,500.52,94,"Energy Storage"
364,604852,"Grass-root Terminal at Mirzapur, Uttar Pradesh","Ministry of Petroleum & Natural Gas","Uttar Pradesh",09/2022,09/2022,11/2026,11/2026,980.45,980.45,255.06,63,"Energy Storage"
365,400120,"KG-DWN-98/2 Cluster - II Development Project NELP Block","Oil and Natural Gas Corporation Limited [ONGC]","Andhra Pradesh",03/2016,03/2016,06/2020,06/2026,34012.0,34012.0,32558.95,96,"Oil & Gas"
366,709752,"HP-COAT demo unit at Visakh Refinery","Hindustan Petroleum Corporation Limited","Andhra Pradesh",09/2021,09/2021,06/2024,03/2026,160.0,220.0,106.27,82,"Oil & Gas"
367,709766,"City Gas Distribution Project at Kurnool, Guntur & Prakasam Districts","Ministry of Petroleum & Natural Gas","Andhra Pradesh",03/2022,03/2022,03/2030,03/2030,1420.0,1420.0,169.14,6,"Oil & Gas"
368,604791,"Numaligarh Refinery Expansion Project","Ministry of Petroleum & Natural Gas","Assam",07/2020,07/2020,07/2024,09/2026,12366.0,22494.0,18314.23,81,"Oil & Gas"
369,604863,"Development of Surface Facilities for production and evacuation from Nadua and East Khagorijan","Ministry of Petroleum & Natural Gas","Assam",01/2018,01/2018,02/2020,06/2026,682.9,726.93,597.01,94,"Oil & Gas"
370,607701,"Guwahati Refinery Expansion [1.0 to 1.2 MMTPA] along with installation of CRU","Ministry of Petroleum & Natural Gas","Assam",05/2021,05/2021,10/2023,05/2026,412.3,577.0,467.7,90,"Oil & Gas"
371,616858,"Construction of Field Gas Gathering Station at Baghjan area","Ministry of Petroleum & Natural Gas","Assam",12/2020,12/2020,03/2024,03/2026,430.76,430.76,340.1,89,"Oil & Gas"
372,617836,"Coke Drum Structure Package","Ministry of Petroleum & Natural Gas","Assam",12/2022,12/2022,12/2025,09/2026,635.28,635.28,171.47,53,"Oil & Gas"
373,709776,"Augmentation/Revamping of Facilities at existing Guwahati Terminal at Betkuchi","Ministry of Petroleum & Natural Gas","Assam",04/2022,04/2022,09/2026,09/2026,277.0,323.09,196.25,76,"Oil & Gas"
374,709779,"Capacity Expansion of Digboi Refinery from 0.65 to 1.0 MMTPA","Ministry of Petroleum & Natural Gas","Assam",06/2022,06/2022,03/2026,07/2027,768.0,740.0,151.23,50,"Oil & Gas"
375,709847,"Pipeline Network Project Rudrasagar","Ministry of Petroleum & Natural Gas","Assam",01/2023,01/2023,04/2026,04/2026,481.03,481.03,227.27,51,"Oil & Gas"
376,709850,"Borholla GGS Life Extension Project [BLEP]","Ministry of Petroleum & Natural Gas","Assam",09/2023,09/2023,05/2026,05/2026,198.7,198.7,70.85,49,"Oil & Gas"
377,709864,"DCU Revamp Project","NRL","Assam",08/2021,08/2021,07/2024,06/2026,370.0,370.0,282.45,70,"Oil & Gas"
378,709865,"Power Recovery Turbine [PRT] in PFCCU unit as an Energy Conservation Scheme","NRL","Assam",04/2023,04/2023,12/2024,09/2026,293.5,293.5,97.22,99,"Oil & Gas"
379,617304,"Setting up of LPG Plant with Rail Unloading Facility at Hathua, Gopalganj","Ministry of Petroleum & Natural Gas","Bihar",10/2023,10/2023,03/2027,03/2027,340.15,340.15,133.9,40,"Oil & Gas"
380,701324,"Barauni Refinery Capacity Expansion from 6.0 to 9.0 MMTPA","Ministry of Petroleum & Natural Gas","Bihar",01/2020,01/2020,04/2023,08/2026,14810.0,16724.0,12129.01,89,"Oil & Gas"
381,709777,"Installation of Bitumen Manufacturing Unit along with allied facilities at Barauni Refinery","Ministry of Petroleum & Natural Gas","Bihar",01/2022,01/2022,04/2025,10/2026,389.35,340.0,91.23,54,"Oil & Gas"
382,709792,"City Gas Distribution Projects at Darbhanga, Madhubani, Supaul, Sitamarhi and Sheohar districts","Bharat Petroleum Corporation Limited [BPCL]","Bihar",12/2022,12/2022,03/2030,03/2030,3638.0,3638.0,445.93,31,"Oil & Gas"
383,709793,"City Gas Distribution Projects at Gopalganj, Siwan, West Champaran, East Champaran and Deoria districts","Bharat Petroleum Corporation Limited [BPCL]","Bihar",12/2022,12/2022,06/2030,06/2030,3919.0,3919.0,476.66,26,"Oil & Gas"
384,617819,"City Gas Distribution Project in Kondagaon, Bastar, Sukma, Narayanpur, Bijapur & Dantewada GA","GAIL Gas","Chhattisgarh",06/2022,06/2022,06/2030,06/2030,557.04,557.04,8.87,2,"Oil & Gas"
385,400087,"Redevelopment of Sobhasan Complex","Oil and Natural Gas Corporation Limited [ONGC]","Gujarat",08/2021,08/2021,03/2027,03/2027,885.63,1347.61,934.83,85,"Oil & Gas"
386,400167,"Redevelopment of Santhal Field [Onshore-Mehsana Asset]","Oil and Natural Gas Corporation Limited [ONGC]","Gujarat",02/2017,02/2017,03/2026,03/2026,1162.56,1162.56,1143.03,95,"Oil & Gas"
387,400169,"Redevelopment of Linch Field","Oil and Natural Gas Corporation Limited [ONGC]","Gujarat",04/2021,04/2021,03/2025,03/2026,631.03,860.04,600.07,89,"Oil & Gas"
388,701329,"Petrochemical and Lube Integration Project at Gujarat Refinery","Ministry of Petroleum & Natural Gas","Gujarat",09/2020,09/2020,08/2024,06/2026,18936.0,17825.0,13005.66,86,"Oil & Gas"
389,709778,"Installation of new Biturox Unit along with allied facilities at Gujarat Refinery","Ministry of Petroleum & Natural Gas","Gujarat",01/2022,01/2022,08/2025,09/2026,328.29,287.0,163.55,76,"Oil & Gas"
390,709838,"Commercial Polymer Flooding Project in Bechraji field","Oil and Natural Gas Corporation Limited [ONGC]","Gujarat",01/2022,01/2022,11/2024,05/2027,621.4,739.02,153.79,28,"Oil & Gas"
391,709840,"Restoration of Gas Terminal, Phase-I [Part-A], Hazira","Oil and Natural Gas Corporation Limited [ONGC]","Gujarat",05/2022,05/2022,02/2025,04/2026,249.43,249.43,210.45,96,"Oil & Gas"
392,709841,"Old Pipe Line Replacement [OPRP] Group-A","Oil and Natural Gas Corporation Limited [ONGC]","Gujarat",07/2021,07/2021,07/2025,03/2026,173.03,169.84,157.81,90,"Oil & Gas"
393,709842,"Kalol Redevelopment Project, Ahmedabad Asset","Oil and Natural Gas Corporation Limited [ONGC]","Gujarat",08/2022,08/2022,03/2027,03/2027,1487.41,1487.41,940.0,63,"Oil & Gas"
394,709845,"Revamping of SV Stations, Gas Terminal & Kribhco Terminal","Oil and Natural Gas Corporation Limited [ONGC]","Gujarat",11/2022,11/2022,08/2026,08/2026,837.34,837.34,327.55,60,"Oil & Gas"
395,604853,"Indian Oil Technology Development and Deployment Centre at R&D Campus-II, Faridabad","Ministry of Petroleum & Natural Gas","Haryana",06/2019,06/2019,12/2022,10/2026,2281.94,3200.0,1834.01,64,"Oil & Gas"
396,611917,"Poly Butadiene Rubber plant at Panipat","Indian Oil Corporation Limited [IOCL]","Haryana",03/2022,03/2022,03/2025,06/2026,1459.0,2531.44,1447.65,81,"Oil & Gas"
397,701289,"Capacity Expansion of Panipat Refinery from 15 to 25 MMTPA","Ministry of Petroleum & Natural Gas","Haryana",02/2021,02/2021,09/2024,06/2026,34627.0,36225.0,26027.54,92,"Oil & Gas"
398,709783,"Installation of Multiple Effect Evaporator for ETP-1, 2 & 4 of Panipat Refinery Complex","Ministry of Petroleum & Natural Gas","Haryana",12/2020,12/2020,06/2023,06/2026,165.13,247.69,164.54,81,"Oil & Gas"
399,709773,"City Gas Distribution Project at Jammu, Udhampur, Reasi, Samba and Kathua Districts","Ministry of Petroleum & Natural Gas","Jammu and Kashmir",03/2022,03/2022,03/2032,03/2032,538.0,538.0,4.29,0,"Oil & Gas"
400,610984,"Development of Jharia CBM Block [Phase-1]","Oil and Natural Gas Corporation Limited [ONGC]","Jharkhand",11/2019,11/2019,01/2024,03/2026,431.0,431.0,238.67,61,"Oil & Gas"
401,709785,"Laying of Natural Gas Pipeline from Hazaribagh to Ranchi [HRPL]","Ministry of Petroleum & Natural Gas","Jharkhand",02/2023,02/2023,02/2026,03/2027,202.07,202.07,63.32,50,"Oil & Gas"
402,612790,"Power System Upgradation Project","Mangalore Refinery and Petrochemicals Limited","Karnataka",10/2023,10/2023,11/2025,05/2026,385.0,385.0,184.83,76,"Oil & Gas"
403,616879,"Demo Bio-ATF Project","Ministry of Petroleum & Natural Gas","Karnataka",03/2024,03/2024,01/2027,01/2027,364.0,364.0,49.39,35,"Oil & Gas"
404,709774,"Revamping/Augmentation of facilities at existing port terminal at Mangalore","Ministry of Petroleum & Natural Gas","Karnataka",01/2022,01/2022,12/2025,06/2027,463.0,500.62,293.54,79,"Oil & Gas"
405,617838,"Augmentation of CCKPL and IDPL Pipelines capacity along with setting up of Palakkad TOP","Ministry of Petroleum & Natural Gas","Kerala",09/2024,09/2024,08/2028,08/2028,1130.0,1130.0,212.67,27,"Oil & Gas"
406,709790,"Replacement and Extension of Jetty Pipelines [REJP] at KR","Bharat Petroleum Corporation Limited [BPCL]","Kerala",03/2023,03/2023,03/2026,03/2026,621.87,621.87,220.0,95,"Oil & Gas"
407,709799,"Setting up Polypropylene Unit at Kochi Refinery","Ministry of Petroleum & Natural Gas","Kerala",12/2023,12/2023,10/2027,10/2027,4460.0,4460.0,443.12,22,"Oil & Gas"
408,617830,"C2/C3 Vijaipur Pata Pipeline","Ministry of Petroleum & Natural Gas","Madhya Pradesh",05/2024,05/2024,01/2027,01/2027,1792.0,1792.0,448.0,52,"Oil & Gas"
409,709798,"Ethylene Cracker Project at Bina Refinery including downstream Petrochemical Plants","Ministry of Petroleum & Natural Gas","Madhya Pradesh",05/2023,05/2023,05/2028,05/2028,43367.0,43367.0,2703.6,19,"Oil & Gas"
410,400168,"500 KTA PDHPP Project, Usar","Ministry of Petroleum & Natural Gas","Maharashtra",04/2021,04/2021,04/2025,06/2026,8797.0,11256.0,7568.46,88,"Oil & Gas"
411,616933,"Lube Modernization & Bottom Upgradation Project at Mumbai Refinery","Ministry of Petroleum and Natural Gas","Maharashtra",12/2024,12/2024,03/2028,03/2028,4679.0,4679.0,236.11,8,"Oil & Gas"
412,709760,"HP TDAE Unit in Mumbai Refinery","Hindustan Petroleum Corporation Limited","Maharashtra",06/2024,06/2024,04/2026,04/2026,240.0,240.0,88.15,72,"Oil & Gas"
413,709771,"City Gas Distribution Project at Beed, Jalgaon and Jalna Districts","Ministry of Petroleum & Natural Gas","Maharashtra",03/2022,03/2022,09/2031,09/2031,865.0,865.0,77.25,3,"Oil & Gas"
414,709780,"Construction of Additional Tankages and Allied Facilities at JNPT Terminal","Ministry of Petroleum & Natural Gas","Maharashtra",04/2022,04/2022,08/2026,08/2026,341.43,436.14,284.84,57,"Oil & Gas"
415,709782,"ATF Pipeline from Jawaharlal Nehru Port Trust to Navi Mumbai International Airport","Indian Oil Corporation Limited [IOCL]","Maharashtra",08/2022,08/2022,08/2025,03/2026,165.0,165.0,94.37,88,"Oil & Gas"
416,709789,"Installation of Independent De-Aromatized Solvents [DAS] production facilities at MR","Bharat Petroleum Corporation Limited [BPCL]","Maharashtra",03/2023,03/2023,07/2025,02/2026,405.0,343.0,250.41,98,"Oil & Gas"
417,709797,"POL & LOBS Installations with Receipt Pipelines at Rasayani","Bharat Petroleum Corporation Limited [BPCL]","Maharashtra",05/2023,05/2023,05/2026,05/2026,2585.0,2585.0,972.34,74,"Oil & Gas"
418,709846,"Part Replacement Pipeline Project [PRPP]","Oil and Natural Gas Corporation Limited [ONGC]","Maharashtra",11/2022,11/2022,05/2024,02/2026,1219.48,1145.1,745.0,95,"Oil & Gas"
419,616254,"Visakh Raipur Pipeline Project","Ministry of Petroleum and Natural Gas","Multi-States (Andhra Pradesh, Chhattisgarh, Odisha)",09/2024,09/2024,09/2027,09/2027,2212.0,2212.0,159.29,27,"Oil & Gas"
420,701346,"North East Gas Grid","Ministry of Petroleum & Natural Gas","Multi-States (Arunachal Pradesh, Assam, Manipur, Meghalaya, Mizoram, Nagaland, Sikkim, Tripura, West Bengal)",04/2020,04/2020,03/2024,03/2026,9265.0,9265.0,6678.0,86,"Oil & Gas"
421,617827,"Pipeline Rehabilitation Project, Phase-II","Ministry of Petroleum & Natural Gas","Multi-States (Assam, Bihar, West Bengal)",12/2024,12/2024,12/2029,12/2029,680.0,680.0,2.93,18,"Oil & Gas"
422,701350,"Upgradation of Facilities of Numaligarh-Siliguri Product Pipeline for additional products from 1.72 to 5.5 MMTPA","Ministry of Petroleum & Natural Gas","Multi-States (Assam, West Bengal)",06/2021,06/2021,12/2024,03/2026,860.0,860.0,636.92,99,"Oil & Gas"
423,709757,"CGD Project in Banka, Dumka, Godda, Jamtara, Pakur, Sahibganj GA ID 11A.02","Hindustan Petroleum Corporation Limited","Multi-States (Bihar, Jharkhand)",06/2022,06/2022,06/2030,06/2030,1377.0,1377.0,360.24,33,"Oil & Gas"
424,701354,"Mumbai Nagpur Jharsuguda Pipeline Project","Ministry of Petroleum & Natural Gas","Multi-States (Chhattisgarh, Madhya Pradesh, Maharashtra, Odisha)",06/2020,06/2020,05/2023,02/2026,7844.25,8255.0,6932.1,97,"Oil & Gas"
425,701330,"Mehsana-Bhatinda & Bhatinda-Jammu Natural Gas Pipeline","Ministry of Petroleum & Natural Gas","Multi-States (Gujarat, Haryana, Punjab, Rajasthan)",07/2011,07/2011,06/2024,03/2026,7392.0,7392.0,6344.0,90,"Oil & Gas"
426,612853,"Gurdaspur Jammu Pipeline","Gas Authority of India Limited [GAIL]","Multi-States (Jammu and Kashmir, Punjab)",07/2023,07/2023,07/2026,07/2026,521.9,521.9,262.9,43,"Oil & Gas"
427,701228,"Kochi Koottanad-Bangalore Mangalore Pipeline Phase-II","Ministry of Petroleum & Natural Gas","Multi-States (Karnataka, Kerala, Tamil Nadu)",06/2009,06/2009,12/2012,03/2026,2915.0,5909.0,4614.8,96,"Oil & Gas"
428,701338,"City Gas Distribution Maharashtra Natural Gas Limited","Ministry of Petroleum & Natural Gas","Multi-States (Karnataka, Maharashtra)",01/2006,01/2006,06/2031,06/2031,5535.0,5535.0,4099.17,47,"Oil & Gas"
429,701344,"Dhamra Haldia Pipeline Project","Ministry of Petroleum & Natural Gas","Multi-States (Odisha, West Bengal)",03/2020,03/2020,11/2022,03/2026,1030.65,1125.0,910.6,92,"Oil & Gas"
430,709794,"City Gas Distribution Projects at Fazilka, Ganganagar and Hanumangarh districts","Bharat Petroleum Corporation Limited [BPCL]","Multi-States (Punjab, Rajasthan)",12/2022,12/2022,06/2030,06/2030,3207.0,3207.0,378.93,28,"Oil & Gas"
431,709786,"Augmentation/Revamping of Dimapur Depot, Dimapur","Ministry of Petroleum & Natural Gas","Nagaland",08/2023,08/2023,11/2027,11/2027,227.62,227.62,17.08,31,"Oil & Gas"
432,604859,"Integrated Para Xylene and Purified Terephthalic Acid Project at Paradip Refinery","Ministry of Petroleum & Natural Gas","Odisha",07/2020,07/2020,01/2024,08/2026,13805.0,11783.0,8174.39,92,"Oil & Gas"
433,617818,"City Gas Distribution Project in Gajapati, Kandhamal, Boudh, & Sonepur GA","GAIL Gas","Odisha",02/2022,02/2022,02/2030,02/2030,514.91,514.91,20.65,5,"Oil & Gas"
434,709800,"CUF POL Depot at Sadashibpur [Meramundali], Odisha","Ministry of Petroleum & Natural Gas","Odisha",04/2021,04/2021,03/2026,03/2026,393.54,393.54,155.37,64,"Oil & Gas"
435,400119,"Life Extension of 48 well platforms of Mumbai High & Heera Fields","Oil and Natural Gas Corporation Limited [ONGC]","Offshore",12/2015,12/2015,04/2018,03/2026,3190.69,3375.9,3123.2,90,"Oil & Gas"
436,616950,"PRP-VIII [Group-A]","Ministry of Petroleum & Natural Gas","Offshore",09/2024,09/2024,02/2026,05/2026,1486.4,1486.4,394.85,35,"Oil & Gas"
437,709839,"Daman Upside Development Project","Oil and Natural Gas Corporation Limited [ONGC]","Offshore",06/2022,06/2022,10/2025,02/2026,4144.41,6406.9,5302.0,94,"Oil & Gas"
438,709948,"MHN TCPP PGC BGC Project [MTPBP]","Ministry of Petroleum & Natural Gas","Offshore",06/2022,06/2022,05/2026,05/2026,2329.45,2354.23,1223.5,69,"Oil & Gas"
439,709849,"PRP-VIII Group B [NH & BS Asset]","Ministry of Petroleum & Natural Gas","Offshore",06/2024,06/2024,02/2026,05/2026,2379.84,3165.53,2115.21,87,"Oil & Gas"
440,709851,"Integrated Development of 4 Contract Areas under DSF-II","Ministry of Petroleum & Natural Gas","Offshore",05/2023,05/2023,04/2027,04/2027,6183.79,6183.79,895.56,31,"Oil & Gas"
441,400171,"2G Ethanol Biorefinery at Bathinda","Hindustan Petroleum Corporation Limited [HPCL]","Punjab",05/2020,05/2020,02/2023,03/2026,1421.46,1421.46,1234.54,95,"Oil & Gas"
442,709770,"City Gas Distribution Project at Pathankot District","Ministry of Petroleum & Natural Gas","Punjab",03/2022,03/2022,09/2033,09/2033,151.0,151.0,8.81,2,"Oil & Gas"
443,604795,"CBR 9 MMTPA Project","Chennai Petroleum Corporation Limited [CPCL]","Tamil Nadu",09/2021,09/2021,06/2025,10/2028,31580.0,36354.0,1404.61,10,"Oil & Gas"
444,709750,"Laying of new 28 inch Desal Water Pipeline and 10 inch Reject Water Pipeline between CPCL Manali and Ennore","Chennai Petroleum Corporation Limited [CPCL]","Tamil Nadu",01/2024,01/2024,09/2025,12/2026,205.0,205.0,80.82,56,"Oil & Gas"
445,709796,"City Gas Distribution Projects at the Nilgiris and Erode districts","Bharat Petroleum Corporation Limited [BPCL]","Tamil Nadu",12/2022,12/2022,03/2030,03/2030,3685.0,3685.0,268.96,23,"Oil & Gas"
446,617822,"ATF Pipeline from BPCLS Malkapur POL Installation to Hyderabad International airport","Ministry of Petroleum & Natural Gas","Telangana",03/2022,03/2025,09/2027,-,215.0,215.0,38.16,18,"Oil & Gas"
447,709837,"Creation of Gas Dehydration Facilities, Tripura Asset","Oil and Natural Gas Corporation Limited [ONGC]","Tripura",03/2022,03/2022,05/2024,05/2026,209.33,131.51,72.24,66,"Oil & Gas"
448,400161,"PP Project, Pata","Gas Authority of India Limited [GAIL]","Uttar Pradesh",03/2019,03/2019,01/2024,02/2026,910.56,1299.02,1073.0,99,"Oil & Gas"
449,709781,"Revamping/Augmentation of Facilities at Mathura Bitumen Plant","Ministry of Petroleum & Natural Gas","Uttar Pradesh",04/2022,04/2022,06/2027,12/2026,260.12,260.12,13.41,39,"Oil & Gas"
450,709795,"City Gas Distribution Projects at Lakhimpur Kheri, Sitapur, Bahraich, Shravasti, Balrampur, Siddharth Nagar & Maharajganj","Bharat Petroleum Corporation Limited [BPCL]","Uttar Pradesh",12/2022,12/2022,06/2030,06/2030,16654.0,16654.0,660.14,14,"Oil & Gas"
451,617302,"Durgapur - Haldia Pipeline [Section-3B of JHBDPL Project]","Ministry of Petroleum & Natural Gas","West Bengal",03/2017,03/2017,12/2020,03/2026,1740.0,2493.15,2351.6,93,"Oil & Gas"
452,617828,"Siliguri-Jhapa Pipeline Project","Indian Oil Corporation Limited [IOCL]","West Bengal",09/2024,09/2024,03/2029,03/2029,267.0,267.0,1.77,8,"Oil & Gas"
453,617837,"Siliguri Marketing Terminal Capacity Augmentation Project","Ministry of Petroleum & Natural Gas","West Bengal",11/2021,11/2021,12/2025,09/2026,484.0,484.0,297.05,84,"Oil & Gas"
454,709753,"Haldia Panagarh Pipeline Project","Hindustan Petroleum Corporation Limited","West Bengal",11/2022,11/2022,11/2025,05/2026,1010.0,1107.0,762.7,92,"Oil & Gas"
455,709758,"CGD Project in Malda, Birbhum, Murshidabad, Dakshin Dinajpur GA ID 11A.03","Hindustan Petroleum Corporation Limited","West Bengal",06/2022,06/2022,06/2030,06/2030,2628.0,2628.0,371.77,32,"Oil & Gas"
456,709772,"City Gas Distribution Project at East Mednipore, West Mednipore & Jhargram Districts","Ministry of Petroleum & Natural Gas","West Bengal",03/2022,03/2022,06/2031,06/2031,609.0,609.0,61.31,2,"Oil & Gas"
457,709791,"City Gas Distribution Projects at Alipurduar and Cooch Behar","Bharat Petroleum Corporation Limited [BPCL]","West Bengal",12/2022,12/2022,03/2030,03/2030,1017.0,1017.0,216.59,42,"Oil & Gas"
458,701172,"AIIMS Darbhanga","PMSSY AND Institute of NATIONAL Importance","Bihar",NA,09/2020,09/2024,-,1264.0,1264.0,0.0,0,"Healthcare"
459,707020,"Establishment of new GMC Jamui","Medical Education, Ministry of Health and Family Welfare","Bihar",03/2019,10/2022,10/2025,-,250.0,500.0,86.21,29,"Healthcare"
460,707044,"Establishment of new GMC Korba","Medical Education, Ministry of Health and Family Welfare","Chhattisgarh",02/2023,10/2023,12/2026,-,325.0,322.85,158.49,45,"Healthcare"
461,707045,"Establishment of new GMC Mahasamund","Medical Education, Ministry of Health and Family Welfare","Chhattisgarh",10/2023,10/2023,05/2026,-,325.0,325.0,302.5,75,"Healthcare"
462,707046,"Establishment of new GMC Kanker","Medical Education, Ministry of Health and Family Welfare","Chhattisgarh",02/2020,09/2024,03/2027,-,325.0,325.0,20.0,48,"Healthcare"
463,617882,"Setting up IT Infrastructure including Network Security and Hosting at AIIMS, New Delhi","PMSSY AND Institute of NATIONAL Importance","Delhi",09/2025,09/2025,09/2026,-,358.19,358.19,0.0,0,"Healthcare"
464,617883,"Redevelopment of Residential colonies at Ayur Vigyan Nagar and West Ansari Nagar campuses of AIIMS, New Delhi","PMSSY AND Institute of NATIONAL Importance","Delhi",10/2016,06/2022,06/2027,-,4441.0,4441.0,24.68,61,"Healthcare"
465,701170,"AIIMS Rajkot","PMSSY AND Institute of NATIONAL Importance","Gujarat",01/2019,01/2019,03/2026,03/2026,1195.0,1195.0,775.1,93,"Healthcare"
466,707049,"Establishment of new GMC Panchmahal","Medical Education, Ministry of Health and Family Welfare","Gujarat",09/2022,09/2022,03/2026,-,325.0,663.5,425.34,33,"Healthcare"
467,707050,"Establishment of new GMC Porbandar","Medical Education, Ministry of Health and Family Welfare","Gujarat",04/2022,10/2022,09/2024,-,325.0,618.98,918.64,62,"Healthcare"
468,701173,"AIIMS Majra Rewari Haryana","PMSSY AND Institute of NATIONAL Importance","Haryana",02/2019,02/2019,12/2026,12/2026,1299.0,1646.43,529.46,51,"Healthcare"
469,701167,"AIIMS Kashmir at Awantipora Jammu & Kashmir","PMSSY AND Institute of NATIONAL Importance","Jammu and Kashmir",01/2019,03/2019,12/2025,06/2026,1828.0,2160.84,1504.97,73,"Healthcare"
470,707021,"Establishment of new GMC Koderma","Medical Education, Ministry of Health and Family Welfare","Jharkhand",09/2023,02/2024,08/2026,-,250.0,504.8,255.0,26,"Healthcare"
471,707022,"Establishment of new GMC Chaibasa [Singhbhum]","Medical Education, Ministry of Health and Family Welfare","Jharkhand",06/2018,03/2023,09/2025,-,250.0,454.1,5.0,42,"Healthcare"
472,707058,"Establishment of new GMC Rajgarh","Medical Education, Ministry of Health and Family Welfare","Madhya Pradesh",12/2021,11/2022,04/2024,-,325.0,325.0,158.0,62,"Healthcare"
473,707059,"Establishment of new GMC Mandla","Medical Education, Ministry of Health and Family Welfare","Madhya Pradesh",08/2023,10/2023,04/2026,-,325.0,325.0,63.41,35,"Healthcare"
474,707069,"Establishment of new GMC Kapurthala","Medical Education, Ministry of Health and Family Welfare","Punjab",11/2019,07/2027,12/2028,-,325.0,550.0,0.0,0,"Healthcare"
475,707070,"Establishment of new GMC Hoshiarpur","Medical Education, Ministry of Health and Family Welfare","Punjab",01/2020,03/2026,12/2028,-,325.0,374.75,0.0,0,"Healthcare"
476,707039,"Establishment of new GMC Gangtok","Medical Education, Ministry of Health and Family Welfare","Sikkim",10/2018,12/2018,12/2026,-,250.0,635.21,645.21,88,"Healthcare"
477,701158,"ALL India Institute of Medical Sciences-AIIMS Madurai","PMSSY AND Institute of NATIONAL Importance","Tamil Nadu",12/2018,12/2018,08/2022,10/2026,1264.0,2021.51,387.07,46,"Healthcare"
478,701171,"AIIMS Bibinagar","PMSSY AND Institute of NATIONAL Importance","Telangana",12/2018,07/2022,06/2026,06/2026,1028.0,1365.95,947.53,86,"Healthcare"
479,707086,"Establishment of new GMC Rudrapur","Medical Education, Ministry of Health and Family Welfare","Uttarakhand",10/2022,02/2024,12/2026,-,325.0,325.0,261.0,30,"Healthcare"
480,707087,"Establishment of new GMC Pithoragarh","Medical Education, Ministry of Health and Family Welfare","Uttarakhand",08/2021,04/2023,12/2026,-,325.0,768.89,313.08,70,"Healthcare"
481,612167,"Construction of 350 beds + 50 Super Specialty beds ESIC Hospital Sheelanagar, Visakhapatnam","Employee's State Insurance Company [ESIC]","Andhra Pradesh",02/2021,04/2023,10/2025,03/2026,384.27,384.27,167.37,70,"Healthcare"
482,612201,"Construction of 200 bedded ESIC Hospital with 62 Nos Staff quarters, Beltola","Employee's State Insurance Company [ESIC]","Assam",12/2017,10/2021,04/2025,02/2026,143.23,154.75,116.08,96,"Healthcare"
483,612185,"Construction of 200 bedded [Up-gradable to 300 bedded] ESI Hospital at Surat Gujarat","Employee's State Insurance Company [ESIC]","Gujarat",06/2019,03/2021,06/2025,01/2026,209.36,209.36,202.62,100,"Healthcare"
484,612186,"350 Bedded [Upgradable to 500 beds] ESI Hospital at Sanand","Employee's State Insurance Company [ESIC]","Gujarat",06/2022,04/2023,03/2026,05/2027,558.12,558.12,63.62,10,"Healthcare"
485,612211,"Demolition, Construction and upgradation of ESI Hospital, Kalol from 50 beds to 150 beds","Employee's State Insurance Company [ESIC]","Gujarat",08/2022,10/2023,10/2025,06/2026,205.87,205.87,24.06,20,"Healthcare"
486,612745,"Construction of 200 bed ESI Hospital at Bommasandra, Karnataka","Employee's State Insurance Company [ESIC]","Karnataka",02/2015,10/2024,01/2027,05/2027,278.0,278.0,228.61,19,"Healthcare"
487,612748,"Construction of 100 bed ESI Hospital and Staff Quarters [32 Nos.] at Harohalli, Karnataka","Employee's State Insurance Company [ESIC]","Karnataka",07/2019,03/2025,02/2027,-,150.92,150.92,6.76,10,"Healthcare"
488,612188,"Construction of 200 Bedded [Upgradable to 500 Bedded] ESIC Hospital at Bibewadi, Pune","Employee's State Insurance Company [ESIC]","Maharashtra",05/2018,03/2023,09/2025,02/2026,429.25,429.25,323.98,74,"Healthcare"
489,612213,"Construction of 200 Bedded ESIC Hospital at Butibori, Nagpur, Maharashtra","Employee's State Insurance Company [ESIC]","Maharashtra",10/2013,08/2022,08/2025,09/2026,194.93,196.7,114.39,65,"Healthcare"
490,616691,"Upgradation & Extension of ESIC Hospital and Construction of PG Hostel/Staff Housing at Andheri, Mumbai","Employee's State Insurance Company [ESIC]","Maharashtra",12/2008,06/2009,08/2025,09/2026,260.13,260.13,210.12,89,"Healthcare"
491,612513,"Construction of 100 Bedded ESI Hospital at Duburi, Odisha","Employee's State Insurance Company [ESIC]","Odisha",12/2010,02/2025,06/2027,-,164.6,164.6,16.4,7,"Healthcare"
492,612178,"Construction of 100 Bedded ESIC Hospital building and 32 Nos Residential Quarters at Vallam Vadangal, Sriperumbudur","Employee's State Insurance Company [ESIC]","Tamil Nadu",02/2015,03/2023,06/2025,02/2026,152.95,177.01,119.22,99,"Healthcare"
493,612259,"CONSTRUCTION OF 300 BEDDED HOSPITAL AT HARIDWAR","Employee's State Insurance Company [ESIC]","Uttarakhand",02/2021,12/2021,10/2024,03/2026,102.4,297.63,322.55,81,"Healthcare"
494,708662,"Establishment of 600 bed super specialty hospital with optional development of Medical college on PPP basis","Mumbai Port Trust [MPT]","Maharashtra",08/2019,01/2022,06/2026,12/2027,693.0,693.0,58.0,11,"Healthcare"
495,701565,"Jal Marg Vikas Project","Inland Waterways Authority of India [IWAI]","Multi-States (Bihar, Jharkhand, Uttar Pradesh, West Bengal)",01/2018,02/2018,12/2023,12/2025,5369.18,5061.15,3766.21,76,"Inland Waterways"
496,611142,"Fairway Development in West Bengal Farakka - Kahelgaon","Inland Waterways Authority of India [IWAI]","Offshore",01/2018,08/2018,07/2023,04/2024,177.0,197.0,383.41,100,"Inland Waterways"
497,609424,"Development of Container Terminal at Tuna-Tekra, Deendayal Port on BOT Basis Under PPP Mode","Deendayal Port Trust","Gujarat",10/2022,03/2024,03/2027,-,4243.64,4243.64,1145.0,40,"Shipping"
498,701568,"Construction of oil jetty No.8 at old kandla through internal resources","Deendayal Port Trust [DPT]","Gujarat",02/2018,02/2021,02/2023,07/2024,100.0,225.85,186.47,90,"Shipping"
499,701570,"Replacement and revamping of pipeline projects in oil jetty area, Kandla","Deendayal Port Trust [DPT]","Gujarat",09/2021,09/2021,09/2023,03/2025,171.0,211.61,137.51,71,"Shipping"
500,617804,"Mechanization of Berth No. 14 for handling Containers and other cargo on DBFOT basis-Phase II","New Mangalore Port Authority","Karnataka",12/2023,06/2024,03/2027,-,153.23,153.23,38.31,40,"Shipping"
501,400382,"Rewas Port Project","Reliance Industries Ltd","Maharashtra",12/2019,01/2020,03/2023,-,6000.0,6000.0,5999.89,88,"Shipping"
502,701586,"Setting up of a Floating Storage and Regasification Unit [FSRU] - Mumbai","Mumbai Port Trust [MPT]","Maharashtra",11/2020,04/2021,11/2026,11/2026,900.0,900.0,65.0,0,"Shipping"
503,701574,"Deepening and Optimization of Inner Harbour facilities including Western Dock on BOT basis","Paradip Port Trust [PPT]","Odisha",05/2022,01/2023,12/2027,10/2028,3004.63,3004.63,1277.52,50,"Shipping"
504,701576,"Berth No. 2 [previously Berth 3] of HDC Mechanization Project","Haldia Dock Complex, Syama Prasad Mookerjee Port Authority","West Bengal",11/2022,03/2023,09/2025,01/2026,298.26,298.26,480.0,100,"Shipping"
505,701577,"Shalukkhali Liquid Cargo Handling Facility Development Project","Haldia Dock Complex, Syama Prasad Mookerjee Port Authority","West Bengal",01/2022,08/2022,08/2025,-,253.65,253.65,9.28,0,"Shipping"
506,707215,"National Maritime Heritage Complex [NMHC] Phase-I","Indian Port Rail & Ropeway Corporation Ltd. [IPRCL]","Gujarat",02/2019,01/2022,03/2024,03/2026,573.0,1238.05,545.51,73,"Tourism, Hospitality & Wellness"
507,707410,"Integrated Multi Modal Logistics Hub at Nangal Chaudhary in Haryana - Other Trunk Infrastructure Phase 1","National Highways & Infrastructure Development Corporation Ltd. [NHIDCL]","Haryana",05/2018,12/2021,12/2023,05/2028,763.0,763.0,430.0,60,"Logistics Infrastructure"
508,701655,"Krishnapatnam Node - Phase 1 - Roads and Services Development","National Industrial Corridor Development Corporation","Andhra Pradesh",12/2020,02/2024,02/2028,-,2139.44,2139.44,625.56,30,"Real Estate"
509,701657,"Tumakuru Node - Phase 1 Roads and Services Development","National Highways & Infrastructure Development Corporation Ltd. [NHIDCL]","Karnataka",12/2020,02/2023,09/2026,-,1701.81,1701.81,184.16,18,"Real Estate"
510,615202,"Capacity expansion of Deposit-14 and 14 NMZ at Kirandul","National Mineral Development Corporation Limited [NMDC]","Chhattisgarh",08/2021,07/2022,12/2028,03/2028,1700.0,1756.2,170.13,11,"Metals & Mining"
511,617243,"Replacement of Hot Leveller No.1 of Plate Mill at Bhilai Steel Plant","Steel Authority of India Limited [SAIL]","Chhattisgarh",07/2024,08/2024,07/2026,-,198.62,198.62,53.11,40,"Steel"
512,617255,"Replacement of Converter Vessels, Trunnion Rings, Support System & Installation of Secondary Emission at Bhilai Steel Plant","Steel Authority of India Limited [SAIL]","Chhattisgarh",10/2023,12/2023,06/2026,-,471.83,471.83,198.89,57,"Steel"
513,617256,"Rebuilding of Coke Oven Battery No.7 & 8 at Bhilai Steel Plant","Steel Authority of India Limited [SAIL]","Chhattisgarh",11/2023,01/2024,10/2025,03/2026,884.1,884.1,568.32,84,"Steel"
514,706811,"NMDC Slurry Pipeline Project Phase-1","National Mineral Development Corporation Limited [NMDC]","Chhattisgarh",11/2015,09/2020,06/2023,03/2026,2907.0,5427.0,3362.98,91,"Steel"
515,709826,"SCREENING PLANT-III AT KIRANDUL","National Mineral Development Corporation Limited [NMDC]","Chhattisgarh",01/2009,10/2021,01/2026,07/2027,2718.84,2718.84,1430.03,80,"Steel"
516,709827,"CONSTRUCTION OF RESIDENTIAL TOWERS AT BIOM KIRANDUL COMPLEX","National Mineral Development Corporation Limited [NMDC]","Chhattisgarh",07/2021,10/2022,12/2025,02/2026,349.75,349.75,309.3,99,"Steel"
517,400174,"New Sinter Plant at BSL, SAIL","Steel Authority of India Limited [SAIL]","Jharkhand",03/2015,10/2015,10/2017,06/2027,1034.01,1752.3,929.04,53,"Steel"
518,617249,"Replacement of existing Grinders in CRM-I & II at Bokaro Steel Plant","Steel Authority of India Limited [SAIL]","Jharkhand",01/2025,02/2025,01/2027,-,211.94,211.94,23.4,24,"Steel"
519,617250,"Secondary Emission Control in Converters of SMS-II at Bokaro Steel Plant","Steel Authority of India Limited [SAIL]","Jharkhand",01/2025,02/2025,10/2026,-,207.13,207.13,22.94,14,"Steel"
520,617253,"Revamping of old sub-systems of Blast Furnace 3 at Bokaro Steel Plant","Steel Authority of India Limited [SAIL]","Jharkhand",08/2023,10/2023,07/2025,05/2026,513.82,513.82,381.45,84,"Steel"
521,617254,"Replacement of remaining 04 sets of Battery Cyclones with 04 Nos. of ESPs in Sinter Plant-1 at Bokaro Steel Plant","Steel Authority of India Limited [SAIL]","Jharkhand",03/2024,04/2024,06/2026,-,260.37,260.37,65.74,30,"Steel"
522,617257,"Rebuilding of Coke Oven Battery No.1 at Bokaro Steel Plant","Steel Authority of India Limited [SAIL]","Jharkhand",11/2023,12/2023,11/2026,-,627.31,627.31,212.54,55,"Steel"
523,400121,"Construction of Screening Plant-II for Donimalai and Kumaraswamy Iron Ore Mining Complex at Ballari","National Mineral Development Corporation Limited [NMDC]","Karnataka",11/2014,06/2024,08/2026,-,1043.63,1043.63,443.37,49,"Steel"
524,612781,"Rebuilding of COB 4 at Durgapur Steel Plant","Steel Authority of India Limited [SAIL]","West Bengal",09/2023,09/2023,12/2026,-,916.78,916.78,169.02,31,"Steel"
525,617242,"Installation of New Bar Mill at Durgapur Steel Plant","Steel Authority of India Limited [SAIL]","West Bengal",07/2024,08/2024,06/2027,-,2115.44,2115.44,323.48,45,"Steel"
526,617246,"Up-gradation of Blast Furnace No. 3 at Durgapur Steel Plant","Steel Authority of India Limited [SAIL]","West Bengal",09/2024,10/2024,06/2026,-,758.09,758.09,143.53,12,"Steel"
527,617248,"Third Ladle Furnace in Secondary Refinery Unit at IISCO Steel Plant","Steel Authority of India Limited [SAIL]","West Bengal",11/2024,12/2024,07/2026,-,227.96,227.96,57.21,46,"Steel"
528,617251,"Revamping of Air Pollution Control Systems of SP-1 at Durgapur Steel Plant","Steel Authority of India Limited [SAIL]","West Bengal",07/2024,12/2024,05/2026,-,196.4,196.4,31.28,9,"Steel"
529,617338,"Stamp Charge Battery No. 12 Battery Proper at IISCO Steel Plant","Steel Authority of India Limited [SAIL]","West Bengal",01/2025,02/2025,07/2028,-,2518.39,2518.39,233.38,15,"Steel"
530,400298,"Nadikudi-Srikalahasti New Line","South Central Railway [SCR]-II","Andhra Pradesh",03/2012,12/2016,05/2027,03/2028,2312.0,5932.0,2650.58,54,"Railways"
531,611752,"GOOTY-PENDEKALLU DOUBLING 29.225 Km","South Central Railway [SCR]-II","Andhra Pradesh",03/2023,06/2023,03/2027,03/2027,351.83,351.83,121.49,3,"Railways"
532,611754,"GUNTAKAL WEST-MALLAPPA GATE RAIL OVER RAIL ROR TRACK","South Central Railway [SCR]-II","Andhra Pradesh",07/2023,07/2023,07/2026,-,293.3,293.3,160.38,0,"Railways"
533,611927,"Kurnool - Setting up facilities for coach midlife rehabilitation workshop","WPO/Patna","Andhra Pradesh",01/2014,10/2017,12/2023,-,560.72,560.72,276.66,65,"Railways"
534,612827,"Flyover between Pendurthi and Simhachalam North to avoid surface crossing at Simhachalam 7.135 km","East Coast Railway [ECOR]-II","Andhra Pradesh",04/2023,05/2024,04/2027,-,183.65,183.65,12.94,12,"Railways"
535,616697,"3rd & 4th line between Vadlapudi-Gate Jn. cabin and Tie line between Gate Junction to Gangavaram port","East Coast Railway [ECOR]-II","Andhra Pradesh",04/2023,03/2024,06/2026,-,154.28,154.28,41.38,60,"Railways"
536,617210,"Tirupati Katpadi 104.39 kms","South Central Railway [SCR]-II","Andhra Pradesh",04/2025,04/2025,03/2029,-,1215.56,1215.56,0.13,0,"Railways"
537,617216,"3rd Line between Gudur Renigunta 83.17 Km","South Central Railway [SCR]-II","Andhra Pradesh",10/2024,10/2024,03/2027,-,877.34,877.34,98.51,0,"Railways"
538,705253,"Kurnool Coach Midlife Rehabilitation Project","WPO/Patna","Andhra Pradesh",05/2016,07/2014,12/2020,-,563.0,563.0,120.0,0,"Railways"
539,705436,"Kotapalli - Narasapur New Line","South Central Railway [SCR]-II","Andhra Pradesh",03/2009,09/2013,03/2028,03/2028,2501.0,2501.0,1353.79,29,"Railways"
540,705633,"Guntur-Guntakal Doubling Project","South Central Railway [SCR]-II","Andhra Pradesh",03/2017,11/2017,12/2025,12/2026,3733.0,4295.0,4809.39,93,"Railways"
541,705648,"Vijayawada-Gudur 3rd Line","RVNL-II","Andhra Pradesh",08/2016,04/2018,11/2024,03/2026,6654.0,6654.0,6114.84,95,"Railways"
542,705789,"Penukonda - Dharmavaram Doubling Project [41.5 Km]","South Western Railway [SWR]-II","Andhra Pradesh",06/2018,12/2018,03/2026,03/2026,307.66,307.66,296.58,89,"Railways"
543,618986,"Furkating-New Tinsukia [194 Km]","Northeast Frontier Railway [NFR]","Assam",09/2025,09/2025,06/2029,-,3633.58,3633.58,0.24,0,"Railways"
544,705572,"Doubling of New Bongaigaon to Kamakhya via Goalpara - 176 km","Northeast Frontier Railway [NFR]","Assam",09/2016,09/2016,03/2026,03/2026,4060.0,4961.0,3757.77,93,"Railways"
545,706922,"Guwahati-Dibrugarh via Tinsukia & Simaluguri-Dibrugarh","Central Organisation for Railway Electrification [CORE]","Assam",09/2020,09/2018,09/2020,06/2024,890.36,889.36,391.73,89,"Railways"
546,706940,"Mariani-Jorhat, Tinsukia-Dangri and Makum-Tirap Track Electrification Project","GM/C/NFR","Assam",09/2018,01/2022,05/2024,-,183.99,183.99,0.0,0,"Railways"
547,706942,"Harmuti-Murkongselek Branch Line Electrification Project","GM/C/NFR","Assam",09/2018,01/2022,05/2024,-,237.52,237.52,0.0,0,"Railways"
548,400254,"Sakri - Hasanpur [via Harnagar Kusheshwar Asthan] New Railway Line","East Central Railway [ECR]-1","Bihar",12/2023,08/1997,12/2024,03/2027,735.2,735.2,588.82,84,"Railways"
549,617231,"Construction of Bulb line at Nabinagar Ankorah of East Central Railway","East Central Railway [ECR]-1","Bihar",06/2024,06/2024,06/2028,-,611.74,611.74,0.0,0,"Railways"
550,705364,"Khagaria-Kusheshwar Asthan [42Km] new line project","East Central Railway [ECR]-1","Bihar",04/2019,12/1998,12/2024,03/2027,614.0,1384.16,490.41,55,"Railways"
551,705366,"Hajipur-Sagauli New Line","East Central Railway [ECR]-1","Bihar",10/2007,10/2004,03/2020,12/2026,2067.0,2067.0,2015.42,74,"Railways"
552,705368,"Araria Supaul New BG Line","East Central Railway [ECR]-1","Bihar",06/2018,03/2009,03/2024,01/2027,1605.0,2514.0,1651.44,45,"Railways"
553,705373,"Fatuha-Islampur incl. MM for extr.of NL from Neora to Daniawan, Daniawan to Biharsharif, Barbigha to Shekhpura","East Central Railway [ECR]-1","Bihar",08/2002,03/2002,03/2023,08/2025,1473.0,2882.0,2542.82,97,"Railways"
554,705450,"Jogbani-Biratnagar New Rail Line project","Indian Railway Construction International Limited [IRCON]","Bihar",06/2010,01/2011,03/2022,12/2026,402.0,486.0,368.52,86,"Railways"
555,705526,"Samastipur-Darbhanga Doubling Railway Project","East Central Railway [ECR]-1","Bihar",11/2015,12/2015,03/2025,10/2025,519.0,519.0,536.32,93,"Railways"
556,705528,"Sagauli-Valmikinagar","East Central Railway [ECR]-1","Bihar",03/2018,03/2017,12/2025,12/2025,1216.0,2222.0,2084.79,92,"Railways"
557,705528,"Muzaffarpur-Sugauli","East Central Railway [ECR]-1","Bihar",03/2018,03/2017,06/2024,02/2026,1586.0,1586.0,1480.31,99,"Railways"
558,706759,"Rampur Dumra-Tal-Rajendrapul Additional Bridge and Railway Line Doubling","Indian Railway Construction International Limited [IRCON]","Bihar",03/2016,05/2017,12/2024,12/2025,2373.64,1700.24,1493.16,98,"Railways"
559,706860,"Barauni-Bachwara [16 km]-3rd & 4th line incl. Barauni yard remodelling [32 km]","East Central Railway [ECR]-1","Bihar",10/2022,08/2025,08/2025,10/2026,645.0,645.0,43.21,56,"Railways"
560,900874,"JHAJHA-BATIA","East Central Railway [ECR]-1","Bihar",03/2023,03/2023,03/2028,01/2030,588.18,588.18,1.19,0,"Railways"
561,400220,"Kharsia-Dharamjaygarh with Spur line [East Corridor-Phase 1]","Indian Railway Construction International Limited [IRCON]","Chhattisgarh",03/2016,01/2014,09/2018,03/2026,3055.0,3407.09,2637.75,94,"Railways"
562,400291,"Doubling of Kirandul-Jagdalpur Line [150 km]","East Coast Railway [ECOR]-II","Chhattisgarh",02/2013,03/2013,03/2020,05/2026,1589.0,1798.0,1601.53,95,"Railways"
563,602792,"Gauge Conversion of Kendri-Dhamtari including Abhanpur Rajim Branch line 67.20 Kms","SECR","Chhattisgarh",07/2011,05/2021,02/2025,03/2026,1171.0,1171.0,381.99,100,"Railways"
564,612815,"4th line between Nipania Bhatapara 14.4 Km","South East Central Railway [SECR]-II","Chhattisgarh",12/2022,05/2024,03/2027,-,170.49,170.49,9.1,7,"Railways"
565,617200,"KHARSIA-NAYA RAIPUR-PARMALKASA 5th and 6th Line [278KM]","CAO/C/SECR","Chhattisgarh",04/2025,04/2025,03/2031,-,7853.84,7853.84,0.0,0,"Railways"
566,617374,"Dallirajhara - Rowghat New Rail Line Project, Phase-I","Rail Vikas Nigam Limited","Chhattisgarh",NA,11/2009,03/2025,02/2026,1516.45,1881.26,2084.72,96,"Railways"
567,705433,"Dallirajhra-Rowghat New Railway Line - Phase I [95 km]","Rail Vikas Nigam Limited","Chhattisgarh",07/2009,12/2009,09/2025,12/2025,1628.0,1628.0,1440.85,82,"Railways"
568,705444,"Gevra Road-Pendra Road New Railway Line [135 km]","Indian Railway Construction International Limited [IRCON]","Chhattisgarh",04/2014,04/2014,03/2022,12/2025,4970.0,7448.52,4842.72,77,"Railways"
569,706854,"Boridand-Ambikapur Doubling Line Project","South East Central Railway [SECR]-II","Chhattisgarh",06/2022,04/2022,06/2030,06/2030,1376.0,1576.72,179.52,24,"Railways"
570,709815,"4TH LINE - BHATAPARA-HATHBAND [8.8 KM]","SECR","Chhattisgarh",09/2022,05/2024,01/2027,12/2027,177.03,177.03,0.0,4,"Railways"
571,709816,"4TH LINE - BHILAI-BHILAI NAGAR [8.8 KM]","SECR","Chhattisgarh",09/2022,05/2024,02/2027,02/2027,177.34,177.34,1.91,7,"Railways"
572,709817,"4TH LINE - DADHAPARA-BELHA [9.2 KM]","SECR","Chhattisgarh",09/2022,05/2024,11/2026,11/2026,169.06,169.06,20.47,63,"Railways"
573,709818,"4TH LINE RAJNANDGAON-DONGARHGARH [31.2 KM]","SECR","Chhattisgarh",09/2022,05/2024,01/2027,01/2027,328.34,328.34,63.51,30,"Railways"
574,709819,"3RD AND 4TH LINE - SARAGBUNDIA AND MADWARANI","SECR","Chhattisgarh",09/2022,05/2025,12/2026,12/2026,167.64,167.64,0.18,6,"Railways"
575,613785,"Redevelopment of New Delhi Railway Station and construction of associated infrastructure","Rail Land Development Authority","Delhi",01/2023,06/2024,12/2028,-,4744.0,4744.0,169.58,2,"Railways"
576,617379,"Development of New Bijwasan Railway Terminal","Northern Railways","Delhi",02/2008,03/2013,03/2020,12/2026,446.21,446.21,524.63,82,"Railways"
577,705583,"Anand Vihar-Tilak Bridge 3rd & 4th line","CAO/C/NR","Delhi",03/2013,03/2013,03/2023,12/2027,667.0,667.0,291.39,64,"Railways"
578,611918,"Kosamba Umarpada 70 Km","PCE/WR","Gujarat",07/2023,07/2022,03/2027,-,468.0,468.0,20.28,8,"Railways"
579,611943,"New Broad Gauge line between Naliya to Jakhau Port","Western Railway [WR] - II","Gujarat",02/2023,02/2023,01/2028,01/2028,410.26,410.26,9.27,5,"Railways"
580,611944,"Quadrupling between Gandhidham Adipur with Y connection at Adipur for direct entry to Mundra Port","Western Railway [WR]-II","Gujarat",02/2023,02/2023,03/2026,01/2026,152.44,152.44,120.36,95,"Railways"
581,611945,"Petlad Bhadran 23 Kms","Western Railway","Gujarat",05/2022,05/2022,05/2030,05/2030,307.11,307.11,13.66,17,"Railways"
582,611970,"Samlaya Timba Road 54 km","PCE/WR","Gujarat",02/2023,02/2023,03/2030,03/2030,670.17,670.17,45.21,12,"Railways"
583,611971,"Samni Jambusar 24 km","PCE/WR","Gujarat",05/2022,05/2022,03/2030,03/2030,350.0,349.93,70.64,31,"Railways"
584,611974,"Western Railway Samakhiali Gandhidham Quadrupling 53 Kms","Western Railway [WR]-II","Gujarat",08/2023,08/2023,12/2026,06/2027,1430.0,1430.0,323.15,25,"Railways"
585,611977,"Dahod Creation of Infrastructure facilities for 9000 HP Electric locomotives Manufacturing","PCE/WR","Gujarat",05/2022,02/2023,02/2025,-,487.0,487.0,222.88,53,"Railways"
586,611978,"Dahod Rolling Stock Workshop Provision of Infrastructure for CBS","PCE/WR","Gujarat",11/2022,03/2023,03/2025,-,158.0,158.0,51.87,10,"Railways"
587,611979,"Sabarmati Setting up of Maintenance Facilities for Train Sets Phase II","Western Railway [WR] - II","Gujarat",01/2023,04/2023,06/2025,03/2026,250.0,250.0,127.56,76,"Railways"
588,612072,"4th LINE BETWEEN BAREJADI NANDEJ-SANAND-AHMEDABAD BYPASS","Western Railway [WR]-II","Gujarat",02/2023,02/2023,03/2027,07/2028,961.67,961.67,361.72,19,"Railways"
589,613786,"Redevelopment of Ahmedabad railway station and associated infrastructure on EPC mode","Rail Land Development Authority","Gujarat",01/2023,11/2023,03/2028,-,2379.0,2379.0,820.62,24,"Railways"
590,618972,"Devbhumi Dwarka (Okha) - Kanalus Doubling","Western Railway [WR]-II","Gujarat",12/2025,12/2025,12/2028,-,1456.77,1456.77,0.0,0,"Railways"
591,705458,"Miyagam-Karjan-Dabhoi-Samlaya [GC]","Western Railway [WR]-II","Gujarat",01/2017,01/2017,03/2021,12/2026,483.88,1039.13,648.18,42,"Railways"
592,706757,"Modasa-Shamlaji Road Railway Line Project","Western Railway [WR]-II","Gujarat",09/2012,04/2008,03/2025,03/2026,262.0,262.0,342.95,63,"Railways"
593,706763,"Rajkot Kanalus Doubling Project [111.2 Kms]","Western Railway [WR]-II","Gujarat",10/2021,12/2021,10/2026,06/2026,1080.58,1080.58,861.18,79,"Railways"
594,709812,"NADIAD-PETLAD [37.26 KM]","Railway","Gujarat",05/2022,10/2023,06/2030,06/2030,461.91,461.91,178.33,8,"Railways"
595,709813,"NEW BG LINE INTERSECTION [5 NOS] BETWEEN GERATPUR-SANAND & BOTAD-AHMEDABAD","Western Railway [WR]-II","Gujarat",10/2022,07/2025,06/2028,10/2027,437.21,437.21,95.69,20,"Railways"
596,611884,"Bhiwani - Dobh Bahali Doubling Project [42.30 Km]","North Western Railway [NWR]","Haryana",02/2023,02/2023,02/2028,02/2028,471.0,471.0,235.07,67,"Railways"
597,617372,"Doubling between Pradhankunta-Patherdih-Bhojudih of East Central Railway","East Central Railway [ECR]-1","Jharkhand",11/2022,11/2022,12/2025,03/2026,349.22,349.22,118.77,71,"Railways"
598,617832,"Koderma-Arigada Doubling 133.38 Km of East Central Railway","East Central Railway [ECR]-1","Jharkhand",06/2025,06/2025,12/2029,-,2887.11,2887.11,0.0,0,"Railways"
599,705765,"Gomoh Flyover for DN trains","East Central Railway [ECR]-1","Jharkhand",01/2018,01/2018,03/2026,03/2026,686.0,686.0,602.54,65,"Railways"
600,705785,"Lodhma-Piska Link Line bypassing Hatia/Ranchi with Y connection","South Eastern Railway [SER]-1","Jharkhand",08/2021,03/2019,06/2026,05/2027,473.0,473.0,291.12,5,"Railways"
601,706837,"Pradhan Kuntha Jn Line Doubling Project","East Central Railway [ECR]-1","Jharkhand",11/2022,11/2022,11/2027,11/2027,349.22,349.22,118.77,71,"Railways"
602,400023,"Construction of New BG line between Hassan to Belur [27 Km]","South Western Railway [SWR]-II","Karnataka",03/2019,12/2025,04/2028,04/2027,749.0,749.0,0.94,0,"Railways"
603,703585,"Yeshvanthpur - Channasandra Doubling Project [21.70 Km]","Karnataka Rail Infrastructure Development Company Limited [K-RIDE]","Karnataka",04/2019,10/2019,03/2024,03/2026,314.1,683.57,163.55,55,"Railways"
604,705434,"New Railway Line between Ginigera and Raichur [165.57 km]","South Western Railway [SWR]-II","Karnataka",03/2008,05/2009,03/2019,03/2027,2565.0,3034.98,2156.91,66,"Railways"
605,705490,"Gadag-Wadi New Railway Line [257 km]","South Western Railway [SWR]-II","Karnataka",04/2013,08/2017,03/2027,12/2027,2842.0,6700.0,1436.64,30,"Railways"
606,705492,"Kadur - Chickamagalur Sakleshpur [93km]","South Western Railway [SWR]-II","Karnataka",01/2014,11/2016,06/2025,12/2025,825.0,825.0,732.7,83,"Railways"
607,705495,"Bagalkot-Kudachi New Railway Line [142 km]","South Western Railway [SWR]-II","Karnataka",10/2013,11/2012,03/2027,01/2027,1378.0,1649.0,750.4,35,"Railways"
608,705496,"Tumkur-Chitradurga-Davangere New Rail Line Project [191 km]","South Western Railway [SWR]-II","Karnataka",10/2013,01/2017,03/2019,12/2027,1876.0,1876.0,523.94,14,"Railways"
609,705663,"Bangalore-Whitefield-Bangalore City-Krishnarajapuram [23.08 km] Quadrupling","South Western Railway [SWR]-II","Karnataka",02/2018,06/2022,02/2026,02/2026,493.0,493.0,282.53,84,"Railways"
610,705761,"SHIMOGA SHIKARIPURA-RANEBENNUR [96 Km]","South Western Railway [SWR]-II","Karnataka",09/2019,02/2023,12/2027,06/2028,1454.0,1454.0,81.36,12,"Railways"
611,705941,"Bangalore Suburban Railway Project","Karnataka Rail Infrastructure Development Company Limited [K-RIDE]","Karnataka",10/2020,10/2020,12/2026,03/2030,15767.0,15767.0,2384.86,19,"Railways"
612,706835,"Belgaum-Dharwad via Kittur [73.10Km]","South Western Railway [SWR]-II","Karnataka",09/2020,03/2025,12/2027,03/2029,1591.0,1591.0,0.38,0,"Railways"
613,705638,"Kumbalam-Turavur doubling project [15.59 Km]","Ministry of Railways","Kerala",04/2023,04/2023,03/2027,03/2027,813.0,802.8,86.79,21,"Railways"
614,705639,"Ernakulam-Kumbalam doubling project [7.71 Km]","SR-ERS","Kerala",04/2023,04/2023,03/2028,02/2027,601.0,595.39,298.71,22,"Railways"
615,705480,"Lalitpur-Satna, Rewa-Singrauli & Mahoba-Khajuraho","North Central Railway","Madhya Pradesh",01/2007,03/1998,03/2027,12/2027,8914.0,8914.0,6652.56,74,"Railways"
616,705651,"Katni - Bina Third Railway Line [279 km]","West Central Railway [WCR]-1","Madhya Pradesh",06/2016,01/2017,03/2022,12/2025,2478.23,4127.23,3357.47,99,"Railways"
617,705659,"Satna-Rewa Railway Line Doubling Project","West Central Railway [WCR]-II","Madhya Pradesh",11/2015,08/2017,03/2026,03/2026,500.0,584.0,559.49,85,"Railways"
618,705660,"Doubling of Katni - Singrauli Railway Line [261 km]","Indian Railway Construction International Limited [IRCON]","Madhya Pradesh",03/2016,03/2017,12/2025,12/2025,2445.0,4377.0,3267.93,100,"Railways"
619,705661,"Katni Grade Separator/Bye Pass","Indian Railway Construction International Limited [IRCON]","Madhya Pradesh",03/2016,09/2017,09/2024,03/2026,1248.0,1248.0,1722.72,95,"Railways"
620,705763,"Indore Budni New Railway Line [198 kms]","RVNL-II","Madhya Pradesh",08/2019,10/2020,09/2030,09/2030,7474.0,7474.0,2064.85,29,"Railways"
621,705933,"Nimach-Ratlam Doubling [133 Km]","Western Railway [WR]-II","Madhya Pradesh",10/2021,10/2021,10/2027,10/2027,1095.88,1095.88,1067.49,89,"Railways"
622,400019,"DHULE [BORVIHIR] - NARDANA NEW LINE [50.60 KMS]","Central Railway","Maharashtra",01/2019,04/2023,12/2026,09/2027,492.76,1170.83,440.73,25,"Railways"
623,400271,"Wardha-Nanded Via Yavatmal New BG Line","Central Railway [CR]","Maharashtra",12/2017,04/2008,03/2025,12/2026,3445.0,3445.0,3002.93,50,"Railways"
624,611751,"AURANGABAD-ANKAI DOUBLING PROJECT 98.25 Km","South Central Railway [SCR]-II","Maharashtra",05/2023,05/2023,03/2027,-,960.64,960.64,803.0,1,"Railways"
625,613015,"Redevelopment of Chhatrapati Shivaji Maharaj Terminus [CSMT] and associated infrastructure","Rail Land Development Authority","Maharashtra",04/2023,07/2023,03/2027,-,1813.0,1813.0,692.66,19,"Railways"
626,617201,"Gondia-Balharshah [Chanda Fort] Doubling [240 Km]","South East Central Railway","Maharashtra",04/2025,04/2025,03/2031,-,4373.04,4373.04,0.51,0,"Railways"
627,617215,"Doubling between Parbhani Parli Vaijnath stations 64.71 Km","South Central Railway [SCR]-II","Maharashtra",12/2023,12/2023,03/2028,-,769.93,769.93,62.46,0,"Railways"
628,617361,"Babupeth Sasti New Rail Line [13.114 KMs]","Central Railway","Maharashtra",10/2024,10/2024,03/2028,-,362.81,362.81,0.48,0,"Railways"
629,617364,"Double Chord line Between Nilaje-Kopar","Central Railway","Maharashtra",01/2025,01/2025,07/2028,-,338.33,205.0,11.44,24,"Railways"
630,705356,"Ahmednagar - Beed - Parli Vaijnath New Broad Gauge Line Railway Project [261.3 km]","Central Railway [CR] - II","Maharashtra",01/1999,10/2002,03/2026,03/2026,2538.67,4957.27,5211.1,98,"Railways"
631,705357,"Baramati Lonand New Line Project","Central Railway","Maharashtra",03/2016,03/1999,03/2027,03/2027,138.48,1843.9,903.95,60,"Railways"
632,705479,"Wadsa-Gadchiroli","South East Central Railway","Maharashtra",05/2017,03/2012,03/2027,03/2027,1886.0,1886.0,730.33,53,"Railways"
633,705498,"3rd Line Kalyan - Kasara [67.35 Kilometres]","Central Railway","Maharashtra",09/2015,09/2015,12/2026,12/2026,792.89,1395.79,1024.34,69,"Railways"
634,705500,"3rd Line Wardha Sewagram - Nagpur","Central Railway [CR] - II","Maharashtra",09/2015,05/2016,12/2025,10/2026,540.02,916.53,798.89,88,"Railways"
635,705502,"3rd Line Wardha - Ballarshah [132 Kilometres]","Central Railway [CR] - II","Maharashtra",03/2016,12/2016,12/2025,02/2026,1384.72,2033.59,1743.27,98,"Railways"
636,705503,"Pune - Miraj-Londa [467 Kilometres]","Central Railway","Maharashtra",06/2016,06/2016,02/2025,08/2025,4027.53,4872.52,5142.37,100,"Railways"
637,705504,"Doubling of Daund Manmad Line [247.6 km]","Central Railway","Maharashtra",10/2017,03/2017,12/2025,03/2026,2081.27,3267.06,2982.69,92,"Railways"
638,705505,"4th Line Wardha - Nagpur [78.7 Kilometres]","Central Railway [CR] - II","Maharashtra",04/2017,05/2018,12/2025,10/2026,637.95,1214.69,1040.86,88,"Railways"
639,705506,"3rd Line Manmad Jalgaon [160 Kilometres]","Central Railway [CR] - II","Maharashtra",05/2017,04/2018,12/2024,08/2025,1035.16,1870.0,1800.16,100,"Railways"
640,705735,"Solapur-Tuljapur-Osmanabad","Central Railway","Maharashtra",08/2018,12/2023,03/2027,03/2028,904.92,3295.74,1199.39,12,"Railways"
641,705799,"Nagpur - Nagbhir Railway Line Gauge Conversion Project","MRIDC","Maharashtra",10/2019,04/2020,12/2025,12/2025,1400.0,1400.0,1472.0,80,"Railways"
642,706779,"Mumbai Urban Transport Project [MUTP]-PHASE II","Mumbai Rail Vikas Corporation Ltd. [MRVC]","Maharashtra",05/2008,04/2008,03/2014,12/2027,8087.0,8087.0,7442.71,88,"Railways"
643,706780,"Mumbai Urban Transport Project [MUTP] Phase-IIIA","Mumbai Rail Vikas Corporation Ltd. [MRVC]","Maharashtra",04/2019,04/2019,12/2027,12/2027,33690.0,33690.0,3069.68,20,"Railways"
644,706781,"Mumbai Urban Transport Project Phase-III","Mumbai Rail Vikas Corporation Ltd. [MRVC]","Maharashtra",11/2016,12/2016,03/2022,12/2026,10947.0,10947.0,5914.63,70,"Railways"
645,705391,"Jiribam-Imphal new line project","Northeast Frontier Railway [NFR]","Manipur",03/2013,12/2007,12/2026,06/2029,14323.0,21885.9,15849.48,72,"Railways"
646,705491,"Marikuppam - Kuppam New Line Project [23.70 Km]","South Western Railway [SWR]-II","Multi-States (Andhra Pradesh, Karnataka)",04/2012,10/2018,06/2026,06/2026,297.0,297.0,138.39,21,"Railways"
647,705494,"Rayadurg-Tumkur via Kalyandurg New Line [207 km]","South Western Railway [SWR]-II","Multi-States (Andhra Pradesh, Karnataka)",03/2008,07/2010,09/2015,02/2028,2496.0,2496.0,1847.89,71,"Railways"
648,705610,"Renigunta, Wadi & Gooty Bypass Railway Project","South Central Railway [SCR]-II","Multi-States (Andhra Pradesh, Karnataka)",04/2016,04/2016,12/2025,03/2026,302.0,543.0,544.65,89,"Railways"
649,617212,"Doubling between Mudkhed Medchal & Mahbubnagar Dhone section 417.88 Km","South Central Railway [SCR]-II","Multi-States (Andhra Pradesh, Maharashtra, Telangana)",08/2023,08/2023,03/2029,-,4686.09,4686.09,1109.51,2,"Railways"
650,400253,"Vizianagaram-Titilagarh 3rd line [272 Km including By-pass line of 7.68 KM]","RVNL-II","Multi-States (Andhra Pradesh, Odisha)",06/2016,11/2016,12/2025,12/2026,4803.0,6669.91,6049.39,94,"Railways"
651,705512,"Doubling of Kottavalasa-Koraput Rail Line [189 KM]","East Coast Railway [ECOR] - II","Multi-States (Andhra Pradesh, Odisha)",12/2015,01/2016,03/2022,03/2028,2500.0,2500.0,2087.36,71,"Railways"
652,400275,"Tindivanam-Nagari New Line Project [184.5 km]","Ministry of Railways","Multi-States (Andhra Pradesh, Tamil Nadu)",07/2008,10/2008,09/2025,03/2028,3631.0,3631.0,1185.28,19,"Railways"
653,616857,"Doubling between Motumari Vishnupuram 88.81 Km and RoR at Motumari-10.877 Km","South Central Railway [SCR]-II","Multi-States (Andhra Pradesh, Telangana)",02/2024,03/2025,03/2029,-,1595.55,1595.55,46.1,2,"Railways"
654,617211,"Doubling of Guntur Bibinagar 239 Km","South Central Railway [SCR]-II","Multi-States (Andhra Pradesh, Telangana)",08/2023,08/2023,03/2029,-,2853.23,2853.23,110.45,2,"Railways"
655,617214,"Rail Connectivity to Errupalem Amaravati Namburu 57 Km","South Central Railway [SCR]-II","Multi-States (Andhra Pradesh, Telangana)",11/2024,11/2024,03/2027,-,2047.4,2047.4,34.78,0,"Railways"
656,705612,"Kazipet-Vijayawada 3rd line with electrification [220 km]","South Central Railway [SCR]-II","Multi-States (Andhra Pradesh, Telangana)",03/2013,08/2014,02/2025,12/2025,1953.0,3363.0,4139.07,94,"Railways"
657,705632,"Vijayawada-Kazipet Byepass line","South Central Railway [SCR]-II","Multi-States (Andhra Pradesh, Telangana)",04/2016,04/2016,01/2025,12/2025,647.0,904.0,1060.15,93,"Railways"
658,705401,"Murkongselek-Pasighat","Northeast Frontier Railway [NFR]-II","Multi-States (Arunachal Pradesh, Assam)",02/2011,03/2023,03/2025,05/2026,435.0,1250.0,816.33,66,"Railways"
659,616701,"Lumding Furkating Doubling Project 140 km","Northeast Frontier Railway [NFR]","Multi-States (Assam, Nagaland)",02/2024,01/2025,02/2028,-,2123.7,2123.7,57.66,1,"Railways"
660,705392,"Dimapur [Dhansiri]-Sukhobi Kohima [Zubza] NL [82.5 Km]","Northeast Frontier Railway [NFR]-II","Multi-States (Assam, Nagaland)",08/2015,02/2016,03/2025,12/2029,6663.0,6663.0,5949.29,40,"Railways"
661,705794,"New Delhi - Howrah Speed Booster [160Kmph] Project","PCE/NCR","Multi-States (Bihar, Delhi, Jharkhand, Uttar Pradesh, West Bengal)",09/2019,09/2019,03/2024,-,6684.81,6684.81,127.03,0,"Railways"
662,616699,"Multi tracking of Son Nagar-Andal 374.53 rkm & 814.38 tkm","East Central Railway [ECR]-1","Multi-States (Bihar, Jharkhand)",08/2023,08/2023,03/2028,-,12333.57,12333.6,509.75,15,"Railways"
663,705375,"Koderma-Tilaiya New Line","East Central Railway [ECR]-1","Multi-States (Bihar, Jharkhand)",11/2004,03/2002,02/2025,02/2026,1628.0,2486.62,2156.71,95,"Railways"
664,705385,"Pirpainti Jasidih [100.52 Km] New BG line","Eastern Railway [ER] -1","Multi-States (Bihar, Jharkhand)",03/2014,03/2022,03/2028,03/2028,2555.0,2555.0,1105.03,61,"Railways"
665,611669,"NER Provision of Automatic Block Signalling on Gorakhpur Cantt-Chhapra & Burhwal-Sitapur","North Eastern Railway [NER]","Multi-States (Bihar, Uttar Pradesh)",NA,06/2023,03/2027,03/2028,380.47,380.47,244.67,20,"Railways"
666,617224,"Gorakhpur-Valmikinagar Doubling project","NER","Multi-States (Bihar, Uttar Pradesh)",08/2023,03/2024,12/2027,-,1120.0,1120.0,318.9,26,"Railways"
667,705562,"Chhapra-Ballia Patch Doubling","North Eastern Railway [NER]","Multi-States (Bihar, Uttar Pradesh)",03/2013,12/2015,02/2025,03/2026,963.0,1046.0,912.43,95,"Railways"
668,617245,"Katihar Kumedpur & Katihar Mukuria BG Doubling Project","Northeast Frontier Railway [NFR]","Multi-States (Bihar, West Bengal)",08/2022,08/2022,08/2026,02/2027,942.64,942.84,476.45,63,"Railways"
669,618978,"Gondia - Dongargarh 4th line [84 Km]","South Eastern Central Railway","Multi-States (Chhattisgarh, Maharashtra)",10/2025,10/2025,10/2030,-,2222.53,2222.53,0.0,0,"Railways"
670,705617,"Rajnandgaon Nagpur [Kalamna] Third Railway Line [228.30 km]","South East Central Railway [SECR]-II","Multi-States (Chhattisgarh, Maharashtra)",09/2016,12/2016,12/2024,06/2026,3545.0,3545.0,3589.67,96,"Railways"
671,617390,"Sardega-Bhalumuda New Double line [37.24 Km]","SECR","Multi-States (Chhattisgarh, Odisha)",09/2024,09/2024,03/2028,-,1281.81,1281.81,128.01,3,"Railways"
672,705511,"Jagdalpur-Koraput","East Coast Railway [ECOR] - II","Multi-States (Chhattisgarh, Odisha)",12/2015,03/2016,03/2024,12/2026,1547.0,1547.0,1356.59,93,"Railways"
673,705616,"Jharsuguda-Bilaspur Fourth Railway Line [206 km]","SECR","Multi-States (Chhattisgarh, Odisha)",09/2016,09/2016,10/2024,03/2026,2140.0,2979.0,2217.72,94,"Railways"
674,705728,"Mumbai-Ahmedabad High Speed Rail Project - 508 km","National High Speed Rail Corporation [NHSRC]","Multi-States (Dadra & Nagar Haveli and Daman & Diu, Gujarat, Maharashtra)",03/2015,09/2017,08/2027,12/2029,108000.0,108000.0,86792.89,57,"Railways"
675,705793,"Raising of speed to 160 kmph/200 kmph on existing New Delhi-Mumbai route incl. Vadodara-Ahmedabad","PCE/WR","Multi-States (Delhi, Gujarat, Madhya Pradesh, Maharashtra, Rajasthan)",09/2019,09/2019,03/2024,03/2026,6806.44,8095.12,9341.42,64,"Railways"
676,705650,"Hospet-Tinaighat - Vasco Rail Doubling Project","RVNL-II","Multi-States (Goa, Karnataka)",03/2010,07/2012,03/2027,12/2027,5060.0,5060.0,5282.88,86,"Railways"
677,706950,"Hospet-Hubli-Vasco da Gama Line Electrification Project","RVNL","Multi-States (Goa, Karnataka)",07/2015,05/2018,03/2023,06/2026,744.49,1122.62,1154.0,99,"Railways"
678,705237,"Western Dedicated Freight Corridor","DFCCIL","Multi-States (Gujarat, Haryana, Maharashtra, Rajasthan, Uttar Pradesh)",02/2008,01/2012,03/2022,12/2025,51101.0,124005.0,124623.0,96,"Railways"
679,705453,"New line Dahod-Indore via Sardarpur, Jhabua and Dhar","Western Railway [WR]-II","Multi-States (Gujarat, Madhya Pradesh)",06/2012,06/2012,02/2027,02/2027,456.07,3516.77,3963.21,62,"Railways"
680,705454,"Chhota Udaipur Dhar New Line Project [157 km]","Western Railway [WR]-II","Multi-States (Gujarat, Madhya Pradesh)",11/2008,01/2014,12/2025,12/2025,1794.0,1794.0,1815.95,80,"Railways"
681,611452,"MUMBAI CENTRAL VIRAR VADODARA AHMEDABAD TRAIN PROTECTION SYSTEM 500 RKM","Western Railway","Multi-States (Gujarat, Maharashtra)",09/2019,03/2023,12/2025,12/2026,311.0,311.0,263.42,93,"Railways"
682,400022,"Taranga Hill-Abu Road via Ambaji","North Western Railway [NWR]","Multi-States (Gujarat, Rajasthan)",07/2022,07/2022,07/2030,07/2030,2798.0,2798.0,2181.96,20,"Railways"
683,616842,"LUNI-SAMDARI-BHILDI DOUBLING","North Western Railway [NWR]","Multi-States (Gujarat, Rajasthan)",02/2024,02/2024,07/2027,-,3085.59,3085.59,536.39,18,"Railways"
684,705424,"Chandigarh-Baddi New Rail Line - 36 km","Northern Railway [NR]","Multi-States (Haryana, Himachal Pradesh)",02/2018,02/2018,12/2026,12/2026,1540.0,1540.13,565.25,39,"Railways"
685,611861,"Rewari - Kathuwas Doubling Project [27.72 Km]","North Western Railway [NWR]","Multi-States (Haryana, Rajasthan)",02/2023,12/2022,06/2027,06/2027,352.0,352.0,298.26,74,"Railways"
686,705410,"Nangal Dam-Talwara New BG Line [84 KM] and Taking Over Siding Mukerian-Talwara [29 KM]","Northern Railway [NR]","Multi-States (Himachal Pradesh, Punjab)",03/1983,05/1985,12/2025,12/2027,2018.0,2018.0,89486.62,83,"Railways"
687,705428,"Bhanupalli-Bilaspur-Beri New Railway Line Project","RVNL-II","Multi-States (Himachal Pradesh, Punjab)",03/2009,04/2015,12/2026,12/2027,13447.0,13447.0,7290.03,61,"Railways"
688,705628,"Doubling of Hatia [Ranchi]-Bondamunda Rail Line - 159 km","South Eastern Railway-JH","Multi-States (Jharkhand, Odisha)",03/2016,02/2017,06/2025,06/2026,3029.0,3029.04,2551.56,87,"Railways"
689,616588,"Buramara-Chakulia new line [59.96 km]","South Eastern Railway [SER]-1","Multi-States (Jharkhand, Odisha, West Bengal)",08/2024,12/2024,12/2029,-,1459.13,1459.13,5.28,0,"Railways"
690,616227,"Chandil - Anara Damodar 3rd line [121.26 km]","CAO/C/SER","Multi-States (Jharkhand, West Bengal)",09/2024,07/2025,09/2029,-,1932.01,1932.01,1.74,0,"Railways"
691,705668,"KHARAGPUR-ADITYAPUR THIRD RAIL LINE - 132 KM","RVNL-1","Multi-States (Jharkhand, West Bengal)",09/2016,01/2018,03/2025,06/2026,3250.0,3250.0,3248.61,97,"Railways"
692,705662,"Hotgi-Kudgi-Gadag Doubling Project","South Western Railway [SWR]-II","Multi-States (Karnataka, Maharashtra)",04/2014,01/2016,12/2024,03/2026,1878.0,2459.0,2709.7,93,"Railways"
693,703586,"Baiyyappanahalli - Hosur Doubling Project [48 km]","Karnataka Rail Infrastructure Development Company Limited [K-RIDE]","Multi-States (Karnataka, Tamil Nadu)",04/2019,02/2019,03/2024,01/2026,498.7,748.7,677.84,87,"Railways"
694,705635,"Trivandrum-Kanyakumari","Southern Railway [SR]-1","Multi-States (Kerala, Tamil Nadu)",08/2017,03/2016,03/2025,12/2026,1432.0,3785.45,2851.29,52,"Railways"
695,705457,"Ratlam-Mhow-Khandwa-Akola Gauge Conversion","Western Railway [WR]-II","Multi-States (Madhya Pradesh, Maharashtra)",04/2008,03/2010,03/2027,09/2028,1656.25,6499.86,4580.33,82,"Railways"
696,705507,"Itarsi - Nagpur Third Railway Line [280 km]","Central Railway [CR]-II","Multi-States (Madhya Pradesh, Maharashtra)",09/2016,09/2016,03/2027,12/2027,2449.91,2506.68,2013.98,55,"Railways"
697,617406,"RATLAM DUNGARPUR VIA BANSWARA NEW LINE PROJECT","North Western Railway [NWR]","Multi-States (Madhya Pradesh, Rajasthan)",10/2015,05/2023,03/2028,-,2417.24,2417.24,7.03,8,"Railways"
698,705419,"Gwalior Sheopurkalan with extension to Kota [Gauge Conversion]","North Central Railway","Multi-States (Madhya Pradesh, Rajasthan)",03/2011,07/2018,03/2025,02/2026,2913.0,2913.0,2128.16,87,"Railways"
699,705481,"Ramganjmandi-Bhopal New Line Project [262 km]","West Central Railway [WCR]-II","Multi-States (Madhya Pradesh, Rajasthan)",03/2001,10/2004,12/2025,12/2027,3032.0,5073.0,3829.55,79,"Railways"
700,705764,"Nimach-Badi Sadri New Rail Line Project","Western Railway [WR]-II","Multi-States (Madhya Pradesh, Rajasthan)",04/2017,09/2021,03/2026,06/2026,495.0,825.0,176.42,60,"Railways"
701,705667,"Mathura-Jhansi Third Railway Line [274 Km]","RVNL-II","Multi-States (Madhya Pradesh, Rajasthan, Uttar Pradesh)",12/2015,03/2018,12/2024,12/2026,5961.0,5961.0,5069.6,94,"Railways"
702,705598,"Jhansi-Bina Third Railway Line [153 Km]","CAO/C/NCR","Multi-States (Madhya Pradesh, Uttar Pradesh)",09/2016,03/2018,03/2022,03/2026,2002.0,2002.0,1862.02,93,"Railways"
703,705608,"Jhansi-Khairar-Manikpur & Khairar-Bhimsen","North Central Railway","Multi-States (Madhya Pradesh, Uttar Pradesh)",03/2018,04/2019,03/2026,03/2026,4330.0,4330.0,2484.54,63,"Railways"
704,705613,"Third Line between Kazipet-Balharshah with electrification [201.04 Km]","South Central Railway [SCR]-II","Multi-States (Maharashtra, Telangana)",09/2016,10/2016,01/2025,11/2025,2595.0,3071.0,3632.03,94,"Railways"
705,705629,"Narayangarh-Bhadrak 3rd line","South Eastern Railway [SER]-1","Multi-States (Odisha, West Bengal)",03/2019,03/2017,12/2025,06/2026,2400.0,3425.32,2481.92,67,"Railways"
706,400223,"Nagapattinam-Tiruturaipundi and Karaikal-Peralam New Line","Ministry of Railways","Multi-States (Puducherry, Tamil Nadu)",07/2008,01/2019,03/2027,03/2028,713.0,981.0,633.24,80,"Railways"
707,705432,"Sivok-Rangpo New Rail Line","Indian Railway Construction International Limited [IRCON]","Multi-States (Sikkim, West Bengal)",10/2009,05/2010,05/2015,12/2027,7877.0,11775.0,10027.63,90,"Railways"
708,602797,"Sainthia, Sitarampur, Mughalsarai, Allahabad & Etawah Bypass Line Project","Eastern Railway [ER]-1","Multi-States (Uttar Pradesh, West Bengal)",08/2017,12/2017,03/2027,03/2027,461.64,461.54,197.33,9,"Railways"
709,400005,"Jharsuguda-Barpali-Sardega Ph II Works - Rail Connectivity for Coal Loading Bulb at Barpali","South Eastern Railway [SER]-1","Odisha",10/2021,10/2021,10/2025,12/2026,808.99,808.99,542.88,32,"Railways"
710,400045,"Proposed 6 nos Road Over Bridge at different locations under MCL Talcher Under Deposit Scheme","East Coast Railway [ECOR]-II","Odisha",08/2022,07/2022,03/2025,01/2025,168.32,168.32,69.85,82,"Railways"
711,400047,"Doubling of Lingaraj SILO connectivity of NTPC line and augmentation of NTPC exchange yard","East Coast Railway [ECOR]-II","Odisha",08/2022,06/2022,12/2024,12/2026,210.0,210.0,37.17,50,"Railways"
712,400048,"Doubling of lines connecting the loading spurs in Talcher Yard","East Coast Railway [ECOR]-II","Odisha",09/2022,06/2022,12/2024,04/2026,186.21,186.21,93.02,86,"Railways"
713,400232,"Brundamal-Jharsuguda flyover connection for joining downline","East Coast Railway [ECOR]-II","Odisha",01/2014,01/2014,12/2026,12/2026,297.0,297.0,215.98,48,"Railways"
714,612834,"3rd & 4th line between Sarla - Sason [8 km]","East Coast Railway [ECOR]-II","Odisha",04/2023,04/2023,12/2025,-,252.0,252.0,105.68,70,"Railways"
715,616586,"Bangriposi Gorumahisani new line [85.60 km]","CAO/C/SER","Odisha",08/2024,09/2025,12/2029,-,2269.49,2269.49,4.41,0,"Railways"
716,616587,"Badampahar-Kendujhargarh new line [82.06 km]","CAO/C/SER","Odisha",08/2024,09/2025,12/2029,-,1875.72,1875.72,1.93,0,"Railways"
717,616694,"Flyover between Siju and Paradeep coaching Yard to avoid Surface crossing of trains","East Coast Railway [ECOR]-II","Odisha",04/2023,10/2025,07/2028,-,200.77,200.77,30.0,2,"Railways"
718,616695,"Paradeep-Badabandha 3rd & 4th Line [18.51 kms]","East Coast Railway [ECOR]-II","Odisha",08/2023,04/2025,11/2028,-,300.15,300.15,0.1,5,"Railways"
719,618995,"New Line between Junagarh Nabarangpur [116.21 Km]","Indian Railway","Odisha",08/2024,08/2025,08/2030,-,2864.51,2864.51,0.0,0,"Railways"
720,705358,"Khurda-Bolangir New Broad Gauge Rail Link [301km]","East Coast Railway [ECOR]-II","Odisha",03/1994,03/2001,12/2026,12/2026,3792.0,5089.0,5370.68,90,"Railways"
721,705359,"Talcher-Bimlagarh New Railway Line","East Coast Railway [ECOR]-II","Odisha",03/2004,12/2004,03/2025,03/2027,1928.0,1928.0,2021.63,51,"Railways"
722,705510,"Bhadrak-Nergundi Third Line","East Coast Railway [ECOR]-II","Odisha",10/2015,04/2015,11/2024,01/2026,1284.0,1284.0,1323.62,91,"Railways"
723,705513,"Koraput-Singapur Railway Doubling","East Coast Railway [ECOR]-II","Odisha",12/2015,12/2015,12/2027,03/2028,2362.0,2362.0,1892.65,72,"Railways"
724,705514,"Jarapada Budhapank with flyover at Talcher road 3rd and 4th Line","East Coast Railway [ECOR]-II","Odisha",11/2015,12/2015,11/2018,03/2026,1000.0,810.02,434.84,58,"Railways"
725,705515,"3rd & 4th Railway Line Project from Salegaon to Budhapank via Rajathgarh","East Coast Railway [ECOR]-II","Odisha",07/2013,12/2015,03/2026,03/2026,1173.0,2092.0,2083.09,86,"Railways"
726,705741,"Jeypore-Navarangpur New Rail Line Project","East Coast Railway [ECOR]-II","Odisha",07/2017,04/2023,07/2028,12/2029,748.0,748.0,14.27,1,"Railways"
727,705742,"Jeypore-Malkangiri New Railway Line Project","East Coast Railway [ECOR]-II","Odisha",02/2018,12/2023,07/2033,07/2033,2344.0,2344.0,493.99,20,"Railways"
728,706898,"Khurda Road-Balangir Electrification of Railway Track Project","Ministry of Railways","Odisha",09/2018,09/2019,03/2021,-,267.81,267.61,0.0,0,"Railways"
729,709811,"GANDHAMARDAN IRON ORE MINES TO GOALDIH STATION [12.76kms]","East Coast Railway [ECOR]-II","Odisha",09/2022,05/2025,09/2027,09/2027,190.0,189.93,0.0,0,"Railways"
730,705362,"Jaynagar-Bijalpura, incl. extn. Bet, Bijalpura-Bardibas [Nepal]","East Central Railway [ECR]-1","Offshore",08/2015,03/2011,03/2022,03/2026,819.0,819.0,580.51,75,"Railways"
731,705298,"North Region Video Surveillance Project","RCIL","PAN India",06/2020,04/2023,03/2024,-,274.39,274.39,0.0,48,"Railways"
732,705783,"Ludhiana-Killa Raipur Railway Doubling Project","Railway","Punjab",03/2019,12/2022,03/2025,03/2026,237.64,238.0,135.92,56,"Railways"
733,611849,"Devgarh Madariya - Nathdwara Gauge Conversion [82.54 Km] part of Marwar - Mavli GC","North Western Railway [NWR]","Rajasthan",01/2023,01/2023,06/2028,06/2028,968.92,968.92,196.05,60,"Railways"
734,611855,"Devgarh Madariya Nathdwara Gauge Conversion [82.54 Km] part of Marwar Mavli GC","North Western Railway [NWR]","Rajasthan",NA,01/2023,01/2027,-,968.92,968.92,576.63,60,"Railways"
735,611929,"Maintenance cum workshop depot for Vande Bharat Sleeper Trains under WTA 527","WPO/Patna","Rajasthan",09/2022,06/2023,12/2024,-,166.86,166.86,0.0,0,"Railways"
736,616841,"PUSHKAR-MERTA CITY NEW LINE","North Western Railway [NWR]","Rajasthan",02/2024,02/2024,12/2026,-,799.84,799.64,75.78,6,"Railways"
737,616843,"AJMER-CHANDERIYA DOUBLING","North Western Railway [NWR]","Rajasthan",02/2024,02/2024,06/2027,-,1634.79,1634.79,211.26,10,"Railways"
738,617403,"SADULPUR CHURU DOUBLING PROJECT","North Western Railway [NWR]","Rajasthan",01/2024,01/2024,06/2026,-,468.64,468.64,137.46,56,"Railways"
739,617404,"POKHRAN RAMDEVRA New Line","North Western Railway [NWR]","Rajasthan",04/2025,04/2025,03/2028,-,189.21,189.21,0.0,0,"Railways"
740,617408,"NATHDWARA-NATHDWARA TOWN NL","North Western Railway [NWR]","Rajasthan",03/2019,04/2024,03/2027,-,166.33,166.33,96.97,12,"Railways"
741,705482,"Dholpur Sirmuttra Gauge Conversion","North Central Railway","Rajasthan",03/2022,04/2020,02/2019,02/2027,747.0,747.0,446.59,47,"Railways"
742,705752,"Gudha-Thatha Mithri Construction of Railway Track Project","North Western Railway [NWR]","Rajasthan",04/2019,04/2019,11/2026,11/2026,819.48,967.06,387.46,99,"Railways"
743,705912,"Sawai Madhopur-Jaipur Railway Line Project","North Western Railway [NWR]","Rajasthan",02/2024,04/2023,03/2027,-,1203.89,1203.89,147.71,14,"Railways"
744,705919,"Agra Fort-Bandikui Doubling Line Project","CAO/C/NCR","Rajasthan",06/2022,02/2021,06/2027,06/2027,1390.0,1390.0,389.98,61,"Railways"
745,706866,"Sawaimadhopur Bye Pass Line Project","North Western Railway [NWR]","Rajasthan",12/2022,01/2023,03/2026,05/2027,304.0,304.0,64.85,72,"Railways"
746,400280,"Phase II extension of MRTS from Velachery to St Thomas Mount","Ministry of Railways","Tamil Nadu",11/2007,11/2008,07/2025,09/2025,734.0,734.01,479.19,99,"Railways"
747,613002,"Redevelopment of Chennai Egmore Station","Ministry of Railways","Tamil Nadu",05/2022,10/2022,03/2026,-,842.0,842.0,340.0,0,"Railways"
748,705244,"Coach Production Factory Upgradation Project","CPM/ICF","Tamil Nadu",12/2017,07/2018,12/2021,-,520.0,520.0,192.25,0,"Railways"
749,616856,"Doubling between Bhadrachalam Road and Dornakal","South Central Railway [SCR]-II","Telangana",08/2023,04/2025,04/2029,-,770.12,770.12,48.55,0,"Railways"
750,617409,"Railway Manufacturing Unit","RVNL-II","Telangana",07/2016,02/2023,12/2026,03/2026,521.36,521.36,449.23,80,"Railways"
751,705252,"Kazipet Wagon Overhauling Project","RVNL","Telangana",09/2017,07/2017,12/2023,-,385.0,385.0,0.0,0,"Railways"
752,705437,"Manoharabad-Kothapalli New Rail Line [151 km]","South Central Railway [SCR]-II","Telangana",07/2016,01/2017,03/2027,12/2027,1160.0,2781.0,2342.66,71,"Railways"
753,400204,"Bahraich-Shravasti-Balrampur-Siddharthnagar-Santkabir Nagar","North Eastern Railway [NER]-II","Uttar Pradesh",10/2018,03/2017,10/2030,10/2030,4939.78,4939.78,1283.08,8,"Railways"
754,400205,"Sahjanwa-Dohrighat","North Eastern Railway [NER]-II","Uttar Pradesh",08/2019,03/2017,03/2029,03/2029,1319.75,1319.75,522.19,3,"Railways"
755,617213,"Varanasi-Pt. Deen Dayal Upadhyaya multitracking 15km incl. Rail-cum-Road Bridge across Ganga","Northern Railways","Uttar Pradesh",10/2024,10/2025,10/2029,-,2464.46,2464.46,0.0,0,"Railways"
756,617252,"Anandnagar-Ghugli via Maharajganj New line 52.7 km","Construction NER","Uttar Pradesh",10/2023,11/2023,03/2028,-,958.27,958.27,459.99,23,"Railways"
757,617284,"Chunar-Chopan doubling project","North Central Railway","Uttar Pradesh",08/2023,01/2025,03/2028,-,1423.96,1423.96,82.29,11,"Railways"
758,617333,"Surface triangle line bet. Bhadura stn and new crossing stn Karma","East Central Railway [ECR]-1","Uttar Pradesh",10/2022,05/2024,02/2027,-,199.96,199.96,1.05,0,"Railways"
759,617370,"Doubling between Jaunpur Jn Zaffarabad 6.28 km","M/S SRC company Infra Private Limited","Uttar Pradesh",03/2023,02/2025,01/2027,-,180.66,180.66,4.0,14,"Railways"
760,705567,"Burhwal Gonda 3rd line","North Eastern Railway [NER]","Uttar Pradesh",11/2017,07/2019,03/2025,01/2026,1018.0,1118.0,1489.37,88,"Railways"
761,705588,"Janghai-Pratapgarh-Amethi","CAO/C/II/NR","Uttar Pradesh",11/2017,03/2017,03/2025,03/2026,722.0,1194.0,1619.0,70,"Railways"
762,705766,"Lalitpur-Birari with flyover at Lalitpur - 16 Km","North Central Railway","Uttar Pradesh",03/2017,11/2017,12/2024,01/2026,304.44,356.0,243.0,82,"Railways"
763,705771,"Allahabad-Bamhrauli Flyover Construction & 4th Railway Line Project","North Central Railway","Uttar Pradesh",04/2019,10/2020,03/2026,03/2026,494.0,494.0,384.81,70,"Railways"
764,705772,"Mughalsarai-Allahabad, 3rd line","North Central Railway","Uttar Pradesh",12/2015,03/2016,12/2026,03/2027,2649.0,2649.44,1766.03,67,"Railways"
765,705774,"Aligarh-Daud Khan Flyover Construction & 3rd Railway Line Project","CAO/C/NCR","Uttar Pradesh",04/2019,09/2020,01/2025,03/2027,758.0,779.49,453.66,73,"Railways"
766,705777,"Bhandai - Flyover for Etawah bound down train - 10 Km","North Central Railway [NCR]-II","Uttar Pradesh",07/2020,04/2021,02/2026,02/2027,250.18,250.18,115.69,8,"Railways"
767,705780,"Bhatni-Aurnihar with electrification excluding Indara-Mau","RVNL-1","Uttar Pradesh",03/2018,03/2017,12/2024,03/2026,2529.0,2529.46,2080.46,94,"Railways"
768,705782,"Barabanki-Malhaur 3rd & 4th Railway Line Project","Ministry of Railways","Uttar Pradesh",01/2019,04/2017,03/2025,08/2026,407.0,407.0,381.0,77,"Railways"
769,705918,"Allahabad division-Aligarh Harduaganj Flyover","North Central Railway","Uttar Pradesh",04/2020,02/2021,10/2026,03/2027,1457.0,1457.0,400.19,34,"Railways"
770,705429,"Rishikesh-Karnaprayag New Rail Line - 125 km","RVNL-II","Uttarakhand",11/2016,08/2018,12/2025,12/2028,38953.0,38953.0,27545.81,72,"Railways"
771,400247,"Kalinarayanpur-Krishnanagar Doubling Alongwith Krishnanagar - Chapra NL And Naihati-Ranaghat 3rd Line","Eastern Railway [ER]-1","West Bengal",07/2015,11/2005,02/2027,02/2027,1000.0,1000.0,1057.36,69,"Railways"
772,400273,"Tarakeshwar-Bishnupur New Line [82.47 km]","Eastern Railway [ER]-1","West Bengal",03/2001,02/2008,03/2019,02/2026,1189.0,1542.0,1349.63,93,"Railways"
773,400277,"Dum Dum Airport-New Garia via Rajarhat - Construction of Metro Railway","RVNL-II","West Bengal",03/2010,10/2011,12/2025,03/2026,8964.0,8964.0,8482.33,85,"Railways"
774,612096,"Construction of Balurghat-Hilli new BG Line","Northeast Frontier Railway [NFR]","West Bengal",12/2010,12/2010,03/2027,03/2027,1209.0,1181.57,418.64,14,"Railways"
775,617345,"SER Upgradation of maintenance infrastructure at Shalimar into Vande Bharat Chair Car depot","South Eastern Railway - JH","West Bengal",03/2024,12/2024,10/2026,-,226.87,226.87,33.94,40,"Railways"
776,705730,"Joka-BBD Bag new metro project","RVNL-II","West Bengal",03/2010,04/2010,12/2026,12/2029,4835.0,10362.0,4799.48,51,"Railways"
777,706776,"Noapara-Barasat via Bimanbandar Construction of Metro railway [18 km]","Metro Railway, Kolkata","West Bengal",11/2010,03/2010,08/2026,03/2029,4830.0,4830.0,2764.13,32,"Railways"
778,706777,"Baranagar-Barrackpore and Dakshineshwar - Construction of Metro Railway","RVNL-II","West Bengal",03/2010,03/2010,12/2026,12/2030,2298.0,2734.0,393.02,17,"Railways"
779,617907,"Rehabilitation and Up-gradation from Km 170.700 Bhadrachalam to Km 234.567 Konta on NH-30 to 2LPS","MoRTH","Andhra Pradesh",12/2021,09/2022,09/2024,-,436.09,436.09,207.05,89,"Roads & Highways"
780,617949,"Tadipatri Bypass Km 0.000 to Km 6.285 of 4-Lane on NH-67 in Anantapuramu district","MoRTH","Andhra Pradesh",03/2023,03/2024,03/2026,-,159.66,159.66,32.57,69,"Roads & Highways"
781,617984,"Gudivada Town 2 RoB, and Road improvement NH-165","MoRTH","Andhra Pradesh",03/2022,05/2023,05/2025,-,317.22,317.22,0.0,67,"Roads & Highways"
782,617985,"Widening to two lane with paved shoulders from Km 0/0 to 64/020 Pamarru to Akiveedu","MoRTH","Andhra Pradesh",03/2020,11/2021,11/2023,02/2024,529.54,588.65,0.0,67,"Roads & Highways"
783,617986,"Kurnool/Kadapa Border-Jammalamadugu section of NH-167K ie. Design Ch. Km 248.010 to km 269.900 to 2LPS","MoRTH","Andhra Pradesh",03/2023,12/2024,12/2026,-,292.63,292.63,0.0,40,"Roads & Highways"
784,617987,"Nandyala-Kurnool/Kadapa Border section of NH-167K i.e. Km 186/000 to Km 250/000 to 2LPS","MoRTH","Andhra Pradesh",10/2024,09/2025,09/2027,-,691.81,691.81,0.0,14,"Roads & Highways"
785,617988,"Sangameswaram Atmakuru section from Km 96 to Km 124 & Velegodu-Nandyal section including Nandyal Bypass on NH-167K","MoRTH","Andhra Pradesh",10/2024,07/2025,07/2027,-,776.17,644.14,0.0,3,"Roads & Highways"
786,617990,"Construction of bypass road to Adoni town connecting NH-167 Hagari Jadcharla road from km.62/700 to 71/400","MoRTH","Andhra Pradesh",03/2023,02/2024,11/2025,-,242.0,242.0,78.49,95,"Roads & Highways"
787,617991,"Rehabilitation and up-gradation of NH-167 from Km 14/900 to Km 70/000 Chintakunta to Adoni section to 2LPS","MoRTH","Andhra Pradesh",11/2016,05/2017,05/2019,11/2020,290.15,290.15,36.42,92,"Roads & Highways"
788,618037,"Rehabilitation and Up-gradation of road from 2-lane to 2LPS from km. 0.00 to km 53.590 of Rayachoti to Vempalli on NH-440","MoRTH","Andhra Pradesh",12/2021,05/2022,05/2024,-,439.82,359.52,121.22,0,"Roads & Highways"
789,618052,"Gorantla Hindupur section from Km 120/300 to 165/000 of NH-716G","MoRTH","Andhra Pradesh",10/2024,08/2025,08/2027,-,808.7,808.7,0.0,5,"Roads & Highways"
790,618053,"Muddanur to B. Kothapalli section of NH-716G from Km. 0/000 to Km. 56/500","MoRTH","Andhra Pradesh",10/2024,08/2025,08/2027,-,1019.97,1019.97,0.0,0,"Roads & Highways"
791,618062,"Dornala to Kunta Junction from Design Chainage Km 244.000 to 267.990 section of NH-765 Package-2","MoRTH","Andhra Pradesh",12/2022,03/2024,09/2025,-,244.83,244.83,0.0,84,"Roads & Highways"
792,618125,"Rehabilitation and upgradation of NH 326A from km 0/0 to 41/979 Odisha border to Narasannapeta to 2LPS","MoRTH","Andhra Pradesh",03/2018,09/2018,01/2025,-,228.32,228.32,70.6,100,"Roads & Highways"
793,618145,"Widening to two lane with paved shoulder of Rampachodavaram Koyyuru section of NH 516E from Km 43.700 to Km 113.820","MoRTH","Andhra Pradesh",03/2022,01/2023,12/2025,-,568.12,568.12,289.47,92,"Roads & Highways"
794,618161,"Widening and Reconstruction of existing road to 4-lane from Km.56.400 to Km 120.300 of NH 716G","MoRTH","Andhra Pradesh",03/2022,09/2023,01/2025,-,839.98,839.98,360.45,99,"Roads & Highways"
795,618191,"Rehabilitation and upgradation of NH-167AD from Macherla to Dachepalli from Km.0.000 to 43.659 to 2LPS","MoRTH","Andhra Pradesh",01/2022,01/2023,03/2020,03/2021,403.22,403.22,220.99,97,"Roads & Highways"
796,618192,"Duttalur at NH-565 Junction to Kavali Joining on NH-16 Chainage Km. 36/400 to Km. 107/224 on NH-167BG","MoRTH","Andhra Pradesh",03/2021,07/2022,07/2024,-,423.67,423.67,0.0,81,"Roads & Highways"
797,618194,"Rehabilitation and upgradation of New NH 544DD from design Chainage Km. 56/000 to 102/20 of Kalyandurg Molakalmuru Section","MoRTH","Andhra Pradesh",03/2018,08/2018,02/2020,11/2021,294.13,285.29,287.94,98,"Roads & Highways"
798,618237,"Rehabilitation and Up-gradation of Pasarlapudi to Dindi section from Km 105/170 to Km 126/510 of NH-216 to 2LPS","MoRTH","Andhra Pradesh",03/2017,09/2017,09/2019,05/2024,263.45,263.45,151.56,98,"Roads & Highways"
799,618238,"Rehabilitation and Up-gradation of Thimmapuram to Gurajanapalli section from Km 26/150 to Km 41/161 of NH 216 to 2LPS","MoRTH","Andhra Pradesh",08/2016,01/2017,07/2018,06/2025,350.61,432.91,