Sl.No,Project Code,Project Name,Agency,State,Date of Approval (MM/YYYY),Original DoC (MM/YYYY),Revised DoC (MM/YYYY),Original Cost (Rs. Crore),Revised Cost (Rs. Crore),Cumulative Expenditure (Rs. Crore),MAY25 progress (%),Sector
1,N04000073,"CONSTRUCTION OF NEW INTEGRATED TERMINAL BUILDING AT VSI AIRPORT, PORTBLAIR",AAI,ANDAMAN AND,10-2013,9/2018,Jun-2023,417.23,707.73,698.80,100.00,"CIVIL
AVIATION"
2,N22000584,LUDHIANA KILA RAIPUR (19 KMS) WITH FREIGHT LINE AT GILL STATION ON LDH- JHL SECTION,NR,"NICOBAR
ISLANDS",3-2019,3/2025,Dec-2025,235.72,-,55.79,55.00,RAILWAYS
3,N24000745,"2 LANE WITH HARD SHOLDER , REHABILITATION AND UP GRADATION OF SECTION FROM KM 242.0 TO KM 298.0 OF N",NHIDCL,"NICOBAR
ISLANDS",3-2017,12/2019,Mar-2023,409.85,-,214.23,95.10,"ROAD
TRANSPORT
AND
HIGHWAYS"
4,N24000749,REHABILITATION AND UP GRADATION OF SECTION FROM KM 206.00 TO KM 242.00 (NIMBUTALA TO AUSTIN CREEK) O,NHIDCL,"NICOBAR
ISLANDS",3-2018,9/2020,Nov-2022,234.27,-,126.50,82.97,"ROAD
TRANSPORT
AND
HIGHWAYS"
5,N24000820,Rehabilitation and up gradation to 2 lane with paved shoulder configuration from existing km. 122.00,MoRTH,"NICOBAR
ISLANDS",11-2017,11/2019,-,237.80,-,222.13,98.00,"ROAD
TRANSPORT
AND
HIGHWAYS"
6,N24000821,RECONSTRUCTION WITH GEOMETRIC IMPROVEMENT OF EXISTING 2 LANE/INTERMEDIATE LANE TO 2LANE WITH PAVED S,MoRTH,"NICOBAR
ISLANDS",11-2017,11/2019,-,257.34,-,214.90,100.00,"ROAD
TRANSPORT
AND
HIGHWAYS"
7,N24001008,AJANTHA TO BULDHANA,MoRTH,"NICOBAR
ISLANDS",2-2017,7/2019,-,401.00,401.00,260.08,97.00,"ROAD
TRANSPORT
AND
HIGHWAYS"
8,N24002207,MAJOR BRIDGE OVER MIDDLE STRAIT CREEK,NHIDCL,"NICOBAR
ISLANDS",12-2024,2/2026,-,371.80,207.99,0.00,4.68,"ROAD
TRANSPORT
AND
HIGHWAYS"
9,N24002208,PACKAGE-3A,NHIDCL,"NICOBAR
ISLANDS",2-2018,9/2025,Mar-2024,207.54,154.01,16.21,39.27,"ROAD
TRANSPORT
AND
HIGHWAYS"
10,N24002209,PACKAGE-3B,NHIDCL,"NICOBAR
ISLANDS",2-2018,11/2025,-,183.47,-,17.36,32.38,"ROAD
TRANSPORT
AND
HIGHWAYS"
11,N04000091,C/O OF NITB AND ASSOCIATED WORK AT VIJAYAWADA AIRPORT,AAI,"NICOBAR
ISLANDS",4-2020,3/2023,Aug-2025,611.80,-,444.75,74.00,"ROAD
TRANSPORT
AND
HIGHWAYS"
12,N04000103,RAJAHMUNDRY AIRPORT: CONSTRUCTION OF NEW DOMESTIC TERMINAL BUILDING AND MISCELLANEOUS WORKS INCLUD,AAI,"NICOBAR
ISLANDS",12-2022,8/2025,-,347.15,347.15,75.17,44.50,"ROAD
TRANSPORT
AND
HIGHWAYS"
13,N04000106,KADAPPA AIRPORT- CONSTRUCTION OF NEW DOMESTIC TERMINAL BUILDING AND MISCELLANEOUS WORKS INCLUDING MA,AAI,"NICOBAR
ISLANDS",3-2023,1/2026,Jan-2026,265.91,265.91,39.49,27.00,"ROAD
TRANSPORT
AND
HIGHWAYS"
14,N42000005,CONSTRUCTION OF PERMANENT CAMPUS FOR INDIAN INSTITUTE OF TECHNOLOGY TIRUPATI AT MERLAPAKA VILLAGE YE,CPWD EDUCATION,"NICOBAR
ISLANDS",2-2019,6/2020,-,655.34,-,366.21,95.00,DEPARTMENT
15,N42000007,"CONSTRUCTION OF PERMANENT CAMPUS FOR IISER AT JANGALAPALLI VILLAGE, YERPEDU MANDAL, CHITTOOR DISTRIC",CPWD EDUCATION,"NICOBAR
ISLANDS",9-2019,9/2022,-,588.72,656.39,630.55,100.00,"OF HIGHER
EDUCATION"
16,N16000247,KG-DWN-98-2 CLUSTER II DEVELOPMENT PROJECT,ONGC,"NICOBAR
ISLANDS",3-2016,6/2020,Mar-2025,"34,012.00",-,"33,149.29",96.40,"OF HIGHER
EDUCATION"
17,N16000432,HP CRUDE TO OLEFINS AND AROMATICS TECHNOLOGY DEMO UNIT AT VISAKH REFINERY,HPCL,"NICOBAR
ISLANDS",9-2021,6/2024,Mar-2026,160.00,220.00,50.04,58.30,"OF HIGHER
EDUCATION"
18,N16000485,"CGD PROJECT AT KURNOOL, GUNTUR AND PRAKASAM DISTRICTS",IOCL,"NICOBAR
ISLANDS",3-2022,3/2030,-,"1,420.00",-,152.86,6.10,"OF HIGHER
EDUCATION"
19,N16000499,MULTI-PRODUCT PIPELINE FROM KRISHNAPATNAM COASTAL INSTALLATION TO THE PROPOSED INSTALLATION AT HYDER,BPCL,"NICOBAR
ISLANDS",9-2019,3/2025,-,"1,932.00",-,"1,491.65",92.60,"OF HIGHER
EDUCATION"
20,N16000535,HP TRIJET UNIT IN VR,HPCL,"NICOBAR
ISLANDS",7-2024,7/2027,-,193.00,-,0.38,23.00,"OF HIGHER
EDUCATION"
21,N16000538,CONSTRUCTION OF AVIATION FUEL FARM FACILITIES AT BHOGAPURAM AIRPORT,HPCL,"NICOBAR
ISLANDS",8-2024,3/2026,-,240.00,-,19.32,35.30,"OF HIGHER
EDUCATION"
22,N16000539,VISAKHA RAIPUR PIPELINE PROJECT,HPCL,"NICOBAR
ISLANDS",9-2024,9/2027,-,"2,212.00",-,4.32,4.73,"OF HIGHER
EDUCATION"
23,N18000380,TRANSMISSION SCHEME FOR SOLAR ENERGY ZONE IN ANANTHPURAM (2500MW) AND KURNOOL (1000MW),PGCIL,"NICOBAR
ISLANDS",9-2023,3/2025,-,"1,249.00",-,568.70,56.70,POWER
24,N18000395,AUGMENTATION OF 1500MVA 3RD 765/400KV TRANSFORMATION CAPACITY AT KURNOOL NEW SUBSTATION,PGCIL,"NICOBAR
ISLANDS",5-2023,9/2025,-,164.00,-,60.00,21.00,POWER
25,N18000413,TRANSMISSION SYSTEM FOR INTEGRATION OF KURNOOL-IV REZ PHASE- I (FOR 4.5 GW),PGCIL,"NICOBAR
ISLANDS",3-2025,3/2027,-,"5,000.00",-,0.00,N.A.,POWER
26,N18000416,TRANSMISSION SYSTEM STRENGTHENING AT KURNOOL- III PS FOR INTEGRATION OF ADDITIONAL RE GENERATION PRO,PGCIL,"NICOBAR
ISLANDS",3-2025,3/2027,-,"2,886.00",-,0.00,N.A.,POWER
27,220100265,KOTLPALLI-NARASAPUR (NL) (SCR),SCR,"NICOBAR
ISLANDS",12-2001,3/2028,-,"2,500.98",-,"1,141.44",18.00,POWER
28,N22000286,NADIKUDE-SRI KALAHASTI,SCR,"NICOBAR
ISLANDS",4-2011,5/2027,-,"2,312.00",-,"1,935.77",35.00,POWER
29,N22000368,GUNTUR-GUNTAKAL,SCR,"NICOBAR
ISLANDS",4-2016,12/2025,-,"3,733.37",-,"3,534.39",N.A.,POWER
30,N22000369,VIJAYAWADA-GUDUR,RVNL,"NICOBAR
ISLANDS",4-2015,11/2024,-,"6,654.00",-,"5,883.89",N.A.,POWER
31,N22000377,KOTTAVALSA - KORAPUT DOUBLING,ECOR,"NICOBAR
ISLANDS",4-2015,3/2022,-,"2,499.71",-,"1,950.16",70.00,POWER
32,N22000555,"PENUKONDA-DHARMAVARAM, EXCL. DHARMAVARAM (41.5 KM)",SWR,"NICOBAR
ISLANDS",4-2019,3/2026,-,294.67,307.66,206.80,60.00,POWER
33,N22000556,MALUGUR-PALASAMUDRAM (17.98 KM) (PB#29/NR/2022-23),SWR,"NICOBAR
ISLANDS",9-2022,12/2025,-,323.14,342.41,46.89,12.00,POWER
34,N22000585,DOUBLING BETWEEN GOOTY-PENDAKALLU (29.225),SCR,"NICOBAR
ISLANDS",3-2023,3/2027,-,351.83,-,0.00,N.A.,POWER
35,N22000586,VIJAYAWADA KAZIPET BYEPASS LINE,SCR,"NICOBAR
ISLANDS",4-2016,12/2025,-,647.37,-,242.64,N.A.,POWER
36,N22000587,RENIGUNTA WADI GOOTY - BYPASS,SCR,"NICOBAR
ISLANDS",4-2016,12/2025,-,302.00,-,219.08,50.00,POWER
37,N24000301,REHABILITATION AND UPGRADATION OF NH-219 FROM KM 58-600 TO KM 140-750 IN THE STATE OF ANDHRA PRADES,MoRTH,"NICOBAR
ISLANDS",3-2015,10/2015,May-2021,271.45,-,238.23,100.00,POWER
38,N24000811,CONSTRUCTION OF SIX LANING OF DEDICATED PORT ROAD TO KRISHNAPATNAM PORT (PACKAGE-I) KM 0+000 TO KM 1,NHAI,"NICOBAR
ISLANDS",3-2018,12/2020,Dec-2022,314.43,-,85.61,69.64,POWER
39,N24000931,REHABILITATION AND UPGRADATION OF EXISTING NH-167 FROM KM 14.900 TO KM 70.00 (DESIGN CH.14.900 TO 69,MoRTH,"NICOBAR
ISLANDS",11-2016,5/2017,-,290.15,-,205.02,90.00,POWER
40,N24000937,REHABILITATION AND UPGRADATION OF NEW NH-544DD FROM DESIGN CHAINAGE KM 56.00 TO 102.20 OF KALYANDURG,MoRTH,"NICOBAR
ISLANDS",3-2018,8/2018,-,289.67,290.00,254.19,98.50,POWER
41,N24000964,CONSTRUCTION OF TIMMAPURAM TO GURJANAPALLE SECTION FROM KM 26.150 TO 41.161 OF NH-214(NH216)(KAKINAD,MoRTH,"NICOBAR
ISLANDS",8-2016,1/2017,-,350.61,-,407.92,98.20,POWER
42,N24000969,CONSTRUCTION OF 2L+PS FROM PASARLAPUDI-DHINDI (105/700 TO 127.500 OF NH-214) OF NH-216,MoRTH,"NICOBAR
ISLANDS",1-2017,9/2017,-,263.45,-,208.15,85.00,POWER
43,N24001301,6-LANING OF VIJAYAWADA BYPASS FROM GOLLAPUDI (DESIGN CH. 30+000) TO CHINNAKAKANI (DESIGN CH. 47+881),NHAI,"NICOBAR
ISLANDS",11-2019,1/2024,-,"1,601.10",-,"1,425.64",91.05,POWER
44,N24001386,REHABILITATION AND UPGRADATION TO 2- LANE WITH PAVED SHOULDERS CONFIGURATION OF PADERU-GONDIGUDA SECT,MoRTH,"NICOBAR
ISLANDS",8-2020,3/2021,-,222.61,-,120.46,95.00,POWER
45,N24001476,CONSTRUCTION OF 4 LANE ACCESS CONTROLLED NEW GREENFIELD HIGHWAY SECTION OF NH 365BG FROM RECHARLA VI,NHAI,"NICOBAR
ISLANDS",9-2021,9/2022,Sep-2024,517.05,-,520.94,91.97,POWER
46,N24001477,CONSTRUCTION OF 4 LANE ACCESS CONTROLLED NEW GREENFIELD HIGHWAY SECTION OF NH-365BG (KHAMMAM- DEVARAP,NHAI,"NICOBAR
ISLANDS",9-2021,9/2022,Sep-2024,622.00,-,541.73,75.96,POWER
47,N24001817,6L OF CHILKARARUPET BYPASS FROM KM. 357.400 TO KM. 371.920 OF NH-16,NHAI,"NICOBAR
ISLANDS",2-2019,3/2023,Oct-2024,757.45,-,607.76,99.41,POWER
48,N24001818,6L OF PONDAVAKKAM TO KANNIGAIPAIR FROM KM 96.040 TO KM 116.100 OF NH 716B (PKG-IV),NHAI,"NICOBAR
ISLANDS",2-2021,1/2025,-,818.73,-,563.32,24.92,POWER
49,N24001819,6L OF VEERA KAVERI RAJA PURAM TO PONDAVAKKAM FROM KM 61.380 TO KM 96.040 OF NH 716B (PKG-III),NHAI,"NICOBAR
ISLANDS",3-2021,1/2025,-,"1,102.63",-,"1,107.66",94.17,POWER
50,N24001820,6L OF VARADHARAJULA TO KUMARAJAPET FROM KM 0.000 TO KM 43.800 OF NH-716B (PKG-I),NHAI,"NICOBAR
ISLANDS",2-2021,12/2024,-,"1,484.83",-,"1,523.09",91.85,POWER
51,N24001821,BANGALORE CHENNAI EXPRESSWAY (PHASE-II PKG-III) FROM KM.127.000 TO KM 156.000 (BANGARUPALEM TO GUDIP,NHAI,"NICOBAR
ISLANDS",11-2020,10/2024,-,"1,137.74",-,"1,256.44",97.10,POWER
52,N24001822,BANGALORE CHENNAI EXPRESSWAY (PHASE-II PKG-I) FROM KM.71.000 TO KM 96.000 (BETHAMANGALA IN THE STATE,NHAI,"NICOBAR
ISLANDS",12-2020,10/2024,-,"1,075.27",-,"1,100.55",84.80,POWER
53,N24001823,4L OF MADANAPALLE TO PILERU SECTION FROM KM 0.000 TO KM 55.900 OF NH- 71(PACKAGE-I) - N/05060/01002/A,NHAI,"NICOBAR
ISLANDS",1-2022,1/2025,Jan-2023,"1,852.12",-,777.18,90.00,POWER
54,N24001824,RENIGUNTA - POYYA - NAIDUPETA KM 124.60 TO KM 183.4 OF NH 71 - N/04027/06001/AP,NHAI,"NICOBAR
ISLANDS",3-2020,1/2024,Dec-2024,"1,863.09",-,"1,227.61",98.76,POWER
55,N24001836,6L KANTAKAPALLE ? SABBAVARAM SECTION OF NH-130CD ROAD FROM KM 445.100 TO KM 464.662 (PKG-4),NHAI,"NICOBAR
ISLANDS",2-2021,10/2024,-,824.29,-,514.33,75.54,POWER
56,N24001837,6L JAKKUVA ? KORLAM SECTION OF NH- 130CD ROAD FROM KM 396.800 TO KM 421.100 (PKG 2),NHAI,"NICOBAR
ISLANDS",2-2021,3/2024,Jul-2024,663.60,-,463.08,98.80,POWER
57,N24001838,6L ALURU - JAKKUVA SECTION OF NH- 130CD ROAD FROM KM 365.033 TO KM 396.800 (PKG. 1),NHAI,"NICOBAR
ISLANDS",2-2021,3/2024,-,922.50,-,534.48,84.03,POWER
58,N24001841,6L ACCESS CONTROLLED GREENFIELD HIGHWAY FROM KODUR 0.000 KMS TO VANAVOLU 24.300 KMS OF NH 544G PACKA,NHAI,"NICOBAR
ISLANDS",12-2022,9/2025,-,912.94,-,238.71,57.40,POWER
59,N24001842,6L ACCESS CONTROLLED GREENFIELD HIGHWAY FROM VANAVOLU 24.300 KM. TO VANKARAKUNTA 45.700 KM. OF NH 5,NHAI,"NICOBAR
ISLANDS",12-2022,11/2025,-,750.81,-,145.15,49.10,POWER
60,N24001843,6L ACCESS CONTROLLED GREENFIELD HIGHWAY FROM VANKARAKUNTA 45.700 KM. TO ODULAPALLE 72.000 KM. OF NH,NHAI,"NICOBAR
ISLANDS",12-2022,11/2025,-,992.89,-,197.36,43.90,POWER
61,N24001844,6L ACCESS CONTROLLED GREENFIELD HIGHWAY FROM ODULAPALLE 72.000 KM. TO NALLACHERUVUPALLI 96.300 KM.,NHAI,"NICOBAR
ISLANDS",12-2022,10/2025,-,"1,058.90",-,249.94,45.04,POWER
62,N24001845,6L ACCESS CONTROLLED GREENFIELD HIGHWAY FROM NALLACHERUVU PALLI 96.300 KM. TO YERRAGUDIPADU 129.000,NHAI,"NICOBAR
ISLANDS",2-2023,10/2025,-,"1,253.24",-,156.38,20.09,POWER
63,N24001846,6L ACCESS CONTROLLED GREENFIELD HIGHWAY FROM YERRAGUDIPADU 129.000 KM. TO AUDIREDDIPALLE 160.000 KM.,NHAI,"NICOBAR
ISLANDS",2-2023,10/2025,-,"1,200.42",-,98.18,7.20,POWER
64,N24001847,6L ACCESS CONTROLLED GREENFIELD HIGHWAY FROM AUDIREDDIPALLE 160.000 KM. TO MALLAPALLE 176.000 KM. PA,NHAI,"NICOBAR
ISLANDS",1-2023,11/2025,-,956.14,-,215.17,40.20,POWER
65,N24001848,6L ACCESS CONTROLLED GREENFIELD HIGHWAY FROM MALLAPALLE 176.000 KM. TO KAVULAKUNTLA 196.000 KM. PACK,NHAI,"NICOBAR
ISLANDS",2-2023,10/2025,-,909.02,-,129.52,18.10,POWER
66,N24001849,4L PS MYDUKUR BADVEL FROM KM 585.820 TO KM 630.960 SECTION OF NH 67,NHAI,"NICOBAR
ISLANDS",5-2022,7/2025,-,"1,063.72",-,467.74,77.09,POWER
67,N24001856,CONSTRUCTION OF 4-LANE HIGHWAY FROM SAMARLAKOTA TO ACHAMPETA JUNCTION (FROM KM. 0.000 TO KM. 12.250,NHAI,"NICOBAR
ISLANDS",5-2023,8/2025,-,648.75,-,240.26,60.74,POWER
68,N24001932,2L+PS FROM KM. 0+000 TO KM. 32+000 (MUDIGUBBA TO PUTTAPARTHI) OF NH-342,MoRTH,"NICOBAR
ISLANDS",3-2022,9/2024,-,401.72,-,139.07,80.00,POWER
69,N24001934,NH440 RAYACHOTY TOVEMPALLI 2LPS,MoRTH,"NICOBAR
ISLANDS",12-2021,5/2024,-,439.82,-,119.72,26.73,POWER
70,N24001935,4 LANE WITH PAVED SHOULDER FROM KM 0.000 TO KM 51.119 OF TADIPATRI TO MUDDANUR OF NH67,MoRTH,"NICOBAR
ISLANDS",3-2022,8/2025,-,724.17,-,229.73,97.38,POWER
71,N24001939,NH165 FROM KM 0.000 TO KM 64.020 PAMARRU TO AKIVEEDU SECTION TO TWO LANE WITH PAVED SHOULDERS,MoRTH,"NICOBAR
ISLANDS",3-2020,9/2023,-,529.24,-,224.81,51.78,POWER
72,N24001942,2LPS FROM KM36.400 TO KM. 107.224 OF NH167BG FROM DUTTALUR TO KAVALI SECTION,MoRTH,"NICOBAR
ISLANDS",3-2021,7/2024,-,423.67,-,145.72,60.53,POWER
73,N24001951,NH167AD FROM MACHERLA TO DACHEPALLI FROM KM.0.000 TO 43.659 TO 2LPS,MoRTH,"NICOBAR
ISLANDS",1-2022,1/2025,-,403.22,-,201.69,97.00,POWER
74,N24001952,NH 167 B KADAPA NELLORE BORDER TO CSPURAM I.E. FROM KM 58.635 TO KM 99.409,MoRTH,"NICOBAR
ISLANDS",3-2022,8/2025,-,285.50,-,204.29,95.00,POWER
75,N24001953,NH-30-BHADRACHALAM TO KONTA SECTION 2LPS,MoRTH,"NICOBAR
ISLANDS",12-2021,9/2024,-,388.71,-,159.29,80.00,POWER
76,N24001954,WIDENING TO 2LPS OF RAMPACHODAVARAM - KOYYURU SECTION OF NH516E FROM KM.43.700 TO KM 113.820,MoRTH,"NICOBAR
ISLANDS",3-2022,1/2025,-,568.12,-,215.09,91.05,POWER
77,N24001955,GUDIWADA TOWN 2 LANE ROB AND ROAD IMPROVEMENT OF NH165 IN REPLACEMENT OF LC NO 3ESPL3 AT KM 231.700,MoRTH,"NICOBAR
ISLANDS",3-2022,5/2025,-,317.22,-,84.57,80.00,POWER
78,N24001956,2LPS FROM GONDIGUDA TO ARAKU BHALLAGUDA KM 27.480 TO KM 51.772 SECTION OF NH 516E,MoRTH,"NICOBAR
ISLANDS",8-2020,9/2023,-,296.66,-,190.30,87.49,POWER
79,N24001957,2LPS OF KOYYURU TO CHAPRATHIPALEM SECTION OF NH 516E,MoRTH,"NICOBAR
ISLANDS",8-2020,7/2024,-,349.29,-,114.53,76.00,POWER
80,N24001958,2LPS OF CHAPRATHIPALEM TO LAMBASINGI SECTION OF NH 516E,MoRTH,"NICOBAR
ISLANDS",8-2020,10/2024,-,311.22,-,85.45,72.00,POWER
81,N24001959,4 LANE FROM KM 56.400 TO KM 120.300 FROM B.KOTHAPALLI JUNCTION TO GORANTLA OF NH 716G,MoRTH,"NICOBAR
ISLANDS",3-2022,9/2025,-,839.98,-,146.12,67.00,POWER
82,N24001979,4L GREENFIELD ROAD CONNECTING NORTH AND SOUTH INDUSTRIAL CLUSTER OF KHANDALERU CREEK NEAR KRISHNAPAT,NHAI,"NICOBAR
ISLANDS",8-2022,9/2025,-,609.43,-,25.24,52.45,POWER
83,N24001980,4 LANING OF NH 544D FROM EXISTING KM 346.300 OF NH 44 (DESIGN CHAINAGE KM 0.000) TO KM 39.380 (DESIG,NHAI,"NICOBAR
ISLANDS",10-2022,7/2025,-,907.76,-,388.40,81.35,POWER
84,N24001981,CONSTRUCTION OF SIX LANING OF NAIDUPETA JUNCTION - TURPUKANUPUR SECTION FROM KM.57+046 TO KM.91+927,NHAI,"NICOBAR
ISLANDS",7-2022,10/2025,-,"1,398.84",-,58.68,16.00,POWER
85,N24001982,4L PS FROM KURNOOL (EXISTING KM. 5.400 OF NH-40/DESIGN KM.0.000) TO MANDLEM (EXISTING KM.38.000/DESI,NHAI,"NICOBAR
ISLANDS",3-2023,10/2025,-,827.39,-,333.74,99.15,POWER
86,N24001983,4 LANING FROM EXISTING KM 39.380 (DESIGN CH. 37.000) TO KM 74.450 (DESIGN CH. 69.000) OF MUCHUKOTA ?,NHAI,"NICOBAR
ISLANDS",10-2022,8/2025,-,972.63,-,309.39,53.38,POWER
87,N24001984,4L PS FROM MANDLEM (EXISTING KM. 38.000/DESIGN KM.30.600) TO ATMAKUR (EXISTING KM.73.000/DESIGN KM 6,NHAI,"NICOBAR
ISLANDS",3-2023,10/2025,-,887.28,-,293.88,84.50,POWER
88,N24001985,BANGALORE CHENNAI EXPRESSWAY (PHASE-II PKG-II) FROM KM.96.000 TO KM 127.000 (BAIREDDYPALLE TO BANGAR,NHAI,"NICOBAR
ISLANDS",3-2021,6/2025,-,"1,942.94","2,171.00","1,694.18",61.25,POWER
89,N24001986,4L OF PILERU TO KALUR SECTION FROM KM 55.900 TO KM 92.800 AND KM 94.500 TO KM 95.717,NHAI,"NICOBAR
ISLANDS",10-2023,4/2025,-,"1,047.32",-,301.20,88.00,POWER
90,N24001987,"CONSTRUCTION OF 1 NOS ROB, 2 NOS VUPS, SERVICE ROADS, PROVISION OF LIGHTING AND CONSTRUCTION OF OTHE",NHAI,"NICOBAR
ISLANDS",6-2023,12/2024,-,152.05,-,136.12,76.63,POWER
91,N24001988,6L OF CHITTOOR TO THATCHUR FROM KUMARAJAPET TO VEERA KAVERI RAJA PURAM FROM KM 43.800 TO KM 61.380 O,NHAI,"NICOBAR
ISLANDS",2-2021,10/2025,-,591.99,703.00,496.65,65.28,POWER
92,N24002033,CONSTRUCTION OF 4 LANE ACCESS CONTROLLED HIGHWAY FROM CHILLAKURU CROSS ROAD TO TURPUKANUPUR KM 0+000,NHAI,"NICOBAR
ISLANDS",7-2022,12/2025,-,909.47,-,97.03,30.40,POWER
93,N24002103,COMPLETION OF BALANCE WORKS PENDING IN BIT AND PIECES (INCOMPLETE STRETCH AT 7 LOCATIONS) AND LISTED,NHAI,"NICOBAR
ISLANDS",9-2022,1/2025,-,166.52,-,57.29,98.00,POWER
94,N24002122,6L ACCESS CONTROLLED GREENFIELD HIGHWAY FROM NARAYANMPET (CH. 203+500) TO CHANDRASEKHARPURAM (CH. 22,NHAI,"NICOBAR
ISLANDS",2-2024,2/2026,-,813.66,-,91.70,22.17,POWER
95,N24002123,6L ACCESS CONTROLLED GREENFIELD HIGHWAY FROM CHANDRASEKHARAPURAM (CH. 228+000) TO POLAVARAM (CH. 260,NHAI,"NICOBAR
ISLANDS",2-2024,2/2026,-,"1,292.65",-,135.26,16.00,POWER
96,N24002124,6L ACCESS CONTROLLED GREENFIELD HIGHWAY FROM POLAVARAM (CH. 260+000) TO MARRIPUDI (CH. 285+500) OF [,NHAI,"NICOBAR
ISLANDS",2-2024,2/2026,-,747.29,-,142.64,30.80,POWER
97,N24002125,6L ACCESS CONTROLLED GREENFIELD HIGHWAY FROM MARRIPUDI (CH. 285+500) TO SOMAVARAPPADU (CH. 314+600),NHAI,"NICOBAR
ISLANDS",2-2024,2/2026,-,976.40,-,229.68,41.00,POWER
98,N24002126,6L ACCESS CONTROLLED GREENFIELD HIGHWAY FROM SOMAVARAPPADU (CH.314.600) TO MUPPAVARAM (CH.343+240) O,NHAI,"NICOBAR
ISLANDS",2-2024,2/2026,-,"1,103.89",-,133.88,14.50,POWER
99,N24002139,4-LANE WITH PAVED SHOULDERS FROM KM 32/0 TO KM 79/650 (DESIGN CHAINAGE KM 32+000 TO KM 78+760) PUTTA,MoRTH,"NICOBAR
ISLANDS",3-2023,12/2025,-,"1,318.57",-,201.00,56.00,POWER
100,N24002140,SOMAYAJULAPALLI ? DHONE SECTION OF NH ? 340B FROM KM.0/0 TO 56/200 [DESIGN CH. KM 0/00 TO KM 53/33],MoRTH,"NICOBAR
ISLANDS",4-2023,12/2025,-,629.73,-,103.00,62.00,POWER
101,N24002142,2-LANE WITH PAVED SHOULDER CONFIGURATION OF LAMBASINGI TO PADERU SECTION (KM 205+000 TO KM 253+974),MoRTH,"NICOBAR
ISLANDS",8-2023,11/2025,-,361.24,-,7.00,26.00,POWER
102,N24002143,BYPASS ROAD TO ADONI TOWN CONNECTING NH-167 (HAGARI - JADCHARLA ROAD) FROM KM.62/700 TO 71/400 IN KU,MoRTH,"NICOBAR
ISLANDS",8-2023,2/2026,-,361.24,-,109.65,56.00,POWER
103,N24002144,VODAREVU-CHILAKALURIPET SECTION (DESIGN CHAINAGE 0+00 TO 47+000) OF NH- 167A (PACKAGE-I),MoRTH,"NICOBAR
ISLANDS",8-2023,2/2026,-,"1,064.24",-,80.00,60.00,POWER
104,N24002145,TADIPATRI BYPASS (KM 0+000 TO KM 6+285) OF 4-LANE ON NH-67 IN ANANTAPURAMU,MoRTH,"NICOBAR
ISLANDS",11-2023,3/2026,-,159.66,-,11.95,63.50,POWER
105,N24002146,KURNOOL/KADAPA BORDER- JAMMALAMADUGU SECTION OF NH-167K I.E. DESIGN CH. KM 248+010 TO KM 269+900,MoRTH,"NICOBAR
ISLANDS",11-2023,11/2025,-,292.63,-,61.36,20.00,POWER
106,N24002147,DORNALA TO KUNTA JUNCTION FROM DESIGN CHAINAGE KM 244+000 TO 267+990 SECTION OF NH-765 (PACKAGE-2),MoRTH,"NICOBAR
ISLANDS",12-2022,1/2024,-,244.83,-,104.32,74.00,POWER
107,N24002148,PADERU BYPASS (KM 0+000 TO KM 13+000) OF 2- LANE WITH PAVED SHOULDER ON NH- 516E,MoRTH,"NICOBAR
ISLANDS",3-2023,3/2024,-,244.43,-,22.77,N.A.,POWER
108,N24002149,DAVUALAPALLY TO MALLAPALEM SECTION {DESIGN CH. KM 133+922 TO KM 154+216 (EXISTING CH. KM 133+922 TO,MoRTH,"NICOBAR
ISLANDS",1-2024,2/2024,-,393.61,-,40.00,24.00,POWER
109,N24002215,DEVELOPMENT OF SIX LANE ACCESS CONTROLLED GREEN FIELD HIGHWAY FROM KAVULAKUNTLA (KM.196+000) TO NARA,NHAI,"NICOBAR
ISLANDS",2-2023,2/2027,-,"1,092.18",-,0.14,N.A.,POWER
110,N24002217,ACCESS CONTROLLED HIGHWAY OF 4 LANE WITH PAVED SHOULDERS FROM TN/AP BORDER (DESIGN CHAINAGE KM 61+51,NHAI,"NICOBAR
ISLANDS",12-2024,12/2026,-,"1,346.82",-,37.35,7.40,POWER
111,N30000002,POLAVARAM IRRIGATION PROJECT,PPA,"NICOBAR
ISLANDS",2-2009,3/2020,Mar-2027,"10,151.04",-,"23,775.68",76.00,"WATER
RESOURCES"
112,N04000092,CONSTRUCTION OF NEW GREEN FIELD AIRPORT AT HOLLONGI ITANAGAR ARUNACHAL PRADESH,AAI,"NICOBAR
ISLANDS",2-2019,8/2022,Jun-2025,645.63,732.00,693.71,99.72,"CIVIL
AVIATION"
113,180100221,SUBANSIRI LOWER H.E.P (8X250 MW) (NHPC),NHPC,"NICOBAR
ISLANDS",9-2003,9/2010,-,"6,285.33",-,"24,213.84",96.49,POWER
114,N18000362,DIBANG MULTIPURPOSE PROJECT 2880 MW ARUNACHAL PRADESH,NHPC,"NICOBAR
ISLANDS",2-2023,2/2032,-,"31,876.39",-,"3,306.40",15.74,POWER
115,N24000683,TWO LANING OF JORAM KOLORIANG ROAD (NH 713) ON EPC BASIS FROM DESIGN KM. 138+000 TO KM. 154+036 [EX,NHIDCL,"NICOBAR
ISLANDS",2-2017,11/2023,Mar-2024,180.57,244.10,160.46,96.62,POWER
116,N24000946,CONSTRUCTION OF 2-LANE ROAD WITH PAVED SHOULDERS FROM KM16.00 OF ROING-HUNLI SECTION TO KM 21.500 OF,NHIDCL,"NICOBAR
ISLANDS",3-2017,3/2022,Jun-2025,"1,718.59","1,718.59",728.21,73.64,POWER
117,N24000979,TWO-LANING OF HAYULIANG? HAWAI BYPASS ROAD ON EPC BASIS FROM DESIGN KM. 51.825 TO KM. 63.131 EXISTI,NHIDCL,"NICOBAR
ISLANDS",1-2017,5/2023,May-2023,256.66,-,0.00,63.59,POWER
118,N24001244,CONSTRUCTION OF 2-LANING WITH HARD SHOULDERS OF ARROWA-KHUPA- HAYULIANG SECTION OF NH-113 FROM CH.68.,NHIDCL,"NICOBAR
ISLANDS",8-2020,4/2022,Feb-2025,301.06,-,198.22,81.06,POWER
119,N24001297,CONSTRUCTION OF 2 LANE ROAD OF POTIN TO PANGIN SECTION OF NH 13 FROM KM 163.59 TO KM 206.66 (PACKAGE,MoRTH,"NICOBAR
ISLANDS",3-2019,3/2027,-,450.65,-,398.18,95.84,POWER
120,N24001375,4 LANING OF ITANAGAR TO BANDARDEWA SECTION OF NH-415 FROM KM 40+430 TO KM 51+735 (PACKAGE B) ON EPC,MoRTH,"NICOBAR
ISLANDS",6-2020,3/2027,-,496.47,-,194.62,42.69,POWER
121,N24001390,JORAM ? KOLORIANG ROAD FROM EXISTING KM 50.050 TO KM 70.00 (PKG-3),NHIDCL,"NICOBAR
ISLANDS",8-2020,4/2022,Aug-2024,228.71,-,98.86,99.52,POWER
122,N24001393,JORAM ? KOLORIANG ROAD FROM EXISTING KM122.600 TO KM138.00 (PKG-7),NHIDCL,"NICOBAR
ISLANDS",8-2020,4/2022,Feb-2024,184.88,-,99.32,97.42,POWER
123,N24002222,HUNLI TO HAYULIANG PKG-1,NHIDCL,"NICOBAR
ISLANDS",2-2024,2/2028,-,"1,262.43",-,12.12,2.35,POWER
124,N24002223,HUNLI TO ITHUN BRIDGE SECTION,NHIDCL,"NICOBAR
ISLANDS",2-2024,1/2027,-,275.50,-,7.61,6.01,POWER
125,N24002224,PANGO TO JORGING ROAD PKG-1,NHIDCL,"NICOBAR
ISLANDS",1-2024,7/2027,-,898.19,-,7.08,4.06,POWER
126,N04000083,CONSTRUCTION OF NEW INTEGRATED TERMINAL BUILDING AT LGBI AIRPORT GUWAHATI,AAI,"NICOBAR
ISLANDS",12-2016,3/2021,Aug-2025,"1,142.00",-,"1,884.13",87.93,"CIVIL
AVIATION"
127,N06000290,TIKAK EXTENSION OCP - 0.2 MTY,CIL,"NICOBAR
ISLANDS",7-2022,11/2030,-,159.77,-,81.45,N.A.,COAL
128,N06000291,TIRAP OCP,CIL,"NICOBAR
ISLANDS",11-2022,11/2027,-,289.46,-,105.59,N.A.,COAL
129,N21000027,"ALL INDIA INSTITUTE OF MEDICAL SCIENCE AT GUWAHATI, ASSAM",HITES,"NICOBAR
ISLANDS",5-2017,5/2021,Apr-2023,875.00,873.92,787.90,99.52,"HEALTH AND
FAMILY
WELFARE"
130,N16000331,DEVELOPMENT OF SURFACE FACILITIES FOR PRODUCTION AND EVACUATION OF CRUDE OIL AND NATURAL GAS FROM NA,OIL,"NICOBAR
ISLANDS",1-2018,2/2020,Dec-2024,543.91,726.93,491.56,93.95,"HEALTH AND
FAMILY
WELFARE"
131,N16000379,NUMALIGARH REFINERY EXPANSION PROJECT 6 MMTPA REFINARY,NRL,"NICOBAR
ISLANDS",1-2019,10/2024,-,"12,366.00",-,"16,013.82",74.01,"HEALTH AND
FAMILY
WELFARE"
132,N16000394,NUMALIGARH REFINERY EXPANSION PROJECT COIT AND PIPELINES,NRL,"NICOBAR
ISLANDS",1-2019,10/2024,-,"10,228.00",-,"9,447.83",85.06,"HEALTH AND
FAMILY
WELFARE"
133,N16000414,EXPANSION OF GUWAHATI REFINERY FROM 1 TO 1.2 MMTPA ALONG WITH INSTALLATION OF CATALYTIC REFORMING UN,IOCL,"NICOBAR
ISLANDS",5-2021,10/2023,May-2026,412.00,595.20,396.08,82.80,"HEALTH AND
FAMILY
WELFARE"
134,N16000441,"REVAMPING OF FACILITIES AT EXISTING GUWAHATI TERMINAL, ASSAM",IOCL,"NICOBAR
ISLANDS",3-2022,7/2026,Sep-2026,277.00,-,180.17,66.40,"HEALTH AND
FAMILY
WELFARE"
135,N16000449,UPGRADATION OF FACILITIES OF NUMALIGARH-SILIGURI PRODUCT PIPELINE (NSPL) FOR TRANSPORTATION OF ADDIT,OIL,"NICOBAR
ISLANDS",6-2021,12/2024,Apr-2025,860.00,-,535.46,96.50,"HEALTH AND
FAMILY
WELFARE"
136,N16000450,"PROJECT TO CONSTRUCT A FIELD GAS GATHERING STATION AT BAGHJAN AREA FOR COLLECTION,PROCESSING",OIL,"NICOBAR
ISLANDS",12-2020,7/2024,Mar-2024,430.76,-,319.86,83.66,"HEALTH AND
FAMILY
WELFARE"
137,N16000457,CAPACITY EXPANSION OF DIGBOI REFINERY FROM 0.65 TO 1.0 MMTPA,IOCL,"NICOBAR
ISLANDS",6-2022,10/2025,-,768.00,-,86.75,33.10,"HEALTH AND
FAMILY
WELFARE"
138,N16000484,"CONSTRUCTION OF LPG FACILITIES AT KAMARDANGA, ASSAM",HPCL,"NICOBAR
ISLANDS",3-2023,7/2027,Jul-2027,156.36,156.36,41.02,31.50,"HEALTH AND
FAMILY
WELFARE"
139,N16000494,"SETTING UP OF NEW RAIL FED POL FACILITY AT KAMARDANGA, ASSAM",HPCL,"NICOBAR
ISLANDS",3-2023,7/2027,Jul-2027,384.04,-,94.00,34.40,"HEALTH AND
FAMILY
WELFARE"
140,N16000510,POWER RECOVERY TURBINE IN PFCCU,NRL,"NICOBAR
ISLANDS",3-2023,7/2025,-,293.50,-,97.22,91.00,"HEALTH AND
FAMILY
WELFARE"
141,N16000511,DCU REVAMP PROJECT,NRL,"NICOBAR
ISLANDS",8-2021,3/2025,-,370.00,-,255.51,56.10,"HEALTH AND
FAMILY
WELFARE"
142,N16000528,PIPELINE NETWORK PROJECT RUDRASAGAR,ONGC,"NICOBAR
ISLANDS",1-2023,4/2026,-,344.99,-,172.04,45.30,"HEALTH AND
FAMILY
WELFARE"
143,N16000532,BORHOLLA GGS LIFE EXTENSION PROJECT,ONGC,"NICOBAR
ISLANDS",9-2023,5/2026,-,198.70,-,99.52,23.80,"HEALTH AND
FAMILY
WELFARE"
144,N22000388,BONGAIGAON-GOALPARA-GUWAHATI (176 KM),NFR,"NICOBAR
ISLANDS",4-2015,3/2026,-,"4,059.65",-,"3,652.94",92.31,RAILWAYS
145,N24000319,4 LANING OF JORHAT TO JHANJI SECTION FROM KM. 453.00 TO KM. 491.08 (DESIGN KM 403.200 TO KM 454.240),NHIDCL,"NICOBAR
ISLANDS",6-2015,8/2023,-,437.39,-,574.56,96.95,RAILWAYS
146,N24000320,FOUR LANING OF JHANJHI JN TO DEMOW SECTION FROM KM. 491.050 TO KM. 535.250(DESIGN KM 490.800 TO KM 5,NHIDCL,"NICOBAR
ISLANDS",6-2015,3/2024,-,463.49,-,515.52,76.95,RAILWAYS
147,N24000431,4 LANING FROM JAMUGURI TO BISWANATH CHARIALI FROM KM 182 TO KM 208 OF NH- 52,NHIDCL,"NICOBAR
ISLANDS",1-1991,6/2019,Jun-2019,520.01,-,305.76,97.90,RAILWAYS
148,N24000438,4 LANING FROM RANGAGARA TO KALIABHOR TINALI FROM KM 297.00 TO KM 315.315 OF NH-37 ON EPC BASIS.,NHIDCL,"NICOBAR
ISLANDS",12-2015,12/2018,Jul-2021,289.99,-,233.23,88.03,RAILWAYS
149,N24000582,4 LANING OF NH-37 SECTION BETWEEN DEMOW TO END OF MORAN BYPASS (FROM KM. 534.800 TO KM. 561.700) O,NHIDCL,"NICOBAR
ISLANDS",1-2016,1/2016,-,294.17,-,389.75,97.88,RAILWAYS
150,N24000583,4 LANING OF NH 37 SECTION BETWEEN END OF MORAN BYPASS TO BOGIBEEL JUNCTION NEAR LAPETKETA (KM. 561,NHIDCL,"NICOBAR
ISLANDS",1-2016,12/2021,-,252.00,-,219.65,91.31,RAILWAYS
151,N24001246,4-LANING OF HAPACHARA - TULUNGIA SECTION,NHIDCL,"NICOBAR
ISLANDS",3-2020,12/2022,-,220.20,-,217.18,97.76,RAILWAYS
152,N24001269,2-LANING OF CHURACHANDPUR TUIVAI SECTION OF NH-102B (PKG- IB),NHIDCL,"NICOBAR
ISLANDS",3-2020,3/2022,Jun-2025,216.49,241.52,111.59,85.83,RAILWAYS
153,N24001326,4-L DHUBRI PHULBARI BRIDGE WITH APPROACH ROAD,NHIDCL,"NICOBAR
ISLANDS",11-2020,9/2028,-,"4,997.04",-,"2,408.80",62.10,RAILWAYS
154,N24001331,2-LANING FROM YAINGANGPOKPI TO FINCH CORNER (PKG-I),NHIDCL,"NICOBAR
ISLANDS",3-2020,6/2022,May-2025,261.13,-,68.75,57.42,RAILWAYS
155,N24001332,2-LANING FROM YAINGANGPOKPI TO FINCH CORNER (PKG-II),NHIDCL,"NICOBAR
ISLANDS",3-2020,6/2022,Apr-2025,217.50,-,88.99,68.03,RAILWAYS
156,N24001366,DABOKA KATHKATI PACKAGE-5,NHIDCL,"NICOBAR
ISLANDS",3-2021,1/2023,-,288.85,-,247.76,100.00,RAILWAYS
157,N24001368,TULUNGIA-JOGIGHOPA-PAIKAN ROAD PKG- 7,NHIDCL,"NICOBAR
ISLANDS",3-2021,1/2024,-,286.72,-,158.15,81.63,RAILWAYS
158,N24001408,CONSTRUCTION OF 2-LANE MAJOR BRIDGE INCLUDING APPROACHESOVER BRAHMAPUTRA BETWEEN MAJULI ON NORTH BAN,MoRTH,"NICOBAR
ISLANDS",2-2021,7/2025,-,925.47,"1,019.17",192.50,30.65,RAILWAYS
159,N24001434,JOGIGHOPA BRIDGE,NHIDCL,"NICOBAR
ISLANDS",8-2021,11/2024,-,746.76,-,335.20,66.96,RAILWAYS
160,N24001450,DABOKA KATHKATI PACKAGE-6,NHIDCL,"NICOBAR
ISLANDS",9-2021,7/2024,-,625.64,-,556.44,100.00,RAILWAYS
161,N24001537,DABOKA KATHKATI PACKAGE-7,NHIDCL,"NICOBAR
ISLANDS",11-2021,7/2024,-,204.10,-,143.45,96.02,RAILWAYS
162,N24001544,FOUR LANING OF SRIRAMPUR-DHUBRI PKG- 2,NHIDCL,"NICOBAR
ISLANDS",3-2022,1/2025,-,909.02,-,532.44,98.92,RAILWAYS
163,N24001545,"6L STANDALONE FLYOVERS AT RAHA, DEMOW, BORGHAT, KATHIATALI JUNCTIONS AND ROB AT JAGIROAD ON STRETCHE",NHAI,"NICOBAR
ISLANDS",8-2022,12/2022,Sep-2024,175.00,-,200.80,100.00,RAILWAYS
164,N24001547,BALANCE WORK OF 4L OF NARIMBANGLO?JATINGA JUNCTION- HARANGAJO ROAD SECTION FROM KM 0.000 TO KM 49.23,NHAI,"NICOBAR
ISLANDS",3-2022,1/2026,-,"1,909.98",-,654.60,77.10,RAILWAYS
165,N24001548,"6L STANDALONE FLYOVERS AT BONGAIGAON, CHAPAGURI, PATHSALA, SIMLAGURI CHOWK AND BAIHATA BYPASS JUNCTI",NHAI,"NICOBAR
ISLANDS",3-2022,6/2024,-,457.72,-,366.34,100.00,RAILWAYS
166,N24001831,SRIRAMPUR - DHUBRI PKG-1,NHIDCL,"NICOBAR
ISLANDS",3-2022,2/2025,-,613.89,-,110.76,35.70,RAILWAYS
167,N24001832,DIBRUGARH-LAHOAL-CHABUA BYPASS PACKAGE-3,NHIDCL,"NICOBAR
ISLANDS",1-2023,5/2025,-,458.59,-,198.15,65.62,RAILWAYS
168,N24001840,CONSTRUCTION OF MANGALDOI BYPASS (NH-15) STARTING AT CH 26+400 AND TERMINATING AT CH 41+505 UNDER RA,MoRTH,"NICOBAR
ISLANDS",3-2022,4/2025,-,535.03,-,102.23,34.15,RAILWAYS
169,N24001969,WIDENING AND UPGRADATION TO TWO LANES WITH PAVED SHOULDERS ROAD FROM TAMENGLONG TO MAHUR (NH-137) I,NHIDCL,"NICOBAR
ISLANDS",3-2023,8/2025,-,904.04,-,409.15,67.30,RAILWAYS
170,N24001970,WIDENING AND UPGRADATION TO TWO LANES WITH PAVED SHOULDERS ROAD FROM TAMENGLONG TO MAHUR (NH-137) IN,NHIDCL,"NICOBAR
ISLANDS",3-2023,8/2025,-,860.37,-,393.82,65.95,RAILWAYS
171,N24001971,WIDENING AND UPGRADATION TO TWO LANES WITH PAVED SHOULDERS ROAD FROM TAMENGLONG TO MAHUR (NH-137) IN,NHIDCL,"NICOBAR
ISLANDS",3-2023,8/2025,-,890.33,-,454.34,63.70,RAILWAYS
172,N24001972,WIDENING/IMPROVEMENT TO 4-LANE WITH PAVED SHOULDER FROM KM 0+800 (KANDULIJAN GAON) TO KM 27+701 (SI,NHIDCL,"NICOBAR
ISLANDS",3-2023,4/2026,-,609.16,-,305.73,94.97,RAILWAYS
173,N24001973,WIDENING/IMPROVEMENT TO 4-LANE WITH PAVED SHOULDER FROM KM 27+701 (SIMEN CHAPORI) TO KM 55+000 (NAG,NHIDCL,"NICOBAR
ISLANDS",3-2023,2/2026,-,562.05,-,290.20,95.71,RAILWAYS
174,N24002021,BILASIPURA-GUWAHATI ROAD PKG-8,NHIDCL,"NICOBAR
ISLANDS",3-2023,12/2026,-,"1,457.59",-,537.09,46.78,RAILWAYS
175,N24002022,BILASIPURA-GUWAHATI ROAD PKG-9,NHIDCL,"NICOBAR
ISLANDS",3-2023,6/2026,-,"1,000.27",-,304.61,27.07,RAILWAYS
176,N24002023,BILASIPURA-GUWAHATI ROAD PKG-10,NHIDCL,"NICOBAR
ISLANDS",3-2023,6/2026,-,"1,264.90",-,422.31,25.57,RAILWAYS
177,N24002024,DABOKA BYPASS OF DABOKA - PAROKHAOWA PKG -1,NHIDCL,"NICOBAR
ISLANDS",1-2023,11/2025,-,516.88,-,242.91,73.50,RAILWAYS
178,N24002025,2 LANE WITH PAVED SHOULDER FROM KM 16+900 (BOGAPANI) TO KM 27+150 (GOLAI GAON) ON EXISTING DIBRUGARH,NHIDCL,"NICOBAR
ISLANDS",1-2023,12/2025,-,356.65,-,129.18,16.28,RAILWAYS
179,N24002030,DEVELOPMENT OF EXTERNAL TRUNK CONNECTIVITY AND INTERNAL INFRASTRUCTURE WORKS AT MULTI MODEL LOGISTIC,NHIDCL,"NICOBAR
ISLANDS",2-2020,3/2022,-,592.06,-,308.87,100.00,RAILWAYS
180,N24002127,SILCHAR VAIRENGTE SAIRANG ROAD PKG- 1,NHIDCL,"NICOBAR
ISLANDS",2-2023,7/2026,-,"1,256.90",-,537.26,38.60,RAILWAYS
181,N24002128,SILCHAR VAIRENGTE SAIRANG ROAD PKG- 2,NHIDCL,"NICOBAR
ISLANDS",3-2023,8/2026,-,"1,716.21",-,983.58,64.03,RAILWAYS
182,N24002129,FOUR LANNING OF BADARPUR BYPASS FROM DESIGN CHAINAGE KM 27+300 AT CROSSING WITH NH-6,NHIDCL,"NICOBAR
ISLANDS",2-2023,8/2026,-,574.26,-,297.50,54.88,RAILWAYS
183,N24002130,TAMENGLONG- MAHUR ROAD PKG-7,NHIDCL,"NICOBAR
ISLANDS",12-2023,3/2026,-,846.82,-,404.51,68.80,RAILWAYS
184,N24002154,CONSTRUCTION OF 4-LANE PANCHGRAM BYPASS FROM DESIGN CHAINAGE KM 15+500 ON NH-37 (OLD NH-53) AT KALIN,NHIDCL,"NICOBAR
ISLANDS",3-2023,2/2027,-,728.97,-,279.87,42.68,RAILWAYS
185,N24002155,WIDENING/IMPROVEMENT TO 4-LANE WITH PAVED SHOULDER FROM KM 55+000 (NAGABANG GAMSUK) TO KM 82+514 (OY,NHIDCL,"NICOBAR
ISLANDS",3-2023,3/2027,-,665.47,-,183.63,45.53,RAILWAYS
186,N24002225,BILASIPURA- GUWAHATI ROAD PKG-1,NHIDCL,"NICOBAR
ISLANDS",2-2024,8/2027,-,"1,081.15",-,33.93,2.76,RAILWAYS
187,N24002226,SILCHAR-JIRIBAM PKG-1,NHIDCL,"NICOBAR
ISLANDS",1-2024,1/2028,-,957.95,-,0.00,16.25,RAILWAYS
188,N24002229,BILASIPURA- GUWAHATI ROAD PKG-2,NHIDCL,"NICOBAR
ISLANDS",11-2023,6/2027,-,"1,338.61",-,0.50,N.A.,RAILWAYS
189,N24002230,BADARPUR ? CHURAIBARI PKG-6,NHIDCL,"NICOBAR
ISLANDS",3-2024,3/2027,-,870.00,-,0.00,N.A.,RAILWAYS
190,N24002231,KARIMGANI - SUTARKANDI SECTION ON SILCHAR-CHURAIBARI PKG-7,NHIDCL,"NICOBAR
ISLANDS",2-2024,2/2027,-,791.79,-,0.00,N.A.,RAILWAYS
191,N24002237,CONSTRUCTION OF 4 LANE GAURIPUR BYPASS ON NH-17 IN THE STATE OF ASSAM,MoRTH,"NICOBAR
ISLANDS",3-2024,10/2026,-,421.15,-,0.00,N.A.,RAILWAYS
192,N24002238,CONSTRUCTION OF 2 LANE BARPETA BYPASS FROM KM 77+900(BARADI) TO KM 86+150( DEURIKUCHI) (LENGTH=8.25K,MoRTH,"NICOBAR
ISLANDS",3-2023,8/2026,-,173.65,-,0.00,N.A.,RAILWAYS
193,N24002243,SILCHAR- CHURAIBARI PKG-5,NHIDCL,"NICOBAR
ISLANDS",2-2024,10/2027,-,"1,258.13",-,0.00,N.A.,RAILWAYS
194,N04000082,"CONSTRUCTION OF NEW DORNESTIC TERMINAL BUILDING AND OTHER STRUCTURES, PHASE I AND II",AAI,"NICOBAR
ISLANDS",5-2018,10/2022,Jun-2025,"1,216.90",-,"1,008.79",89.66,"CIVIL
AVIATION"
195,N04000112,"DARBHANGA:DEVELOPMENT OF NEW CIVIL ENCLAVE AT DARBHANGA, BIHAR. SH- CONSTRUCTION OF NEW TERMINAL BUI",AAI,"NICOBAR
ISLANDS",7-2024,7/2026,-,911.66,-,122.51,18.00,"CIVIL
AVIATION"
196,N28000100,CONSTRUCTION OF ACADEMIC AND RESIDENTIAL COMPLEX UNDER PHASE-II FOR THE CAMPUS OF IIT PATNA,CPWD EDUCATION,"NICOBAR
ISLANDS",2-2016,6/2017,-,496.18,496.00,390.15,100.00,DEPARTMENT
197,N42000009,PERMANENT CAMPUS FOR IIM BODH GAYA,CPWD EDUCATION,"NICOBAR
ISLANDS",9-2018,9/2020,-,375.00,-,342.18,100.00,"OF HIGHER
EDUCATION"
198,N16000386,BARAUNI REFINERY CAPACITY EXPANSION FROM 6.0 TO 9.0 MMTPA,IOCL,"NICOBAR
ISLANDS",1-2020,4/2023,Aug-2026,"14,810.00","18,113.00","10,898.63",85.70,"OF HIGHER
EDUCATION"
199,N16000423,"CGD PROJECT AT KHAGARIA, SAHARSA AND MADHEPURA",IOCL,"NICOBAR
ISLANDS",6-2019,12/2029,Mar-2030,163.00,-,95.19,40.10,"OF HIGHER
EDUCATION"
200,N16000453,INSTALLATION OF BITUMEN MANUFACTURING UNIT ALONG WITH ALLIED FACILITIES AT BARAUNI,IOCL,"NICOBAR
ISLANDS",1-2022,4/2025,-,389.00,-,36.61,33.70,"OF HIGHER
EDUCATION"
201,N16000523,CITY GAS DISTRIBUTION PROJECTS AT GOPALGANJ SIWAN WEST CHAMPARAN EAST CHAMPARAN AND DEORIA DISTRICTS,BPCL,"NICOBAR
ISLANDS",12-2022,6/2030,-,"3,919.00",-,376.96,13.30,"OF HIGHER
EDUCATION"
202,N16000524,"CITY GAS DISTRIBUTION PROJECTS AT DARBHANGA, MADHUBANI, SUPAUL, SITAMARHI AND SHEOHAR DISTRICTS",BPCL,"NICOBAR
ISLANDS",12-2022,3/2030,-,"3,638.00",-,381.17,19.70,"OF HIGHER
EDUCATION"
203,180100242,BARH STPP(3X660MW) NTPC,NTPC,"NICOBAR
ISLANDS",2-2005,10/2011,Jul-2023,"8,692.97","21,312.11","22,290.14",95.00,POWER
204,N18000194,BUXAR THERMAL POWER PLANT (1320 MW),SJVN,"NICOBAR
ISLANDS",3-2019,1/2024,-,"10,439.09",-,"11,676.00",90.92,POWER
205,N18000421,EASTERN REGION EXPANSION SCHEME: 43 [ERES: 43],PGCIL,"NICOBAR
ISLANDS",5-2025,5/2026,-,343.00,-,0.00,N.A.,POWER
206,N18000422,EASTERN REGION EXPANSION SCHEME: 44 [ERES: 44],PGCIL,"NICOBAR
ISLANDS",5-2025,5/2026,-,409.00,-,0.00,N.A.,POWER
207,220100257,KHAGARIA-KUSHESHWAR ASTHAN (NL) (ECR),ECR,"NICOBAR
ISLANDS",4-1997,12/2024,-,614.45,614.45,483.35,52.00,POWER
208,220100303,"HAJIPUR-SUGAULI VIA VAISHALI (NL), ECR",ECR,"NICOBAR
ISLANDS",4-2003,12/2014,-,"2,066.78","2,087.36","2,334.96",73.00,POWER
209,N22000087,"NEW B.G. LINE FROM ARARIA TO GALGALIA (THAKURGUNG), NEFR",NFR,"NICOBAR
ISLANDS",9-2006,12/2024,-,"2,650.00","2,132.03","3,917.04",90.00,POWER
210,N22000171,SAKRI-HASANPUR ROAD (NL),ECR,"NICOBAR
ISLANDS",4-1999,(N.A.),-,325.00,735.20,603.44,78.00,POWER
211,N22000177,ARARIA-SUPAUL (NL),ECR,"NICOBAR
ISLANDS",4-2008,3/2024,-,"1,605.17","1,605.17","1,697.58",65.00,POWER
212,N22000181,JAYNAGAR-BIJALPURA INCLUDING EXTENSION BIJALPURA-BARDIBAS(NEPAL) GC,ECR,"NICOBAR
ISLANDS",4-2009,3/2022,-,819.00,548.00,544.31,75.00,POWER
213,N22000329,SAMASTIPUR-DARBANGHA,ECR,"NICOBAR
ISLANDS",5-2015,3/2025,-,519.33,519.33,640.68,80.00,POWER
214,N22000349,KIUL - GAYA DOUBLING PROJECT,ECR,"NICOBAR
ISLANDS",12-2015,9/2024,-,"2,462.11","1,200.20","1,866.29",99.00,POWER
215,N22000350,RAMPUR DUMRA - TAL - RAJENDRAPUL DOUBLING INCLUDING GANGA BRIDGE,ECR,"NICOBAR
ISLANDS",12-2015,12/2024,-,"2,373.64","1,491.47","1,763.21",77.00,POWER
216,N22000472,SAGAULI VALMIKINAGAR DOUBLING 109.7 KM,ECR,"NICOBAR
ISLANDS",4-2016,12/2024,-,"1,215.54","1,215.54","1,577.26",91.00,POWER
217,N22000473,MUZAFFARPUR SAGAULI DOUBLING 100.60 KM,ECR,"NICOBAR
ISLANDS",4-2016,6/2024,-,"1,586.22","1,185.73","1,477.91",96.00,POWER
218,N22000476,"FATUHA-ISLAMPUR INCL. MM FOR EXTENSION OF NEW LINE FORM BIHARSHARIF-BARBIGHA, DANIYAWAN- BIHARSHARIF,",ECR,"NICOBAR
ISLANDS",4-1991,3/2023,-,"1,473.30",803.09,"2,786.29",90.00,POWER
219,N22000524,BARAUNI- BACHWARA 3RD AND 4TH LINE,ECR,"NICOBAR
ISLANDS",7-2022,7/2027,-,486.00,-,128.43,33.00,POWER
220,N22000526,JHAJHA - BATIA (UMBRELLA WORK PB#23/2018-19/NR),ECR,"NICOBAR
ISLANDS",2-2019,6/2028,-,496.47,-,22.53,N.A.,POWER
221,N22000528,SONENAGAR BYE PASS LINE FROM CHIRALAPOTHU TO BAGHA BISHUNPUR,ECR,"NICOBAR
ISLANDS",10-2022,10/2027,-,234.00,223.69,22.57,N.A.,POWER
222,N22000570,KATIHAR-KUMEDPUR AND KATIHAR- MUKURIA (64.5 KM) (UMBRELLA WORK PB#57/2019-20/NR),NFR,"NICOBAR
ISLANDS",8-2022,8/2027,-,745.00,-,336.83,35.00,POWER
223,N24000165,PATNA-MUZZAFFARPUR,NHAI,"NICOBAR
ISLANDS",8-2010,2/2013,-,671.30,-,"1,830.13",98.87,POWER
224,N24000187,4-LANNING OF CHAPRA-HAJIPUR,NHAI,"NICOBAR
ISLANDS",1-2011,7/2013,Jan-2026,575.00,-,573.48,89.81,POWER
225,N24000382,REHABILITATION AND UPGRADING TO 2 LANES/2 LANE WITH PAVED SHOULDERS CONFIGURATION OF BIRPUR - BIHPUR,MoRTH,"NICOBAR
ISLANDS",1-2014,10/2019,Jun-2025,675.00,-,764.69,96.00,POWER
226,N24000480,FOUR OF SIMARIA - KHAGARIA SECTION OF NH-31,NHAI,"NICOBAR
ISLANDS",12-2015,4/2019,Mar-2025,"1,041.10",567.00,553.73,97.58,POWER
227,N24000507,FOUR LANING OF BAKHTIYARPUR - MOKAMA SECTION OF NH-31,NHAI,"NICOBAR
ISLANDS",12-2015,12/2019,-,"1,167.45",-,753.72,99.43,POWER
228,N24000531,REHABILITATION AND UPGRADING TO 2 LANES/2 LANE WITH PAVED SHOULDERS (KM 40 TO KM 219.945) OF NH-104,MoRTH,"NICOBAR
ISLANDS",2-2016,11/2018,-,319.68,-,453.00,99.00,POWER
229,N24000576,CONSTRUCTION OF REHABILITATION AND UPGRADING TO 2 LANES/2 LANE(FOR LOT-I- KM 40.00 TO KM 65.400 AND K,MoRTH,"NICOBAR
ISLANDS",2-2016,5/2016,-,178.85,-,232.61,98.00,POWER
230,N24000578,"PROCUREMENT, AND CONSTRUCTION OF REHABILITATION AND UPGRADING TO 2 LANES/2 LANE(FOR LOT-III-KM 156.5",MoRTH,"NICOBAR
ISLANDS",2-2016,5/2016,-,553.30,-,712.38,98.00,POWER
231,N24000579,FOUR LANING OF GAYA-HISUA-RAJGIRI- NALANDA-BIHARSHARIF SECTION (KM0.00 TO 92.935) ON NH-82 IN BIHAR,MoRTH,"NICOBAR
ISLANDS",1-2014,10/2016,Jun-2025,"1,408.85",-,"1,738.55",97.00,POWER
232,N24000665,TWO-LANNING WITH PAVED SHOULDER OF MAHSHKUNT-SAHARSA-PURNEA SECTION FROM EXISTING KM.89.020 (DESIGN,NHAI,"NICOBAR
ISLANDS",3-2017,3/2020,Dec-2025,672.89,893.92,714.74,86.71,POWER
233,N24000696,SIX LANNING OF AUNTA-SIMARIA(GANGA BRIDGE WITH APPROACH ROADS) SECTION OF NH-31,NHAI,"NICOBAR
ISLANDS",8-2017,2/2022,Oct-2024,950.64,"1,161.00","1,156.29",99.53,POWER
234,N24000714,CONSTRUCTION OF NEW LINK (NH-133B) FROM KM 0/00 (KM 200/87 OF SAHIBANJ BYPASS) IN JHARKHAND TO KM 15,NHAI,"NICOBAR
ISLANDS",12-2017,10/2024,Apr-2025,"2,598.00",-,"1,410.14",77.46,POWER
235,N24000723,REHABILITATION AND UPGRADATION OF TWO LANING OF MAHESHKHUNT - SAHARSA - PURNEA SECTION PKG - I,NHAI,"NICOBAR
ISLANDS",1-2018,12/2021,Aug-2025,573.70,644.50,492.33,82.27,POWER
236,N24000813,DEVELOPMENT OF NEWLY DECLARED NH- 527C FROM MAJHAULI TO CHAROUT SECTION TO 2 LANE WITH PAVED SHOULDER,NHAI,"NICOBAR
ISLANDS",3-2018,11/2021,Dec-2024,496.20,470.18,399.41,98.25,POWER
237,N24000943,CONSTRUCTION OF A NEW 4 LANE MAJOR BRIDGE ACROSS RIVER KOSI AT PHULAUT INCLUDING RHABILITATION AND,MoRTH,"NICOBAR
ISLANDS",9-2018,6/2024,May-2026,"1,478.40",-,941.27,70.00,POWER
238,N24001201,CONSTRUCTION OF A NEW 4 LANE BRIDGE PARALLEL TO EXISTING MG SETU WITH ITS APPROACHES FROM KM 0.00,MoRTH,"NICOBAR
ISLANDS",2-2019,9/2024,-,"2,926.42",-,"1,300.42",56.00,POWER
239,N24001303,BALANCE WORK OF 4- LANING OF PATNA- GAYA-DOBHI SECTION (KM. 0.00 TO KM. 127.217) OF NH-83 IN THE STAT,NHAI,"NICOBAR
ISLANDS",10-2013,12/2020,Dec-2024,649.90,-,711.53,98.30,POWER
240,N24001304,BALANCE WORK OF 4- LANING OF PATNA- GAYA-DOBHI SECTION (KM. 39.00 TO KM. 83.00) OF NH-83 IN THE STATE,NHAI,"NICOBAR
ISLANDS",10-2013,11/2020,Dec-2024,446.97,598.48,638.80,96.30,POWER
241,N24001305,BALANCE WORK OF 4- L ANING OF PATNA- GAYA-DOBHI SECTION (KM.83.00 TO KM. 127.217) OF NH-83 IN THE STA,NHAI,"NICOBAR
ISLANDS",10-2013,11/2020,Dec-2024,464.09,605.53,698.25,97.30,POWER
242,N24001371,CONSTRUCTION OF 2 LANE BRIDGE ACROSS RIVER KOSI WITH APPROACH ROAD FROM BHEJA TO BAKAUR SECTION OF N,NHAI,"NICOBAR
ISLANDS",10-2019,8/2023,Apr-2026,"1,101.99",-,874.95,77.40,POWER
243,N24001697,4L GREENFIELD ALIGNMENT FROM KALYANAPUR TO TAL DASHRAHA OF NH- 119D (PKG-III),NHAI,"NICOBAR
ISLANDS",2-2023,2/2025,-,"1,358.00",-,188.08,19.06,POWER
244,N24001698,FOUR LANING OF MUNGER TO MIRZACHAUKI (NH-80) SECTION FROM NEAR RASULPUR TO MIRZACHAUKI (DESIGN CH,NHAI,"NICOBAR
ISLANDS",8-2022,8/2024,Dec-2025,"1,198.02",-,14.85,N.A.,POWER
245,N24001699,CONSTRUCTION OF 4 LANE ELEVATED SECTION AND AT- GRADE IMPROVEMENTS AT BEGUSARAI TOWN SECTION OF NH-3,NHAI,"NICOBAR
ISLANDS",3-2022,12/2024,Dec-2025,312.58,-,196.82,82.06,POWER
246,N24001700,SIX LANNING OF AURANGABAD TO BIHAR/JHARKHAND BORDER SECTION OF NH-19 (OLD NH-2) FROM KM. 209.827 TO,NHAI,"NICOBAR
ISLANDS",12-2021,3/2024,Dec-2024,552.55,553.00,378.25,86.60,POWER
247,N24001701,FOUR LANING OF MUNGER TO MIRZACHAUKI (NH-80) SECTION FROM START OF EXISTING BHAGALPUR BYPASS TO RASU,NHAI,"NICOBAR
ISLANDS",4-2022,4/2024,Sep-2025,"1,769.50",-,51.61,N.A.,POWER
248,N24001702,CONSTRUCTION OF 4 LANE ELEVATED HIGHWAY AND AT-GRADE IMPROVEMENTS AT GOPALGANJ TOWN FROM DESIGN CH:,NHAI,"NICOBAR
ISLANDS",12-2021,9/2024,-,184.90,185.00,164.63,99.78,POWER
249,N24001703,6 L OF AURANGABAD TO BIHAR- JHARKHAND BORDER (CHORDAHA) SECTION FROM KM. 180.000 TO KM. 209.827 OF N,NHAI,"NICOBAR
ISLANDS",2-2022,5/2025,-,786.81,787.00,0.00,8.30,POWER
250,N24001704,FOUR LANING OF MUNGER TO MIRZACHAUKI (NH-80) SECTION FROM KHARIA VILLAGE JUNCTION TO START OF EXISTI,NHAI,"NICOBAR
ISLANDS",3-2021,3/2024,Sep-2025,"1,020.84",-,118.96,N.A.,POWER
251,N24001705,FOUR LANING OF MUNGER TO MIRZACHAUKI (NH-80) SECTION FROM MUNGER TO KHARIA VILLAGE JUNCTION DESIGN C,NHAI,"NICOBAR
ISLANDS",3-2022,3/2024,Dec-2025,"1,485.66",-,35.16,N.A.,POWER
252,N24001709,BAKHTIYARPUR RAJAULI PKG-II FROM KM 54.405 TO KM 101.630 NH20,NHAI,"NICOBAR
ISLANDS",9-2020,4/2023,Dec-2024,897.45,-,"1,037.63",97.85,POWER
253,N24001712,FOUR LANING OF PARARIA TO MOHANIA SECTION OF NH 319 (OLD NH 30) FROM KM. 54+530 (DESIGN CHAINAGE) TO,NHAI,"NICOBAR
ISLANDS",8-2020,7/2023,May-2025,690.00,-,770.73,98.80,POWER
254,N24001715,BALANCE WORK OF TWO LANING WITH PAVED SHOULDER OF PIPRAKOTHI?MOTIHARI- RAXAUL SECTION OF NH-28A FRO,NHAI,"NICOBAR
ISLANDS",12-2018,10/2020,-,333.60,466.59,460.38,100.00,POWER
255,N24001870,IMPROVEMENT TO TWO LANE WITH PAVED SHOULDERS OF NH 122B FROM KM 29.730 TO KM 72.348 IN STATE OF BIH,MoRTH,"NICOBAR
ISLANDS",2-2022,11/2024,-,624.43,-,280.98,82.00,POWER
256,N24001875,WIDENING AND STRENTHENING FROM KM 70.15 TO KM 121.025 OF NH-80,MoRTH,"NICOBAR
ISLANDS",3-2021,1/2025,-,477.54,-,334.36,90.00,POWER
257,N24001876,WIDENING and STRENTHENING FROM KM132.895 TO KM 190.15 NH-80,MoRTH,"NICOBAR
ISLANDS",3-2021,3/2024,-,566.15,-,239.20,56.00,POWER
258,N24001877,CONSTRUCTION OF NEW 4-LANE BRIDGE (PARALLEL TO EXISTING VIKRAMASHILA SETU)FROM KM 8+920 TO KM 13+375,MoRTH,"NICOBAR
ISLANDS",7-2020,5/2027,-,"1,110.23",-,425.49,40.00,POWER
259,N24001878,IMPROVEMENT TO TWO LANE WITH PAVED SHOULDERS OF NH-319A FROM KM 0 TO KM 45 IN STATE OF BIHAR UNDER,MoRTH,"NICOBAR
ISLANDS",2-2022,12/2024,-,427.29,-,197.04,78.00,POWER
260,N24001879,CONSTRUCTION OF PROPOSED 4_LANE REVELGUNJ BYPASS NH-19 IN THE STATE OF BIHAR ON EPC MODE CONNECTING,MoRTH,"NICOBAR
ISLANDS",3-2022,7/2025,-,295.24,-,77.05,53.00,POWER
261,N24002062,CONSTRUCTION OF 6- LANE BRIDGE AND ITS APPROACHES ACROSS RIVER GANGA AS PART OF PATNA RING ROAD (NH-,NHAI,"NICOBAR
ISLANDS",3-2023,9/2027,-,"3,012.27",-,263.36,9.12,POWER
262,N24002063,BALANCE WORK - WB-10 (GANDAK BRIDGE) KM 402.00 TO KM 440.00 (DEVANPUR - KOTWA),NHAI,"NICOBAR
ISLANDS",12-2021,1/2024,-,210.05,-,104.35,69.00,POWER
263,N24002064,PERMANENT RECTIFICATION OF 3 NOS. OF BLACK SPOTS IN PROJECT HIGHWAY NH-27 OF U.P BORDER - DEWAPUR -,NHAI,"NICOBAR
ISLANDS",12-2022,12/2025,-,381.80,-,115.37,48.00,POWER
264,N24002065,4L GREENFIELD ALIGNMENT OF AMAS TO SHIVRAMPUR FROM 0.000 KM. TO 55.002 KM. OF NH 119 D (PKG-I),NHAI,"NICOBAR
ISLANDS",2-2022,3/2025,-,"1,390.92",-,17.54,22.56,POWER
265,N24002066,4L GREENFIELD ALIGNMENT OF SHIVRAMPUR TO RAMNAGAR FROM KM. 55.002 TO KM. 109.300 OF NH 119 D (PKG-I,NHAI,"NICOBAR
ISLANDS",2-2022,7/2025,-,"1,494.31",-,38.28,4.59,POWER
266,N24002133,IMPROVEMENT OF 2 LANE WITH PAVED SHOULDER OF STRETCH FROM BIKRAMGANJ DAWATH MELAYABAGH NAWANAGR -DUM,MoRTH,"NICOBAR
ISLANDS",3-2021,3/2025,-,178.63,-,116.16,91.00,POWER
267,N24002193,CONSTRUCTION OF 4 LANE ROB AND ITS APPROACHES AT THE LEVEL OF CROSSING (L C NO. 29-B) OF KM 29 (EKAN,MoRTH,"NICOBAR
ISLANDS",3-2023,7/2026,-,201.08,-,25.42,25.00,POWER
268,N24002194,CONSTRUCTION OF 6-LANE ELEVATED / EXTRA DOSE CABLE BRIDGE ON RIVER GANGA PARALLEL TO AND WESTERN SID,MoRTH,"NICOBAR
ISLANDS",1-2024,11/2027,-,"3,064.45",-,78.87,2.00,POWER
269,N24002195,ESTIMATE FOR IMPROVEMENT TO TWO LANE WITH PAVED SHOULDER FROM RAMNAGAR TO ROSEDA FROM (KM 3.500 TO 4,MoRTH,"NICOBAR
ISLANDS",1-2022,4/2026,-,495.16,-,129.17,10.00,POWER
270,N24002196,CONSTRUCTION OF BHABHUA BYPASS FROM CH. 10+800(DESIGN CH. 10+800) TO CH. 19+860 (DESIGN CH. 18+150),MoRTH,"NICOBAR
ISLANDS",2-2022,3/2026,-,179.86,-,25.07,0.03,POWER
271,N24002197,IMPROVEMENT TO TWO LANE WITH PAVED SHOULDER FROM JUNCTION OF NH-22 NEAR HAJIPUR TO JUNCTION OF NH-12,MoRTH,"NICOBAR
ISLANDS",2-2024,2/2026,-,226.15,-,9.77,13.00,POWER
272,N24002198,IMPROVEMENT TO TWO LANE WITH PAVED SHOULDERS OF BH/WBBORDER-AMDABAD- MANIHARI SECTION FROM DESIGN KM,MoRTH,"NICOBAR
ISLANDS",1-2022,3/2026,-,353.27,-,25.33,N.A.,POWER
273,N24002220,PERMANENT RECTIFICATION OF 4 NOS. OF BLACKSPOTS ON NH 27 OF KOTWA MEHSI MUZAFFARPUR SECTION FROM,NHAI,"NICOBAR
ISLANDS",12-2022,11/2026,-,410.75,-,35.27,25.07,POWER
274,N24002221,4L OF GREENFIELD ALIGNMENT FROM KM. 47.000 TO KM. 89.210 OF BALBHADARPUR TO BELA NAWDA SECTION OF NH,NHAI,"NICOBAR
ISLANDS",2-2022,3/2026,-,"2,185.75",-,513.47,11.48,POWER
275,N28000148,PATNA METRO RAIL CORPORATION LIMITED,PATNA METRO RAI,"NICOBAR
ISLANDS",2-2019,6/2024,-,"13,365.77",-,"3,158.18",44.00,"URBAN
DEVELOPMEN
T"
276,N30000026,SEWER NETWORK SPS AND STP BEGUSARAI,BUIDCO,"NICOBAR
ISLANDS",3-2018,7/2021,Dec-2019,230.06,-,261.47,97.00,"WATER
RESOURCES"
277,N30000027,I AND D AND STP WORKS FOR BHAGALPUR,BUIDCO,"NICOBAR
ISLANDS",10-2017,9/2020,Nov-2020,254.13,413.29,126.67,90.00,"WATER
RESOURCES"
278,N30000035,SEWER NETWORKS SPS AND STP HAJIPUR,BUIDCO,"NICOBAR
ISLANDS",3-2018,8/2021,Mar-2018,305.19,-,346.46,95.00,"WATER
RESOURCES"
279,N30000036,"SEWER NETWORKS, SPS AND STP, MUNGER",BUIDCO,"NICOBAR
ISLANDS",3-2018,10/2021,Mar-2018,294.02,350.79,428.70,100.00,"WATER
RESOURCES"
280,N30000039,SAIDPUR SEWER NETWORK PATNA,BUIDCO,"NICOBAR
ISLANDS",4-2015,1/2021,-,268.63,-,491.13,100.00,"WATER
RESOURCES"
281,N30000044,SEWERAGE SYSTEM WITH SEWER NETWORK PATNA KARMALICHAK,BUIDCO,"NICOBAR
ISLANDS",3-2017,5/2021,Mar-2017,277.42,253.98,355.31,100.00,"WATER
RESOURCES"
282,N30000050,SEWERAGE SYSTEM AND STP FOR KANKARBAG ZONE PATNA,BUIDCO,"NICOBAR
ISLANDS",8-2017,6/2022,-,578.89,453.83,164.87,52.00,"WATER
RESOURCES"
283,N30000051,"SEWERAGE SYSTEM AND STP FOR DIGHA ZONE, PATNA",BUIDCO,"NICOBAR
ISLANDS",8-2017,6/2022,-,824.00,734.09,384.17,55.00,"WATER
RESOURCES"
284,060100093,GEVRA EXPANSION OCP (SECL) (35-70) MTY,SECL,"NICOBAR
ISLANDS",6-2010,3/2023,Mar-2026,"11,816.40",-,"6,596.25",77.20,"WATER
RESOURCES"
285,N06000045,PELMA OCP(15.00MTY),SECL,"NICOBAR
ISLANDS",10-2022,3/2023,-,"1,624.59",-,15.53,17.00,"WATER
RESOURCES"
286,N06000104,CHHAL OC SEAM -III (6.00 MTY),SECL,"NICOBAR
ISLANDS",12-2013,3/2022,Jun-2025,610.63,-,576.24,85.00,"WATER
RESOURCES"
287,N06000123,AMERA OC RCE,SECL,"NICOBAR
ISLANDS",2-2015,3/2018,Mar-2026,335.97,-,86.98,42.00,"WATER
RESOURCES"
288,N06000135,AMGAON OPENCAST PROJECT RCE,SECL,"NICOBAR
ISLANDS",7-2015,3/2020,Mar-2026,316.10,-,188.33,71.00,"WATER
RESOURCES"
289,N06000164,MAHAMAYA OPENCAST PROJECT,SECL,"NICOBAR
ISLANDS",5-2018,3/2026,-,410.26,-,180.18,38.00,"WATER
RESOURCES"
290,N06000166,JHIRIA WEST OPENCAST PROJECT,SECL,"NICOBAR
ISLANDS",1-2024,3/2029,-,366.94,-,33.37,41.00,"WATER
RESOURCES"
291,N06000197,BAROUD OC EXPANSION (3-10 MTY),SECL,"NICOBAR
ISLANDS",8-2020,3/2029,-,"2,309.80",-,911.51,41.00,"WATER
RESOURCES"
292,N06000198,JAMPALI OCP RCE,SECL,"NICOBAR
ISLANDS",5-2020,3/2024,Mar-2025,278.64,-,209.34,82.00,"WATER
RESOURCES"
293,N06000199,PORDA CHIMTAPANI OCP (10 MTY),SECL,"NICOBAR
ISLANDS",12-2020,3/2029,-,"2,310.12",-,47.65,10.00,"WATER
RESOURCES"
294,N06000200,DIPKA OC EXPANSION 40 MTY,SECL,"NICOBAR
ISLANDS",12-2020,3/2029,-,"5,241.40",-,"2,820.23",37.30,"WATER
RESOURCES"
295,N06000232,JAGANNATHPUR OC RCE (3.0 MTY),SECL,"NICOBAR
ISLANDS",7-2016,3/2020,Mar-2026,459.49,-,263.51,92.00,"WATER
RESOURCES"
296,N06000274,KATKONA RO UG PROJECT (1.74 MTY),SECL,"NICOBAR
ISLANDS",1-2023,3/2029,-,329.22,-,60.38,2.00,"WATER
RESOURCES"
297,N28000141,"C/O PERMANENT CAMPUS OF IIT BHILAI AT KUTHELABHATA, DURG CHHATTISGARH, STAGE I PHASE I.",CPWD EDUCATION,"NICOBAR
ISLANDS",3-2020,7/2022,Feb-2024,808.62,879.22,640.70,100.00,DEPARTMENT
298,N18000350,WESTERN REGION EXPANSION SCHEME XXV,PGCIL,"NICOBAR
ISLANDS",2-2023,11/2023,-,385.84,-,369.79,93.00,POWER
299,N18000381,"LARA SUPER THERMAL POWER PROJECT, STAGE-II (2X800 MW)",NTPC,"NICOBAR
ISLANDS",8-2023,6/2028,-,"15,530.00",-,"1,636.45",6.50,POWER
300,N22000318,KIRANDUL - JAGDALPUR DOUBLING,ECOR,"NICOBAR
ISLANDS",12-2012,3/2020,-,"1,588.70",-,"1,526.84",94.80,POWER
301,N22000484,JHARSUGUDA-BILASPUR 4TH LINE,SECR,"NICOBAR
ISLANDS",4-2015,10/2024,Dec-2023,"2,140.34","2,135.34","2,280.80",88.00,POWER
302,N22000489,KHARSIA DHARAMJAIGARH WITH SPUR LINE EAST CORRIDOR-PHASE I,IRCON,"NICOBAR
ISLANDS",4-2013,9/2018,-,"3,055.00",-,"3,117.24",92.80,POWER
303,N22000572,Gauge conversion of Raipur(Kendri)-Dhamtari and Abhanpur-Rajim branch (67.20 km),SECR,"NICOBAR
ISLANDS",7-2011,10/2024,-,"1,171.30",-,617.69,82.00,POWER
304,N22000573,NIPANIA-BHATAPRA (14.4 KM) 4TH LINE (PB#72/NR/2022-23),SECR,"NICOBAR
ISLANDS",9-2022,12/2026,-,170.49,-,0.13,2.00,POWER
305,N22000574,4TH LINE - BHATAPARA-HATHBAND (8.8 KM) (PB#72/NR/2022-23),SECR,"NICOBAR
ISLANDS",12-2022,12/2026,-,177.03,-,6.23,2.00,POWER
306,N22000575,4TH LINE - BHILAI-BHILAI NAGAR (8.8 KM) (PB#72/NR/2022-23),SECR,"NICOBAR
ISLANDS",9-2022,9/2026,-,169.06,-,1.72,2.00,POWER
307,N22000576,4TH LINE - DADHAPARA-BELHA (9.2 KM) (PB#72/NR/2022-23),SECR,"NICOBAR
ISLANDS",9-2022,9/2026,-,169.06,-,15.66,30.00,POWER
308,N22000577,4TH LINE - RAJNANDGAON-DONGARHGARH (31.2 KM) (PB#72/NR/2022-23),SECR,"NICOBAR
ISLANDS",9-2022,9/2026,-,328.34,-,36.65,20.00,POWER
309,N22000579,3RD AND 4TH LINE - SARAGBUNDIA AND MADWARANI,SECR,"NICOBAR
ISLANDS",9-2022,9/2026,-,167.64,-,0.00,N.A.,POWER
310,N22000580,DOUBLING OF BORIDAND - AMBIKAPUR ( SURAJPUR),SECR,"NICOBAR
ISLANDS",6-2022,6/2030,-,"1,376.20","1,242.94",193.79,12.00,POWER
311,N22000602,DALLIRAJHARA - ROWGHAT (95 KM) {PART OF DALLIRAJHARA-JAGDALPUR (235 KM)},RVNL,"NICOBAR
ISLANDS",3-2008,6/2025,-,"1,627.56",-,"1,349.09",N.A.,POWER
312,N22000616,CHIRIMIRI-NAGPUR HALT,SECR,"NICOBAR
ISLANDS",10-2018,6/2030,-,241.00,-,0.00,N.A.,POWER
313,N24001217,REHABILITATION AND UPGRADATION OF NH 43 KANKER TO BEDMA SECTION KM. 130 TO 180,MoRTH,"NICOBAR
ISLANDS",1-2016,8/2016,-,497.14,572.66,385.27,60.00,POWER
314,N24001221,REHABILITATION AND UPGRADATION OF NH 78 FROM KM 373.505 TO 469.300 AMBIKAPUR TO PATHALGAON SECTION,MoRTH,"NICOBAR
ISLANDS",1-2016,10/2016,-,624.98,-,620.67,100.00,POWER
315,N24001222,REHABILITATION AND UPGRADATION OF NH 78 FROM KM 469.000 TO 531.000 PATTHALGAON TO KUNKURI,MoRTH,"NICOBAR
ISLANDS",3-2016,7/2016,-,452.94,-,322.59,70.00,POWER
316,N24001227,CONSTRUCTION OF 4 NOS GRADE SEPARATOR BETWEEN KM. 281.000 TO KM 307.600 KM. 286.400 KUMHARI KM. 299.,MoRTH,"NICOBAR
ISLANDS",3-2018,1/2019,-,349.03,-,316.52,98.00,POWER
317,N24001228,UPGRADATION AND WIDENING OF BILASPUR TO MUNGELI SECTION NH-130A,MoRTH,"NICOBAR
ISLANDS",11-2017,5/2019,-,188.80,-,136.81,97.00,POWER
318,N24001588,DEVELOPMENT OF SIX LANE SARGI- BASANWAHI OF NH 130 CD FROM KM.42+800 TO 99+500 UNDER RAIPUR VISAKHAPA,NHAI,"NICOBAR
ISLANDS",12-2021,1/2025,-,"1,470.73",-,646.79,79.00,POWER
319,N24001593,DEVELOPMENT OF SIX LANE JHANKI SARGI OF NH 130 CD FROM KM.0+000 TO 42+800 UNDER RAIPUR VISAKHAPATTNA,NHAI,"NICOBAR
ISLANDS",11-2021,9/2024,-,"1,368.19",-,896.51,96.40,POWER
320,N24001611,4 LANE OF BILASPUR TO URGA PROJECT (KM 0.00 TO KM 70.2) OF NH-130A,NHAI,"NICOBAR
ISLANDS",4-2020,3/2024,-,"1,855.59","2,523.86",594.46,93.03,POWER
321,N24001917,UP GRADATION OF NH 930 SHERPAR TO KOHKA FROM KM 67.880 TO KM 114.860 TO TWO LANE WITH PAVED SHOULDER,MoRTH,"NICOBAR
ISLANDS",3-2020,5/2024,-,278.97,-,206.61,87.00,POWER
322,N24001919,UP GRADATION OF NH 130C ABHANPUR TO PAUND FROM NK KM 0.000 TO KM. 40.380 TO TWO LANE WITH PAVED SHOU,MoRTH,"NICOBAR
ISLANDS",12-2020,9/2023,Feb-2025,193.16,-,103.83,81.00,POWER
323,N24001920,UPGRADATION OF NH 130A MUNGELI TO PONDI FROM NH KM. 51.600 TO KM. 77.870 KM. 80.970 TO 96.970 TO 2,MoRTH,"NICOBAR
ISLANDS",3-2021,9/2024,-,218.57,-,136.26,89.00,POWER
324,N24002017,DEVELOPMENT OF SIX LANE BASANWAHI- MARANGPURI OF NH 130 CD FROM KM.99+500 TO 124+661 UNDER RAIPUR VIS,NHAI,"NICOBAR
ISLANDS",3-2022,10/2025,-,"1,307.16",-,252.68,33.05,POWER
325,N24002045,CONSTRUCTION OF 6 LANE DURG RAIPUR ARANG BYPASS PKG 1 SECTION OF NH 53 FROM CH 0.000 TO CH 44.50,NHAI,"NICOBAR
ISLANDS",6-2022,7/2025,-,"1,828.00",-,543.14,44.72,POWER
326,N24002046,CONSTRUCTION OF 6 LANE DURG RAIPUR ARANG BYPASS PKG 2 SECTION OF NH 53 FROM CH 44+500 TO CH.92+230 I,NHAI,"NICOBAR
ISLANDS",6-2022,5/2025,-,"1,958.94","1,959.00",690.46,40.01,POWER
327,N12000124,NMDC SLURRY PIPE LINE PROJECT - PHASE-1,NMDC,"NICOBAR
ISLANDS",11-2015,6/2023,Jul-2024,"2,907.00","5,427.06","2,926.87",79.20,POWER
328,N12000127,SCREENING PLANT-III AT KIRANDUL,NMDC,"NICOBAR
ISLANDS",3-2021,8/2024,-,"2,092.97","2,718.84","1,491.20",70.81,POWER
329,N12000130,CONSTRUCTION OF RESIDENTIAL TOWERS AT BIOM KIRANDUL COMPLEX,NMDC,"NICOBAR
ISLANDS",7-2021,11/2024,-,282.44,349.75,232.34,80.66,POWER
330,N12000131,"REPLACEMENT OF CONVERTER VESSELS, TRUNNION RINGS, SUPPORT SYSTEM AND INSTALLATION OF SECONDARY EMISS",SAIL,"NICOBAR
ISLANDS",10-2023,6/2026,-,471.83,-,92.37,24.87,POWER
331,N12000134,REBUILDING OF COKE OVEN BATTERY NO.7 AND 8 OF BHILAI STEEL PLANT,SAIL,"NICOBAR
ISLANDS",11-2023,10/2025,-,884.10,-,394.99,69.46,POWER
332,N12000137,REPLACEMENT OF HOT LEVELLER-1 OF PLATE MILL AT BHILAI STEEL PLANT,SAIL,"NICOBAR
ISLANDS",7-2024,7/2026,-,198.62,-,0.00,5.74,POWER
333,N28000149,CONSTRUCTION729 QUARTERS (TYPE II- 180 TYPE III-364 TYPE IV-112 TYPE V-68 TYPE-VI-5 SHOPS COMMUNI,CPWD,"NICOBAR
ISLANDS",5-2019,9/2020,Oct-2024,299.97,299.97,272.05,92.00,"URBAN
DEVELOPMEN
T"
334,N04000076,"CONSTRUCTION OF COMBINED OPERATIONAL OFFICES FOR DGCA, BCAS, AAIB, AERA AND AAI AT SAFDARJUNG AIRPOR",AAI,"NICOBAR
ISLANDS",11-2016,4/2020,Apr-2024,303.80,374.98,344.65,100.00,"CIVIL
AVIATION"
335,N40000002,INDIA INTERNATIONAL CONVENTION AND EXPO CENTRE,IICC FOR DPIIT,"NICOBAR
ISLANDS",11-2017,12/2019,-,"4,773.00",-,"4,969.89",100.00,DPIIT
336,N07000001,"C/O RESIDENTIAL COMPLEX BUILDING FOR CENTRAL BOARD OF INDIRECT TAXES AND CUSTOMS AT SECTOR-9, DWARKA",NPCC,"NICOBAR
ISLANDS",7-2018,4/2022,-,228.50,-,176.28,85.00,FINANCE
337,N28000071,ESTABLISHMENT OF CENTRAL ARMED POLICE FORCE INSTITUTE OF MEDICAL SCIENCES(CAPFIMS) AT NEW DELHI,CPWD FOR MHA,"NICOBAR
ISLANDS",10-2013,10/2019,-,"1,219.21","2,091.53","1,947.12",100.00,"HOME
AFFAIRS"
338,N45000002,CONSTRUCTION OF HEADQUARTER BUILDING OF CRPF AT LODHI ROAD NEW DELHI,CPWD FOR MHA,"NICOBAR
ISLANDS",6-2019,7/2022,-,277.35,-,107.00,64.00,"HOME
AFFAIRS"
339,N22000281,ANAND VIHAR-TILAK BRIDGE 3RD AND 4TH LINE,NR,"NICOBAR
ISLANDS",4-2012,3/2023,-,586.36,-,174.22,45.00,RAILWAYS
340,N24001771,SIX LANE ACCESS CONTROLLED OF DELHI SAHARANPUR HIGHWAY FROM AKSHARDHAM NH 9 JUNCTION TO DELHI UP BOR,NHAI,"NICOBAR
ISLANDS",6-2020,12/2024,-,"1,479.22",-,"1,491.26",99.00,RAILWAYS
341,N24001773,6L ACCESS CONTROLLED HIGHWAY FROM DND MAHARANI BAGH JN. WITH JAITPUR PUSHTA ROAD OF NH 148NA FROM,NHAI,"NICOBAR
ISLANDS",5-2020,7/2024,-,"1,467.44",-,"1,189.56",90.39,RAILWAYS
342,N24001777,DEVELOPMENT OF 6L UER-II (PACKAGE-I) (NH-1 NEAR BAKOLI TILL KARALA KANJHAWALA ROAD) FROM KM. (-)0.70,NHAI,"NICOBAR
ISLANDS",7-2020,10/2023,-,"2,171.80",-,958.13,99.99,RAILWAYS
343,N24001779,DWARKA EXPRESSWAY FROM KM -0.600 TO KM 5.300 - PKG-I (SHIVMURTI CHOWK-RUB NEAR DWARKA SECTOR 21),NHAI,"NICOBAR
ISLANDS",3-2018,9/2022,-,"2,507.00",-,"1,155.70",95.01,RAILWAYS
344,N24001781,8L OF DWARKA EXPRESSWAY PKG-II (RUB NEAR DWARKA SECTOR 21-DL/HR BORDER) FROM 5.300 KM.TO 9.500 KM. O,NHAI,"NICOBAR
ISLANDS",1-2018,10/2021,-,"2,067.67",-,"1,496.49",99.35,RAILWAYS
345,N24001825,DEVELOPMENT OF 6L UER II [PACKAGE - II] (KARALA KANJHAWALA ROAD TILL NANGLOI - NAJAFGARH ROAD) FROM,NHAI,"NICOBAR
ISLANDS",7-2020,10/2023,-,"1,894.96",-,741.88,94.65,RAILWAYS
346,N28000115,SETTING UP PHYSICAL INFRASTRUCTURE FOR THE NATIONAL INSTITUTE OF COMMUNICATION FINANCE(NICF) AT GHIT,CPWD FOR TELECO,"NICOBAR
ISLANDS",10-2014,3/2018,-,248.20,-,236.27,98.00,TELECOMMUN
347,N28000056,DELHI MRTS PHASE-III,DMRC,"NICOBAR
ISLANDS",9-2011,3/2016,Aug-2021,"38,585.00","43,095.35","40,614.90",100.00,ICATIONS
348,N28000105,REDEVELOPMENT OF GPRA COLONY AT NAUROJI NAGAR,NBCC,"NICOBAR
ISLANDS",7-2016,(N.A.),-,"2,694.00",-,"2,247.61",N.A.,ICATIONS
349,N28000128,REDEVELOPMENT OF GENERAL POOL RESIDENTIAL COLONY AT SRINIWASPURI NEW DELHI PHASE-I,CPWD,"NICOBAR
ISLANDS",10-2016,7/2021,-,"1,180.00",-,36.69,2.00,ICATIONS
350,N28000129,REDEVELOPMENT OF GPRA AT KASTURBA NAGAR PHASE I,CPWD,"NICOBAR
ISLANDS",10-2016,3/2022,-,"1,128.00",-,709.96,66.00,ICATIONS
351,N28000135,DELHI METRO PHASE IV THREE PRIORITY CORRIDORS,DMRC,"NICOBAR
ISLANDS",7-2019,3/2025,-,"24,948.65",-,"16,065.03",65.67,ICATIONS
352,N28000153,"CONSTRUCTION OF 184 MULTI STORIED FLATS FOR HON'BLE MPS AT BKS MARG, NEW DELHI",CPWD,"NICOBAR
ISLANDS",1-2022,11/2024,May-2025,646.52,-,489.53,93.00,ICATIONS
353,N28000156,REDEVELOPMENT OF GPRA AT NETAJI NAGAR NEW DELHI PACKAGE 2,NBCC,"NICOBAR
ISLANDS",10-2016,3/2024,Jun-2025,"1,536.72",-,491.35,90.00,ICATIONS
354,N30000014,CONSTRUCTION OF 564 MLD 124 MGD WASTE WATER TREATMENT PLANT WITH EFFLUENT STANDARDS OF BOD ? 10MG/L,DJB,"NICOBAR
ISLANDS",3-2017,12/2022,-,665.78,-,782.51,100.00,"WATER
RESOURCES"
355,N04000095,EXTENSION OF EXISTING INTEGRATED TERMINAL BUILDING AND ALLIED WORKS AT GOA AIRPORT.,AAI,GOA,11-2017,9/2021,Aug-2025,255.69,255.69,119.89,85.00,"CIVIL
AVIATION"
356,N42000002,"CONSTRUCTION OF PERMANENT CAMPUS FOR NATIONAL INSTITUTE OF TECHNOLOGY GOA AT CUNCOLIM, GOA.",CPWD EDUCATION,GOA,5-2019,8/2021,-,303.90,-,360.00,99.30,DEPARTMENT
357,N24002181,CONSTRUCTION OF SIX LANE ELEVATED CORRIDOR FROM KM. 508.000 TO KM. 513.150 INCLUDING APPROACHES ON N,MoRTH,GOA,4-2023,4/2026,-,641.46,-,0.00,N.A.,"ROAD
TRANSPORT
AND
HIGHWAYS"
358,N04000088,"C/O NEW GREENFIELD AIRPORT AT HISSAR, RAJKOT, GUJARAT",AAI,GOA,1-2018,8/2022,Dec-2024,"1,405.00",-,"1,304.42",100.00,"ROAD
TRANSPORT
AND
HIGHWAYS"
359,N04000093,"EXTENSION OF TERMINAL BUILDING, PTT, APRON AND CAR PARK AT SURAT AIRPORT.",AAI,GOA,8-2018,2/2021,Mar-2025,353.25,-,348.78,100.00,"ROAD
TRANSPORT
AND
HIGHWAYS"
360,N04000099,"DEVELOPMENT OF NEW GREENFIELD AIRPORT AT DHOLERA, AHMEDABAD (GUJARAT). PHASE-1.",AAI,GOA,6-2022,12/2025,-,"1,305.00","1,143.95",604.50,57.00,"ROAD
TRANSPORT
AND
HIGHWAYS"
361,N06000292,50 MW WIND POWER PROJECT PART OF 150 MW SECI HYBRID,NLC,GOA,7-2022,6/2025,Jan-2026,383.84,-,303.50,41.00,COAL
362,N16000279,REDEVELOPMENT OF SANTHAL FIELD,ONGC,GOA,2-2017,3/2026,-,"1,162.56",-,"1,156.83",94.10,COAL
363,N16000382,ACRYLICS OR OXO-ALCOHOL PROJECT AT GUJARAT REFINERY,IOCL,GOA,11-2019,5/2023,Mar-2024,"5,251.00","5,894.00","4,682.50",99.60,COAL
364,N16000409,PETROCHEMICAL AND LUBE INTEGRATION PROJECT AT GUJARAT REFINERY,IOCL,GOA,9-2020,8/2024,Dec-2025,"18,936.00",-,"10,871.57",81.90,COAL
365,N16000411,AUGUMENTATION OF SALAYA MATHURA CRUDE OIL PIPELINE SYSTEM,IOCL,GOA,10-2020,8/2023,Jun-2025,"1,614.00",-,"1,117.38",96.21,COAL
366,N16000428,REDEVELOPMENT OF LINCH FIELD,ONGC,GOA,4-2021,3/2025,-,631.03,860.04,399.66,75.80,COAL
367,N16000431,REDEVELOPMENT OF SOBHASAN COMPLEX,ONGC,GOA,8-2021,2/2026,-,885.63,"1,286.67",584.23,71.40,COAL
368,N16000444,COMMERCIAL POLYMER FLOODING PROJECT IN BECHRAJI FIELD,ONGC,GOA,1-2022,11/2024,-,621.40,-,137.69,21.40,COAL
369,N16000454,INSTALLATION OF NEW BITUMEN UNIT ALONG WITH ALLIED FACILITIES AT GUJARAT,IOCL,GOA,1-2022,9/2024,-,328.00,-,97.01,47.40,COAL
370,N16000477,"RESTORATION OF GAS TERMINAL, PHASE-I (PART-A), HAZIRA PLANT",ONGC,GOA,5-2022,2/2025,-,249.43,-,209.40,93.00,COAL
371,N16000481,KALOL REDEVELOPMENT PROJECT,ONGC,GOA,8-2022,3/2027,-,"1,487.41",-,952.00,60.00,COAL
372,N16000483,OLD PIPE LINE REPLACEMENT (OPRP) GROUP-A,ONGC,GOA,7-2021,7/2025,-,173.03,-,140.45,84.00,COAL
373,N16000514,"REVAMPING OF SV STATIONS, GAS TERMINAL AND KRIBHCO TERMINAL",ONGC,GOA,11-2022,8/2026,-,837.34,-,183.33,45.10,COAL
374,N18000295,GUJARAT 200 MW (GUVNL TENDER),NTPC,GOA,1-2021,7/2022,Mar-2026,842.27,"1,049.61",769.67,65.10,COAL
375,N18000296,"150 MW SOLAR PV PROJECT IN GUJARAT (LIMBDI, MESANKA AND RADHANPUR)",NTPC,GOA,5-2021,9/2022,Apr-2025,674.92,726.79,572.53,100.00,COAL
376,N18000297,Bagodara Solar Power Project,SJVN,GOA,5-2021,10/2022,-,339.35,-,317.59,51.22,COAL
377,N18000319,DAYAPAR WIND ENERGY PROJECT 150MW,NTPC,GOA,11-2021,5/2023,Jun-2025,937.80,-,800.11,100.00,COAL
378,N18000345,DAYAPAR WIND ENERGY PROJECT 200MW,NTPC,GOA,7-2022,3/2025,Jan-2026,"1,316.02",-,324.36,26.00,COAL
379,N18000346,KHAWDA 1255MW SOLAR PROJECT (KHAWDA SOLAR PARK),NTPC,GOA,9-2022,9/2024,Feb-2026,"7,179.54",-,"5,017.87",85.00,COAL
380,N18000349,BHUJ SOLAR 300MW (TRANCHE-IV WIND SOLAR HYBRID),NTPC,GOA,11-2022,3/2024,Mar-2026,"1,442.60",-,793.56,2.00,COAL
381,N18000357,ESTABLISHMENT OF KHAVDA POOLING STATION 3 (KPS3) IN KHAVDA RE PARK,PGCIL,GOA,3-2023,12/2024,-,922.30,-,823.07,88.70,COAL
382,N18000358,TRANSMISSION NETWORK EXPANSION IN GUJARAT ASSOCIATED WITH INTEGRATION OF RE PROJECTS FROM KHAVDA POT,PGCIL,GOA,3-2023,3/2025,-,815.12,-,738.03,94.60,COAL
383,N18000359,"KHAVDA-2, GUJARAT- ESTABLISHMENT OF KHAVDA POOLING STATION-2 (KPS2) IN KHAVDA RE PARK",PGCIL,GOA,3-2023,12/2024,-,966.79,-,859.00,93.60,COAL
384,N18000360,"KHAVDA PHASE-II-PART B, GUJARAT- TRANSMISSION SCHEME FOR EVACUATION OF 4.5 GW RE INJECTION AT KHAVDA",PGCIL,GOA,3-2023,3/2025,-,"1,167.55",-,950.00,86.10,COAL
385,N18000361,"KHAVDA PHASE-II-PART C, GUJARAT- TRANSMISSION SCHEME FOR EVACUATION OF 4.5 GW RE INJECTION AT KHAVDA",PGCIL,GOA,3-2023,3/2025,-,"2,820.99",-,"2,418.00",76.50,COAL
386,N18000365,KHAVDA 1200MW (4X300MW) IN KHAVDA RE PARK,NTPC,GOA,6-2023,12/2024,Jan-2026,"6,283.81",-,"1,752.69",40.00,COAL
387,N18000366,DAYAPAR WIND- III (HYBRID TRANCHE-V),NTPC,GOA,5-2023,1/2025,Mar-2026,"1,095.01",-,345.26,16.00,COAL
388,N18000383,TS FOR EVACUATION OF POWER FROM POTENTIAL RE ZONE IN KHAVDA AREA OF GUJARAT UNDER PH-IV PART E3,PGCIL,GOA,7-2023,7/2025,-,334.00,-,33.54,18.00,COAL
389,N18000384,TS FOR EVACUATION OF ADDITIONAL 7GW RE POWER FROM KHAVDA RE PARK UNDER PHASE-III PART B [VATAMAN TRA,PGCIL,GOA,12-2023,12/2025,-,"3,752.00",-,"1,365.02",13.90,COAL
390,N18000390,TS FOR EVACUATION OF POWER FROM 7GW REZ IN KHAVDA AREA UNDER PHASE- IV PART E2,PGCIL,GOA,5-2024,5/2026,-,679.00,-,47.74,15.00,COAL
391,N18000398,AUGMENTATION OF TRANSFORMATION CAPACITY AT JAM KHAMBHALIYA PS [GIS] [SPV NAME POWERGRID JAM KHAMBHAL,PGCIL,GOA,10-2024,7/2026,-,329.00,-,0.00,1.00,COAL
392,N18000400,TRANSMISSION SYSTEM FOR EVACUATION OF POWER FROM POTENTIAL RENEWABLE ENERGY ZONE IN KHAVDA AREA OF G,PGCIL,GOA,10-2024,10/2026,-,"4,766.00",-,280.03,4.20,COAL
393,N18000402,PROVISION OF DYNAMIC REACTIVE COMPENSATION AT KHAVDA POOLING STATION 1 [KPS1] AND KHAVDA POOLING STA,PGCIL,GOA,11-2024,11/2026,-,501.00,-,0.00,1.00,COAL
394,N18000405,TRANSMISSION SYSTEM FOR EVACUATION OF POWER FROM POTENTIAL RENEWABLE ENERGY ZONE IN KHAVDA AREA OF G,PGCIL,GOA,11-2024,5/2029,-,"24,819.00",-,"1,454.40",1.00,COAL
395,N18000406,600 MW SOLAR POWER PROJECT UNDER CPSU SCHEME,NHPC,GOA,4-2022,3/2026,-,"4,100.45",-,10.36,9.00,COAL
396,N18000411,AUGMENTATION OF TRANSFORMATION CAPACITY AT KPS2 AND KPS2,PGCIL,GOA,3-2025,3/2027,-,466.00,-,0.00,N.A.,COAL
397,N18000412,AUGMENTATION OF BANASKANTHA (RAGHANESDA) PS (GIS),PGCIL,GOA,3-2025,3/2027,-,172.00,-,0.00,N.A.,COAL
398,N22000142,MIYAGAM-KARJAN-DABHOI-SAMLAYA (GC),WR,GOA,4-2011,3/2021,Oct-2026,844.10,844.10,599.22,41.00,COAL
399,N22000504,ANAND GODHRA DOUBLING PROJECT 79 KMS,WR,GOA,4-2017,12/2024,Jun-2025,692.26,692.26,683.44,99.00,COAL
400,N22000532,4TH LINE BETWEEN BAREJADI NANDEJ (GERATPUR)- SANAND (38.20 KM) (AHMEDABAD BYPASS).,WR,GOA,2-2023,3/2027,Feb-2027,961.67,961.67,103.14,16.00,COAL
401,N22000533,QUADRUPLING BETWEEN GANDHIDHAM - ADIPUR WITH Y CONNECTION AT ADIPUR FOR PROVIDING DIRECT ENTRY TOWAR,WR,GOA,2-2023,12/2025,Dec-2025,152.44,152.44,19.50,60.00,COAL
402,N22000535,RAJKOT-KANALUS (111.20 KM),WR,GOA,10-2021,10/2026,Jun-2026,"1,080.58","1,080.58",304.58,70.00,COAL
403,N22000537,HIMMATNAGAR-KHEDBRAHMA (54.83 KM),WR,GOA,6-2022,2/2030,Jun-2025,354.99,482.42,309.75,91.00,COAL
404,N22000538,PETLAD-BHADRAN (22.5 KM),WR,GOA,5-2022,5/2030,Dec-2025,202.50,307.12,81.12,8.00,COAL
405,N22000539,NADIAD-PETLAD (37.26 KM),WR,GOA,5-2022,6/2030,-,335.34,461.91,74.11,7.00,COAL
406,N22000540,SAMLAYA-TIMBA ROAD (53.53 KM),WR,GOA,2-2023,3/2030,Jul-2026,670.00,670.17,101.79,12.00,COAL
407,N22000541,SAMNI-JAMBUSAR (24.08 KM),WR,GOA,5-2022,3/2030,Dec-2025,216.72,349.93,86.46,25.00,COAL
408,N22000547,VIJAPUR-AMBLIYASAN (41.53 KM),WR,GOA,5-2022,3/2030,Jul-2025,309.81,415.38,240.08,85.00,COAL
409,N22000548,ADRAJ MOTI-VIAJAPUR (39.75 KM),WR,GOA,5-2022,5/2030,Jul-2025,296.54,-,164.47,80.00,COAL
410,N22000550,NEW BG LINE BETWEEN NALIYA-JAKHAU PORT,WR,GOA,2-2023,1/2028,Dec-2026,410.46,410.46,5.89,2.00,COAL
411,N22000551,NEW BG LINE INTERSECTION (5 NOS) BETWEEN GERATPUR-SANAND AND BOTAD- AHMEDABAD (16.51 KM) (PB29/NR/20,WR,GOA,10-2022,10/2027,Feb-2027,437.21,-,30.05,N.A.,COAL
412,N22000592,TARANGA HILL ABU ROAD VIA AMBAJI NEW LINE,NWR,GOA,7-2022,7/2030,-,"2,798.16",-,"1,063.09",12.00,COAL
413,N22000600,JUNAGARH -VISAVADAR (42.28) KM,RVNL,GOA,6-2022,9/2028,-,493.00,-,0.00,N.A.,COAL
414,N22000622,MODASA- SHAMLAJI NEW LINE ( MM OF AHMEDABAD-HIMMATNAGAR-UDAIPUR (299.2 KM)),WR,GOA,9-2012,3/2027,Feb-2026,261.68,261.68,191.87,55.00,COAL
415,N24000569,FOUR LANING OF KAGAVADAR - UNA SECTION OF NH-8E FROM KM 139.915 TO KM 180.478 (PACKAGE-IV) IN THE ST,NHAI,GOA,5-2016,9/2019,May-2024,723.64,-,562.31,97.00,COAL
416,N24000592,4-LANNING OF KODINAR TO VERAVAL SECTION OF NH-8E FROM KM 221.610 TO KM 263.000,NHAI,GOA,7-2016,7/2020,-,829.97,-,486.93,96.63,COAL
417,N24000649,SIX LANNING FROM KM. 401.200 TO 494.410 OF NH-8 ON HYBRID ANNUITY MODE UNDER NHDP-V(PKG VI)REG.,NHAI,GOA,1-2017,12/2020,Oct-2025,"1,251.11","1,527.75",685.11,90.41,COAL
418,N24000834,CONSTRUCTION OF EIGHT LANE VADODARA KIM EXPRESSWAY FROM KM 254.430 TO KM 279.000 (KIM TO ANKLESHWAR,NHAI,GOA,3-2018,10/2021,May-2025,"1,161.39","1,738.03",683.24,83.00,COAL
419,N24000925,CONSTRUCTION OF MISSING LINKS (SINGLE LANE) IN LAKHPAT GADULI HAJIPIR ODMA KHAVDA DHOLAVIRA MAUVANA,MoRTH,GOA,10-2018,11/2020,Sep-2024,400.76,394.44,287.04,87.00,COAL
420,N24001427,CONSTRUCTION OF ROB WITH APPROACHES IN LIEU OF L C NO 165 OF AHMEDABAD PALANPUR BETWEEN RAILWAY STAT,MoRTH,GOA,6-2020,4/2023,Sep-2024,166.21,-,97.12,93.00,COAL
421,N24001443,CONSTRUCTION OF FOUR LANE EXPRESSWAY FROM START OF SARDAR PATEL RING ROAD TO SINDHREJ VILLAGE (CH. 0,NHAI,GOA,5-2020,3/2024,Jun-2025,690.30,929.95,841.05,93.90,COAL
422,N24001444,CONSTRUCTION OF FOUR LANE EXPRESSWAY FROM START OF SINDHREJ VILLAGE (CH. 22.00 TO CH. 48.52) SECTION,NHAI,GOA,5-2020,1/2024,Jun-2025,882.00,"1,229.37",996.88,89.28,COAL
423,N24001445,CONSTRUCTION OF FOUR LANE EXPRESSWAY FROM START OF VEJALLKA VILLAGE TO START OF DSIR ZONE OF AHMEDAB,NHAI,GOA,5-2020,7/2023,May-2025,691.52,903.85,872.33,99.10,COAL
424,N24001446,CONSTRUCTION OF FOUR LANE EXPRESSWAY FROM START OF DSIR ZONE OF AHMEDABAD DISTRICT TO ADHELAI VILLAG,NHAI,GOA,5-2020,12/2023,May-2025,894.00,"1,261.58","1,156.84",96.77,COAL
425,N24001515,DELHI VADODARA GREENFIELD ALIGNMENT SECTION OF NH 148N PACKAGE 26,NHAI,GOA,9-2020,2/2024,-,"1,542.02",-,969.47,68.35,COAL
426,N24001516,DELHI VADODARA GREENFIELD ALIGNMENT SECTION OF NH 148N PACKAGE 27,NHAI,GOA,9-2020,2/2024,Aug-2025,"1,185.69",-,980.16,93.52,COAL
427,N24001518,DELHI VADODARA GREENFIELD ALIGNMENT SECTION OF NH 148N PACKAGE 30,NHAI,GOA,11-2019,9/2023,-,"1,669.56",-,"1,066.35",96.90,COAL
428,N24001519,DELHI VADODARA GREENFIELD ALIGNMENT SECTION OF NH 148N PACKAGE 28,NHAI,GOA,9-2020,11/2023,-,"1,198.55",-,911.13,95.78,COAL
429,N24001520,DELHI VADODARA GREENFIELD ALIGNMENT SECTION OF NH 148N PACKAGE 31,NHAI,GOA,11-2019,5/2024,-,"1,604.06",-,"1,241.40",95.73,COAL
430,N24001785,UP-GRADATION TO 4-LANE WITH PAVED SHOULDER OF BHIMASAR JUNCTION OF NH-41 TO ANJAR BHUJ UPTO AIRPORT,NHAI,GOA,3-2022,6/2025,-,"1,373.06","1,085.00",656.62,87.30,COAL
431,N24001786,CONSTRUCTION OF EIGHT LANE ACCESS CONTROLLED EXPRESSWAY FROM KM 103.400 TO KM 128.000 OF VADODARA MU,NHAI,GOA,3-2021,3/2024,-,"1,259.00","2,652.24",278.29,34.08,COAL
432,N24001789,CONSTRUCTION OF EIGHT LANE EXPRESSWAY FROM KM 190.000 TO KM 217.500 GANDEVA TO ENA SECTION OF VADODA,NHAI,GOA,7-2020,8/2023,-,"1,710.30","2,665.08",900.19,90.56,COAL
433,N24001790,SANCHORE - SANTALPUR FROM KM 67.000- KM 99.000 OF NH-754K (AJ-RGBS-PACKAGE- 3),NHAI,GOA,2-2020,8/2023,Dec-2024,752.30,-,452.13,98.14,COAL
434,N24001792,4L OF BAL WORKS OF TALAJA - MAHUVA FROM 54.990 KM. TO 100.450 KM. OF OLD NH-8E (PACKAGE-II),NHAI,GOA,3-2021,9/2022,-,536.03,-,480.77,100.00,COAL
435,N24001793,4L OF BAL WORKS OF MAHUVA TO KAGVADAR FROM 100.450 KM. TO 140.470 KM. OF NH-8E (PKG- III),NHAI,GOA,3-2021,9/2022,-,485.75,-,393.88,99.57,COAL
436,N24001794,SANCHORE - SANTALPUR FROM KM 99.000- KM 130.073 OF NH-754K (AJ-RGBS-PACKAGE- 4),NHAI,GOA,2-2020,3/2023,Dec-2024,778.15,-,547.22,99.70,COAL
437,N24001827,4L KODINAR - VERAVAL (PACKAGE VI) FROM KM. 222.400 TO KM. 230.00 (KODINAR BYPASS) OF NH-8E (NH 51 NE,NHAI,GOA,3-2022,3/2023,-,162.73,-,131.79,100.00,COAL
438,N24002014,UPGRADATION AND STRENGTHENING TO 2 LANE PS FROM KM 95/500 TO KM 129/775 OF NH 168 G IDAR BHILODA SA,MoRTH,GOA,9-2022,12/2023,Dec-2025,237.28,-,0.34,N.A.,COAL
439,N24002034,UPGRADATION TO 4L PS DIVIDED CARRIAGEWAY FROM PATAN (NEAR RAJPUR) TO GOJARIYA FROM KM 52.000 TO KM 1,NHAI,GOA,12-2021,3/2025,-,"1,181.34","1,181.00",534.24,77.60,COAL
440,N24002035,WIDENING TO 6L OF EXISTING 4L JETPUR - GONDAL - RAJKOT SECTION FROM KM. 117.600 TO KM. 185.00 ON NH-,NHAI,GOA,9-2023,9/2025,-,"2,070.44",-,485.44,36.96,COAL
441,N24002117,UPGRADATION OF DHORAJI JAMKANDORNA KALAVAD SECTION OF NH 927D FROM DESIGN CHAINAGE KM 00 TO KM 58.11,MoRTH,GOA,10-2022,2/2024,Feb-2026,246.60,291.00,27.57,15.00,COAL
442,N24002118,UPGRADATION TO TWO LANE WITH PAVED SHULDER CONFIGUARATION FROM KM 00 TO 47 OF NH 351 MAHUVA TO BADHA,MoRTH,GOA,12-2022,2/2024,Aug-2025,173.06,-,0.15,N.A.,COAL
443,N24002182,WORK OF DEVELOPMENT AND CONSTRUCTION OF ELEVATED CORRIDORFROM KM 38/660 TO KM 42/690 (ISCON JUNCTION,MoRTH,GOA,3-2023,3/2026,-,530.20,-,0.00,N.A.,COAL
444,N24002183,"WIDENING 2 LANE TO 4-LANE FROM KM 92/320 TO KM 115/320 (VAV CHOKDI- SATLASANA TO TO VRUNDAVAN CHOKDI,",MoRTH,GOA,3-2022,3/2026,-,151.13,-,0.00,N.A.,COAL
445,N28000122,AHMEDABAD METRO RAIL PROJECT PHASE 1,AMR,GOA,11-2014,12/2018,-,"10,773.00",-,"12,484.89",99.89,"URBAN
DEVELOPMEN
T"
446,N28000137,AHMEDABAD METRO RAIL PROJECT PHASE II,AMR,GOA,3-2019,3/2024,-,"5,384.17",-,"4,032.54",85.77,"URBAN
DEVELOPMEN
T"
447,N28000138,SURAT METRO RAIL PROJECT,AMR,GOA,3-2019,3/2024,-,"12,020.32",-,"6,882.87",66.05,"URBAN
DEVELOPMEN
T"
448,N21000032,"ALL INDIA INSTITUTE OF MEDICAL SCIENCES AT MANETHI, HARYANA.",HITES,GOA,3-2019,3/2023,Mar-2026,"1,294.34","1,294.34",269.20,23.20,"HEALTH AND
FAMILY
WELFARE"
449,N28000147,"C/o separate family accommodation (Phase-I) on EPC basis for SSB at Faridabad (Haryana)""",CPWD FOR MHA,GOA,1-2020,10/2023,Mar-2025,166.98,170.23,139.66,97.00,"HOME
AFFAIRS"
450,N16000375,R and D CAMPUS II AT FARIDABAD,IOCL,GOA,6-2019,12/2022,Jul-2025,"2,281.94","3,219.94","1,705.85",63.00,"HOME
AFFAIRS"
451,N16000412,CAPACITY EXPANSION OF PANIPAT REFINERY FROM 15 TO 25 MMTPA,IOCL,GOA,2-2021,9/2024,Dec-2025,"34,627.00","38,231.00","20,878.96",86.50,"HOME
AFFAIRS"
452,N16000458,POLY BUTADIENE RUBBER PLANT AT PANIPAT,IOCL,GOA,3-2022,3/2025,Jun-2026,"1,459.00","2,948.62",913.92,65.60,"HOME
AFFAIRS"
453,N18000420,IMPLEMENTATION OF LILO OF BOTH CIRCUITS OF 400KV VIDHYACHAL PS TO SASAN D/C LINE AT HINDALCO SWITCHY,PGCIL,GOA,2-2025,12/2026,-,370.00,-,0.00,N.A.,POWER
454,N22000604,DOUBLING BETWEEN BHIWANI-DOBH BAHALI,NWR,GOA,2-2023,2/2028,-,471.06,-,111.40,44.00,RAILWAYS
455,N22000606,DOUBLING BETWEEN REWARI-KATHUWAS (27.73 KM),NWR,GOA,2-2023,6/2027,-,352.41,-,169.66,51.00,RAILWAYS
456,N24001535,4-LANING OF GOHANA-SONIPAT (PKG-2) SECTION FROM KM 40.601 TO KM 78.837 (LENGTH = 38.236KM) OF NH-352,NHAI,GOA,7-2020,7/2022,May-2024,899.00,"1,882.46","1,123.98",97.30,RAILWAYS
457,N24001633,CONSTRUCTION OF FOUR LANE GREENFIELD PROJECT OF DELHI- AMRITSAR-KATRA EXPRESSWAY (PHASE-I PKG-III) F,NHAI,GOA,12-2020,12/2023,Mar-2024,"1,430.88","1,813.91","1,190.24",99.90,RAILWAYS
458,N24001634,CONSTRUCTION OF FOUR LANE GREENFIELD PROJECT OF DELHI- AMRITSAR-KATRA EXPRESSWAY (PHASE-I PKG-IV) FRO,NHAI,GOA,1-2021,12/2023,Mar-2024,"1,306.95","1,564.14",942.71,99.97,RAILWAYS
459,N24001635,4 LANING OF JAGADHRI TAJEWALA ROAD SECTION OF NH 907 (OLD NH 73A) UNDER NH(O) (PKG 1) IN THE STATE O,NHAI,GOA,3-2022,2/2025,-,"1,269.50",-,151.00,52.00,RAILWAYS
460,N24001673,4- LANING OF ROHTAK-JIND SECTION FROM KM. 307+000 TO KM. 347+800 OF NH- 71 AND CONNECTING LINK FROM K,NHAI,GOA,3-2020,3/2023,Nov-2024,510.97,-,529.00,96.75,RAILWAYS
461,N24001774,CONSTRUCTION OF GURGAON - PATAUDI - REWARI SECTION OF NH-352W (DESIGN LENGTH 46.11 KM) AS FEEDER ROU,NHAI,GOA,12-2020,11/2023,-,"1,524.03",-,"1,105.08",65.54,RAILWAYS
462,N24001775,CONSTRUCTION OF PROPOSED REWARI BYPASS (DESIGN LENGTH 14.4 KM) NH-11 AS A FEEDER ROUTE IN THE STATE,NHAI,GOA,2-2020,1/2023,Dec-2024,808.31,-,917.55,100.00,RAILWAYS
463,N24002037,UPGRADATION OF EXISTING 4 LANE ISMAILABAD-AMBALA SECTION (KM. 0+000 TO KM 42+500) (PART OF AMBALA-KO,NHAI,GOA,1-2023,12/2025,-,609.32,609.00,187.47,47.30,RAILWAYS
464,N24002038,CONSTRUCTION OF 6-LANE GREENFIELD KARNAL RING ROAD STARTING FROM NH- 44 NEAR VILLAGE SHAMGARH (DESIGN,NHAI,GOA,11-2022,8/2025,-,"1,691.45","1,998.00",649.71,58.76,RAILWAYS
465,N24002039,CONSTRUCTION OF 6-LANE GREENFIELD AMBALA RING ROAD STARTING FROM JUNCTION WITH SHAMLI-AMBALA SECTION,NHAI,GOA,2-2023,10/2025,-,"1,088.64","1,178.00",425.85,53.55,RAILWAYS
466,N24002040,DEVELOPMENT OF SIX-LANE ACCESS CONTROLLED HIGHWAY FROM RANIPUR BARSI (SAHARANPUR DISTRICT) TO ADHOYA,NHAI,GOA,4-2022,5/2025,-,"1,554.21",-,522.92,54.00,RAILWAYS
467,N24002041,DEVELOPMENT OF SIX-LANE ACCESS CONTROLLED HIGHWAY FROM ADHOYA MUSALMANA (AMBALA DISTRICT) TO SADOPUR,NHAI,GOA,4-2022,5/2025,-,"1,491.71",-,706.26,49.70,RAILWAYS
468,N24002042,CONSTRUCTION OF 4-LANING OF BHIWANI HANSI ROAD SECTION OF NH 148B (DESIGN LENGTH 42.934 KM) UNDER BH,NHAI,GOA,11-2022,12/2025,-,"1,322.13",-,354.56,91.01,RAILWAYS
469,N24002043,CONSTRUCTION OF 4-LANE GREENFIELD JALBEHRA - SHAHBAD SECTION OF NH ? 152G FROM KM 0+000 TO KM 22+850,NHAI,GOA,3-2022,6/2025,-,927.22,"1,173.66",493.79,80.50,RAILWAYS
470,N24002044,4L AMBALA - KALAAMB FROM KM. -0.800 TO KM. 33.015 OF OLD NH-72,NHAI,GOA,6-2023,6/2025,-,629.16,-,94.00,95.00,RAILWAYS
471,N24002048,CONSTRUCTION OF GREENFIELD CONNECTIVITY TO JEWAR INTERNATIONAL AIRPORT FROM DND FARIDABAD BALLABHGAR,NHAI,GOA,7-2022,6/2025,-,"2,414.67","2,898.00","1,229.90",47.20,RAILWAYS
472,N42000008,ESTABLISHMENT OF PERMANENT CAMPUS PHASE 1 OF IIM SIRMAUR,CPWD EDUCATION,GOA,9-2018,6/2022,Dec-2024,392.51,-,316.16,91.50,DEPARTMENT
473,N42000011,CONSTRUCTION OF PERMANENT CAMPUSES OF CENTRAL UNIVERSITY OF HIMACHAL PRADESH AT DEHRA AND DHARAMSHAL,CPWD,GOA,3-2021,11/2024,Jul-2025,512.37,300.45,157.12,72.00,"OF HIGHER
EDUCATION"
474,N18000279,LUHRI HYDROELECTRIC PROJECT (STAGE1),SJVN,GOA,11-2020,1/2026,-,"1,810.56",-,"1,715.33",51.32,POWER
475,N18000291,DHAULASIDH HYDROELECTRIC PROJECT (66 MW),SJVN,GOA,10-2020,11/2025,-,687.97,-,874.54,66.91,POWER
476,N18000344,SUNNI DAM HYDRO ELECTRIC PROJECT,SJVN,GOA,1-2023,4/2028,-,"2,614.51",-,942.36,29.08,POWER
477,N22000273,BHANUPALI-BILASPUR BERI NL,RVNL,GOA,4-2008,12/2026,-,"13,370.29",-,"5,369.57",N.A.,RAILWAYS
478,N24000613,FOUR LANNING OF NERCHOWK-PANDOH BYPASS SECTION OF NH-21(PACKAGE-I KM 190.000 TO KM 221.305) UNDER NH,NHAI,GOA,9-2016,7/2020,-,"1,273.71",-,"1,439.49",97.26,RAILWAYS
479,N24000852,"FOUR LANING OF SOLAN-KAITHLIGHAT SECTION OF NH-22 (NOW NH-5) FROM KM 106.139 TO KM 129.050, ON EPC M",NHAI,GOA,3-2018,5/2021,Dec-2024,478.74,-,"1,349.59",83.00,RAILWAYS
480,N24001381,REHABILITATION AND UPGRADATION TO 2- LANE/2-LANE WITH PAVED SHOULDERS/4- LANE CONFIGURATION OF PAONTA,MoRTH,GOA,8-2020,4/2021,-,272.98,-,140.69,100.00,RAILWAYS
481,N24001382,REHABILITATION AND UPGRADATION TO 2- LANE CONFIGURATION OF HEWNA- ASHYARI SECTION (KM 25.000 TO KM 50.,MoRTH,GOA,8-2020,3/2021,-,242.80,-,96.76,92.44,RAILWAYS
482,N24001383,REHABILITATION AND UPGRADATION TO INTERMEDIATE LANE CONFIGURATION OF SHRI KYARI-GUMMA SECTION (KM 75,MoRTH,GOA,8-2020,4/2021,-,349.20,-,239.34,100.00,RAILWAYS
483,N24001422,REHABILITATION AND UPGRADATION TO 2- LANE CONFIGURATION OF ASHYARI-SHRI KYARI SECTION (KM 50.000 TO K,MoRTH,GOA,2-2021,9/2021,-,345.89,-,162.23,91.75,RAILWAYS
484,N24001447,REHABILITATION AND UPGRADATION TO 2- LANE CONFIGURATION OF HAMIRPUR- KARNOHAL SECTION (KM 141.000 TO K,MoRTH,GOA,8-2020,12/2024,-,371.93,-,154.04,81.00,RAILWAYS
485,N24001470,REHABILITATION AND UPGRADATION TO 2- LANE CONFIGURATION OF KALWAHAN- MANDI SECTION (KM 208.950 TO KM 2,MoRTH,GOA,8-2020,4/2025,-,314.32,-,49.26,45.00,RAILWAYS
486,N24001808,REHABILITATION AND UPGRADING FROM 2 L TO 4 L FROM BHANGBAR(NEAR RANITAL) TO KANGRA BYPASS SECTION OF,NHAI,GOA,3-2021,12/2024,Dec-2024,"1,322.95","1,442.47",888.51,96.61,RAILWAYS
487,N24001809,CONVERSION OF PARTIALLY EXCAVATED ESCAPE TUNNEL TO UNIDIRECTIONAL TWO LANE TUNNEL (INCLUDING CONSTRU,NHAI,GOA,5-2022,3/2024,Dec-2024,469.95,-,302.91,98.30,RAILWAYS
488,N24001810,4L SUNDER NAGAR BYPASS FROM KM173.900 TO KM 179.600 OF NH-21 IN THE STATE OF HP,NHAI,GOA,2-2022,6/2024,-,190.60,-,103.48,100.00,RAILWAYS
489,N24001811,4L OF MO - SIHUNI FROM KM. 42.00 TO KM. 51.00 OF OLD NH-20 (NEW NH-154) (PACKAGE-IB),NHAI,GOA,4-2021,6/2024,-,583.93,770.00,173.60,100.00,RAILWAYS
490,N24001812,4L OF HP/PUNJAB BO4L OF HP/PUNJAB BORDER - MO FROM KM. 11.00 TO KM. 42.00 OF OLD NH-20 (NEW NH-154),NHAI,GOA,3-2021,5/2024,-,"1,002.11","1,361.79",190.22,46.54,RAILWAYS
491,N24001813,4L OF END OF PINJORE BYPASS - BADDI - NALAGARH SECTION (KM. 4.200 TO KM. 35.370) OF NH21A,NHAI,GOA,7-2021,9/2024,-,"1,692.05",-,942.14,21.60,RAILWAYS
492,N24001915,IMPROVEMENT/CONSTRUCTION OF EXISTING CLASS-5 ROAD TO NH INTERMEDIATE LANE SPECIFICATION WITH HARD SH,BRO,GOA,3-2021,6/2026,-,230.54,-,20.16,28.00,RAILWAYS
493,N24001916,IMPROVEMENT/CONSTRUCTION OF EXISTING CLASS 5 ROAD TO NH INTERMEDIATE LANE SPECIFICATION WITH HARD SH,BRO,GOA,3-2021,5/2026,-,314.67,-,76.05,47.00,RAILWAYS
494,N24002049,PKG NAME: 4L OF KATHLIGHAT TO SHAKRAL VILLAGE FROM KM 128.835 TO KM 146.300 OF NH- 5 (SHIMLA BYPASS,NHAI,GOA,3-2022,4/2026,-,"1,703.48","2,278.00",651.98,14.50,RAILWAYS
495,N24002050,REHABILITATION AND UPGRADATION TO 4L CONFIGURATION and STRENGTHENING OF SIHUNI TO RAJOL FROM KM 51.0,NHAI,GOA,2-2022,9/2025,-,696.65,698.46,367.62,64.80,RAILWAYS
496,N24002051,CONSTRUCTION OF NEW 2 LANE WITH PAVED SHOULDER OF HAMIRPUR BYPASS (PACKAGE IVA) OF NH-88 (NEW NH-103,NHAI,GOA,7-2022,10/2025,-,739.39,-,328.46,78.00,RAILWAYS
497,N24002052,REHABILITATION AND UP-GRADATION OF EXISTING ROAD TO 2L PS FROM END OF HAMIRPUR BYPASS (NEAR CHILBAHA,NHAI,GOA,2-2022,4/2025,-,"1,146.19",-,918.84,69.27,RAILWAYS
498,N24002192,REHABILITATION AND UP-GRADATION TO 4L CONFIGURATION AND STRENGTHENING OF THANPURI TO PAROR SECTION F,NHAI,GOA,6-2022,12/2025,-,815.69,815.69,392.01,29.20,RAILWAYS
499,N28000154,CONSTRUCTION OF PERMANENT CAMPUS OF CENTRAL UNIVERSITY OF HIMACHAL PRADESH AT DEHRA AND JADRANGAL (D,CPWD,GOA,4-2022,11/2024,-,512.34,-,0.00,N.A.,"URBAN
DEVELOPMEN
T"
500,N04000107,JAMMU - CONSTRUCTION OF NEW CIVIL ENCLAVE,AAI,GOA,7-2022,6/2026,-,861.37,-,144.65,30.00,"CIVIL
AVIATION"
501,N28000130,CONSTRUCTION OF PERMANENT CAMPUS OF IIM JAMMU (PHASE 1),CPWD EDUCATION,GOA,3-2019,7/2022,Jan-2025,424.93,-,448.15,96.00,DEPARTMENT
502,N28000131,CONSTRUCTION OF PERMANENT CAMPUS IIT JAMMU (PHASE 1C),CPWD EDUCATION,GOA,1-2018,4/2023,Apr-2025,676.00,"1,144.68",54.75,100.00,"OF HIGHER
EDUCATION"
503,N21000029,"CONSTRUCTION OF AIIMS AT JAMMU VIJAYPUR, SAMBA JAMMU AND KASHMIR",CPWD FOR HEALTH,GOA,3-2019,9/2023,May-2025,"1,404.00","1,642.00","1,461.68",100.00,"HEALTH AND
FAMILY
WELFARE"
504,N28000150,C/O AIIMS AT AWANTIPORA (KASHMIR) JAMMU AND KASHMIR,CPWD FOR HEALTH,GOA,3-2019,9/2025,-,"1,828.00",-,"1,285.40",64.10,"HEALTH AND
FAMILY
WELFARE"
505,N16000500,SETTING UP A COMMON USER PETROLEUM TERMINAL AT JAMMU FOR RE-SITEMENT OF EXISTING DEPOTS OF PSU OMCS,BPCL,GOA,4-2021,3/2025,-,676.89,-,495.30,75.00,"HEALTH AND
FAMILY
WELFARE"
506,N16000527,CGD PROJECT AT JAMMU DISTRICTS,IOCL,GOA,3-2022,3/2032,Sep-2034,538.00,-,4.09,0.60,"HEALTH AND
FAMILY
WELFARE"
507,N18000172,PAKAL DUL HYDRO ELECTRIC PROJECT (1000 MW),CVPPPL,GOA,10-2014,4/2020,Jul-2025,"8,112.12",-,"6,561.65",69.35,POWER
508,N18000278,KIRU HYDRO ELECTRIC PROJECT,CVPPPL,GOA,3-2019,8/2024,-,"4,287.59",-,"2,599.24",61.38,POWER
509,N18000324,RATLE HE PROJECT,NHPC,GOA,2-2021,2/2026,-,"5,281.94",-,968.19,23.01,POWER
510,N18000363,KWAR HE PROJECT,CVPPPL,GOA,5-2022,11/2026,-,"4,526.12",-,"1,119.97",21.45,POWER
511,N18000417,TRANSMISSION SCHEME FOR EVACUATION OF POWER FROM RATLE HEP (850 MW) AND KIRU (624 MW): PART B,PGCIL,GOA,3-2025,3/2027,-,219.00,-,0.00,N.A.,POWER
512,N24000488,FOUR LANING OF UDHAMBUR - RAMBAN SECTION OF NH-1A,NHAI,GOA,12-2015,12/2018,Jun-2025,"2,136.97","2,644.00","2,386.51",99.50,POWER
513,N24000717,CONSTRUCTION OF STAND ALONE RING ROAD/ BYPASS AROUND JAMMU CITY IN THE STATE OF J AND K ON EPC MODE,NHAI,GOA,12-2017,7/2021,Jun-2025,"1,471.75","1,471.75","1,716.22",98.80,POWER
514,N24000868,UP-GRADATION TO 4-LANE WITH PAVED SHOULDER OF JAMMU-AKHNOOR ROAD SECTION OF NH-144A FROM GANESH VIHA,NHIDCL,GOA,3-2018,7/2021,Aug-2023,253.44,-,189.72,82.35,POWER
515,N24001256,CONSTRUCTION OF (I) CONNECTING ROAD FROM Z-MORH TUNNEL TO ZOJILA TUNNEL AND (II) 14.150 KM LONG BI-D,NHIDCL,GOA,8-2020,9/2026,-,"6,808.69",-,"3,013.84",49.92,POWER
516,N24001264,UP-GRADATION TO 2-LANE WITH PAVED SHOULDER FROM KM 12.850 TO KM20.300 OF 7.450KM LENGTH ON GOHA-KHEL,NHIDCL,GOA,7-2020,4/2022,Oct-2024,228.39,-,69.32,87.85,POWER
517,N24001266,UP-GRADATION TO 2-LANE WITH PAVED SHOULDER FROM KM 20.300 TO KM 29.030 OF 8.730 KM LENGTH ON GOHA-K,NHIDCL,GOA,7-2020,4/2022,Nov-2023,210.79,-,71.00,90.40,POWER
518,N24001323,KHELLANI-KHANABAL PKG-1,NHIDCL,GOA,3-2021,9/2022,Oct-2024,486.45,-,126.73,96.58,POWER
519,N24001341,KHELLANI-KHANABAL PKG-3,NHIDCL,GOA,3-2021,12/2022,Oct-2024,398.51,-,80.64,98.36,POWER
520,N24001394,KHELLANI-KHANABAL PKG-2,NHIDCL,GOA,7-2021,2/2023,Jun-2025,512.43,-,71.65,51.52,POWER
521,N24001395,KHELLANI-KHANABAL PKG-4,NHIDCL,GOA,7-2021,8/2023,Dec-2025,859.67,-,190.91,44.02,POWER
522,N24001396,KHELLANI-KHANABAL PKG-5,NHIDCL,GOA,7-2021,2/2023,Mar-2025,497.09,-,172.85,88.04,POWER
523,N24001397,GOHA-KHELLANI PKG-3,NHIDCL,GOA,2-2021,3/2023,Feb-2025,431.28,433.08,372.31,100.00,POWER
524,N24001472,BALANCE WORKS OF FOUR LANING FROM RAMBAN KM 151.00 TO BANIHAL KM 187.00 OF NH-1A (NOW NH-44) WITH VA,NHAI,GOA,9-2021,12/2023,Jun-2024,811.19,-,848.57,99.00,POWER
525,N24001511,CONSTRUCTION OF FOUR LANE RINGROAD BYPASS SRINAGAR CITY,NHAI,GOA,3-2021,2/2024,Oct-2025,"2,919.96",-,"2,317.82",70.00,POWER
526,N24001543,FOUR LANING OF JAMMU-AKHNOOR PKG-1,NHIDCL,GOA,7-2022,1/2025,-,245.34,-,57.03,38.48,POWER
527,N24001550,DELHI-AMRITSAR-KATRA EXPRESSWAY (PHASE-II PKG-XVI) EXISTING JAKH (VIJAYPUR)-KUNJWANI SECTION OF NH-4,NHAI,GOA,9-2021,9/2024,Dec-2025,"1,821.72","1,917.32","1,005.35",83.21,POWER
528,N24001551,DELHI-AMRITSAR-KATRA EXPRESSWAY (PHASE-II PKG-XIV) FROM JUNCTION WITH PATHANKOT-GURDASPUR ROAD (NH-5,NHAI,GOA,10-2021,9/2024,Dec-2025,"3,044.02","3,044.02","1,586.31",70.95,POWER
529,N24001552,DELHI-AMRITSAR-KATRA EXPRESSWAY (PHASE-II PKG-XV) [JUNCTION WITH HIRANAGAR ROAD NEAR VILLAGE GURHA B,NHAI,GOA,10-2021,9/2024,Feb-2026,"2,714.95","2,714.95","1,642.02",85.37,POWER
530,N24001619,CORRIDOR EFFICIENCY IMPROVEMENT INCLUDING REMOVAL OF BLACK SPOTS IN LAKHANPUR - SAMBA SECTION OF NH-,NHAI,GOA,8-2022,6/2024,Jun-2025,200.05,200.05,153.05,58.60,POWER
531,N24001620,CONSTRUCTION OF TUNNELS/VIADUCTS AT IDENTIFIED SLIDING/SLIP ZONES AT KM 130.550 TO KM.130.750; KM.,NHAI,GOA,9-2021,10/2023,Dec-2025,442.14,-,341.75,19.88,POWER
532,N24001621,"4L OF KM.165.092 TO KM.171.855 (NORTH BOUND) AND FROM KM.166.895 TO KM.173.638 (SOUTH BOUND), EXCL.",NHAI,GOA,7-2021,8/2024,Jun-2025,614.48,-,187.59,7.00,POWER
533,N24001622,4L TWIN TUBE TUNNEL INCLUDING APPROACHES FROM DIGDOL TO KHUNI NALLAH (NORTH BOUND CONNECTING WITH EX,NHAI,GOA,7-2021,6/2024,Jun-2025,"1,401.87",-,734.56,N.A.,POWER
534,N24001623,BANIHAL BYPASS (DELINKED FROM SRINAGAR - BANIHAL) FROM KM. 187.00 TO KM. 189.350,NHAI,GOA,1-2020,1/2024,Feb-2025,336.01,-,222.97,34.00,POWER
535,N24001624,CONSTRUCTION OF EMERGENCY LANDING FACILITY FROM KM. 246.60 TO KM. 249.70 ON SRINAGAR - BANIHAL SECTI,NHAI,GOA,7-2019,10/2020,Apr-2023,157.05,-,139.54,100.00,POWER
536,N24001627,4L OF TWIN TUBE TUNNEL CONFIGURATION INCLUDING APPROACHES FROM MAROG TO DIGDOL (FROM KM.154.210 TO K,NHAI,GOA,7-2021,2/2025,May-2026,"1,912.17",-,129.05,N.A.,POWER
537,N24001833,JAMMU - AKHNOOR SECTION OF NH 144A PKG-3B,NHIDCL,GOA,7-2022,3/2025,-,198.28,-,85.39,71.09,POWER
538,N24001897,REHABILITATION AND UPGRADATION TO 2 LANE WITH PAVED SHOULDER FROM EXISTING CHAINAGE KM 102 TO KM 13,BRO,GOA,3-2021,7/2024,Mar-2025,642.24,-,345.14,95.00,POWER
539,N24001898,REHABILITATION AND UPGRADATION TO 2 LANE WITH PAVED SHOULDER FROM EXISTING CHAINAGE KM 30.000 TO K,BRO,GOA,7-2020,11/2024,-,272.49,-,133.66,87.24,POWER
540,N24001899,REHABILITATION AND UPGRADATION TO 2 LANE WITH PAVED SHOULDER FROM EXISTING CHAINAGE KM 134.95 TO KM,BRO,GOA,2-2021,7/2024,-,395.25,-,140.42,64.00,POWER
541,N24001900,REHABILITATION AND UPGRADATION TO 2 LANE WITH PAVED SHOULDER FROM EXISTING CHAINAGE KM 49.150 TO KM,BRO,GOA,3-2020,8/2024,-,796.97,-,323.85,79.00,POWER
542,N24001901,REHABILITATION AND UPGRADATION TO 2 LANE WITH PAVED SHOULDER FROM EXISTING CHAINAGE KM 64.535 TO K,BRO,GOA,3-2020,9/2023,-,152.93,-,90.30,78.27,POWER
543,N24001926,CONSTRUCTION OF TWIN TUBE TUNNELS ON JAMMU KASHMIR RING ROAD (NH-244A) BETWEEN DESIGN CH. 50+600 TO,NHAI,GOA,3-2023,6/2025,-,939.86,-,475.07,64.93,POWER
544,N24001998,"CONSTRUCTION OF 4 LANE WITH PAVED SHOULDER FROM (DESIGN CH. 14+200 TO 24+400), (DESIGN CH. 35+300 TO",BRO,GOA,6-2022,8/2025,-,832.46,-,227.50,46.00,POWER
545,N24002059,2L NH-1 FROM KM 8.660 TO KM 33.775 (SUMBAL TO WAYUL) TO 4L DUAL CARRIAGEWAY NH STANDARD AS PART OF S,NHAI,GOA,9-2022,6/2026,Jun-2026,"1,183.60",-,185.45,12.62,POWER
546,N24002060,DELHI AMRITSAR KATRA EXPRESSWAY (PHASE-II PKG XVIII) DEVELOPMENT AND UPGRADATION OF FOUR LANE ACCESS,NHAI,GOA,3-2023,11/2025,-,"1,107.00",-,338.69,38.38,POWER
547,N24002061,4/6L ACCESS CONTROL EXPRESSWAY FROM DESIGN CHAINAGE KM 515.000 TO 528.300 (KUNJWANI TO SIDHRA SECTIO,NHAI,GOA,8-2022,6/2025,-,"2,474.47",-,923.64,38.20,POWER
548,N24002119,REHABILITATION AND UPGRADATION TO 2 LANE WITH PAVED SHOULDER FROM DESIGN CHAINAGE KM 162.800 TO KM,BRO,GOA,10-2022,1/2026,-,562.45,-,99.06,25.00,POWER
549,N24002179,CONSTRUCTION OF 4 LANE WITH PAVED SHOULDER (PATTAN BYPASS) GREENFIELD BYPASS FROM EXISTING CH. KM 24,BRO,GOA,3-2023,7/2026,-,980.21,-,300.02,8.00,POWER
550,N24002180,REHABILITATION AND UPGRADATION TO 2 LANE WITH PAVED SHOULDER FROM EXISTING CHAINAGE KM 166.100 TO KM,BRO,GOA,9-2021,7/2026,-,734.64,-,19.60,8.00,POWER
551,N24002185,CONSTRUCTION OF 2 LANE WITH PAVED SHOULDERS (BARAMULLA BYPASS) GREENFIELD BYPASS FROM EXISTING CH. K,BRO,GOA,3-2023,9/2026,-,992.43,-,338.33,N.A.,POWER
552,N24002210,WIDENING AND STRENGTHENING OF RAFIABAD-KUPWARA-CHOWKIBAL- TANGDHAR-CHAMKOT (NH-701) ROAD FROM DESIGN,BRO,GOA,3-2024,5/2027,-,"1,404.94",-,0.00,N.A.,POWER
553,N06000087,RAJRAPPA RCE OCP ( 3.0 MTY),CCL,GOA,12-2009,3/2016,-,510.85,-,488.57,75.00,POWER
554,N06000096,MURAIDIH UG TURN-KEY PROJECT,BCCL,GOA,2-2011,4/2014,-,339.88,-,190.48,70.00,POWER
555,N06000098,MOONIDIH XV SEAM UG,BCCL,GOA,8-2011,3/2019,-,"1,230.27",-,605.99,81.00,POWER
556,N06000169,CHITRA EAST (RCE) OCP,ECL,GOA,8-2018,3/2026,Mar-2026,513.98,-,227.74,51.00,POWER
557,N06000186,TETARIAKHAR EXPANSION OCP,CCL,GOA,11-2019,3/2023,-,243.52,-,44.64,24.00,POWER
558,N06000193,PACHWARA SOUTH COAL BLOCK,NLC,GOA,7-2013,9/2028,-,"2,242.92","2,242.90",687.46,54.00,POWER
559,N06000194,PATHERDIH 2.5 NLW COAL WASHERY,BCCL,GOA,10-2015,4/2018,-,334.27,-,135.86,45.05,POWER
560,N06000216,REVISED PROJECT REPORT MAGADH EXPANSION OCP,CCL,GOA,8-2020,3/2028,-,"7,254.37",-,"1,500.33",38.00,POWER
561,N06000217,EXPANSION PROJECT AMRAPALI OCP,CCL,GOA,8-2020,3/2028,-,"5,136.15",-,"1,082.09",41.00,POWER
562,N06000218,UCE OF EPR OF NORTH URIMARI OCP,CCL,GOA,7-2021,3/2029,-,778.80,-,694.11,75.00,POWER
563,N06000237,KOTRE BASANTPUR PACHMO OCP,CCL,GOA,8-2020,3/2032,-,625.40,625.40,441.24,41.00,POWER
564,N06000238,CHANDRAGUPT OCP,CCL,GOA,8-2020,3/2032,-,973.50,-,339.32,12.40,POWER
565,N06000239,SIRKA OCP,CCL,GOA,5-2020,3/2028,-,222.82,-,139.31,60.00,POWER
566,N06000240,JHARKHAND LAIYO OCP,CCL,GOA,8-2020,3/2031,-,764.57,-,145.80,28.00,POWER
567,N06000241,EPR TAPIN SOUTH OCP,CCL,GOA,11-2020,3/2028,-,230.41,-,21.12,18.30,POWER
568,N06000242,EPR PUNDI OCP,CCL,GOA,11-2020,3/2027,-,713.35,-,236.57,21.00,POWER
569,N06000243,EPR ROHINI KARKATA OCP,CCL,GOA,1-2021,3/2028,-,"1,020.42",-,83.44,11.70,POWER
570,N06000245,EXPANSION OF KONAR OCP,CCL,GOA,1-2022,3/2032,-,799.34,-,416.73,32.00,POWER
571,N06000246,EXPANSION OF KARO OCP,CCL,GOA,1-2022,3/2029,-,908.47,-,217.68,21.00,POWER
572,N06000247,EXPANSION OF ASHOK OCP,CCL,GOA,5-2021,3/2028,-,"2,898.28",-,176.50,20.00,POWER
573,N06000273,AMALGAMATED NTST KUJAMA OCP 8.5 MTY,BCCL,GOA,1-2023,3/2030,-,"4,011.85",-,397.65,25.00,POWER
574,N06000275,HURA C OC,ECL,GOA,8-2022,3/2029,-,859.41,-,448.60,62.00,POWER
575,N06000280,CHUPERBHITA- SIMLONG OCP,ECL,GOA,12-2023,3/2037,Mar-2037,979.08,-,0.00,N.A.,POWER
576,N06000287,BLOCK-E OCP (15 MTY),BCCL,GOA,3-2024,3/2029,-,"5,850.83",-,5.85,2.00,POWER
577,N28000067,2000 BOYS HOSTEL(1000 DOUBLE BEDDED ROOM) AT ISM DHANBAD,CPWD EDUCATION,GOA,9-2012,3/2016,-,171.86,-,174.48,N.A.,DEPARTMENT
578,N16000445,DEVELOPMENT OF JHARIA CBM BLOCK (PHASE-1),ONGC,GOA,11-2019,1/2024,Mar-2025,431.00,-,194.40,57.90,PETROLEUM
579,N16000480,LAYING OF NATURAL GAS PIPELINE FROM HAZARIBAGH TO RANCHI,IOCL,GOA,3-2023,2/2026,-,202.07,-,52.94,42.91,PETROLEUM
580,N16000497,CGD PROJECT IN BIHAR JHARKHAND,HPCL,GOA,6-2022,6/2030,-,"1,377.00",-,277.81,22.60,PETROLEUM
581,N18000177,NORTH KARANPURA STPP (3X660 MW),NTPC,GOA,2-2014,6/2019,Oct-2022,"16,242.90",-,"16,745.68",98.00,POWER
582,N18000275,PATRATU STPP-I (3X800MW),NTPC,GOA,11-2017,3/2023,-,"17,112.00",-,"16,305.18",81.00,POWER
583,N18000367,BADAM COAL MINING PROJECT,NTPC,GOA,2-2019,10/2024,Apr-2027,501.79,784.39,305.97,59.79,POWER
584,N18000370,KERANDARI COAL MINING PROJECT,NTPC,GOA,9-2015,11/2019,Mar-2025,"1,553.00","2,896.64","2,086.52",64.00,POWER
585,220100305,"KODERMA-TILAIYA (NL), ECR",ECR,GOA,4-2002,3/2023,-,"1,625.87","1,625.87","2,013.59",80.00,POWER
586,N22000396,BONDAMUNDA RANCHI DOUBLING,SER,GOA,3-2016,6/2024,-,"3,029.04","3,029.04","2,390.21",84.00,POWER
587,N22000508,LODHMA TO PISKA LINK LINE BY PASSING HATIA/RANCHI WITH Y CONNECTION (17.2 KM),SER,GOA,4-2018,6/2026,-,501.52,-,275.86,4.00,POWER
588,N22000529,DOUBLING OF PRADHANKHUNTA JN - PATHERDIH BAZAR-BHOJUDIH,ECR,GOA,11-2022,11/2027,-,202.00,349.22,64.10,2.00,POWER
589,N22000595,KHARAGPUR-ADITYAPUR - 3RD LINE (132 KM),RVNL,GOA,12-2015,3/2025,-,"3,249.98",-,"2,899.45",N.A.,POWER
590,N22000599,3RD LINE BETWEEN DHANBAD SONNAGAR,RVNL,GOA,11-2016,3/2026,-,"8,975.00",-,"4,705.38",N.A.,POWER
591,N22000610,GARHWA ROAD - RAIL OVER RAIL,ECR,GOA,3-2017,6/2024,-,262.71,-,226.43,70.00,POWER
592,N22000611,GOMOH - FLYOVER FOR DOWN TRAINS,ECR,GOA,1-2018,3/2023,-,686.03,-,399.45,45.00,POWER
593,N24000726,SIX LANING OF BIHAR - JHARKHAND BORDER (CHORDAHA) TO GORHAR SECTION,NHAI,GOA,1-2018,11/2021,May-2026,"1,155.16",-,657.82,73.00,POWER
594,N24001216,WIDENING TO 2 LANE WITH PAVED SHOULDERS AND GEOMETRIC IMPROVEMENT OF NH-114A FROM KM 141 TO KM 184 I,MoRTH,GOA,12-2016,9/2021,-,196.00,-,164.21,90.10,POWER
595,N24001589,HARIHARGANJ TO PARWA MODE SECTION FROM KM 23.284 TO KM 57.049 OF NH-98,NHAI,GOA,9-2020,3/2024,Dec-2024,755.26,-,624.66,87.00,POWER
596,N24001590,4L FROM KM 196.87 (SANKHA) TO KM 219.6 (KHAJURI) ON NH-75 [REHLA / GARHWA BYPASS],NHAI,GOA,9-2020,10/2023,Dec-2024,748.99,-,831.75,100.00,POWER
597,N24001594,ELEVATED CORRIDOR IN RANCHI CITY FROM KM 0.00 TO KM 3.260 OF NH-75 INCLUDING DOWN RAMP ON NH-23 FROM,NHAI,GOA,2-2022,1/2025,Mar-2025,534.73,-,205.31,98.00,POWER
598,N24001595,4L OF PALMA TO GUMLA SECTION OF NH23 FROM KM. 26.00 TO KM. 89.170 ON HAM MODE IN THE STATE OF JHARKH,NHAI,GOA,8-2020,3/2024,Jun-2025,"1,034.00","1,879.55",41.50,96.61,POWER
599,N24001596,4L OF MIRZA CHAUKI TO FARKKA SECTION OF NH80 FROM KM 215.00 TO KM 260.00 ON HAM MODE IN THE STATE OF,NHAI,GOA,11-2021,7/2023,Jun-2025,"1,302.72","1,504.80",875.97,71.40,POWER
600,N24001854,FOUR LANING WITH PAVED SHOULDER OF SECTION FROM KM 53.600 (GOLA ON NH- 320) TO KM 81.446 (ORMANJHI ON,NHAI,GOA,6-2023,6/2025,-,"1,214.93","1,324.95",808.69,73.00,POWER
601,N24001922,WIDENING TO 2-LANE WITH PAVED SHOULDER FROM KM 0.00 TO 44.00 (KURU- GHAGHRA SECTION) OF NH-143A INCLU,MoRTH,GOA,2-2020,8/2023,-,153.01,-,83.63,96.23,POWER
602,N24001923,WIDENING AND STRENGTHENING OF EXISTING PAVEEMNT TO TWO LANE WITH PAVED SHOULDERS FROM KM 116.00 TO K,MoRTH,GOA,1-2022,7/2024,-,315.21,-,117.26,80.00,POWER
603,N24001924,WIDENING AND STRENGTHENING TO TWO LANE WITH PAVED SHOULDER/TWO LANE+ PAVED SHOULDER WITH SERVICE ROA,MoRTH,GOA,3-2022,8/2025,-,514.22,-,15.19,6.10,POWER
604,N24001925,WIDENING AND STRENGTHENING/RECONSTRUCTION TO TWO LANE WITH PAVED SHOULDER/ TWO LANE WITH PAVED SHOUL,MoRTH,GOA,3-2022,8/2025,-,423.18,-,0.11,N.A.,POWER
605,N24002053,FOUR LANING OF KHAJURI TO WYNDHAMGANJ FROM KM 219.600 TO KM 260.483 ON NH-75 PKG SEC-V ON HAM,NHAI,GOA,4-2022,9/2025,-,"1,232.00","1,343.00",606.60,78.50,POWER
606,N24002054,FOUR LANING OF BHOGU TO SANKHA FROM KM 147.450 TO KM 196.870 ON NH-75 PKG SEC-III,NHAI,GOA,10-2022,11/2025,-,"1,390.77","1,391.00",303.00,70.00,POWER
607,N24002055,FOUR LANING OF BASUKINATH-DEOGHAR SECTION OF NH-114A FROM KM 85.081 TO KM 130.240 UNDER NHDP PHASE-I,NHAI,GOA,3-2023,12/2025,-,"1,444.94",-,0.00,N.A.,POWER
608,N24002056,BHARATMALA PARIYOJANA OF BOKARO JAINA MORE - GOLA SECTION OF NH-320 FROM KM. 21.110 TO KM. 53.600 IN,NHAI,GOA,6-2020,6/2025,-,964.64,-,432.70,60.24,POWER
609,N24002057,FOUR LANING OF MEHGAMA HANSDIHA SECTION OF NH-33 FROM EXISTING KM 41.900 TO 93.000 IN THE STATE OF J,NHAI,GOA,12-2022,5/2025,-,"1,443.77",-,0.00,N.A.,POWER
610,N12000095,NEW SINTER PLANT AT BOKARO STEEL PLANT,SAIL,GOA,3-2015,10/2017,Nov-2026,"1,034.01","1,752.30",874.75,51.75,POWER
611,N12000129,REVAMPING OF OLD SUB SYSTEM OF BLAST FURNACE 3 AT BOKARO STEEL PLANT,SAIL,GOA,9-2023,7/2025,Nov-2025,513.82,-,179.29,64.00,POWER
612,N12000133,REBUILDING OF COKE OVEN BATTERY NO.6 OF BOKARO STEEL PLANT,SAIL,GOA,11-2023,11/2026,-,627.31,-,84.56,33.00,POWER
613,N12000135,REPLACEMENT OF REMAINING 04 NOS. OF BATTERY CYCLONES WITH 04 NOS. OF ESPS IN SINTER PLANT-1 AT BSL,SAIL,GOA,3-2024,6/2026,-,260.37,-,42.86,12.00,POWER
614,N12000142,REPLACEMENT OF EXISTING GRINDERS IN CRM-I & II AT BOKARO STEEL PLANT,SAIL,GOA,1-2025,1/2027,-,211.94,-,0.00,N.A.,POWER
615,N12000143,SECONDARY EMISSION CONTROL IN CONVERTERS OF SMS-II AT BOKARO STEEL PLANT,SAIL,GOA,1-2025,10/2026,-,207.13,-,0.00,1.00,POWER
616,N04000105,BELAGAVI AIRPORT- EXPANSION OF TERMINAL BUILDING AND ASSOCIATED WORKS,AAI,GOA,6-2023,2/2026,-,322.45,-,95.91,40.00,"CIVIL
AVIATION"
617,N04000108,HUBBALI AIRPORT - CONSTRUCTION OF NEW DOMESTIC TERMINAL BUILDING AND MISCELLANEOUS WORKS,AAI,GOA,6-2023,2/2026,-,320.47,-,50.51,27.50,"CIVIL
AVIATION"
618,N42000006,"CONSTRUCTION OF PERMANENT CAMPUS FOR INDIAN INSTITUTE OF TECHNOLOGY, DHARWAD (PHASE 1A)",CPWD EDUCATION,GOA,7-2019,3/2022,Jun-2025,851.00,930.36,918.06,99.00,DEPARTMENT
619,N42000010,ADDITIONAL INFRASTRUCTURE AT IISC BANGALORE SH RCC MONOLITHIC FOR MEN WOMEN HOSTEL,CPWD,GOA,8-2021,2/2024,Nov-2024,316.25,-,281.32,91.00,"OF HIGHER
EDUCATION"
620,N16000369,CONSTRUCTION OF 80000MT LPG CAVERN AT MANGALORE,HPCL,GOA,12-2018,12/2022,Aug-2025,854.00,854.00,696.35,99.50,PETROLEUM
621,N16000437,"REVAMPING, AUGMENTATION OF FACILITIES AT EXISTING PORT TERMINAL AT MANGALORE",IOCL,GOA,1-2022,7/2025,Dec-2025,463.00,500.62,241.69,71.10,PETROLEUM
622,N16000509,POWER SYSTEM UPGRADATION PROJECT,MANGALORE REFIN,GOA,10-2023,2/2026,-,385.00,-,122.13,56.88,PETROLEUM
623,N16000536,DEMO PLANT FOR PRODUCTION OF BIO- ATF,MANGALORE REFIN,GOA,3-2024,3/2027,-,364.00,-,16.85,6.60,PETROLEUM
624,N18000385,TS FOR INTRGRATION OF RE ZONE (PHASE II) IN KOPPAL II (PHASE A and B) AND GADAG II (PHASE A) IN KARN,PGCIL,GOA,12-2023,12/2025,-,"2,889.00",-,891.98,28.50,PETROLEUM
625,N18000388,"TS FOR SOLAR ENERGY ZONE IN BIDAR (2500MW), KARNATAKA [BIDAR TRANSMISSION LTD]",PGCIL,GOA,2-2024,2/2026,-,"2,148.00",-,846.60,43.80,PETROLEUM
626,N18000409,SYSTEM STRENGTHENING AT KOPPAL-II AND GADAG-II FOR INTEGRATION OF RE GENERATION PROJECTS,PGCIL,GOA,1-2025,1/2027,-,"1,354.00",-,0.00,N.A.,PETROLEUM
627,N18000410,AUGMENTATION OF TRANSFORMATION CAPACITY AT BIDAR PS,PGCIL,GOA,2-2025,2/2027,-,288.00,-,0.00,N.A.,PETROLEUM
628,N18000419,TRANSMISSION SCHEME FOR INTEGRATION OF DAVANAGERE / CHITRADURGA AND BELLARY REZ IN KARNATAKA,PGCIL,GOA,3-2025,3/2027,-,"3,453.00",-,0.00,N.A.,PETROLEUM
629,N22000256,TUMKUR-CHITRADURGA-DAVENGERE NL,SWR,GOA,4-2011,3/2019,-,"1,876.00",-,498.03,12.00,PETROLEUM
630,N22000258,BAGALKOT-KUDACHI NL,SWR,GOA,4-2010,3/2027,-,"1,378.00","1,378.00",643.99,34.00,PETROLEUM
631,N22000297,HOSPET-HUBLI-LONDA-VASCODAGAMA DL,RVNL,GOA,4-2010,3/2027,-,"5,060.36",-,"3,505.49",N.A.,PETROLEUM
632,N22000299,GADAG-WADI NL,SWR,GOA,4-2013,3/2027,-,"2,841.84",-,"1,306.74",29.00,PETROLEUM
633,N22000308,MARIKUPPAM - KUPPAM,SWR,GOA,4-2012,3/2016,-,279.54,296.72,121.12,14.00,PETROLEUM
634,N22000486,KADUR CHIKMAGALUR SAKLESHPUR NEW LINE (93 KM),SWR,GOA,3-1996,6/2025,-,825.31,825.31,687.05,83.00,PETROLEUM
635,N22000542,BAIYYAPPANAHALLI-HOSUR (48 KM),NCRTC,GOA,4-2019,3/2026,-,375.67,-,0.00,N.A.,PETROLEUM
636,N22000543,YESHVANTHPUR-CHANNASANDRA (21.7 KM),NCRTC,GOA,4-2019,3/2026,-,169.65,-,71.75,N.A.,PETROLEUM
637,N22000557,BELGAUM-DHARWAD VIA KITTUR (73.10 KM) (UMBRELLA WORK PB#22/2019-20/NR),SWR,GOA,9-2020,12/2027,-,"1,590.80",927.42,0.75,N.A.,PETROLEUM
638,N22000558,HASSAN (ALUR) - BELUR (32 KM) (UMBRELLA WORK PB#23/2018-19/NR),SWR,GOA,6-2019,4/2028,-,748.86,748.85,0.88,1.00,PETROLEUM
639,N22000559,SHIMOGA-SHIKARIPURA-RANEBENNUR (UMBRELLA WORK PB#23/2018-19/NR),SWR,GOA,9-2019,12/2027,-,"1,453.73",994.47,80.24,7.00,PETROLEUM
640,N22000621,BANGALORE-WHITEFIELD-BANGALORE CITY-KRISHNARAJAPURAM QUADRUPLING,SWR,GOA,3-2018,6/2025,-,492.87,492.87,251.52,75.00,PETROLEUM
641,N24000334,STRENGTHENING AND WIDENING TO TWO LANE WITH PAVED SHOULDERS FROM KM.106.00 TO 153.00 OF NH-218 BIJAP,MoRTH,GOA,3-2015,11/2015,Aug-2024,165.67,-,126.47,98.99,PETROLEUM
642,N24000462,4-LANING OF GOA/KARNATAKA BORDER- KUNDAPUR SECTION,NHAI,GOA,7-2012,8/2016,Jan-2020,"1,655.01","1,990.99","1,818.50",97.80,PETROLEUM
643,N24001156,WIDENING TO TWO LANE WITH PAVED SHOULDER FROM KM 544.200 TO KM 594.000 OF NH-150A HOSMANE CROSS ? PA,MoRTH,GOA,1-2017,9/2017,May-2023,166.67,-,192.08,100.00,PETROLEUM
644,N24001157,IMPROVEMENTS AND RECONSTRUCTION TO TWO LANE WITH PAVED SHOULDERS FROM KM 243.20 TO KM 290.20 OF NH,MoRTH,GOA,8-2016,2/2017,Jul-2024,175.50,-,178.73,90.01,PETROLEUM
645,N24001158,RECONSTRUCTION TO TWO LANE WITH PAVED SHOULDERS FROM DS. CH. 442+180 (EX. KM 448.00) TO DS. CH.485+2,MoRTH,GOA,3-2018,6/2019,Dec-2023,159.97,-,113.15,100.00,PETROLEUM
646,N24001159,WIDENING TO TWO LANE WITH PAVED SHOULDERS FROM KM 20.150 TO KM 40.00 OF BC ROAD KOTTIGEHARA SECTION,MoRTH,GOA,1-2018,7/2018,-,159.70,-,142.88,100.00,PETROLEUM
647,N24001160,WIDENING TO TWO LANE WITH PAVED SHOULDER FROM KM 194.900 TO KM 243.200 OF NH-234 BANAVARA-HULIYAR,MoRTH,GOA,9-2017,10/2018,Apr-2022,191.60,-,112.01,100.00,PETROLEUM
648,N24001161,WIDENING TO TWO LANE WITH PAVED SHOULDERS FROM 24.600 TO 70.063 OF MUDIGERE TO KADUR SECTION OF NH-,MoRTH,GOA,12-2017,1/2019,Apr-2022,297.30,-,277.27,100.00,PETROLEUM
649,N24001162,IMPROVEMENT AND RECONSTRUCTION TO TWO LANE WITH PAVED SHOULDERS FROM KM 489.845 (NEW KM.58.125) AN,MoRTH,GOA,3-2018,10/2018,Nov-2022,325.86,-,356.76,100.00,PETROLEUM
650,N24001164,WIDENING TO 2 LANE WITH PAVED SHOULDERS FROM KM 0 TO 54 OF NH-50 UNDER EPC MODE IN THE STATE OF KARN,MoRTH,GOA,10-2016,3/2017,Jul-2022,396.96,-,329.58,100.00,PETROLEUM
651,N24001165,WIDENING TO 2 LANE WITH PAVED SHOULDERS FROM KM 34.00 TO 70.900 OF NH-150 UNDER EPC MODE IN THE STAT,MoRTH,GOA,11-2016,3/2017,Oct-2021,314.90,-,233.95,100.00,PETROLEUM
652,N24001166,WIDENING TWO LANE WITH PAVED SHOULDERS FROM FROM KM.56.00 TO 106.00 OF NH-218 (218-KNT-2014-15-775),MoRTH,GOA,3-2015,1/2016,-,159.12,-,127.72,98.00,PETROLEUM
653,N24001168,ESTIMATE FOR WIDENING TWO LANE TO FOUR LANE FROM FROM KM.129.00 TO 144.00 OF NH-63 ANKOLA-GOOTY SECT,MoRTH,GOA,5-2018,5/2018,Dec-2023,171.60,-,129.72,100.00,PETROLEUM
654,N24001172,WIDENING TO TWO LANE WITH PAVED SHOULDER FROM KM 4.40 TO KM 56.00 OF NH-218 BIJAPURA-HUBLI SECTION U,MoRTH,GOA,1-2017,8/2017,-,291.49,-,238.77,100.00,PETROLEUM
655,N24001173,CONSTRUCTION OF MAJOR BRIDGE AT KM 180.865 ACROSS RIVER KRISHNA ON NH- 167 HAGARI ? JADERCELA SECTION,MoRTH,GOA,2-2017,5/2019,-,157.32,188.00,43.16,60.00,PETROLEUM
656,N24001387,WIDENING TO 2-LANE WIH PAVED SHOULDER FROM KM. 544.20 TO 594.00 (HOSAMANE CROSS TO PANDAVAPURA) SECT,MoRTH,GOA,1-2017,9/2017,May-2023,264.34,-,201.07,100.00,PETROLEUM
657,N24001388,CONSTRUCTION OF MAJOR BRIDGE ACROSS SHARAVATHI BACKWATERS AND APPROCHES BETWEEN AMBARGODU AND KALASA,MoRTH,GOA,3-2019,12/2019,Nov-2024,423.15,-,268.97,82.00,PETROLEUM
658,N24001425,4L OF ADDAHOLE TO BANTWAL CROSS SECTION INCLUDING FLYOVER AT KALLADKA TOWN,NHAI,GOA,3-2021,11/2021,Nov-2025,"1,100.88","1,687.31","1,149.04",80.28,PETROLEUM
659,N24001426,4L OF ADDAHOLE TO BANTWAL CROSS SECTION,NHAI,GOA,3-2021,10/2021,Jun-2025,317.90,572.01,370.84,98.00,PETROLEUM
660,N24001598,6L FROM SANKESHWAR BYPASS TO MH KNT BORDER FROM KM. 555.017 TO KM. 592.853 OF NH-48 (PKG II),NHAI,GOA,1-2022,4/2025,Apr-2025,"1,388.70","1,388.70",438.61,62.50,PETROLEUM
661,N24001599,BELAKERI PORT TO KUMTA - SIRSI ROAD FROM KM 0.00 - KM 4.265 OF BELEKERI PORT ROAD LINK RD. AND KM 4.,NHAI,GOA,3-2018,12/2022,Dec-2022,440.16,-,355.11,69.73,PETROLEUM
662,N24001674,BANGALORE/TN BORDER TO HOSKOTE,NHAI,GOA,2-2023,2/2025,Sep-2025,"1,240.60","1,181.68",942.92,81.52,PETROLEUM
663,N24001676,6L OF MH/KN BORDER (NIMBAL VILLAGE) TO KN/TS BORDER (SINGNODI VILLAGE) FROM KM. 26.000 TO KM. 97.000,NHAI,GOA,12-2022,6/2025,Mar-2026,"2,718.46",-,438.90,53.72,PETROLEUM
664,N24001677,BALANCE WORK OF 2L PS FROM KM 30.800 TO 70.800 AND 2L WITH RIGID CARRIAGEWAY FROM 70.800 TO KM 84.12,NHAI,GOA,11-2022,5/2024,Apr-2025,226.76,226.76,86.76,71.87,PETROLEUM
665,N24001679,6L FROM BELGAUM TO SANKESHWAR BYPASS FROM KM 515.000 TO KM 555.017 OF NH 48,NHAI,GOA,10-2022,4/2025,Dec-2025,"1,479.30","1,479.30",676.61,93.10,PETROLEUM
666,N24001680,4L OF SANNUR TO BIKARNAKATTE SECTION FROM KARKALA TO MANGALORE,NHAI,GOA,3-2021,10/2024,Jan-2026,"1,409.68","1,808.12","1,032.44",59.00,PETROLEUM
667,N24001681,TUMKUR - NELAMANGALA(6L),NHAI,GOA,8-2022,8/2025,Mar-2026,"2,032.15","2,032.15",184.86,52.08,PETROLEUM
668,N24001682,UPGRADATION 2/4 LANE NH CONNECTIVITY UNDER SAGARMALA SCHEME SH 2 HAVERI YEKAMBI SH 69 YEKAMBI KUMTA,NHAI,GOA,11-2021,3/2024,Mar-2024,294.62,309.90,55.68,15.06,PETROLEUM
669,N24001684,4L OF CHANNARAYAPATNA BYPASS AND HASSAN BYPASS WITH STRUCTURES IN DEVIHALLI -HASSAN SECTION,NHAI,GOA,9-2020,1/2023,Sep-2020,688.00,602.09,514.23,80.02,PETROLEUM
670,N24001687,FOUR LANING OF BETTADAHALLI TO SRIRAMPURA SECTION FROM KM. 166+100 (DESIGN KM. 170+415) TO KM. 217+0,NHAI,GOA,10-2021,10/2023,Dec-2025,"1,331.77","2,082.98",477.33,76.52,PETROLEUM
671,N24001936,BALANCE WORK OF CONTSRUCTION OF TWO/FOUR LANE WITH PAVED SHOULDER FROM KM. 54.370 TO KM. 101.400 (BI,MoRTH,GOA,3-2021,3/2023,Jul-2024,344.79,-,10.00,90.00,PETROLEUM
672,N24001937,BALANCE WORK OF REHABILITATION AND UPGRADING TO 2LANE/2LANE WITH PAVED SHOULDER CONFIGURATION AND ST,MoRTH,GOA,2-2023,2/2024,Feb-2025,398.48,-,5.00,50.00,PETROLEUM
673,N24001938,"CONSTRUCTION OF ELEVATED CORRIDOR FROM KM. 135.650 TO 136.300 ON 63, FROM KM. 249 TO KM. 250.050 ON",MoRTH,GOA,6-2021,6/2024,Jun-2025,298.00,-,10.70,52.00,PETROLEUM
674,N24001940,WIDENING TO 2 LANE WITH PAVED SHOULDERS FROM DESIGN KM 103.200 (EXISTING KM 103.200) TO DESIGN KM 11,MoRTH,GOA,1-2023,1/2026,Sep-2025,166.58,-,3.54,N.A.,PETROLEUM
675,N24001941,WIDENING TO 4 LANE FROM KM. 133.00 TO 158.04 (DESIGN CHAINAGE KM. 130.88 TO 155.145) (SHIRUR CROSS T,MoRTH,GOA,1-2023,1/2025,Jan-2025,350.69,-,10.00,56.00,PETROLEUM
676,N24001943,WIDENING TO TWO LANE WITH PAVED SHOULDERS FROM KM. 33.13 TO KM. 40.23 AND KM. 52.00 TO KM. 71.00 (EX,MoRTH,GOA,9-2022,3/2024,Jan-2025,172.98,-,6.48,65.00,PETROLEUM
677,N24001944,WIDENING TO INTERMEDIATE/TWO LANE TO 2 LANE WITH PAVED SHOULDER FROM EXISTING CHANAGES KM 112.750 TO,MoRTH,GOA,1-2023,6/2024,Jul-2024,255.88,-,60.99,78.24,PETROLEUM
678,N24001945,WIDENING TO 2 LANE WITH PAVED SHOULDERS FROM KM 116.800 TO 149.070(DESIGN CHANGES) ON HOSADURGA HOL,MoRTH,GOA,8-2022,2/2024,Dec-2024,170.34,-,4.25,72.00,PETROLEUM
679,N24001946,"WIDENING TO 2 LANES WITH PAVED SHOULDERS FROM KM 24.400 TO 27.270, 40.500 TO 41.900, 84.300 TO 88.20",MoRTH,GOA,11-2022,11/2024,Nov-2024,218.93,-,10.00,95.25,PETROLEUM
680,N24001947,WIDENING TO EXISTING 2 LANE WITH PAVED SHOULDER TO 4 LANE WITH PAVED SHOULDER FROM DESIGN KM 153.00,MoRTH,GOA,2-2023,2/2025,Feb-2025,177.94,-,6.66,47.00,PETROLEUM
681,N24001948,WIDENING TO 4 LANE FROM KM 51.60 TO 76.20 (HEBRI TO PARKALA) AND FROM KM 85.20 TO 88.90 (KARAVALI JU,MoRTH,GOA,10-2022,10/2024,Dec-2024,355.72,-,11.32,60.00,PETROLEUM
682,N24001989,FOUR LANING OF LEFT OVER WORKS OF HOSPET BELLARY KARNATAKA/ AP BORDER FROM KM.280.080 TO KM. 375.450,NHAI,GOA,3-2023,5/2025,-,830.28,-,652.09,75.30,PETROLEUM
683,N24001993,DEVELOPMENT OF 6 LANE ACCESS CONTROLLED GREENFIELD HIGHWAY FROM KM. 97.000 TO KM. 162.500 MARADGI S,NHAI,GOA,12-2022,10/2025,-,"1,589.00",-,725.46,60.70,PETROLEUM
684,N24001994,4/6L OF BANGALORE - PUNE SECTION OF BYPASS CONNECTING DHARWAD - HUBLI FROM KM. 403.80 TO KM. 433.20,NHAI,GOA,5-2022,3/2023,Sep-2025,"1,135.39",-,396.27,69.60,PETROLEUM
685,N24002011,BALANCE WORK OF CONSTRUCTION OF TWO/FOUR LANE WITH PAVED SHOULDER FROM KM 422.000 TO 523.600 ( CHITR,MoRTH,GOA,12-2021,6/2024,Dec-2024,516.96,-,19.93,75.00,PETROLEUM
686,N24002012,WIDENING TO TWO LANE WITH PAVED SHOULDERS FROM KM 40.00 TO KM 75.00 (EXISTING CHAINAGES) OF MANGALOR,MoRTH,GOA,3-2023,3/2025,Mar-2025,718.52,-,24.81,23.00,PETROLEUM
687,N24002013,CONSTRUCTION OF TWO LANE WITH PAVED SHOULDER FROM KM.0 TO KM. 80 ON NH 548B (VIJAYAPURA-SANKESWAR SE,MoRTH,GOA,3-2021,2/2022,Oct-2024,766.64,-,13.55,75.00,PETROLEUM
688,N24002186,WIDENING TO 2 LANE WITH PAVED SHOULDERS FROM DESIGN KM 103.200 (EXISTING KM 103.200) TO DESIGN KM 11,MoRTH,GOA,3-2024,9/2025,-,166.58,-,3.62,N.A.,PETROLEUM
689,N24002187,CONSTRUCTION OF 2 LANE WITH PAVED SHOULDER FROM KM 55.6 TO KM 90.7 (EXISTING CHAINAGES) OF NH-766C (,MoRTH,GOA,2-2024,2/2026,-,313.56,-,53.65,N.A.,PETROLEUM
690,N24002188,WIDENING TO 2L+PS FROM KM 71.00 TO 104.00 (EXISTING CHAINAGES) (SARJAPUR TO PATTADKALLU) ON BHANAPUR,MoRTH,GOA,3-2024,3/2026,-,445.62,-,33.24,N.A.,PETROLEUM
691,N24002189,WIDENING TO TWO LANE WITH PAVED SHOULDERS FROM KM 0.00 (DESIGN CHAINAGE 0.00) TO KM 23.338 (DESIGN C,MoRTH,GOA,9-2024,3/2026,-,196.05,-,2.34,N.A.,PETROLEUM
692,N12000136,"SCREENING PLANT-II, DONIMALAI",NMDC,GOA,9-2023,8/2026,-,"1,043.63",-,181.21,13.61,STEEL
693,N28000058,BANGALORE METRO RAIL PROJECT PHASE- 2,BMRCL,GOA,2-2014,2/2021,-,"26,405.14",-,"20,936.29",N.A.,"URBAN
DEVELOPMEN
T"
694,N28000151,BANGALORE METRO RAIL PROJECT LIMITED. PHASE. 2A AND 2B,BMRCL,GOA,6-2021,6/2026,-,"14,788.10",-,"2,424.04",N.A.,"URBAN
DEVELOPMEN
T"
695,N04000111,CALICUT AIRPORT - DEVELOPMENT OF ADDITIONAL RESA ON EITHER END ON RUNWAY 10-28 AT CALICUT AIRPORT,AAI,GOA,6-2023,9/2025,-,484.57,323.98,74.41,18.00,"CIVIL
AVIATION"
696,N28000140,"C/O PERMANENT CAMPUS OF IIT PALAKKAD PHASE IA AT PUDESSERY VILLAGE,KANJIKODE WEST, DISTRICT PALAKKA",CPWD EDUCATION,GOA,7-2019,3/2021,-,753.63,-,411.86,67.00,DEPARTMENT
697,N16000508,REPLACEMENT AND EXTENSION OF JETTY PIPELINES AT KOCHI REFINERY,BPCL,GOA,3-2023,3/2026,-,621.87,-,168.50,81.50,PETROLEUM
698,N16000530,SETTING UP POLYPROPYLENE UNIT AT KOCHI REFINERY,BPCL,GOA,12-2023,10/2027,-,"4,460.00",-,223.50,10.10,PETROLEUM
699,N22000399,TRIVANDRUM-KANYAKUMARI DOUBLING,SR,GOA,2-2015,3/2024,-,"1,431.90",-,"3,184.42",42.10,RAILWAYS
700,N22000619,ERNAKULAM-KUMBALAM - PATCH DOUBLING (7.71 KM),SR,GOA,12-2010,3/2028,-,600.82,-,282.48,8.00,RAILWAYS
701,N22000620,KUMBALAM-THURAVUR - PATCH DOUBLING (15.59 KM),SR,GOA,12-2011,3/2027,-,812.85,-,280.39,7.00,RAILWAYS
702,N24000704,4-LANNING OF THALSERRY -MAHE BYPASS,NHAI,GOA,9-2017,5/2020,Nov-2023,"1,124.11","1,573.18","1,525.92",100.00,RAILWAYS
703,N24000784,6-LANING OF KOZHIKODE BYPASS (CALICUT BYPASS) (I.E. VENGALAM JN. TO RAMANATTUKARA JN.) SECTION OF NH,NHAI,GOA,2-2018,2/2023,Dec-2024,"1,424.77","2,065.95",901.96,95.01,RAILWAYS
704,N24001369,WIDENING TO 2 LANES WITH PAVED SHOULDERS FROM KM.87/000 TO 133/720 (NATTUKAL TO THANAU JN. IN PALAKK,MoRTH,GOA,2-2017,8/2017,Mar-2022,294.28,296.53,286.80,98.00,RAILWAYS
705,N24001370,WIDENING TO 2-LANE WITH PAVED SHOULDERS FROM KM 119/017 TO KM 161/300 ON NH 85 (OLD NH 49),MoRTH,GOA,2-2017,9/2017,Jan-2023,380.76,372.87,347.04,100.00,RAILWAYS
706,N24001648,CONSTRUCTION OF 6 LANE ELEVATED CORRIDOR ALONG WITH DEVELOPMENT OF EXISTING 4 LANE ROAD AT GROUND LE,NHAI,GOA,8-2022,1/2026,-,"2,429.52",-,"1,088.32",59.90,RAILWAYS
707,N24001649,SIX LANING OF PARAVOOR(DESIGN KM. 417+000) TO KOTTUKULANGARA(DESIGN KM. 454+500) SECTION OF NEW NH-6,NHAI,GOA,12-2021,2/2025,Feb-2025,"3,273.61",-,777.99,61.01,RAILWAYS
708,N24001650,SIX LANING OF KADAMBATTUKONAM TO KAZHAKKOOTTAM SECTION OF NH-66(OLD NH-47) FROM KM. 517+250 TO KM.54,NHAI,GOA,12-2021,1/2025,Apr-2026,"3,635.64",-,324.02,38.97,RAILWAYS
709,N24001651,SIX LANING OF THURAVOOR (DESIGN KM. 378+612) TO PARAVOOR (DESIGN KM.417+000) SECTION OF NEW NH-66 (O,NHAI,GOA,9-2021,9/2024,Mar-2026,"2,878.97",-,565.38,43.79,RAILWAYS
710,N24001652,6L MINOR BRIDGE (PALOLI PALAM) AT KM. 203.160 and MAJOR BRIDGE (MORAD) AT KM. 204.895 AND ALLIED WOR,NHAI,GOA,3-2020,6/2022,Feb-2024,210.37,216.94,198.10,100.00,RAILWAYS
711,N24001653,SIX LANING FROM KODUNGALLUR TO EDAPALLY SECTION OF NH ?66 (OLD NH-17) FROM DESIGN CHAINAGE 397+750 (,NHAI,GOA,11-2021,4/2025,-,"3,565.82",-,"1,997.54",61.99,RAILWAYS
712,N24001654,SIX LANING OF START OF KOLLAM BYPASS (KM.486+000) KADAMBATTUKONAM (KM.517+250) SECTION OF NEW NH-66,NHAI,GOA,6-2021,3/2025,Feb-2026,"2,641.37",-,607.07,76.05,RAILWAYS
713,N24001655,SIX LANING FROM KAPPIRIKKAD TO THALIKULAM SECTION OF NH ? 66 (OLD NH- 17) FROM DESIGN CH. 335+850 (EX,NHAI,GOA,6-2021,2/2025,-,"3,606.00","3,946.56","3,120.31",71.59,RAILWAYS
714,N24001656,SIX LANING FROM THALIKULAM TO KODUNGALLUR SECTION OF NH ? 66 (OLD NH-17) FROM DESIGN CH.369+015 (EX.,NHAI,GOA,6-2021,3/2025,-,"2,595.00",-,"3,044.86",64.07,RAILWAYS
715,N24001657,SIX LANING OF KOTTUKULANGARA (DESIGN KM. 454+500) TO START OF KOLLAM BYPASS (DESIGN KM. 486+000) SEC,NHAI,GOA,6-2021,10/2024,Dec-2025,"2,842.14",-,477.69,70.95,RAILWAYS
716,N24001658,SIX LANING OF RAMANATTUKARA JUNCTION TO START OF VALANCHERY BYPASS SECTION OF NH-66 (OLD NH-17) FROM,NHAI,GOA,1-2021,7/2024,Mar-2025,"4,265.42",-,"3,474.30",99.10,RAILWAYS
717,N24001659,SIX LANING FROM START OF VALANCHERY BYPASS TO KAPPIRIKKAD-SECTION OF NH- 66(OLD NH-17) FROM DESIGN CH,NHAI,GOA,2-2021,7/2024,Mar-2025,"3,375.31","3,824.07","2,351.49",98.30,RAILWAYS
718,N24001660,SIX LANING OF THALIPARAMBHA- MUZHAPILANGAD SECTION FROM KM 137.900 TO KM. 170.600 OF NH-17 (NEW NH,NHAI,GOA,8-2020,2/2024,Aug-2025,"2,714.60","3,557.65","1,903.94",73.00,RAILWAYS
719,N24001661,6L OF AZHIYUR-VENGALAM FROM KM. 189.200 TO KM. 230.400 OF NH-66,NHAI,GOA,10-2020,4/2024,May-2025,"3,219.47","3,898.46","2,295.21",57.90,RAILWAYS
720,N24001662,SIX LANING OF KT/KL BORDER (THALAPPDY) TO CHENGALA SECTION OF NH17 (NEW NH-66) FROM CH. 17.200 TO CH,NHAI,GOA,5-2020,5/2024,Nov-2021,"1,981.07","2,651.79","1,540.46",96.40,RAILWAYS
721,N24001663,SIX LANING OF NEELESHWARAM TO THALIPARAMBHA SECTION FROM CH. 94+540 (EXISTING KM 96+450) TO CH. 134+,NHAI,GOA,6-2020,4/2024,Oct-2021,"3,041.65","3,867.66","2,406.40",82.10,RAILWAYS
722,N24001664,SIX LANING OF CHENGALA TO NEELESHWARAM SECTION OF NH-17 (NEW NH-66) FROM CH. 56+200 (EXISTING KM 57+,NHAI,GOA,6-2020,4/2024,Oct-2021,"1,746.45","2,538.06","1,262.05",82.00,RAILWAYS
723,N24002074,WIDENING/DEVELOPMENT OF EXISTING NH- 85 FROM KM 0.000 TO KM 124.636 SECTION TO 2L/@L+PS SECTION IN TH,NHAI,GOA,8-2022,6/2025,-,"1,231.74",-,452.60,48.20,RAILWAYS
724,N28000158,KOCHI METRO RAIL PROJECT PHASE II FROM JLN STADIUM TO INFOPARK VIA KAKKANAD,KMRCL,GOA,7-2018,11/2026,-,"1,957.05",-,250.63,7.40,"URBAN
DEVELOPMEN
T"
725,N28000159,KOCHI METRO RAIL PROJECT PHASE IB SECTION FROM S N JUNCTION TO THRIPUNITHURA,KMRCL,GOA,6-2019,9/2023,-,355.70,448.00,448.39,100.00,"URBAN
DEVELOPMEN
T"
726,N04000078,CONSTRUCTION OF TERMINAL BUILDING AND ASSOCIATED WORKS AT LEH AIRPORT,AAI,LADAKH,7-2018,9/2021,Oct-2025,480.33,640.00,409.08,63.67,"CIVIL
AVIATION"
727,N24001343,KARGIL-ZANSKR PACKAGE-1,NHIDCL,LADAKH,3-2021,1/2023,Dec-2024,384.23,-,162.54,60.40,"ROAD
TRANSPORT
AND
HIGHWAYS"
728,N24001344,KARGIL-ZANSKR PACKAGE-2,NHIDCL,LADAKH,3-2021,1/2023,Feb-2025,404.89,-,244.21,65.54,"ROAD
TRANSPORT
AND
HIGHWAYS"
729,N24001345,KARGIL-ZANSKR PACKAGE-3,NHIDCL,LADAKH,8-2020,1/2023,Aug-2025,381.01,-,230.28,74.72,"ROAD
TRANSPORT
AND
HIGHWAYS"
730,N24001348,KARGIL-ZANSKR PACKAGE-8,NHIDCL,LADAKH,3-2021,1/2023,Aug-2025,398.37,-,274.39,82.28,"ROAD
TRANSPORT
AND
HIGHWAYS"
731,N24001999,CONSTRUCTION OF REALIGNMENT BETWEEN PANDRASS- PASHKYUN (TOTAL LENGTH 27.10 KM) ON ROAD ZOZILA- KARGIL,BRO,LADAKH,11-2021,6/2025,-,426.14,-,16.27,37.00,"ROAD
TRANSPORT
AND
HIGHWAYS"
732,N04000087,UPGRADATION OF JABALPUR AIRPORT,AAI,LADAKH,6-2016,6/2021,Jul-2024,412.24,-,402.81,100.00,"CIVIL
AVIATION"
733,N04000098,DEVELOPMENT OF GWALIOR AIRPORT PHASE 01,AAI,LADAKH,10-2021,8/2023,Aug-2024,446.12,455.00,451.55,100.00,"CIVIL
AVIATION"
734,N06000125,KANCHAN OC EXPANSION,SECL,LADAKH,12-2014,3/2021,Mar-2026,371.04,-,137.20,47.00,"CIVIL
AVIATION"
735,N06000148,AMADAND OPENCAST EXPANSION PROJECT,SECL,LADAKH,3-2016,3/2021,Mar-2027,869.44,-,272.09,75.00,"CIVIL
AVIATION"
736,N06000183,GANDHIGRAM UG MINE,WCL,LADAKH,8-2019,3/2026,-,414.16,-,11.75,28.00,"CIVIL
AVIATION"
737,N06000184,BLOCK-B EXPANSION OPENCAST PROJECT,NCL,LADAKH,7-2019,3/2023,-,998.71,-,438.64,42.57,"CIVIL
AVIATION"
738,N06000196,NIGAHI EXPANSION OCP (15 TO 25 MTPA),NCL,LADAKH,11-2020,3/2025,-,"1,729.68",-,766.06,44.29,"CIVIL
AVIATION"
739,N06000233,RAMPUR BATURA OC (4.0 MTY),SECL,LADAKH,7-2019,3/2026,-,"1,248.93",-,488.60,44.00,"CIVIL
AVIATION"
740,N06000250,TAWA III UG MINE,WCL,LADAKH,12-2021,3/2027,-,314.09,-,0.56,9.00,"CIVIL
AVIATION"
741,N06000257,AMALGAMATED DHANKASA JAMUNIA UG (1.84 MTY),WCL,LADAKH,9-2022,3/2027,-,399.20,-,64.13,42.00,"CIVIL
AVIATION"
742,N06000260,VISHNUPURI UG TO OC,WCL,LADAKH,11-2022,3/2029,-,220.62,-,0.00,7.00,"CIVIL
AVIATION"
743,N06000265,URDHAN OC,WCL,LADAKH,1-2023,3/2031,-,206.88,-,22.12,9.00,"CIVIL
AVIATION"
744,N06000266,SHARDA UG,WCL,LADAKH,9-2023,3/2028,-,166.25,-,1.69,11.00,"CIVIL
AVIATION"
745,N16000518,ETHYLENE CRACKER PROJECT AT BINA REFINERY INCLUDING DOWNSTREAM PETROCHEMICAL PLANTS AND EXPANSION OF,BPCL,LADAKH,5-2023,5/2028,-,"43,367.00",-,"1,594.90",12.20,PETROLEUM
746,N18000348,SHAJAPUR 325MW SOLAR PV PROJECT,NTPC,LADAKH,6-2022,3/2024,Jun-2025,"1,530.49",-,"1,210.05",90.00,PETROLEUM
747,N18000392,TS FOR EVACUATION POWER RAJASTHAN REZ PH-IV (PART-2:5.5GW) (JAISALMER/BARMER COMPLEX): PART-C,PGCIL,LADAKH,8-2024,8/2026,-,"2,708.00",-,189.90,21.70,PETROLEUM
748,N18000399,TRANSMISSION SYSTEM FOR EVACUATION OF POWER FROM RAJASTHAN REZ PH-IV [PART-2 5.5GW] [JAISALMER/BARME,PGCIL,LADAKH,10-2024,10/2026,-,"3,674.00",-,234.57,10.30,PETROLEUM
749,220100314,"RAMGANJMUNDI-BHOPAL (NL),WCR",WCR,LADAKH,4-2001,12/2025,Dec-2025,"3,032.00","3,032.46","3,423.90",69.00,RAILWAYS
750,N22000120,RATLAM-MHOW-KHANDWA-AKOLA (GC),WR,LADAKH,4-2008,2/2027,Feb-2027,"5,677.88","5,677.80","4,284.80",80.00,RAILWAYS
751,N22000351,KATNI - SINGRAULI DOUBLING PROJECT,WCR,LADAKH,12-2015,12/2026,Dec-2027,"2,445.29","2,445.30","3,099.24",91.00,RAILWAYS
752,N22000416,KATNI GRADE SEPARATOR/BYE PASS,WCR,LADAKH,8-2016,9/2024,Jun-2025,"1,247.64","1,247.64","1,427.58",89.00,RAILWAYS
753,N22000485,ANUPPUR-KATNI,SECR,LADAKH,4-2015,12/2021,Dec-2023,"1,860.94","1,680.00","1,929.51",100.00,RAILWAYS
754,N22000503,NIMACH BADI SADRI NEW LINE PROJECT,WR,LADAKH,4-2017,3/2022,-,495.18,-,289.65,45.00,RAILWAYS
755,N22000536,NIMACH-RATLAM (133 KM),WR,LADAKH,10-2021,10/2027,Dec-2025,"1,095.88","1,095.88","1,048.60",72.00,RAILWAYS
756,N22000554,SATNA - REWA (50 KM),WCR,LADAKH,11-2015,3/2026,-,500.00,40.00,1.41,80.00,RAILWAYS
757,N22000601,INDORE BUDNI (INDORE JABALPUR),RVNL,LADAKH,9-2018,9/2030,-,"7,474.01",-,"1,004.86",N.A.,RAILWAYS
758,N24000513,UMARIYA TO SHAHDOL SECTION OF NH-78 IN MADYA PRADESH KM 68/4 TO 142/200,MoRTH,LADAKH,3-2015,8/2017,Dec-2023,511.83,-,478.84,93.06,RAILWAYS
759,N24001614,4LBERKHEDI TO GODPEHRA NH-44,NHAI,LADAKH,2-2022,11/2024,-,524.84,-,"2,434.64",60.00,RAILWAYS
760,N24001615,4L OF SAGAR - MOHARI FROM KM.8 TO KM.50 (PKG-I),NHAI,LADAKH,3-2021,4/2024,Jun-2025,790.78,-,"2,139.45",77.02,RAILWAYS
761,N24001618,KATNI BYPASS FROM KM. 359.50 TO KM. 378.50,NHAI,LADAKH,9-2019,9/2022,-,194.40,235.00,208.32,98.84,RAILWAYS
762,N24001759,4L OF CHANDESARA TO KHEDAKHAJURIYA FROM KM. 0.000 TO (-) 750 AND KM 0.000 TO KM 41.400 OF NH-752D,NHAI,LADAKH,1-2020,6/2024,Jun-2025,909.84,-,502.49,99.00,RAILWAYS
763,N24001762,INDORE - HARDA (PKG-III) [NANASA TO PIDGAON SECTION FROM KM 95.000 TO KM 142.445],NHAI,LADAKH,10-2021,1/2024,Dec-2025,"1,146.22",-,662.30,91.31,RAILWAYS
764,N24001766,INDORE - HARDA (PKG-I) [INDORE TO RAGHAV GARH FROM KM. 0.25 TO KM. 26.903],NHAI,LADAKH,1-2022,10/2024,-,"1,011.29",-,284.80,70.02,RAILWAYS
765,N24001767,4L OF INDORE - BOREGAON (PKG-III) [BALWARA TO DHANGAON] FROM KM. 42.260 TO KM. 82.660 OF NH347BG AND,NHAI,LADAKH,1-2021,4/2024,-,"1,001.69",-,517.31,82.11,RAILWAYS
766,N24001770,4L OF OBEDULLGANJ - BUDNI SECTION FROM KM. 8.400 TO KM. 20.700 IN RATANPANI WILDLIFE AREA OF NH - 69,NHAI,LADAKH,2-2022,3/2024,Mar-2025,417.51,-,312.94,100.00,RAILWAYS
767,N24001921,2- LANE WITH PAVED SHOULDERS OF HINOTIYA TO MEHULWA FROM DESIGN KM 27+000 9OF EXISTING SH-19 KM 26+5,NHAI,LADAKH,8-2021,9/2025,-,581.65,592.03,125.56,43.79,RAILWAYS
768,N24001962,"CONSTRUCTION OF MIHONA BYPASS, LAHAR BYPASS, DABOH BYPASS and BHANDER BYPASS (TOTAL LENGTH 20.60 KM)",MoRTH,LADAKH,3-2022,12/2024,-,179.19,-,47.91,96.00,RAILWAYS
769,N24001963,UPGRADATION OF NASRULLAGANI-REHTI- BUDHNI SCCTION TO 2-LANE WITH PAVED SHOULDER FROM KM 0+150 TO KM,MoRTH,LADAKH,12-2021,10/2024,-,305.12,-,71.47,34.46,RAILWAYS
770,N24001964,UPGRADATION and WIDENING OF JHARKHEDA- BERASIA - DHOLKHEDI FROM DESIGN KM 0+000 TO KM 87+900 (DESIGN,MoRTH,LADAKH,3-2022,5/2025,-,365.21,-,112.27,64.00,RAILWAYS
771,N24001965,"REHABILITATION AND UPGRADATION OF KURWAI?MUNGAOLI?CHANDERI ROAD SECTION OF NH-346, FROM DESIGN CHAIN",MoRTH,LADAKH,3-2022,2/2025,-,386.49,-,77.42,48.77,RAILWAYS
772,N24001966,BALANCE WORK FOR REHABILITATION AND UP-GRADATION OF SIDHI-SINGRAULI FROM KM 82.400 TO KM 187.993 SEC,MoRTH,LADAKH,12-2020,4/2023,-,529.44,-,378.40,62.00,RAILWAYS
773,N24001967,4L GREENFIELD RUDHI TO DESHGAON (PKG V OF BETUL-KHANDWA/DESHGAON) - N/04015/06003/MP,NHAI,LADAKH,11-2018,10/2025,-,521.21,-,98.23,39.80,RAILWAYS
774,N24002018,REHABILITATION AND UPGRADATION TO 2- LANE WITH PAVED SHOULDER CONFIGURATION OF JIRAPUR-SUSNER-MP- RJ B,MoRTH,LADAKH,1-2022,3/2025,-,239.72,232.22,73.40,100.00,RAILWAYS
775,N24002019,UPGRADATION OF DINDORI-SAGARTOLA- KABICHABUTRA (MP-CG BORDER) SECTION OF NH -45 FROM KM 0+00(DESIGN),MoRTH,LADAKH,1-2022,9/2025,-,329.14,319.09,52.70,50.12,RAILWAYS
776,N24002020,"CONSTRUCTION OF KAITHI-PADARIA KALA BYPASS, PATNA-TAMOLI BYPASS, JASO BYPASS , NAGOD BYPASS (TOTAL L",MoRTH,LADAKH,3-2022,10/2025,-,158.36,158.00,22.68,30.00,RAILWAYS
777,N24002067,BALANCE WORK OF 4L OF NAURADEHI SANCTUARY DE-SCOPED STRETCH OF HIRAN RIVER TO SINDOOR RIVER FROM KM.,NHAI,LADAKH,1-2021,7/2023,-,178.18,-,161.64,94.65,RAILWAYS
778,N24002068,CONSTRUCTION OF 4-LANE FROM BARELA TO MANEGAON SECTION OF NH-30 FROM DESIGN CH. 2.900 TO DESIGN CH.,NHAI,LADAKH,12-2022,3/2025,-,652.33,-,334.34,73.16,RAILWAYS
779,N24002069,CONSTRUCTION OF ADDITIONAL 3 LANE WITH PAVED SHOULDER (DESIGN LENGTH 8.87 KM) AS REALIGNMENT OF BAKA,NHAI,LADAKH,7-2022,12/2024,-,209.29,-,140.22,100.00,RAILWAYS
780,N24002070,INDORE - EDLABAD (PKG-II) [TEJAJINAGAR TO BALWARA],NHAI,LADAKH,1-2022,1/2025,-,"1,162.80",-,493.76,80.00,RAILWAYS
781,N24002077,CONSTRUCTION OF (I) 4-LANE HIGHWAY FROM VIDISHA TO HINOTIYA FROM KM. 0.000 TO KM. 27.000 (LENGTH=27,NHAI,LADAKH,9-2022,12/2025,-,"1,000.63",-,210.15,50.72,RAILWAYS
782,N24002166,FOUR LANING OF RAGHOGARH (DESIGN CH.29.300/EXISTING CH. 29.555) TO NANASA (DESIGN CH.92.971/EXISTING,NHAI,LADAKH,3-2024,3/2026,Mar-2026,799.20,-,306.27,35.04,RAILWAYS
783,N24002200,BALANCE WORKS OF 4 LANE DIVIDED CARRIAGEWAY OF MISSING LINK SECTION OF NH-39 (REWA BYPASS) FROM JUNC,NHAI,LADAKH,4-2024,4/2026,-,355.36,-,39.06,34.40,RAILWAYS
784,N38000001,CENTRE FOR DISABILITY SPORTS,CPWD,LADAKH,2-2019,3/2024,-,170.99,-,73.80,74.00,"SOCIAL
JUSTICE"
785,N28000124,BHOPAL METRO RAIL,MPMRCL,LADAKH,11-2018,2/2023,Jun-2028,"6,941.40",-,"2,970.09",40.90,"URBAN
DEVELOPMEN
T"
786,N28000125,INDORE METRO RAIL,MPMRCL,LADAKH,11-2018,2/2023,Dec-2028,"7,500.80",-,"3,724.27",52.99,"URBAN
DEVELOPMEN
T"
787,N04000079,"CONSTRUCTION OF NEW INTEGRATED TERMINAL BUILDING, RECONSTRUCTION OF OLD TERMINAL BUILDING, MODIFICAT",AAI,LADAKH,3-2017,4/2021,Dec-2023,475.39,-,532.99,100.00,"URBAN
DEVELOPMEN
T"
788,N04000096,"EXTENSION OF RUNWAY WITH BLAST PAD, RESA, TAXIWAY, APRON, GSE AREA, ISOLATION BAY, NEW DOMESTIC TERM",AAI,LADAKH,6-2017,12/2020,Apr-2024,255.68,270.00,267.86,100.00,"URBAN
DEVELOPMEN
T"
789,N06000132,AMALGAMATED YEKONA-I YEKONA-II,WCL,LADAKH,8-2015,3/2025,-,727.28,-,530.02,86.00,"URBAN
DEVELOPMEN
T"
790,N06000179,UKNI DEEP OC,WCL,LADAKH,1-2019,3/2021,Mar-2025,237.06,-,163.86,91.00,"URBAN
DEVELOPMEN
T"
791,N06000205,GHONSA EXPANSION DEEP OC,WCL,LADAKH,3-2021,3/2028,-,184.71,-,9.25,6.00,"URBAN
DEVELOPMEN
T"
792,N06000206,SASTI EXPANSION OC,WCL,LADAKH,8-2020,3/2026,-,319.04,-,68.64,24.00,"URBAN
DEVELOPMEN
T"
793,N06000209,DHUPTALA OC(SASTI UG TO OC),WCL,LADAKH,10-2021,3/2028,-,711.00,-,159.15,33.00,"URBAN
DEVELOPMEN
T"
794,N06000219,ADASA UG TO OC (1.50 MTY),WCL,LADAKH,11-2018,3/2024,Mar-2025,316.00,-,208.20,78.00,"URBAN
DEVELOPMEN
T"
795,N06000222,DINESH (MAKARDHOKDA-III) OC (8.0 MTY),WCL,LADAKH,2-2020,3/2027,-,822.88,-,578.89,48.00,"URBAN
DEVELOPMEN
T"
796,N06000226,AMALGAMATED INDER-KAMPTEE DEEP OC (3.20 MTY),WCL,LADAKH,9-2018,3/2024,Mar-2025,235.90,-,116.46,87.00,"URBAN
DEVELOPMEN
T"
797,N06000251,SAONER UG MINE I EXPANSION,WCL,LADAKH,1-2022,3/2028,-,228.64,-,118.34,27.00,"URBAN
DEVELOPMEN
T"
798,N06000252,SINGHORI DEEP OC,WCL,LADAKH,5-2022,3/2029,-,335.75,-,22.01,16.00,"URBAN
DEVELOPMEN
T"
799,N06000253,MAKARDHOKDA I EXPANSION OC,WCL,LADAKH,6-2022,3/2026,-,361.87,-,33.90,12.00,"URBAN
DEVELOPMEN
T"
800,N06000254,BHATADI EXPANSION OC,WCL,LADAKH,5-2022,3/2028,-,580.60,-,61.33,17.00,"URBAN
DEVELOPMEN
T"
801,N06000255,NEW MAJARI UG TO OC (3.0 MTY),WCL,LADAKH,9-2022,3/2027,-,402.27,-,47.99,27.00,"URBAN
DEVELOPMEN
T"
802,N06000256,BHANEGAON OC (1.15MTY),WCL,LADAKH,9-2022,3/2028,-,405.20,-,10.21,7.00,"URBAN
DEVELOPMEN
T"
803,N06000264,GOKUL EXPANSION OC,WCL,LADAKH,4-2021,3/2026,-,309.58,-,3.65,7.00,"URBAN
DEVELOPMEN
T"
804,N06000267,KOLGAON EXPANSION (DEEP) OC,WCL,LADAKH,9-2023,3/2027,-,198.71,-,0.55,5.00,"URBAN
DEVELOPMEN
T"
805,N06000271,AMALGAMATED GAURI PAUNI EXPANSION OC,WCL,LADAKH,3-2024,3/2030,-,"1,225.21",-,52.83,17.00,"URBAN
DEVELOPMEN
T"
806,N06000278,GAURI CENTRAL OCM,WCL,LADAKH,6-2024,3/2030,-,973.07,-,0.00,N.A.,"URBAN
DEVELOPMEN
T"
807,N06000282,BALLARPUR NORTHWEST OC MINE,WCL,LADAKH,12-2022,3/2029,-,360.18,-,0.00,N.A.,"URBAN
DEVELOPMEN
T"
808,N06000283,NORTHERN EXTENSION OF MUNGOLI NIRGUDA DEEP OC,WCL,LADAKH,6-2024,3/2029,-,"1,024.91",-,0.00,N.A.,"URBAN
DEVELOPMEN
T"
809,N06000284,AMALGAMATED GONDEGAON - GHATROHAN EXPANSION OCM,WCL,LADAKH,9-2024,3/2029,-,668.54,-,0.00,N.A.,"URBAN
DEVELOPMEN
T"
810,N28000117,"CONSTRUCTION OF IITB RESEARCH PARK AT IIT BOMBAY, POWAI, MUMBAI",CPWD EDUCATION,LADAKH,1-2018,7/2020,Nov-2023,223.37,275.00,141.16,100.00,DEPARTMENT
811,N21000033,500 BEDDED HOSPITAL INCLUDING 50 SUPERSPECIALITY BEDS FOR ESIC AT PUNE,CPWD,LADAKH,7-2022,9/2025,-,429.25,-,99.08,N.A.,"HEALTH AND
FAMILY
WELFARE"
812,N16000213,LIFE EXTENSION OF WALL PLATFORMS OF MUMBAI HIGH AND HEERA FIELDS,ONGC,LADAKH,12-2015,4/2018,Dec-2023,"3,190.69","3,375.90","3,023.97",89.00,"HEALTH AND
FAMILY
WELFARE"
813,N16000430,SETTING UP 500KTPA PROPANE DEHYDROGENATION INTEGRATED WITH POLYPROPYLENE UNIT ALONG WITH OFFSITE AND,GAIL,LADAKH,5-2019,4/2025,Oct-2025,"8,797.00","11,256.00","6,367.78",83.78,"HEALTH AND
FAMILY
WELFARE"
814,N16000442,DEBOTTLENECKING AND AUGMENTATION OF CRYOGENIC FACILITIES AT URAN LPG IMPORT TERMINAL,BPCL,LADAKH,4-2021,6/2024,-,"1,164.69",-,873.03,82.20,"HEALTH AND
FAMILY
WELFARE"
815,N16000446,EXPANSION OF CRYOGENICS GROUP BY SETTING UP NEW MANUFACTURING FACILITY,IOCL,LADAKH,9-2021,10/2023,Jun-2025,378.00,-,142.31,90.60,"HEALTH AND
FAMILY
WELFARE"
816,N16000452,CONSTRUCTION OF LUBE OIL BLENDING AND FILLING PLANT AT RASAYANI,BPCL,LADAKH,5-2022,3/2024,-,423.39,-,253.13,75.50,"HEALTH AND
FAMILY
WELFARE"
817,N16000456,ATF PIPELINE FROM JAWAHARLAL NEHRU PORT TRUST (JNPT) TO NAVI MUMBAI INTERNATIONAL AIRPORT (NMIA),IOCL,LADAKH,9-2022,8/2025,-,165.00,-,78.60,65.93,"HEALTH AND
FAMILY
WELFARE"
818,N16000470,DAMAN UPSIDE DEVELOPMENT PROJECT (DUDP) IN TAPTI DAMAN BLOCK,ONGC,LADAKH,6-2022,10/2025,-,"4,144.41","6,406.90","3,203.26",80.50,"HEALTH AND
FAMILY
WELFARE"
819,N16000487,"CGD PROJECT AT BEED, JALGAON AND JALNA DISTRICTS",IOCL,LADAKH,3-2022,3/2030,-,865.00,-,63.81,2.80,"HEALTH AND
FAMILY
WELFARE"
820,N16000503,ANDHERI RESIDENTIAL TOWERS MUMBAI,IOCL,LADAKH,6-2017,5/2025,Jun-2026,281.35,389.67,216.88,50.50,"HEALTH AND
FAMILY
WELFARE"
821,N16000504,CONSTRUCTION OF ADDITIONAL TANKAGES AND ALLIED FACILITIES AT JNPT TERMINAL,IOCL,LADAKH,4-2022,10/2024,Aug-2026,341.43,436.14,239.13,47.52,"HEALTH AND
FAMILY
WELFARE"
822,N16000507,INSTALLATION OF INDEPENDENT DE- AROMATIZED SOLVENTS PRODUCTION FACILITIES AT MUMBAI REFINERY,BPCL,LADAKH,3-2023,7/2025,-,405.00,-,181.00,78.20,"HEALTH AND
FAMILY
WELFARE"
823,N16000515,PART REPLACEMENT PIPELINE PROJECT (PRPP),ONGC,LADAKH,11-2022,5/2024,Dec-2024,"1,219.48",-,678.98,87.00,"HEALTH AND
FAMILY
WELFARE"
824,N16000519,POL AND LOBS INSTALLATIONS WITH RECEIPT PIPELINES AT RASAYANI,BPCL,LADAKH,5-2023,5/2026,-,"2,585.00",-,463.12,53.80,"HEALTH AND
FAMILY
WELFARE"
825,N16000526,MHN TCPP PGC BGC PROJECT (MTPBP),ONGC,LADAKH,2-2024,5/2026,-,"2,329.45",-,523.00,40.50,"HEALTH AND
FAMILY
WELFARE"
826,N16000533,PRP-VIII GROUP B (NH AND BS ASSET),ONGC,LADAKH,6-2024,5/2026,-,"2,379.84",-,"1,362.62",57.80,"HEALTH AND
FAMILY
WELFARE"
827,N16000534,HP TDAE UNIT IN MUMBAI REFINERY,HPCL,LADAKH,6-2024,4/2026,-,240.00,-,26.53,26.30,"HEALTH AND
FAMILY
WELFARE"
828,N16000537,INTEGRATED DEVELOPMENT OF 4 CONTRACT AREAS UNDER DSF2,ONGC,LADAKH,5-2023,4/2027,-,"6,183.79",-,0.00,12.60,"HEALTH AND
FAMILY
WELFARE"
829,N16000540,LUBE MODERNIZATION AND BOTTOM UPGRADATION PROJECT,HPCL,LADAKH,12-2024,3/2028,-,"4,679.00",-,171.65,4.20,"HEALTH AND
FAMILY
WELFARE"
830,N18000335,BIKANER SOLAR POWER PROJECT,SJVN,LADAKH,4-2022,5/2024,-,"5,491.89",532.00,"4,229.40",76.00,POWER
831,N18000377,TS FOR EVACUATION OF 7GW RE INJECTION AT KHAVDA PS UNDER PHASE- IV PART E4,PGCIL,LADAKH,11-2023,7/2025,-,224.00,-,2.64,6.00,POWER
832,220100181,AHMEDNAGAR-PARLI VAIJNATH(NL) CR,CR,LADAKH,2-1997,3/2026,-,"2,539.00",-,"4,858.62",97.00,POWER
833,N22000092,MUMBAI URBAN TRANSPORT PROJECT PHASE-II,MRTP,LADAKH,4-2008,3/2014,-,"8,087.11",-,"7,110.54",77.30,POWER
834,N22000231,WARDHA-NANDED MAHARASHTRA,CR,LADAKH,4-2008,3/2027,-,"3,445.48",-,"3,121.26",47.00,POWER
835,N22000233,KALYAN-KASARA 3RD LINE,CR,LADAKH,4-2011,12/2025,-,792.89,-,876.77,50.00,POWER
836,N22000250,WARDHA-SEWAGRAM NGP 3RD LINE,CR,LADAKH,4-2012,12/2025,-,540.02,-,733.95,80.00,POWER
837,N22000356,WARDHA-BALHARSHAH - 3RD LINE (132 KM),CR,LADAKH,2-2015,12/2025,-,"1,384.72",-,"1,580.25",67.00,POWER
838,N22000358,ITARSI-NAGPUR (BAL.) - 3RD LINE (267 KM),CR,LADAKH,2-2015,3/2027,-,"2,449.91",-,"1,732.39",50.00,POWER
839,N22000359,PUNE-MIRAJ-LONDA (467 KM),CR,LADAKH,2-2015,2/2025,-,"3,627.47","3,627.00","4,624.86",84.00,POWER
840,N22000360,DAUND - MANMAD (236 KM),CR,LADAKH,2-2016,12/2025,-,"2,081.27",-,"2,723.05",88.00,POWER
841,N22000361,MANMAD - JALGAON - 3RD LINE (160 KM),CR,LADAKH,2-2016,12/2024,-,"1,035.16",-,"1,675.57",80.00,POWER
842,N22000362,WARDHA - NAGPUR - 4TH LINE (76 KM),CR,LADAKH,2-2016,12/2025,-,638.00,-,962.97,80.00,POWER
843,N22000420,RAJNANDGAON - NAGPUR - 3RD LINE (SECR),SECR,LADAKH,9-2016,12/2024,-,"3,544.92",-,"3,041.12",95.00,POWER
844,N22000434,MUMBAI CENTRAL VIRAR VADODARA AHMEDABAAD TRAIN PROTECTION SYSTEM 500 RKM,WR,LADAKH,3-2010,10/2024,-,311.00,-,0.00,N.A.,POWER
845,N22000480,WADSA-GADHCHIROLI NEW LINE (52.36 KM),SECR,LADAKH,6-2018,3/2027,-,"1,886.05",-,778.67,25.00,POWER
846,N22000511,PACHORA-JAMNER WITH EXTENSION UPTO MALKAPUR NG TO BG,CR,LADAKH,8-2022,8/2027,-,955.00,-,117.54,N.A.,POWER
847,N22000513,SOLAPUR-TULJAPUR-OSMANABAD (UMBRELLA WORK),CR,LADAKH,1-2019,3/2028,-,904.92,-,"1,139.92",10.00,POWER
848,N22000514,DHULE (BORVIHIR)-NARDANA (UMBRELLA WORK),CR,LADAKH,1-2019,12/2026,-,492.76,-,198.74,5.00,POWER
849,N22000515,KALYAN-MURBAD VIA ULHASNAGAR (UMBRELLA WORK),CR,LADAKH,2-2023,3/2027,-,836.12,-,9.29,N.A.,POWER
850,N22000615,BARAMATI - LONAND,CR,LADAKH,2-1999,3/2027,-,736.44,-,692.52,50.00,POWER
851,N22000627,MUMBAI URBAN TRANSPORT PROJECT IIIA,MRVC,LADAKH,4-2019,12/2027,-,"33,690.00",-,812.06,N.A.,POWER
852,N22000629,NAGPUR- NAGBHIR RAILWAY LINE GAUGE CONVERSION PROJECT,MRIDC,LADAKH,10-2019,6/2024,-,"1,400.00",-,"1,774.90",86.00,POWER
853,N24000332,REHABILITATION AND UPGRADATION OF END OF AHMEDNAGAR BYPASS TO KHARWANDI KASAR SECTION OF NH-222 FROM,MoRTH,LADAKH,1-2015,(N.A.),-,225.81,-,167.96,96.00,POWER
854,N24000442,"CONSTRUCTION OF FLYOVER AT KM.544.650 INCLUDING ROB ,SERVICE ROADS ,FOOTPATH FOR RCC DRAINS ON URBAN",NHAI,LADAKH,12-2015,3/2019,Nov-2023,649.50,-,623.65,93.43,POWER
855,N24000560,NAGPUR RING ROAD PACKAGE-2,NHAI,LADAKH,3-2016,7/2019,Mar-2024,591.66,-,632.92,99.99,POWER
856,N24000584,4-LANNING OF NH17 AND NEW NO. NH66 FROM KM 161/600 TO 205/400 UNDER HYBRID ANNUITY MODE,MoRTH,LADAKH,3-2016,(N.A.),-,"1,142.62","1,907.03","1,056.08",95.17,POWER
857,N24000585,4-LANNING OF NH17 AND NEW NO. NH66 FROM KM 241/300 TO 281/300 UNDER HYBRID ANNUITY MODE,MoRTH,LADAKH,3-2016,(N.A.),-,"1,101.58",-,608.53,N.A.,POWER
858,N24000656,4-LANNING OF BODHRE-DHULE SECTION(KM 390.000 TO 452.800),NHAI,LADAKH,3-2017,3/2020,Jul-2022,744.64,-,467.65,95.20,POWER
859,N24000659,4-LANNING OF WARANGA-MAHAGAON SECTION(KM 253.7000 TO 320.580),NHAI,LADAKH,3-2017,3/2017,May-2021,"1,059.73","1,071.00",928.19,97.25,POWER
860,N24000851,CONSTRUCTION OF 8 LANING OF EXISTING 4 LANE VADAPE TO THANE FROM KM 539.202 TO KM 563.000 SECTION OF,NHAI,LADAKH,3-2018,7/2021,-,"1,162.92","1,182.87",412.38,59.00,POWER
861,N24001002,SARSAM TO KOTHARI,MoRTH,LADAKH,2-2016,7/2019,-,545.64,-,232.64,93.68,POWER
862,N24001003,AKOLA TO AKOT,MoRTH,LADAKH,1-2017,6/2019,-,313.95,-,270.26,99.00,POWER
863,N24001013,DIGRAS DARWAH KARANJA,MoRTH,LADAKH,1-2017,6/2019,-,391.06,391.00,287.60,92.76,POWER
864,N24001017,DAHEGAON TO KUHI,MoRTH,LADAKH,1-2017,6/2019,-,228.89,229.00,154.82,99.00,POWER
865,N24001018,BHANDARA TO GHOTITOK,MoRTH,LADAKH,1-2017,6/2019,-,392.83,393.00,274.75,100.00,POWER
866,N24001021,AMDI TO SAONER,MoRTH,LADAKH,1-2017,6/2019,-,396.91,397.00,289.79,98.69,POWER
867,N24001022,WADI TO ASOLA,MoRTH,LADAKH,1-2017,9/2019,-,363.82,364.00,154.65,93.15,POWER
868,N24001046,RALEGAON TO RAMTIRTH,MoRTH,LADAKH,1-2017,7/2019,-,210.81,-,210.81,96.50,POWER
869,N24001050,VITA TO NAGAJ,MoRTH,LADAKH,3-2018,12/2019,-,304.58,305.00,154.68,68.39,POWER
870,N24001057,KARAD PATAN CHIPLUN GUHAGAR,MoRTH,LADAKH,2-2017,6/2019,-,407.19,407.00,323.02,90.00,POWER
871,N24001058,KARWANDI TO RAJURI,MoRTH,LADAKH,3-2018,12/2019,-,276.95,277.00,160.94,92.06,POWER
872,N24001060,PALPHATA TO PHULAMBARI,MoRTH,LADAKH,3-2018,12/2019,-,227.19,227.00,141.92,95.00,POWER
873,N24001069,NANDED TO JALKOT,MoRTH,LADAKH,12-2017,9/2019,-,456.93,457.00,278.22,95.00,POWER
874,N24001078,PUNE TO MALE VILLAGE,MoRTH,LADAKH,3-2018,12/2019,-,228.31,-,100.97,93.83,POWER
875,N24001079,ARDHAPUR TO HIMAYATNAGAR,MoRTH,LADAKH,12-2017,6/2020,-,426.06,426.00,271.40,96.25,POWER
876,N24001080,MALE VILLAGE TO PUNE RAIGARH DISTRICT BORDER,MoRTH,LADAKH,3-2018,12/2019,-,256.15,-,126.62,98.00,POWER
877,N24001082,PUNE RAIGARH DISTRICT BORDER TO MANGAON,MoRTH,LADAKH,3-2018,12/2019,-,223.46,-,123.46,100.00,POWER
878,N24001090,KOLDE TO KHETIYA,MoRTH,LADAKH,1-2017,7/2019,-,509.18,-,283.13,94.81,POWER
879,N24001092,SATARA TO MHASWAD,MoRTH,LADAKH,1-2017,7/2019,-,653.46,-,369.62,N.A.,POWER
880,N24001099,MHASWAD TO TEMBHURNI,MoRTH,LADAKH,1-2017,7/2019,-,488.60,-,279.42,76.50,POWER
881,N24001101,KURUDWADI TO PANDHARPUR,MoRTH,LADAKH,1-2017,7/2019,-,307.63,-,232.57,96.27,POWER
882,N24001102,PANDHARPUR TO SANGOLA,MoRTH,LADAKH,7-2017,7/2019,-,218.38,-,182.63,99.78,POWER
883,N24001106,PEN TO KHOPOLI,MoRTH,LADAKH,3-2018,3/2018,-,301.39,302.00,170.12,82.07,POWER
884,N24001107,PANCHARAL TO MANDANGHAR,MoRTH,LADAKH,7-2018,5/2020,-,381.08,302.00,45.66,N.A.,POWER
885,N24001112,NASRATPUR TO BARASGAON,MoRTH,LADAKH,7-2016,9/2019,-,406.54,407.00,274.30,N.A.,POWER
886,N24001114,INDAPUR TO VADPALE,MoRTH,LADAKH,1-2017,12/2019,-,"1,202.52","1,656.94","1,450.82",61.42,POWER
887,N24001122,PAITHAN TO SHIRUR,MoRTH,LADAKH,3-2017,6/2019,-,341.80,-,226.19,78.60,POWER
888,N24001123,SHIRUR TO KHARDA,MoRTH,LADAKH,2-2017,6/2019,-,381.77,-,199.48,83.93,POWER
889,N24001124,AURANGABAD TO SILLOD,MoRTH,LADAKH,2-2017,6/2019,-,456.32,541.93,355.54,94.07,POWER
890,N24001125,SILLOD TO FARDAPUR,MoRTH,LADAKH,2-2017,6/2019,-,337.46,432.98,335.30,91.56,POWER
891,N24001132,BHOGAN KHURD TO KASHEDI,MoRTH,LADAKH,9-2017,6/2021,-,743.21,743.00,911.64,88.69,POWER
892,N24001134,KANTE TO WAKED,MoRTH,LADAKH,3-2016,11/2019,-,"1,230.02","1,230.00",791.80,N.A.,POWER
893,N24001138,PARLI PIMPLA DAHIGUDA,MoRTH,LADAKH,2-2017,6/2019,-,205.72,206.00,85.71,100.00,POWER
894,N24001448,UPGRADATION OF ADHALGAON-JAMKHED SECTION OF NH-548 D FROM KM 132/600 TO KM 195/375 TO TWO LANE WITH,MoRTH,LADAKH,11-2021,2/2022,-,223.35,-,209.36,87.88,POWER
895,N24001468,REPANPALLI TO SIRONCHA,MoRTH,LADAKH,3-2022,6/2022,-,282.07,-,34.65,N.A.,POWER
896,N24001486,TUNNEL AT KHAMBATAKI GHAT SECTION AND ITS APPROACHES FROM EXISTING KM. 771.730 TO EXISTING KM. 782.0,NHAI,LADAKH,2-2019,2/2022,Dec-2024,493.00,-,399.49,76.49,POWER
897,N24001488,DHARAMPURI-LONAND FROM KM. 117.00 TO 166.40 (PKG-IV) ON MOHOL-ALANDI SECTION,NHAI,LADAKH,9-2021,9/2023,Dec-2024,618.45,-,639.23,96.20,POWER
898,N24001493,6L OF KAGAL-SATARA SECTION FROM KM 658.000 TO KM 725.000 OF NH-48 (PKG-II),NHAI,LADAKH,12-2022,12/2024,-,"1,749.86",-,"1,848.81",68.18,POWER
899,N24001495,4L OF RATNAGIRI - KOLHAPUR SECTION OF NH-166 FROM KM 0.000 TO KM 19.769 AND KM 31.000 TO KM 67.140 (,NHAI,LADAKH,11-2022,11/2024,-,930.00,-,620.60,76.50,POWER
900,N24001502,4L OF BARAMATI TO INDAPUR (PKG-II) FROM KM. 41.400 TO KM. 84.550 OF NH- 965G (SAINT TUKARAM MARG),NHAI,LADAKH,9-2021,9/2023,Jun-2025,624.45,580.15,420.42,0.50,POWER
901,N24001503,4L OF INDAPUR TO TONDLE (PKG-III) FROM KM.84.550 TO KM. 131.00 OF NH-965G (SAINT TUKARAM MARG),NHAI,LADAKH,9-2021,9/2023,Jan-2025,667.66,666.21,610.63,3.00,POWER
902,N24001504,VADODARA MUMBAI EXPRESSWAY (PHASE II - PKG XI) [KM. 77.000 TO KM. 103.400] (GANJAD - TALSARI),NHAI,LADAKH,5-2022,5/2024,Jun-2025,"1,260.00",-,665.73,97.00,POWER
903,N24001505,VADODARA MUMBAI EXPRESSWAY (PHASE II - PKG XII) [KM. 50.700 TO KM. 77.000] (MASVAN - GANJAD),NHAI,LADAKH,3-2022,3/2024,Jun-2025,"1,549.02",-,699.00,82.91,POWER
904,N24001506,VADODARA MUMBAI EXPRESSWAY (PHASE II - PKG XIII) [KM. 26.582 TO KM. 50.700] (SHIRSAD - MASVAN),NHAI,LADAKH,2-2022,2/2024,Jun-2025,"2,747.00",-,"1,125.16",80.02,POWER
905,N24001507,VADODARA MUMBAI EXPRESSWAY (PHASE II - PKG XIV) [KM. 3.000 TO KM. 20.200 OF SPUR] (SHIRSAD - AKLOLI),NHAI,LADAKH,11-2022,5/2024,Jun-2025,"1,124.00",-,483.84,73.13,POWER
906,N24001508,VADODARA MUMBAI EXPRESSWAY (PHASE II - PKG XVI) [KM. 43.000 TO KM. 69.800 OF SPUR] (AMNE - BHOJ),NHAI,LADAKH,11-2022,10/2024,Jun-2025,"1,450.00",-,718.65,84.05,POWER
907,N24001521,VADODARA MUMBAI EXPRESSWAY (PHASE II - PKG XV) [KM. 20.200 TO KM. 43.000 OF SPUR] (AKLOLI - AMNE),NHAI,LADAKH,11-2022,10/2024,Jul-2025,990.00,-,406.91,73.00,POWER
908,N24001546,6L OF KAGAL-SATARA SECTION FROM KM 592.240 TO KM 658.000 OF NH-48 (PKG-I),NHAI,LADAKH,1-2023,1/2025,-,"1,025.20",-,453.39,44.22,POWER
909,N24001607,BALANCE WORKS OF 4L PANVEL-INDAPUR SECTION OF NH-66 (OLD NH-17) FROM KM 42.300 (KASU) TO KM 84.600 (,NHAI,LADAKH,10-2022,5/2024,Dec-2025,332.00,-,273.33,64.63,POWER
910,N24001608,VADODARA MUMBAI EXPRESSWAY (PHASE II - PKG XVII) [KM. 69.800 TO KM. 79.783 OF SPUR] (BHOJ - MORBE),NHAI,LADAKH,9-2021,7/2025,-,"2,208.68",-,565.20,74.50,POWER
911,N24001609,BALANCE WORK OF 4 LANING OF PANVEL TO INDAPUR SECTION OF NH-66(OLD NH- 17) FROM KM 0.000 (PANVEL) TO,NHAI,LADAKH,1-2023,12/2023,Jun-2025,151.26,-,153.77,86.38,POWER
912,N24001610,4L OF EXISTING 2/4L STRETCH FROM LONAND TO DIVE GHAT (KM 166.400 TO KM 220.900 ) OF MOHOL ? ALANDI S,NHAI,LADAKH,1-2022,5/2024,Mar-2025,"1,833.73",-,539.18,95.64,POWER
913,N24001795,FOUR LANING OF AURANGABAD-PAITHAN SECTION OF NH-752E ON EPC MODE IN THE STATE OF MAHARASHTRA .,NHAI,LADAKH,10-2022,7/2024,Jun-2025,490.40,-,275.78,95.00,POWER
914,N24001796,4L OF RAJURA-KORPANA-ADILABAD ROAD UPTO M.S. BORDER FROM KM 32.910 TO KM 89.090 OF NH-353B,NHAI,LADAKH,3-2022,10/2024,Apr-2025,"1,013.33","1,013.33",355.07,62.01,POWER
915,N24001797,6L OF WAINGANGA BRIDGE - BHANDARA (INCLUDING BHANDARA BYPASS) SECTION FROM KM 485.000 TO KM 499.800,NHAI,LADAKH,10-2021,1/2024,-,815.77,-,732.70,100.00,POWER
916,N24001798,4L MITIGATION MEASURE STRUCTURES ON CH/MH BORDER TO WAINGANGA BRIDGE SECTION OF NH-53,NHAI,LADAKH,2-2021,11/2023,-,540.21,-,457.05,100.00,POWER
917,N24001799,4L OF NAGPUR-KATOL SECTION FROM KM. 13.00 TO KM. 62.900 OF NH-353J,NHAI,LADAKH,2-2021,10/2023,-,"1,166.96",-,"1,078.65",81.00,POWER
918,N24001804,BAL. WORKS OF FAGNE (KM. 510.000) TO MAHARASHTRA/GUJARAT BORDER (KM. 650.794),NHAI,LADAKH,12-2019,9/2022,Jun-2024,"1,654.07",-,887.38,95.75,POWER
919,N24001834,4L OF RATNAGIRI - KOLHAPUR SECTION FROM KM 67.140 TO KM 112.340 OF NH-166 (PKG ? II),NHAI,LADAKH,5-2023,5/2025,-,839.00,-,441.05,56.50,POWER
920,N24001835,4L OF RATNAGIRI - KOLHAPUR SECTION FROM KM 112.340 TO KM 145.300 OF NH-166 (PKG?III),NHAI,LADAKH,5-2023,5/2025,-,986.00,-,508.04,54.60,POWER
921,N24001880,REHABILITATION AND UP-GRADATION TO 4 LANE ROAD WITH PAVED SHOULDER CONFIGURATION OF SECTION FROM UND,MoRTH,LADAKH,3-2022,7/2025,-,778.18,-,135.78,N.A.,POWER
922,N24001882,CONSTRUCTION OF NEW FOUR LANE BYPASS TO PARBHANI CITY (PARWA TO ASOLA) KM 463/265 TO KM 481/180 (DES,MoRTH,LADAKH,3-2022,10/2024,-,496.64,-,0.00,8.00,POWER
923,N24001883,CONSTRUCTION OF 4 LANE FLYOVER AT NAGPUR RTO CHOWK TO NAGPUR UNIVERSITY CAMPUS FROM CH 2/250 TO 5/10,MoRTH,LADAKH,3-2021,3/2024,-,478.83,-,233.48,65.00,POWER
924,N24001884,REHABILITATION AND UPGRADATION OF SATANA TO MANGRUL (CHANDWAD) SECTION OF NH752 G DESIGN CH: KM 64.0,MoRTH,LADAKH,3-2023,5/2025,-,428.80,-,54.11,30.69,POWER
925,N24001885,REHABILITATION AND UP-GRADATION OF JINTUR- SHIRAD SHAHAPUR SECTION KM 258.300 TO KM 306.300 [DESIGN,MoRTH,LADAKH,2-2023,12/2024,-,414.81,-,0.00,N.A.,POWER
926,N24001886,DEVELOPMENT/WIDENING OF TALEGAON ? CHAKAN ? SHIKRAPUR ? NHAVARA SECTION OF NH 548DG (NHAVARA TO CHOU,MoRTH,LADAKH,10-2022,8/2024,-,304.68,-,97.09,59.00,POWER
927,N24001887,REHABILITATION AND UPGRADATION OF BHOKARDAN TO KUMBHARI FATA DESIGN CH. (KM 13+500 TO 17+00) AND RAJ,MoRTH,LADAKH,8-2022,6/2024,-,291.37,-,102.94,78.44,POWER
928,N24001888,"UP-GRADATION OF TIRORA-GONDIA, STATE HIGHWAY FROM EXISTING KM 163+213 (ON SH-335, TIRORA) TO KM 191+",MoRTH,LADAKH,8-2021,4/2023,-,288.14,-,63.01,46.31,POWER
929,N24001889,2 LANE + PS PIMPLNER TO SATANA - [DESIGN CHAINAGE KM 21.427 TO 64.00 ] OF NH-752G],MoRTH,LADAKH,9-2019,7/2021,-,277.81,-,148.68,90.00,POWER
930,N24001890,REHABILITATION AND UPGRADATION OF PARLI TO SIRSALA SECTION OF NH-361F (KM 136+700 TO 115+000) (LENGT,MoRTH,LADAKH,2-2023,12/2024,-,261.82,-,70.59,46.00,POWER
931,N24001891,BALANCE WORK OF REHABILITATION AND UP-GRADATION TO NH-166F FROM MAHAD JUNCTION (AT KM 123/400 ON NH-,MoRTH,LADAKH,7-2021,11/2023,-,256.54,-,80.10,60.00,POWER
932,N24001892,REHABILITATION AND UPGRADATION OF SHIRAPUR JUNCTION TO SHIVAJI CHOWK (DESIGN CHAINAGE KM. 130+00 TO,MoRTH,LADAKH,2-2023,12/2024,-,245.61,-,43.39,33.00,POWER
933,N24001894,2 LANE + PS ASTHAMODE - TIVATYAL [DESIGN CH. KM 24.300 - 62.00] [KM 134.98- 172.95 OF NH-63],MoRTH,LADAKH,9-2019,7/2021,-,228.82,-,144.54,95.44,POWER
934,N24001895,REHABILATION AND UPGRADATION TO TWO LANES WITH PAVED SHOULDER CONFIGURATION FROM WATUR TO CHARTHANA,MoRTH,LADAKH,11-2021,9/2023,-,228.01,-,103.01,99.00,POWER
935,N24001896,UPGRADATIOBN AND REHABILITATION OF SECTION OF NH 361 F FROM PARLI (00/000) TO GANGAKHED (30/400) TO,MoRTH,LADAKH,11-2021,9/2023,-,224.44,-,75.34,45.63,POWER
936,N24001902,REHABILITATION AND UP-GRADATION OF SABALKHED TO ASHTI SECTION FROM KM 37+900 TO KM 55+100 AND CHINCH,MoRTH,LADAKH,12-2022,9/2024,-,213.32,-,20.00,34.00,POWER
937,N24001903,REHABILITATION AND UP-GRADATION OF MUDKHED TO NANDED SECTION FROM KM. 372+000 TO KM 388+400 OF NH 16,MoRTH,LADAKH,8-2022,4/2025,-,206.54,-,21.36,N.A.,POWER
938,N24001904,KOPARGAON TO SAVALI VIHIR SECTION,MoRTH,LADAKH,9-2022,7/2024,-,195.38,-,29.59,19.76,POWER
939,N24001905,"CONSTRUCTION OF MAJOR BRIDGE ACROSS MANJRA RIVER NEAR YESGI VILLAGE @ KM, 166/500 ON NH 63 TQ BILOLI",MoRTH,LADAKH,10-2021,8/2023,-,188.69,-,111.26,95.80,POWER
940,N24001906,UP-GRADATION TO 4 LANING OF DAULTABAD T-POINT TO MALIWADA [FROM DESIGN KM.0.000 TO KM 4.000] AND UPG,MoRTH,LADAKH,8-2022,3/2024,-,185.59,-,63.56,48.00,POWER
941,N24001907,"CONSTRUCTION OF SIX LANE FLYOVER AT KATRAJ JUNCTION AT KM, 3/880 OF NH 548- DD (VADGAON - KATRAJ - KO",MoRTH,LADAKH,6-2021,2/2024,-,169.15,-,36.94,35.96,POWER
942,N24001908,UPGRADATION OF EXHISTING 2 LANE FLEXIBLE PAVEMENT TO 2 LANE PAVED SHOULDERS RIGID PAVEMENT FROM DESI,MoRTH,LADAKH,12-2021,5/2024,-,167.97,-,35.28,36.76,POWER
943,N24001909,"STRENGTHING AND WIDINING OF EXISTING CARRIAGEWAY TO 10 M IN KM, 156/160 TO 229/160 (TEMBHURNI - KUSL",MoRTH,LADAKH,11-2021,6/2024,-,157.72,-,55.38,90.41,POWER
944,N24001910,REHABILITATION AND UPGRADATION OF JAMKHED TO SAUTADA SECTION OF NH548 D (FROM KM 195.375 TO KM 208.7,MoRTH,LADAKH,9-2022,7/2024,-,157.62,-,13.86,17.03,POWER
945,N24001911,PANGAON TO DHARMAPURI AND PARALI TO INJEGAON 2L+PS,MoRTH,LADAKH,3-2018,7/2024,-,152.03,-,81.35,97.57,POWER
946,N24002071,4L OF INDORA CHOWK TO PACHPAOLI AND AGRASEN CHOWK - ASHOKA CHOWK,NHAI,LADAKH,3-2023,6/2026,-,998.27,-,347.53,45.52,POWER
947,N24002072,IMPROVEMENT OF EXISTING ALIGNMENT OF PANDHARPUR TOWN PART BYPASSED SECTION FROM WAKHARI TO LORD VITT,NHAI,LADAKH,7-2022,10/2025,-,150.21,150.21,31.57,6.00,POWER
948,N24002137,STRENGTHENING OF 6-LANE PIMPALGAON- NASHIK-GONDE (KM. 380 - KM. 440) SECTION OF NH-3 IN MAHARASHTRA U,NHAI,LADAKH,2-2024,3/2025,-,175.00,206.49,198.54,100.00,POWER
949,N24002169,REHABILITATION/UPGRADATION OF EXISTING HIGHWAY TO 2L+PS/4 LANE OF DHAWALI TO RAJOLI FROM DESIGN KM.1,MoRTH,LADAKH,3-2022,9/2025,-,316.44,-,0.00,N.A.,POWER
950,N24002170,REHABILITATION/ UPGRADATION OF EXISTING HIGHWAY TO FOUR LANE STANDARDS IN KURKHEDA TOWN FROM (KM.413,MoRTH,LADAKH,3-2022,5/2025,-,163.86,-,0.00,N.A.,POWER
951,N24002171,REHABILITATION AND UP-GRADATION FOR TALERE A?? GAGANBAWDAA?? KOLHAPUR ROAD (NH-166G) STRETCHES START,MoRTH,LADAKH,2-2023,4/2025,-,249.13,-,0.00,N.A.,POWER
952,N24002172,"UP-GRADATION TO 4 LANE CONFIGURATION FOR THE WORK OF PETH NAKA TO SANGLI ROAD, NH-166H, FROM KM 0+00",MoRTH,LADAKH,2-2023,12/2025,-,856.82,-,0.00,N.A.,POWER
953,N24002173,REHABILITATION AND UP-GRADATION TO 2 LANE WITH PAVED SHOULDER CONFIGURATION OF MAHUD SANGOLA ROAD NH,MoRTH,LADAKH,2-2023,4/2025,-,253.78,-,0.00,N.A.,POWER
954,N24002174,UP-GRADATION TO FOUR LANE/ TWO LANE WITH PAVED SHOULDERS CONFIGURATION OF KALYAN - MURBAD - MALSHEJ,MoRTH,LADAKH,2-2023,8/2026,-,984.07,-,0.00,N.A.,POWER
955,N24002175,CONSTRUCTION OF FOUR-LANE CONCRETE ROAD FROM POLICE HEADQUARTER GONDIA CITY TO RAWANWADI VILLAGE (BI,MoRTH,LADAKH,2-2023,8/2025,-,328.11,-,0.00,N.A.,POWER
956,N24002176,REHABILITATION/UP GRADATION OF KARANJA ? KHERDA - MURTIZAPUR SECTION TO 4LANE+PAVED SHOULDER STANDA,MoRTH,LADAKH,3-2023,2/2026,-,594.44,-,0.00,N.A.,POWER
957,N24002177,REHABILITATION / UPGRADATION TO 4 LANE WITH PAVED SHOULDER OF EXISTING SECTION IN SILLOD TOWN WITH D,MoRTH,LADAKH,3-2023,7/2025,-,153.79,-,0.00,N.A.,POWER
958,N24002178,"REHABILITATION, UPGRADATION AND WIDENING OF EXISTING HIGHWAY TO RIGID PAVEMENT 2 LANE WITH PAVED SHO",MoRTH,LADAKH,2-2023,7/2026,-,723.13,-,0.00,N.A.,POWER
959,N28000086,MUMBAI METRO LINE 3 (COLABA-BANDRA- SEEPZ),MMRCL,LADAKH,7-2013,3/2020,Jul-2025,"23,136.00",-,"28,615.78",94.77,"URBAN
DEVELOPMEN
T"
960,N28000121,PUNE METRO RAIL PROJECT (PHASE 1),MMRC,LADAKH,12-2016,11/2021,Sep-2024,"11,420.00","13,656.22","13,049.54",100.00,"URBAN
DEVELOPMEN
T"
961,N28000155,NAGPUR METRO RAIL PROJECT PHASE II,NMRCL,LADAKH,12-2022,12/2027,-,"6,708.00",-,809.32,22.68,"URBAN
DEVELOPMEN
T"
962,N28000157,PCMC NIGDI PROJECT EXTENSION OF CORRIDOR 1 OF PUNE METRO PHASE 1,MMRC,LADAKH,10-2023,1/2027,-,910.18,-,91.03,16.99,"URBAN
DEVELOPMEN
T"
963,N28000160,PUNE METRO PHASE-1 EXTENSION FROM SWARGATE TO KATRAJ,MMRC,LADAKH,9-2024,3/2029,-,"2,954.53",-,16.38,2.15,"URBAN
DEVELOPMEN
T"
964,N04000100,"CONSTRUCTION OF NEW INTEGRATED TERMINAL BUILDING, CONTROL TOWER CUM TECHNICAL BLOCK, APRON, LINK TAX",AAI,LADAKH,11-2021,7/2024,Mar-2026,499.00,-,154.47,40.36,"CIVIL
AVIATION"
965,220100288,JIRIBAM TO IMPHAL (TUPUI)(NL)(NEFR),NFR,LADAKH,4-2003,12/2026,Mar-2028,"14,322.79","12,274.06","15,338.76",69.00,RAILWAYS
966,N24001270,2-LANING OF CHURACHANDPUR TUIVAI SECTION OF NH-102B (PKG- 2A),NHIDCL,LADAKH,3-2020,6/2022,Jun-2025,292.24,-,130.66,89.88,RAILWAYS
967,N24001271,2-LANING OF CHURACHANDPUR TUIVAI SECTION OF NH-102B (PKG- 2B),NHIDCL,LADAKH,6-2020,8/2022,Jun-2025,365.53,-,156.31,77.36,RAILWAYS
968,N24001272,2-LANING OF CHURACHANDPUR TUIVAI SECTION OF NH-102B (PKG- 4A),NHIDCL,LADAKH,3-2020,6/2022,Jan-2025,167.95,204.12,88.05,69.89,RAILWAYS
969,N24001273,2-LANING OF CHURACHANDPUR TUIVAI SECTION OF NH-102B (PKG- 4B),NHIDCL,LADAKH,7-2020,8/2022,Feb-2025,177.76,-,89.67,80.53,RAILWAYS
970,N24001274,IMPROVEMENT/UPGRADATION OF EXISTING 2-LANE TO 4-LANE DIVIDED HIGHWAY FROM TAPHOU KUKI TO DAILI SECTI,NHIDCL,LADAKH,8-2020,4/2022,Jun-2025,379.39,-,218.03,70.31,RAILWAYS
971,N24001349,MARIAM - PEREN PKG-1A,NHIDCL,LADAKH,2-2021,12/2022,Mar-2025,226.32,-,105.78,74.48,RAILWAYS
972,N24001350,MARIAM - PEREN (PKG 1B),NHIDCL,LADAKH,2-2021,12/2022,Jan-2025,188.36,-,126.71,100.00,RAILWAYS
973,N24001354,TAMENGLONG - MAHUR PKG-3,NHIDCL,LADAKH,3-2021,12/2022,Sep-2024,234.08,-,139.45,92.82,RAILWAYS
974,N24001400,SENAPATI- IMPHAL PKG-5B,NHIDCL,LADAKH,3-2021,1/2023,May-2025,211.70,-,83.79,70.72,RAILWAYS
975,N24001401,IMPHAL - KHONGSANG PKG-3,NHIDCL,LADAKH,7-2021,3/2023,Mar-2025,467.00,-,193.81,77.80,RAILWAYS
976,N24001402,TAMENGLONG - MAHUR PKG-1,NHIDCL,LADAKH,7-2021,3/2023,Jan-2025,185.80,-,117.78,100.00,RAILWAYS
977,N24001403,TAMENGLONG - MAHUR PKG-2,NHIDCL,LADAKH,7-2021,3/2023,Jan-2025,483.87,-,278.89,92.94,RAILWAYS
978,N24001404,TAMENGLONG - MAHUR PKG-4,NHIDCL,LADAKH,7-2021,3/2023,Feb-2025,198.77,-,127.86,100.00,RAILWAYS
979,N24001405,CHURACHANPUR TUIVAI PKG-3,NHIDCL,LADAKH,7-2021,10/2023,Mar-2025,673.27,-,382.37,79.47,RAILWAYS
980,N24001436,TAMENGLONG - MAHUR PKG-5,NHIDCL,LADAKH,8-2021,5/2023,Jan-2025,477.86,-,246.09,84.60,RAILWAYS
981,N24001437,TAMENGLONG - MAHUR PKG-6,NHIDCL,LADAKH,9-2021,5/2023,Nov-2024,311.18,-,190.96,83.50,RAILWAYS
982,N24001439,MARAM - PEREN PKG-3,NHIDCL,LADAKH,8-2021,5/2023,Oct-2024,467.41,-,264.83,100.00,RAILWAYS
983,N24001453,IMPHAL - KHONGSANG PKG-4,NHIDCL,LADAKH,8-2021,12/2023,Jul-2025,579.63,-,172.65,72.00,RAILWAYS
984,N24001473,CONSTRUCTION OF 2-LANING WITH HARD SHOULDER ROAD OF UKHRUL - TOLOI - TADUBI SECTION OF NH-102A FROM,NHIDCL,LADAKH,9-2021,2/2024,Mar-2025,310.76,-,129.15,96.77,RAILWAYS
985,N24001538,IMPHAL - KHONGSANG PKG-5,NHIDCL,LADAKH,12-2021,5/2024,Jan-2026,410.68,-,147.81,68.79,RAILWAYS
986,N24001539,IMPHAL - KHONGSANG PKG-6,NHIDCL,LADAKH,12-2021,2/2025,Sep-2025,504.76,-,183.15,76.52,RAILWAYS
987,N24001540,AKASH BRIDGE - JESSAMI SECTION PKG-2,NHIDCL,LADAKH,3-2022,2/2025,Feb-2025,152.11,-,73.48,100.00,RAILWAYS
988,N24001974,CONSTRUCTION OF 2-LANING WITH HARD SHOULDER ROAD OF UKHRUL - TOLOI - TADUBI SECTION OF NH-102A FROM,NHIDCL,LADAKH,9-2021,1/2025,Aug-2025,315.56,-,137.81,88.54,RAILWAYS
989,N24002028,LMPHAL TO JIRIBAM PKG-7,NHIDCL,LADAKH,1-2023,12/2025,Dec-2025,760.16,-,148.98,60.60,RAILWAYS
990,N24002131,UKHRUL TOLOI TADUBI PKG-2,NHIDCL,LADAKH,3-2023,2/2026,Mar-2026,578.98,-,153.92,71.25,RAILWAYS
991,N24002202,MARREM KHULLEN TO JESSAMI SECTION IMPHAL- UKHRUL - JESSAMI PKG-6 (DESIGN CHAINAGE KM 95.700 TO KM 14,NHIDCL,LADAKH,3-2023,12/2026,-,554.66,-,17.79,11.93,RAILWAYS
992,N24002203,IMPHAL-KOHIMA ROAD PKG-4B,NHIDCL,LADAKH,9-2020,6/2026,-,268.98,-,13.14,15.90,RAILWAYS
993,N24002227,JESSAMI TO LAYNEN BRIDGE UKHRUL - JESSAMI PKG-7,NHIDCL,LADAKH,3-2023,6/2026,-,164.89,-,1.46,6.50,RAILWAYS
994,N24002232,IMPHAL-KOHIMA ROAD PKG-5A,NHIDCL,LADAKH,9-2020,8/2026,-,228.97,-,0.00,5.96,RAILWAYS
995,N24002242,CHOITHAR TO MARREM KHULLEN SECTION IMPHAL- UKHRUL - JESSAMI PKG-5,NHIDCL,LADAKH,3-2023,3/2027,-,564.05,-,0.00,N.A.,RAILWAYS
996,N24002244,IMPHAL - KHONGSANG - JIRIBAM PKG-2,NHIDCL,LADAKH,3-2021,3/2026,-,195.14,-,0.00,7.19,RAILWAYS
997,N42000001,CONSTRUCTION AND DEVELOPMENT OF NATINAL INSTITUTE OF TECHNOLOGY MEGHALAYA PERMANENT CAMPUS AT SOHRA,RITES OF HIGHER,LADAKH,9-2013,9/2014,Jul-2025,484.32,429.70,270.55,84.00,DEPARTMENT
998,N24000771,WIDENING TO 2-LANE WITH GEOMETRIC IMPROVEMENTS OF TURA DALU ROAD UNDER JICA FUNDING FROM KM 85.000 T,NHIDCL,LADAKH,4-2017,9/2021,Mar-2025,553.51,610.09,432.78,92.01,"OF HIGHER
EDUCATION"
999,N24001313,IMPROVEMENT/WIDENING TO 2-L WITH PAVED SHOULDER FROM (DESIGN KM 0.00 TO KM 10.670) / 4-LANING FROM (,NHIDCL,LADAKH,11-2020,12/2023,Oct-2025,351.12,-,295.88,62.50,"OF HIGHER
EDUCATION"
1000,N24001314,IMPROVEMENT/WIDENING TO 2-LANE WITH PAVED SHOULDER FROM (DESIGN KM 10.670 TO KM 37.550) BETWEEN SHIL,NHIDCL,LADAKH,11-2020,12/2023,-,525.68,-,434.11,31.00,"OF HIGHER
EDUCATION"
1001,N24001334,IMPROVEMENT/WIDENING TO 2-LANE WITH PAVED SHOULDER FROM (DESIGN KM 45.760 TO KM 63.530) BETWEEN SHIL,NHIDCL,LADAKH,11-2020,12/2023,-,445.51,-,207.20,26.00,"OF HIGHER
EDUCATION"
1002,N24001335,IMPROVEMENT/WIDENING TO 2-LANE WITH PAVED SHOULDER / 4-LANING FROM (DESIGN KM 63.530 TO KM 71.520) B,NHIDCL,LADAKH,11-2020,12/2023,-,284.21,-,101.98,24.00,"OF HIGHER
EDUCATION"
1003,N24001339,RANIKOR-MAHESHKHOLA- BAGHMARA (RMB) PKG-4 (KANAI-RONGARA),NHIDCL,LADAKH,10-2020,4/2022,Jun-2024,157.86,146.92,152.95,100.00,"OF HIGHER
EDUCATION"
1004,N24001441,REHABILITATION AND UPGRADATION OF NONGSTOIN TO WAHKAJI SECTION OF PROJECT ROAD KM 0.000 TO KM 43.06,MoRTH,LADAKH,8-2020,2/2022,-,302.88,-,228.68,96.00,"OF HIGHER
EDUCATION"
1005,N24001474,REHABITITATION AND UP GRADATION OF NONGSTOIN-RAMBRAI-KYRSHAI ROAD UP TO MEGHALAYA-ASSAM BORDER FROM,NHIDCL,LADAKH,9-2021,5/2024,Dec-2024,359.86,-,233.26,87.00,"OF HIGHER
EDUCATION"
1006,N24001541,RANIKOR- MAHESHKHOLA- BAGHMARA PKG- 2,NHIDCL,LADAKH,11-2021,6/2024,Dec-2024,283.50,-,257.26,100.00,"OF HIGHER
EDUCATION"
1007,N24002156,CONSTRUCTION OF 2-LANE WITH PAVED SHOULDER OF SHILLONG WESTERN BYPASS STARTING FROM NH-06 NEAR LADUM,NHIDCL,LADAKH,3-2023,9/2026,-,620.30,-,221.86,28.00,"OF HIGHER
EDUCATION"
1008,N24002157,SHILLONG WESTERN BYPASS PACKAGE-2,NHIDCL,LADAKH,3-2023,9/2026,-,686.00,-,292.69,25.52,"OF HIGHER
EDUCATION"
1009,N24002158,CONSTRUCTION OF 2-LANE WITH PAVED SHOULDERS OF SHILLONG WESTERN BYPASS STARTING FROM NH-06 NEAR LADU,NHIDCL,LADAKH,3-2023,9/2026,-,562.48,-,297.79,24.00,"OF HIGHER
EDUCATION"
1010,N24002233,DAINADUBI-DARUGIRI PKG-1B,NHIDCL,LADAKH,3-2023,3/2027,-,705.83,-,0.31,1.55,"OF HIGHER
EDUCATION"
1011,N24002239,IMPROVEMENT AND WIDENING TWO LANNIG WITH PAVED SHOULDER OF NATIONAL HIGHWAY 127B FROM KM 31.500 (GOE,MoRTH,LADAKH,12-2023,5/2027,-,504.00,-,0.00,N.A.,"OF HIGHER
EDUCATION"
1012,N22000100,"BHAIRABI SAIRONG, NL, NEFR",NFR,LADAKH,4-2008,3/2025,-,"6,527.45","5,021.45","8,001.88",97.00,RAILWAYS
1013,N24000857,WIDENING AND UP-GRADATION TO 2-LANE WITH PAVED SHOULDER CONFIGURATION AND GEOMETRIC IMPROVEMENTS FRO,NHIDCL,LADAKH,4-2017,4/2023,-,519.09,-,670.91,97.51,RAILWAYS
1014,N24000858,WIDENING AND UP-GRADATION TO 2-LANE WITH PAVED SHOULDER CONFIGURATION AND GEOMETRIC IMPROVEMENTS FRO,NHIDCL,LADAKH,4-2017,7/2023,-,640.07,-,"1,195.84",98.90,RAILWAYS
1015,N24000861,WIDENING AND UP-GRADATION TO 2-LANE WITH PAVED SHOULDER CONFIGURATION AND GEOMETRIC IMPROVEMENTS FRO,NHIDCL,LADAKH,4-2017,4/2023,-,473.18,-,541.04,94.70,RAILWAYS
1016,N24000862,WIDENING AND UP-GRADATION TO 2-LANE WITH PAVED SHOULDER CONFIGURATION AND GEOMETRIC IMPROVEMENTS FRO,NHIDCL,LADAKH,4-2017,4/2023,-,537.82,-,778.16,99.82,RAILWAYS
1017,N24000863,WIDENING AND UP-GRADATION TO 2-LANE WITH PAVED SHOULDER CONFIGURATION AND GEOMETRIC IMPROVEMENTS FRO,NHIDCL,LADAKH,4-2017,6/2023,-,518.53,-,849.68,97.90,RAILWAYS
1018,N24000864,WIDENING AND UP-GRADATION TO 2-LANE WITH PAVED SHOULDER CONFIGURATION AND GEOMETRIC IMPROVEMENTS FRO,NHIDCL,LADAKH,4-2017,4/2024,-,404.29,-,666.58,100.00,RAILWAYS
1019,N24000865,WIDENING AND UP-GRADATION TO 2-LANE WITH PAVED SHOULDER CONFIGURATION AND GEOMETRIC IMPROVEMENTS FRO,NHIDCL,LADAKH,4-2017,9/2023,-,428.11,-,613.69,98.70,RAILWAYS
1020,N24001278,CONSTRUCTION OF TWO LANE WITH PAVED SHOULDER OF SELLING-DULTE SECTION OF NH-06 (PKG-I),NHIDCL,LADAKH,3-2020,7/2022,-,206.88,-,265.34,100.00,RAILWAYS
1021,N24001281,CONSTRUCTION OF TWO LANE WITH PAVED SHOULDER OF SELLING-DULTE SECTION OF NH-06 (PKG-III),NHIDCL,LADAKH,3-2020,7/2022,-,292.24,-,294.60,93.20,RAILWAYS
1022,N24001356,DULTE- KWALKULH - CHAMPAI PKG.2,NHIDCL,LADAKH,3-2021,12/2022,Apr-2024,233.25,-,172.09,100.00,RAILWAYS
1023,N24001358,TLABUNG - LUNGLEI PKG-A,NHIDCL,LADAKH,3-2021,12/2022,-,698.44,-,496.84,59.40,RAILWAYS
1024,N24001359,TLABUNG - LUNGLEI PKG-B,NHIDCL,LADAKH,3-2021,1/2023,-,740.58,-,364.34,57.40,RAILWAYS
1025,N24001440,KEIFANG - TUVAI PKG-1,NHIDCL,LADAKH,9-2021,5/2023,-,492.94,-,365.86,90.50,RAILWAYS
1026,N24001975,UP-GRADATION TO 2-LANE WITH PAVED SHOULDERS OF NGOPA - PAWLRANG SECTION OF NH 102B OF AIZAWL - IMPHA,NHIDCL,LADAKH,9-2021,2/2025,-,523.78,-,366.81,80.51,RAILWAYS
1027,N24002027,KEIFANG - TUVAI PKG-3,NHIDCL,LADAKH,12-2021,2/2025,-,500.88,-,263.48,68.80,RAILWAYS
1028,N24002204,ZORINPUI- HMAWNGBU-LONGMASU (NH- 502A),NHIDCL,LADAKH,2-2023,12/2026,-,781.85,-,33.56,3.00,RAILWAYS
1029,N06000154,NILJAI EXPANSION (DEEP) OC (3.5 MTY),WCL,LADAKH,8-2016,3/2022,Mar-2025,319.76,319.76,183.67,98.00,COAL
1030,N06000192,BINA KAKRI AMALGAMATION OCP 14 MTPA,NCL,LADAKH,8-2020,3/2024,-,836.42,-,769.27,85.95,COAL
1031,N40000001,NATIONAL INDUSTRIAL CORRIDOR PROJECT,DMIC FOR DPIIT,LADAKH,9-2011,3/2027,Mar-2032,"20,084.00","26,684.00","11,262.06",50.99,DPIIT
1032,N16000285,KOCHI-KOOTTANAD-BANGALORE- MANGALORE PIPELINE PHASE-II,GAIL,LADAKH,6-2009,12/2012,Dec-2025,"2,915.00","5,909.00","4,294.80",94.00,DPIIT
1033,N16000388,SRIKAKULAM ANGUL PIPELINE PROJECT,GAIL,LADAKH,9-2019,7/2022,Jun-2025,"2,658.34",-,"2,173.30",94.40,DPIIT
1034,N16000391,DHAMRA HALDIA PIPELINE PROJECT,GAIL,LADAKH,3-2020,11/2022,Dec-2025,"1,030.65",-,835.90,86.50,DPIIT
1035,N16000398,MUMBAI NAGPUR JHARSUGUDA PIPELINE PROJECT,GAIL,LADAKH,6-2020,5/2023,Jun-2025,"7,844.25",-,"6,349.90",94.50,DPIIT
1036,N16000426,CGD PROJECT AT NAWADA AND KODERMA DISTRICTS,IOCL,LADAKH,6-2019,12/2029,Mar-2030,169.00,-,71.00,27.20,DPIIT
1037,N16000439,NORTH EAST GAS GRID,IGGL,LADAKH,11-2020,3/2024,Jul-2025,"9,265.00","9,265.00","6,270.19",84.51,DPIIT
1038,N16000531,GURDASPUR JAMMU PIPELINE,GAIL,LADAKH,7-2023,7/2026,Jul-2026,521.92,521.92,133.30,34.90,DPIIT
1039,N18000249,COMPREHENSIVE SCHEME FOR THE STRENGHTENING OF THE TRANSMISSION AND DISTRIBUTION SYSTEM IN A P,PGCIL,LADAKH,12-2014,12/2018,Mar-2025,"4,754.42","9,129.32","7,602.44",81.50,DPIIT
1040,N18000250,NORTH EASTERN REGION POWER SYSTEM IMPROVEMENT PROJECT (NERPSIP) FOR SIX (6) STATES,PGCIL,LADAKH,12-2014,12/2018,Mar-2025,"5,111.33","6,700.00","5,276.39",95.90,DPIIT
1041,N18000328,TS FOR EVACUATION OF POWER FROM PAKALDUL HEP IN CHENAB VALLEY HEPS - LTA SYSTEM,PGCIL,LADAKH,2-2022,4/2025,-,318.12,-,169.75,98.00,DPIIT
1042,N18000330,TRANSMISSION SYSTEM STRENGTHENING FOR SRINAGAR-LEH TRANSMISSION SYSTEM,PGCIL,LADAKH,3-2022,12/2024,-,288.71,-,149.79,48.00,DPIIT
1043,N18000331,TRANSMISSION SYSTEM STRENGTHENING SCHEME FOR EVACUATION OF POWER FROM SOLAR ENERGY ZONES IN RAJASTHA,PGCIL,LADAKH,2-2022,9/2023,-,359.47,-,319.16,90.00,DPIIT
1044,N18000332,TRANSMISSION SYSTEM STRENGTHENING SCHEME FOR EVACUATION OF POWER FROM SOLAR ENERGY ZONES IN RAJASTHA,PGCIL,LADAKH,5-2022,11/2023,-,"1,666.00","2,218.00","1,511.62",92.70,DPIIT
1045,N18000337,TRANSMISSION NETWORK EXPANSION IN GUJARAT TO INCREASE ATC FROM ISTS: PART B,PGCIL,LADAKH,7-2022,6/2023,-,"4,546.26",-,"3,969.34",92.00,DPIIT
1046,N18000343,SYSTEM STRENGTHENING SCHEME FOR EASTERN AND NORTH EASTERN REGION,PGCIL,LADAKH,10-2022,10/2025,-,307.87,-,234.90,99.90,DPIIT
1047,N18000352,TRANSMISSION SYSTEM FOR KURNOOL WIND ENERGY ZONE SOLAR ENERGY ZONE (AP) PART-A PART B,PGCIL,LADAKH,3-2023,11/2024,-,"3,546.94",-,"2,759.00",97.00,DPIIT
1048,N18000353,ER WR TRANSMISSION LIMITED,PGCIL,LADAKH,3-2023,3/2025,-,281.16,-,217.88,98.80,DPIIT
1049,220100188,"NANGALDAM-TALWARA(NL),NR",NR,LADAKH,3-1981,12/2025,Jan-2027,"2,018.00",603.00,"1,604.43",75.00,DPIIT
1050,220100232,"LALITPUR-SATNA-REWA-SINGRULI NL, (NCR)",WCR,LADAKH,9-1998,3/2027,-,"8,913.94",63.57,"2,500.34",43.00,DPIIT
1051,N22000134,CHHAPRA-BALLIA UP,NER,LADAKH,3-2013,2/2025,-,941.05,954.00,"1,004.58",95.50,DPIIT
1052,N22000138,CHOTTAUDEPUR-DHAR(NL),WR,LADAKH,4-2007,12/2026,Dec-2027,"1,793.65","1,793.63","1,626.42",59.00,DPIIT
1053,N22000139,"DAHOD-INDORE VIA SARDARPUR, JHABUA AND DHAR (NL)",WR,LADAKH,4-2007,2/2027,Feb-2027,"1,942.00","1,873.10","2,971.25",59.00,DPIIT
1054,N22000148,GWALIOR-SEOPURKALA WITH EXTENSION TO KOTA (GC),NCR,LADAKH,4-2011,3/2025,-,"2,912.96",-,"1,024.32",N.A.,DPIIT
1055,N22000158,DHOLPUR-SIRMUTTRA WITH EXTENSION TO GANGAPURCITY AND MOHARI-TANTPUR AND TANPUR-BANSI PAHARPUR,NCR,LADAKH,4-2010,2/2019,-,746.83,-,391.89,39.00,DPIIT
1056,N22000206,NEW BG LINE FROM BALURGHAT TO HILLY NFR,NFR,LADAKH,4-2010,3/2027,-,"1,208.67",-,418.79,8.00,DPIIT
1057,N22000207,NEW BG LINE FROM JAGBANI TO BIRATNAGAR,NFR,LADAKH,4-2010,3/2022,Dec-2026,401.65,485.96,361.33,86.00,DPIIT
1058,N22000208,MURKONGSELEK-PASIGHAT NL,NFR,LADAKH,4-2011,3/2025,-,435.06,-,795.68,53.50,DPIIT
1059,N22000219,PIRPAINTI-JASIDIH,ER,LADAKH,4-2013,3/2028,Mar-2028,"2,555.03",-,"1,129.76",45.00,DPIIT
1060,N22000261,KAZIPET-VIJAYAWADA 3RD LINE WITH ELECTRIFICATION,SCR,LADAKH,4-2012,2/2025,-,"1,953.00",-,"1,798.38",N.A.,DPIIT
1061,N22000274,DEOBAND (MUZAFFARNAGAR)- ROORKEE NL,NR,LADAKH,4-2007,3/2024,-,"1,053.23",-,588.80,99.00,DPIIT
1062,N22000279,RAYADURGA-TUMKUR NL,SWR,LADAKH,4-2007,9/2015,-,"2,495.59","2,495.86","1,653.85",65.00,DPIIT
1063,N22000333,HOTGI-KUDGI-GADAG,SWR,LADAKH,3-2015,12/2024,-,"1,877.81","1,877.81","2,539.04",89.00,DPIIT
1064,N22000367,KAZIPET-BALHRSHA,SCR,LADAKH,4-2015,1/2025,-,"2,594.59",-,"2,797.55",75.00,DPIIT
1065,N22000463,MUMBAI AHMEDABAD HIGH SPEED RAIL PROJECT,NHSRCL,LADAKH,12-2015,8/2027,-,"108,000.00",-,"76,441.00",52.00,DPIIT
1066,N22000464,WESTERN DEDICATED FREIGHT CORRIDOR,DFCC,LADAKH,11-2007,3/2022,-,"51,101.00","51,101.00","47,476.00",83.00,DPIIT
1067,N22000467,CHANDIGARH-BADDI,NR,LADAKH,4-2007,6/2025,Dec-2026,"1,540.13","1,540.14",941.19,29.00,DPIIT
1068,N22000506,NARAYANGARH TO BHADRAK 3RD LINE (155 KM),SER,LADAKH,3-2019,12/2024,-,"2,400.00",-,"2,048.31",60.00,DPIIT
1069,N24000182,VARANASI-AURANGABAD KM.786 TO KM.978.40,NHAI,LADAKH,9-2011,3/2014,-,"2,848.00",-,"3,901.66",90.02,DPIIT
1070,N24001628,4/6L OF SPUR TO HARIDWAR (GREENFIELD) FROM KM. 0.000 TO KM. 49.000,NHAI,LADAKH,11-2021,2/2025,Aug-2025,"2,155.95",-,"1,359.81",67.42,DPIIT
1071,N24001629,6L WITH ACCESS CONTROL PROVISION SAHARANPUR BYPASS TO GANESHPUR SECTION FROM 13.89 KM TO 41.820 KM O,NHAI,LADAKH,4-2022,11/2024,Jun-2025,796.65,-,432.84,87.50,DPIIT
1072,N25000072,JAL MARG VIKAS PROJECT,IWAI,LADAKH,1-2018,3/2023,Dec-2025,"5,369.18","5,061.15","3,441.55",68.86,SHIPPING AND
1073,N26000114,PHASE-I OF CONSOLIDATION OF EXISTING CDR DATA CENTERS AND NIB-P3 DATA CENTERS WITH STATE OF THE ART,BSNL,LADAKH,3-2020,6/2021,Nov-2021,461.42,461.42,166.02,81.00,TELECOMMUN
1074,N26000115,SUPER EDGE ROUTERS FOR BSNL INTERNET PROTOCOL - MULTI PROTOCOL LEBEL SWITCHING (IPMPLS) NETWORK and,BSNL,LADAKH,3-2023,3/2024,Jul-2024,239.60,-,179.43,100.00,ICATIONS
1075,N26000116,MPLS-IP BASED ACCESS AND AGGREGATION NETWORK (MAAN) IN BSNL ALONG WITH TEST AND MEASURING EQUIPMENT,BSNL,LADAKH,5-2023,8/2024,Nov-2024,645.13,-,346.69,89.15,ICATIONS
1076,N26000117,PLANNIN ENGINEERING SUPPLY INSTALLATION TESTING COMMISSIONING INTEGARTION and ANNUAL MAINTENANCE OF,BSNL,LADAKH,6-2023,6/2025,-,"24,556.35","24,544.55","8,087.14",94.09,ICATIONS
1077,N26000118,OPTICAL TRANSPORT NETWORK (OTN) PH- 4 IN BSNL,BSNL,LADAKH,2-2024,8/2025,-,810.99,-,635.37,100.00,ICATIONS
1078,N28000134,DELHI GHAZIABAD MEERUT RRTS CORRIDOR,NCRTC,LADAKH,3-2019,6/2025,-,"30,274.00",-,"25,673.23",86.30,"URBAN
DEVELOPMEN
T"
1079,N16000529,"AUGMENTATION OF DIMAPUR DEPOT, DIMAPUR",IOCL,LADAKH,8-2023,11/2027,-,227.62,-,6.12,18.00,PETROLEUM
1080,N22000124,NEW LINE FROM DIMAPUR TO ZUBZA(KOHIMA) NATIONAL PROJECT (NEFR),NFR,LADAKH,4-2006,3/2026,-,"6,663.20","6,663.20","4,789.15",73.00,RAILWAYS
1081,N24000686,FOUR LANING OF DIMAPUR KOHIMA ROAD FROM DESIGN KM 123.840 TO KM 138.775 (EXISTING KM 124.100 TO KM 1,NHIDCL,LADAKH,3-2016,9/2019,Nov-2022,373.07,534.41,382.50,99.81,RAILWAYS
1082,N24000688,FOUR LANING OF EXISTING DIMAPUR KOHIMA ROAD FROM DESIGN KM 152.490 TO KM 166.700 (EXISTING KM 156.00,NHIDCL,LADAKH,3-2016,8/2022,Sep-2025,429.52,794.74,321.40,91.49,RAILWAYS
1083,N24000752,(I) CONSTRUCTION OF FOUR/SIX LANING FROM KM 132.375 TO KM 158.058 (TOTAL NEW ALIGNMENT LENGTH OF 20.,NHIDCL,LADAKH,2-2017,9/2020,Feb-2023,387.00,688.12,392.01,100.00,RAILWAYS
1084,N24000753,(II) CONSTRUCTION OF DIMAPUR BYPASS (ASSAM PORTION) OF 4/6 LANE PAVEMENT ON EPC BASIS FROM EXISTING,NHIDCL,LADAKH,3-2018,11/2022,Aug-2024,500.09,698.81,393.53,100.00,RAILWAYS
1085,N24000763,CONSTRUCTION OF TWO LANE WITH HARD SHOULDERS OF MERANGKONG-TAMLU- MON ROAD FROM EXISTING KM 20.456 TO,NHIDCL,LADAKH,3-2018,12/2021,Aug-2022,215.79,-,130.20,79.58,RAILWAYS
1086,N24000765,CONSTRUCTION OF TWO LANE WITH HARD SHOULDERS OF MERANGKONG-TAMLU- MON ROAD FROM EXISTING KM 60.345 TO,NHIDCL,LADAKH,3-2018,9/2018,Jun-2023,323.98,-,119.94,59.68,RAILWAYS
1087,N24001255,CONSTRUCTION OF 2-LANE WITH PAVED SHOULDER OF KOHIMA-BYPASS ROAD FROM DESIGN KM10.500 TO 21.00KM [D,NHIDCL,LADAKH,9-2020,10/2022,Sep-2024,277.44,-,168.88,67.81,RAILWAYS
1088,N24001257,CONSTRUCTION OF 2-LANE WITH PAVED SHOULDER OF KOHIMA-BYPASS ROAD FROM DESIGN KM21.0 TO KM32.0 [DESIG,NHIDCL,LADAKH,8-2020,10/2022,Jun-2025,159.85,342.29,103.95,29.90,RAILWAYS
1089,N24001258,CONSTRUCTION OF 2-LANE WITH PAVED SHOULDER OF KOHIMA-BYPASS ROAD FROM DSIGN KM32.0 TO KM43.454 [DES,NHIDCL,LADAKH,8-2020,4/2022,Apr-2023,202.36,-,75.39,31.02,RAILWAYS
1090,N24001282,2 LANING OF KOHIMA - JESSAMI SECTION (PACKAGE II),NHIDCL,LADAKH,3-2020,6/2022,-,355.79,-,119.20,65.06,RAILWAYS
1091,N24001286,2-LANING OF CHANGTONGYA TO LONGLENG ROAD OF NH-702 (PKG-I),NHIDCL,LADAKH,3-2020,6/2022,Oct-2022,278.95,-,166.29,100.00,RAILWAYS
1092,N24001287,2 LANING OF KOHIMA - JESSAMI SECTION (PACKAGE V),NHIDCL,LADAKH,4-2020,12/2021,Nov-2025,330.80,-,171.89,92.44,RAILWAYS
1093,N24001288,CONSTRUCTION OF 2-LANE WITH PAVED SHOULDER OF KOHIMA-BYPASS ROAD FROM DESIGN KM 0.00 TO KM 10.500 [D,NHIDCL,LADAKH,8-2020,4/2022,Nov-2026,232.29,350.88,70.90,14.70,RAILWAYS
1094,N24001406,PEREN-DIMAPUR SECTION PKG-2,NHIDCL,LADAKH,7-2021,3/2023,Sep-2025,258.52,-,89.46,79.70,RAILWAYS
1095,N24001438,MERANGKONG-TAMLU-MON (MTM) PKG-5,NHIDCL,LADAKH,7-2021,12/2023,-,161.73,-,62.08,67.82,RAILWAYS
1096,N24001465,WIDENING OF EXISTING SINGLE LANE / INTERMEDIATE LANE ROAD TO 2 LANE FROM KM 101 TO KM 125 OF NH 61 I,MoRTH,LADAKH,6-2020,9/2024,Jun-2026,252.19,-,14.25,17.90,RAILWAYS
1097,N24001466,WIDENING TO EXISTING SINGLE LANE /INTERMEDIATE LANE TO 2 LANE FROM KM185.00 TO KM 220.00 OF NH-61 (N,MoRTH,LADAKH,3-2021,7/2024,Dec-2025,297.24,-,137.76,79.47,RAILWAYS
1098,N24001467,WIDENING TO EXISTING SINGRE/INTERMEDIATE RANE TO 2 LANE FROM KM 135 TO KM 147 AND FROM KM 156.00 TO,MoRTH,LADAKH,3-2021,2/2024,Mar-2025,226.44,-,140.24,100.00,RAILWAYS
1099,N24001855,WIDENING OF EXISTING SINGLE LANE ROAD TO INTERMEDIATE LANE ROAD FROM MOKOKCHUNG TO CHARE VIA DIKHU I,MoRTH,LADAKH,2-2021,6/2025,Sep-2025,192.93,-,105.41,92.82,RAILWAYS
1100,N24001912,PEREN-DIMAPUR PKG-3,NHIDCL,LADAKH,2-2021,6/2025,-,177.77,199.02,46.94,61.25,RAILWAYS
1101,N24001976,WIDENING TO 2 LANE WITH HARD SHOULDER OF AKEGWO-AVANGKHU SECTION OF NH-202K FOR PACKAGE-I (DESIGN CH,NHIDCL,LADAKH,12-2022,2/2026,-,430.24,-,100.51,54.28,RAILWAYS
1102,N24001977,WIDENING TO 2 LANE WITH HARD SHOULDER OF AKEGWO-AVANGKHU SECTION OF NH-202K FOR PACKAGE-II (DESIGN C,NHIDCL,LADAKH,12-2022,2/2026,-,442.54,-,50.60,26.58,RAILWAYS
1103,N24001978,WIDENING TO 2 LANE WITH HARD SHOULDER OF AKEGWO-AVANGKHU SECTION OF NH-202K FOR PACKAGE-III (DESIGN,NHIDCL,LADAKH,12-2022,2/2026,-,497.18,-,163.84,62.02,RAILWAYS
1104,N06000112,BASUNDHARA (WEST) OC EXTN(7.00 MTY),MCL,LADAKH,5-2014,3/2019,-,479.15,-,267.20,63.04,RAILWAYS
1105,N06000113,SIARMAL OCP (40.00MTY),MCL,LADAKH,2-2021,3/2029,-,"5,194.96",-,"3,436.40",51.94,RAILWAYS
1106,N06000167,INTEGRATED LAKHANPUR-BELPAHAR- LILARI OCP,MCL,LADAKH,5-2018,3/2027,-,"2,434.75",-,"1,760.96",60.87,RAILWAYS
1107,N06000171,REORGANISATION OF BHARATPUR OCP EXPANSION,MCL,LADAKH,11-2018,3/2029,-,"2,838.87",-,"1,835.56",44.62,RAILWAYS
1108,N06000203,NAINI COAL MINE,SCCL,LADAKH,3-2020,3/2024,-,494.30,-,491.33,80.00,RAILWAYS
1109,N06000229,GOPALJI-KANIHA OCP,MCL,LADAKH,4-2022,3/2028,-,"6,107.87",-,"1,703.67",17.39,RAILWAYS
1110,N06000230,BALARAM EXPANSION OCP,MCL,LADAKH,8-2020,3/2029,-,"3,504.21",-,"1,024.91",50.17,RAILWAYS
1111,N06000249,SUBHADRA OCP,MCL,LADAKH,5-2021,3/2029,Mar-2029,"1,693.81",-,"1,181.97",39.30,RAILWAYS
1112,N06000270,NLC TALABIRA THERMAL POWER PROJECT (PHASE-1: 3 X 800 MW),NLC,LADAKH,1-2024,5/2029,Mar-2030,"27,213.00",-,"1,883.39",1.55,RAILWAYS
1113,N06000285,RPR OF HINGULA EXPANSION OCP,MCL,LADAKH,11-2022,3/2029,-,"1,561.85",-,49.10,3.57,RAILWAYS
1114,N06000286,BHUBANESWARI EXPANSION OCP,MCL,LADAKH,3-2024,3/2031,-,"5,366.28",-,3.95,8.33,RAILWAYS
1115,N06000288,BALABHADRA OCP,MCL,LADAKH,4-2023,3/2030,-,978.44,-,209.50,1.86,RAILWAYS
1116,N06000289,INTEGRATED KULDA GARJANBAHAL OCP,MCL,LADAKH,4-2023,3/2030,-,"3,563.50",-,496.87,3.58,RAILWAYS
1117,N28000126,INDIAN INSTITUTE OF SCIENCE EDUCATION AND RESEARCH BERHAMPUR,CPWD EDUCATION,LADAKH,1-2019,3/2022,-,790.79,-,706.39,96.00,DEPARTMENT
1118,N10000010,5TH STREAM ALUMINA REFINERY EXPANSION PROJECT,NALCO,LADAKH,12-2014,4/2021,Sep-2025,"4,103.00","5,677.40","3,799.56",73.74,MINES
1119,N10000011,UTKAL D AND E COAL BLOCK,NALCO,LADAKH,5-2016,1/2020,Nov-2023,534.00,-,826.94,87.50,MINES
1120,N10000012,CONVERSION OF FLAT BOTTOM SETTLERS AND WASHERS WITH A SINGLE TRAIN OF HRDS AND DCWS IN STREAMS 1 AND,NALCO,LADAKH,12-2015,11/2020,Sep-2025,355.00,581.00,163.55,12.60,MINES
1121,N10000013,SOURCING OF BAUXITE ARRANGEMENT FOR 5TH STREAM ALUMINA REFINERY FROM SOUTH BLOCK MINING LEASE OF PAN,NALCO,LADAKH,11-2017,4/2021,May-2026,483.00,483.00,385.20,89.30,MINES
1122,N10000016,POTTANGI BAUXITE MINES,NALCO,LADAKH,5-2018,12/2024,-,"1,437.00",-,650.05,51.00,MINES
1123,N10000017,CONSTRUCTION OF RED MUD POND - II AT NALCO DAMANJODI ODISHA,NALCO,LADAKH,9-2019,3/2023,May-2024,225.79,-,5.00,100.00,MINES
1124,N16000396,INTEGRATED PARA XYLENE (PX) AND PURIFIED TEREPHTHALIC ACID (PTA) PROJECT AT PARADIP REFINERY,IOCL,LADAKH,7-2020,1/2024,Apr-2025,"13,805.00",-,"7,531.48",89.70,PETROLEUM
1125,N18000351,EASTERN REGION EXPANSION SCHEME XXIX,PGCIL,LADAKH,3-2023,11/2025,-,524.04,-,359.97,99.00,POWER
1126,N18000364,TALCHER THERMAL POWER PROJECT STAGE III(2X660 MW),NTPC,LADAKH,8-2022,5/2027,-,"11,844.00",-,"3,218.10",21.40,POWER
1127,220100284,KHURDA ROAD-BOLANGIR(NL)ECOR,ECOR,LADAKH,4-1994,12/2026,Dec-2026,"3,550.00","3,791.66","4,840.22",85.00,POWER
1128,220100328,TALCHER-BIMALAGARH(NL)(ECOR),ECOR,LADAKH,4-2005,3/2025,-,"1,928.10",-,"1,726.15",40.00,POWER
1129,N22000316,BHADRAK - NERGUNDI 3RD LINE,ECOR,LADAKH,3-2013,11/2024,Jan-2026,"1,284.39","1,284.39","1,288.97",80.00,POWER
1130,N22000376,JAGADALPUR-KORAPUT DOUBLING,ECOR,LADAKH,4-2015,3/2024,-,"1,547.38",-,"1,291.30",93.60,POWER
1131,N22000379,KORAPUT - SINGAPUR ROAD DOUBLING,ECOR,LADAKH,4-2015,12/2027,Mar-2026,"2,362.00","2,361.74","1,794.64",79.00,POWER
1132,N22000380,JARAPADA - BUDHAPANK WITH FLY OVER AT TALCHER ROAD 3RD AND 4TH LINE,ECOR,LADAKH,4-2015,3/2027,-,820.61,-,580.59,N.A.,POWER
1133,N22000381,BUDHAPANK - SALEGAON VIA RAJATGARH 3RD AND 4TH LINE.,ECOR,LADAKH,4-2015,3/2026,Nov-2025,"1,172.92",-,"1,949.32",80.00,POWER
1134,N22000409,VIZIANAGARAM -SAMABALPUR 3RD LINE,RVNL,LADAKH,1-1991,12/2026,-,"4,803.16",-,"4,691.52",N.A.,POWER
1135,N22000516,JEYPORE MALKANGIRI NEW LINE,ECOR,LADAKH,2-2018,7/2033,-,"2,344.00",-,220.78,90.10,POWER
1136,N22000517,JEYPORE NABARANGPUR NEWLINE,ECOR,LADAKH,7-2017,7/2028,Dec-2029,748.00,-,0.00,N.A.,POWER
1137,N22000518,TALCHER - ANGUL NEW LINE WITH Y CONNECTION AT TALCHER,ECOR,LADAKH,7-2018,12/2026,-,278.96,495.00,29.50,N.A.,POWER
1138,N22000519,KODINGAMALI BAUXITE MINES TO SINGARAM RAILWAY STATION,ECOR,LADAKH,8-2022,8/2027,-,190.90,-,10.00,N.A.,POWER
1139,N22000520,GANDHAMARDAN IRON ORE MINES TO GOALDIH STATION,ECOR,LADAKH,9-2022,9/2027,-,189.93,-,14.04,N.A.,POWER
1140,N22000521,BRUNDAMAL-JHARSUGUDA- FLYOVER CONNECTION FOR JOINING DN LINE,ECOR,LADAKH,12-2009,12/2026,-,296.51,-,171.98,10.00,POWER
1141,N22000522,BAGHUAPAL FLY OVER (20 KM),ECOR,LADAKH,8-2019,8/2027,Aug-2027,183.00,257.97,0.83,N.A.,POWER
1142,N22000571,ROURKELA-BONDAMUNDA A-CABIN 5TH LINE (10 KM) (UMBRELLA WORK PB#57/2019- 20/NR),SER,LADAKH,9-2022,9/2026,-,209.75,-,76.22,30.00,POWER
1143,N24000619,DEVELOPMENT OF FOUR LANNING OF ANGUL-SAMBALPUR SECTION OF NATIONAL HIGHWAY NH-42 (NEW NH-55 IN THE S,NHAI,LADAKH,9-2016,8/2019,-,"2,510.04",-,"1,181.34",99.38,POWER
1144,N24000715,REHABILITATION AND UPGRADATION OF CUTTACK ANGUL SECTION OF NH-42 (NEW NH-55) TO 4 LANE (KM. 0+400 TO,NHAI,LADAKH,12-2017,7/2020,-,686.65,565.00,574.26,97.80,POWER
1145,N24000733,REHABILITATION AND UP-GRADATION OF EXISTING 2-LANE TO 4 LANE OF DUBURI (KM 388.376) TO CHANDIKHOLE (,NHAI,LADAKH,1-2018,8/2022,-,633.68,492.83,560.38,86.00,POWER
1146,N24000734,REHABILITATION AND UP-GRADATION OF EXISTING 2-LANE TO FOUR LANE FROM TALCHAR TO END OF KAMAKHYANAG,NHAI,LADAKH,1-2018,8/2021,-,614.48,503.30,664.48,100.00,POWER
1147,N24000736,REHABILITATION AND UPGRADATION OF CUTTACK-ANGUL SECTION TO 4 LANE (KM 60.20) TO (KM 112.0) PKG II ON,NHAI,LADAKH,1-2018,9/2020,-,686.65,504.09,488.98,97.98,POWER
1148,N24000738,REHABILITATION AND UPGRADATION OF SIX LANING OF BHADRAK BALESHWAR SECTION (KM 136.50) TO (KM 199.141,NHAI,LADAKH,1-2018,9/2021,-,999.00,"1,152.70",540.10,82.01,POWER
1149,N24000739,REHABILITATION AND UP-GRADATION TO 4- LANING OF RAJAMUNDA-BARKOTE SECTION OF NH-23 (NEW NH NO. 143) (,NHAI,LADAKH,1-2018,6/2021,Jun-2025,503.88,609.03,536.89,98.50,POWER
1150,N24000912,WIDENING TO 2LPS FROM 0/0 TO 119/0 OF NH-157 IN THE STATE OF ODISHA.,MoRTH,LADAKH,8-2016,2/2017,-,287.70,-,275.42,98.66,POWER
1151,N24000914,WIDENING TO 2LPS FROM 239/9 TO 294/3 OF NH-57 (NAYAGARH TO KHURDA) IN THE STATE OF ODISHA,MoRTH,LADAKH,12-2016,8/2018,-,223.50,-,220.50,92.00,POWER
1152,N24000917,WIDENING TO 2LPS FROM 269/30 TO 328/20 OF NH-49 IN THE STATE OF ODISHA,MoRTH,LADAKH,3-2018,8/2018,-,199.16,-,158.73,100.00,POWER
1153,N24001647,BALANCE WORK OF PANIKOILI RIMULI SECTION OF NEW NH-20 FROM KM 0.00 TO KM. 163.000,NHAI,LADAKH,8-2020,3/2022,-,200.00,154.73,150.38,100.00,POWER
1154,N24001665,6L GREENFIELD KANDILI - ALURU SECTION OF NH-130-CD ROAD FROM KM 342+500 TO KM 365+033 (PACKAGE-OD-8,NHAI,LADAKH,12-2021,10/2024,-,"1,592.00","1,592.00","1,083.78",78.13,POWER
1155,N24001666,6L GREENFIELD BARAJA - KANDILI SECTION OF NH- 130-CD ROAD FROM KM 338+500 TO KM 342+500 (PACKAGE-OD,NHAI,LADAKH,12-2021,9/2024,-,714.00,714.00,580.51,94.92,POWER
1156,N24001667,6L GREENFIELD KALIAGURA ? BAUNSAGUAR SECTION OF NH-130-CD ROAD FROM KM 249+000 TO KM 293+000 (PACKAG,NHAI,LADAKH,9-2021,5/2024,-,"1,734.00","1,734.00","1,222.14",86.00,POWER
1157,N24001668,6L OF BADAKUMARI - KARKI SECTION FROM KM 179.000 TO KM 226.500 OF NH-130- CD (PACKAGE ? OD-3),NHAI,LADAKH,3-2021,4/2024,-,"1,249.00",-,465.59,85.60,POWER
1158,N24001669,6L OF DHANARA - HATIBENA SECTION FROM KM 124.611 TO KM 146.50 OF NH-130- CD (PACKAGE ? OD-1),NHAI,LADAKH,2-2021,3/2024,-,586.00,-,240.33,88.90,POWER
1159,N24001670,6L OF KARKI ? KALIAGURA SECTION FROM KM 226.500 TO KM 249.000 OF NH-130-CD (PACKAGE ? OD-4),NHAI,LADAKH,2-2021,3/2024,-,593.00,-,282.15,94.46,POWER
1160,N24001671,6L OF HATIBENA - BADAKUMARI SECTION FROM KM 146.50 TO KM 179.00 OF NH-130- CD (PACKAGE ? OD-2),NHAI,LADAKH,2-2021,3/2024,-,925.00,-,460.47,97.00,POWER
1161,N24001678,6L GREENFIELD BAUNSAGUAR - BARAJA SECTION OF NH-130-CD ROAD FROM KM 293+000 TO KM 338+500 (PACKAGE ?,NHAI,LADAKH,8-2021,6/2024,-,"1,460.00","1,460.00",978.88,91.00,POWER
1162,N24001857,CONSTRUCTION OF ROAD FROM KM 0/0 TO 72/0 OF NH-26 SUCH AS 4 LANE FROM KM 0/0 TO 21/0 (BARGARH TO BAR,MoRTH,LADAKH,6-2020,12/2023,Aug-2025,414.24,-,307.52,98.00,POWER
1163,N24001858,WIDENING AND STRENGTHENING TO 2L+PS INCLUDING LA OF KANDARPUR-BALIKUDA FROM KM 277/500 TO 318/970 OF,MoRTH,LADAKH,3-2022,6/2025,-,499.79,-,285.58,45.00,POWER
1164,N24001859,CONSTRUCTION OF BYPASS ON NH-59 FROM KM 336/350 TO 349/910 (13.56 KM) NEAR BERHAMPUR TOWN INCLUDING,MoRTH,LADAKH,3-2021,3/2024,-,196.94,-,71.55,56.00,POWER
1165,N24001860,CONSTRUCTION OF BYPASS TO NAYAGARH TOWN FROM KM 235.469 TO 252.482 OF NH-57 INCLUDING LAND ACQUISITI,MoRTH,LADAKH,1-2022,4/2025,-,300.33,-,203.81,70.00,POWER
1166,N24001861,CONSTRUCTION OF BYPASS TO KHORDHA TOWN FROM KM 294/000 TO 300/300 ON NH- 57 INCLUDING LA IN THE STATE,MoRTH,LADAKH,2-2022,11/2024,Aug-2025,157.49,-,72.57,54.00,POWER
1167,N24001862,CONSTRUCTION OF BYPASS ROAD TO BALANGIR TOWN FROM KM 72/400 (DESING KM 0/0) TO KM 79/800 (DESIGN KM,MoRTH,LADAKH,2-2022,10/2025,Nov-2025,238.78,-,50.39,35.00,POWER
1168,N24001863,"CONSTRUCTION OF 5 HL BRIDGES AT KM 379/000 (PANGAM), KM 439/400 (POTTERU), KM 444/237 (KONGURUKONDA)",MoRTH,LADAKH,3-2021,6/2024,Oct-2025,154.05,-,47.47,30.00,POWER
1169,N24001864,CONSTRUCTION OF FOUR LANE ROB AND ITS APPROACHES IN LIEU OF EXISTING LEVEL CROSSING NO. RV-71 AT KM,MoRTH,LADAKH,11-2021,6/2025,-,154.49,-,59.92,45.00,POWER
1170,N24001865,CONSTRUCTION OF 4 LANE ROB WITH APPROACHES IN LIEU OF LC NO. RV-172 AT KM 176.00 OF NH-201 (PRESENT,MoRTH,LADAKH,12-2021,5/2025,Aug-2025,324.09,-,110.76,35.00,POWER
1171,N24002078,REHABILITATION AND UP GRADATION FROM 4 TO 8 LANING OF CHANDIKHOLE PARADIP SECTION OF NH 53 FROM KM.,NHAI,LADAKH,12-2023,12/2025,-,711.00,-,182.54,52.30,POWER
1172,N24002079,REHABILITATION AND UP GRADATION FROM 4 TO 8 LANING OF CHANDIKHOLE PARADIP SECTION OF NH 53 FROM KM,NHAI,LADAKH,12-2023,12/2025,-,742.25,-,223.42,52.89,POWER
1173,N24002080,REHABILITATION AND UP GRADATION FROM 4 TO 8 LANING OF CHANDIKHOLE PARADIP SECTION OF NH 53 FROM KM,NHAI,LADAKH,12-2023,12/2025,-,762.75,-,228.86,52.78,POWER
1174,N24002081,3L MAJOR BRIDGE OVER RIVER BRAHMANI AT KM. 401.250 (DUBURI CHANDIKHOLE SECTION) OF NH 200 (NEW NH 5,NHAI,LADAKH,8-2022,1/2025,-,153.61,-,14.22,34.49,POWER
1175,N24002135,WIDENING AND STRENGTHENLNG TO 2L+PS FROM KM 0.000 TO 40.000 (DHAUGAON- PODAMARI SECTION) OF NH 326 I,MoRTH,LADAKH,3-2022,2/2026,-,186.52,-,45.93,35.00,POWER
1176,N24002136,WIDENING AND STRENGTHENING TO 4L+PS/2L+PS FROM KM 0.000 TO 35.800 (KUAKHIA - MANGALPUR SECTION) OF N,MoRTH,LADAKH,3-2022,2/2026,-,636.10,-,264.02,36.00,POWER
1177,N24002219,REHABILITATION AND UP GRADATION FROM 4 TO 8 LANING OF CHANDIKHOLE ? PARADIP SECTION OF NH-53 (OLD NH,NHAI,LADAKH,3-2024,10/2026,-,882.45,-,81.90,12.73,POWER
1178,N12000122,REBUILDING OF COKE OVEN BATTERY-2 ALONGWITH AUGMENTATION OF COKE HANDLING AND GAS HANDLING FACILITY,SAIL,LADAKH,11-2020,5/2023,Mar-2025,377.18,-,434.90,N.A.,STEEL
1179,N12000125,INSTALLATION OF 4TH SLAB CASTER ALONG WITH ITS AUXILIARIES AND A NEW LADLE FURNACE IN SMS-II AT RSP,SAIL,LADAKH,1-2022,5/2025,-,970.18,-,689.07,93.76,STEEL
1180,N28000142,"CONSTRUCTION OF PERMANENT CAMPUS OF INDIAN INSTITUTE OF MANAGEMENT (IIM) AMRITSAR, PUNJAB.",CPWD EDUCATION,LADAKH,10-2019,5/2022,-,348.24,-,237.84,90.20,DEPARTMENT
1181,N16000402,"SECOND GENERATION ETHANOL BIOREFINERY PROJECT, BATHINDA, PUNJAB",HPCL,LADAKH,5-2020,2/2023,Sep-2024,"1,421.46",-,"1,156.45",95.62,PETROLEUM
1182,N16000440,BHATINDA SANGRUR PIPELINE,HPCL,LADAKH,11-2021,5/2024,Feb-2025,367.00,397.00,329.81,90.30,PETROLEUM
1183,N16000488,CGD PROJECT AT PATHANKOT DISTRICT,IOCL,LADAKH,3-2022,3/2030,Sep-2033,151.00,-,8.73,2.00,PETROLEUM
1184,N22000589,235,NR,LADAKH,9-2020,3/2025,-,235.00,-,5.12,98.00,RAILWAYS
1185,N22000614,FEROZPUR - PATTI (25.72 KM),NR,LADAKH,4-2017,3/2027,-,299.74,-,0.00,N.A.,RAILWAYS
1186,N24000907,WIDENING AND PAVED SHOULDER OF TOHANA (IN HARYANA) PUNJAB/HARYANA BORDER TO MOONAK-JAKHAL-BUDHLADA,MoRTH,LADAKH,3-2018,8/2020,-,293.10,-,318.24,99.75,RAILWAYS
1187,N24000909,JALANDHAR-HOSHIARPUR SECTION OF NH- 70 [NEW NH NO. 3] FROM EXISTING KM 11.400 TO KM 49.200,MoRTH,LADAKH,10-2017,10/2019,-,"1,069.59",-,739.08,44.00,RAILWAYS
1188,N24000910,REHABILITATION AND UP GRADATION TO 2 LANE WITH PAVED SHOULDER OF NH-703A FROM MAKHU (DESIGN CH 0 000,MoRTH,LADAKH,3-2018,11/2020,-,170.57,-,135.00,79.00,RAILWAYS
1189,N24001415,DELHI-AMRITSAR-KATRA EXPRESSWAY FROM JUNCTION WITH PATIALA-BATHINDA ROAD (NH-7) NEAR BHAWANIGARH TO,NHAI,LADAKH,12-2020,4/2024,Jul-2024,881.00,-,932.64,90.64,RAILWAYS
1190,N24001416,DELHI-AMRITSAR-KATRA EXPRESSWAY FROM JUNCTION WITH LUDHIANA- MALERKOTLA ROAD (SH-11) NEAR BHOGIWAL VI,NHAI,LADAKH,12-2020,1/2024,Mar-2025,989.66,-,324.77,31.08,RAILWAYS
1191,N24001417,DELHI-AMRITSAR-KATRA EXPRESSWAY FROM JUNCTION WITH LUDHIANA-MOGA ROAD (NH-5) NEAR MULLANPUR DAKHA TO,NHAI,LADAKH,12-2020,4/2024,Sep-2025,"1,234.40",-,792.35,63.09,RAILWAYS
1192,N24001418,DELHI-AMRITSAR-KATRA EXPRESSWAY FROM CH.KM 303+900 TO KM 319+400 OF MAIN EXPRESSWAY) AND AMRITSAR CO,NHAI,LADAKH,12-2020,4/2024,Sep-2025,"1,094.46",-,802.93,62.99,RAILWAYS
1193,N24001419,DELHI-AMRITSAR-KATRA EXPRESSWAY (PHASE-I PKG-XI) FROM JUNCTION WITH JALANDHAR - KAPURTHALA ROAD (NH-,NHAI,LADAKH,2-2021,4/2024,Nov-2024,"1,269.96",-,585.86,43.45,RAILWAYS
1194,N24001420,DELHI-AMRITSAR-KATRA EXPRESSWAY (PHASE-I PKG-XII) FROM JUNCTION WITH AMRITSAR-MEHTA-SRIHARGOBINDPUR-,NHAI,LADAKH,2-2021,4/2024,Dec-2025,853.66,-,132.99,15.33,RAILWAYS
1195,N24001630,4/6L GREENFIELD LUDHIANA RUPNAGAR HIGHWAY FROM JUNCTION WITH NE 05 VILLAGR NEAR TO MANEWAL (LUDHIANA,NHAI,LADAKH,7-2021,2/2025,-,"1,501.02",-,237.00,73.00,RAILWAYS
1196,N24001631,6L OF IT CITY CHOWK TO KURALI CHANDIGARH ROAD,NHAI,LADAKH,3-2021,10/2024,-,"1,525.31",-,245.00,88.70,RAILWAYS
1197,N24001632,CONSTRUCTION OF FOUR LANE GREENFIELD PROJECT OF DELHI- AMRITSAR-KATRA EXPRESSWAY (PHASE-I PKG-V) FROM,NHAI,LADAKH,1-2021,5/2024,Jun-2025,"1,741.86","2,281.02","1,278.00",96.00,RAILWAYS
1198,N24001636,CONSTRUCTION OF FOUR/SIX LANE GREENFIELD LUDHIANA ? RUPNAGAR NATIONAL HIGHWAY NO. NH-205K UNDER BHAR,NHAI,LADAKH,5-2021,12/2024,Oct-2026,"1,368.91","1,368.91",163.58,15.31,RAILWAYS
1199,N24001637,DEVELOPMENT OF 6 LANE JALANDHAR BYPASS FROM KAHLWAN NATIONAL HIGHWAY 03 DESIGN KM 0.00 ENDING AT K,NHAI,LADAKH,3-2021,1/2025,-,"1,754.84",-,"1,082.62",35.08,RAILWAYS
1200,N24001638,4L GREENFIELD A. MALOUT BYPASS FROM CH. KM 44.500 TO CH. KM 35.500 ON NH-07 AND CH. KM 0.000 TO KM 6,NHAI,LADAKH,11-2021,7/2024,Aug-2025,646.42,646.42,481.67,96.00,RAILWAYS
1201,N24001639,FOUR LANING OF MOGA TO BAJAKHANA LAMBWALI SECTION OF 105B GREENFIELD ALIGNMENT FROM DESIGN CHAINAGE,NHAI,LADAKH,5-2020,12/2024,Aug-2025,864.23,864.23,434.88,63.00,RAILWAYS
1202,N24001640,6L AMRITSAR BATHINDA GREENFIELD SECTION FROM VILLAGE TIBA ON NE 5A TO JN. WITH MOGA JALANDHAR ROAD N,NHAI,LADAKH,3-2021,11/2024,-,"1,229.38",-,729.77,47.80,RAILWAYS
1203,N24001641,DELHI AMRITSAR KATRA EXPRESSWAY PHASE I SPUR III FROM JUNCTION WITH AMRITSAR JALANDHAR ROAD NH3 NEAR,NHAI,LADAKH,3-2021,10/2024,Dec-2025,"1,641.75",-,188.55,29.45,RAILWAYS
1204,N24001642,FOUR LANING OF AMRITSAR BYPASS FROM NEW TARN TARAN ROAD TO AJNALA ROAD FROM DESIGN KM. 0.750 TO DESI,NHAI,LADAKH,2-2021,8/2024,Dec-2025,"1,474.77",-,471.06,73.72,RAILWAYS
1205,N24001643,4L OF AMRITSAR GHOMAN TANDA UNA SECTION FROM KM 8.270 TO KM 54.000 OF NH 503A PACKAGE I,NHAI,LADAKH,12-2020,6/2024,Jun-2025,857.91,-,127.71,40.00,RAILWAYS
1206,N24001644,AMRITSAR AIRPORT JUNCTION RAMDAS FROM KM. 100.835 TO KM. 139.813 PKG IV,NHAI,LADAKH,12-2020,9/2023,Sep-2025,524.88,416.58,157.14,73.00,RAILWAYS
1207,N24001960,UP-GRADATION TO TWO LANE WITH PAVED SHOULDER CONFIGURATION OF NH-354 SECTION ARIFKES-FEROZEPUR-MUKTS,MoRTH,LADAKH,3-2021,10/2023,-,263.19,-,119.50,61.00,RAILWAYS
1208,N24001961,WORK OF WIDENING/UPGRADATION OF 2- LANE WITH PAVED SHOULDER OF SRI MUKTSAR SAHIB TO MALOUT ROAD FROM,MoRTH,LADAKH,3-2022,10/2023,-,152.58,-,97.00,85.00,RAILWAYS
1209,N24002075,6L OF JODHPUR ROMANA (BATHINDA) - MANDI DABWALI (PUNJAB HARYANA BORDER) SECTION OF NH-54 FROM KM. 0.,NHAI,LADAKH,12-2020,8/2025,Aug-2025,757.13,757.00,246.51,98.00,RAILWAYS
1210,N24002076,6L AMRITSAR-BATHINDA GREENFIELD SECTION FROM JN. WITH BHAGTA BHAI KA- BHADAUR ROAD NEAR DYALPURA BHAI,NHAI,LADAKH,3-2021,10/2025,Jun-2026,"2,029.17","2,029.00",84.23,46.00,RAILWAYS
1211,N24002091,6L ACCESS CONTROLLED LUDHIANA- BATHINDA GREENFIELD HIGHWAY FROM JN. WITH AMRITSAR-BATHANDA GREENFIELD,NHAI,LADAKH,6-2021,9/2025,Mar-2026,906.51,906.51,134.05,49.80,RAILWAYS
1212,N24002092,6-LANE AMRITSAR-BATHINDA GREENFIELD SECTION OF NH-754A FROM JUNCTION WITH MOGA JALANDHAR ROAD (NH-70,NHAI,LADAKH,3-2021,10/2025,-,"1,801.37",-,"1,074.27",44.15,RAILWAYS
1213,N24002098,6L OF AMBALA-CHANDIGARH GREENFIELD SECTION FROM KM. 0.000 TO KM. 25.000 WITH 4L SPUR TO LALRU FROM K,NHAI,LADAKH,3-2022,10/2025,-,"1,641.66",-,60.00,52.00,RAILWAYS
1214,N24002100,4L OF EXISTING BEAS ? BABA BAKALA - DERA BABA NANAK SECTION FROM START OF BATALA BYPASS TILL INTERSE,NHAI,LADAKH,10-2021,6/2025,-,"1,003.38",-,275.45,69.19,RAILWAYS
1215,N24002101,4L OF BEAS-MEHTA-BATALA-DERA BABA NANAK FROM INTERSECTION WITH JALANDHAR-AMRITSAR HIGHWAY (NH-3) NEA,NHAI,LADAKH,8-2021,6/2025,Dec-2025,809.51,-,218.47,51.91,RAILWAYS
1216,N24002102,DELHI-AMRITSAR-KATRA EXPRESSWAY (PHASE-I SPUR-I) FROM JN. WITH KAPURTHALA - SULTANPUR LODHI ROAD (NH,NHAI,LADAKH,1-2020,4/2026,-,"2,165.23",-,174.63,19.60,RAILWAYS
1217,N04000101,CONSTRUCTION OF NEW TERMINAL BUILDING AT JODHPUR AIRPORT,AAI,LADAKH,5-2022,11/2024,Oct-2025,480.00,-,246.67,70.00,"CIVIL
AVIATION"
1218,N04000104,UDAIPUR AIRPORT- CONSTRUCTION OF NEW INTEGRATED PASSENGER TERMINAL BUILDING,AAI,LADAKH,6-2023,3/2026,-,887.00,-,300.51,62.00,"CIVIL
AVIATION"
1219,N06000269,NLCIL 300 MW SOLAR POWER PROJECT (PART OF 510 MW CPSU SCHEME),NLC,LADAKH,3-2023,9/2024,-,"1,813.00",-,654.94,66.00,COAL
1220,N16000435,NEW MUNDRA-PANIPAT CRUDE OIL PIPELINE,IOCL,LADAKH,12-2021,10/2024,Dec-2025,"9,028.00",-,"6,662.44",81.86,PETROLEUM
1221,N16000496,"CGD PROJECT IN TONK, SAWAI MADHOPUR, DAUSA, KARAULI",HPCL,LADAKH,3-2022,3/2030,-,"1,751.00",-,296.16,24.70,PETROLEUM
1222,N16000512,SETTING UP OF PETROCHEMICAL EVACUATION MARKETING TERMINAL (PEMT) AT BARMER,HPCL,LADAKH,12-2023,12/2026,-,461.05,-,90.93,44.30,PETROLEUM
1223,N16000513,RAJASTHAN REFINERY PROJECT,HPCLRRL(JV),LADAKH,10-2017,10/2022,Mar-2025,"43,129.00","72,937.00","57,717.81",86.90,PETROLEUM
1224,N16000520,CGD PROJECTS AT FAZILKA (EXCEPT AREA ALREADY AUTHORIZED) GANGANAGAR AND HANUMANGARH DISTRICTS,BPCL,LADAKH,12-2022,6/2030,-,"3,207.00",-,316.65,20.60,PETROLEUM
1225,N18000286,SAMBHU KI BHURJ-II SOLAR 300MW,NTPC,LADAKH,3-2020,9/2021,Mar-2025,"1,782.00",-,"1,369.88",100.00,PETROLEUM
1226,N18000293,BHENSARA 320 MW,NTPC,LADAKH,1-2021,7/2022,Mar-2025,"1,221.73","1,533.38","1,139.42",100.00,PETROLEUM
1227,N18000347,BHADLA-II 500MW SOLAR PV PROJECT,NTPC,LADAKH,6-2022,3/2024,Sep-2025,"2,598.92",-,"1,758.06",55.00,PETROLEUM
1228,N18000356,TRANSMISSION SYSTEM SCHEME FOR EVACUATION OF POWER FROM REZ RAJASTHAN (8.1 GW) UNDER PHASE-II PART,PGCIL,LADAKH,3-2023,9/2024,-,"1,433.28",-,"1,281.27",91.90,PETROLEUM
1229,N18000368,300 MW SOLAR POWER PROJECT UNDER CPSU SCHEME,NHPC,LADAKH,5-2022,11/2023,-,"1,677.12",-,"1,066.01",87.00,PETROLEUM
1230,N18000373,"TS FOR EVACUATION OF POWER FROM REZ IN RAJASTHAN (20GW) UNDER PHASE- III, PART E1",PGCIL,LADAKH,8-2023,2/2025,-,688.74,-,507.00,92.00,PETROLEUM
1231,N18000374,TS FOR EVACUATION POWER FROM REZ IN RAJASTHAN (20GW) UNDER PHASE-III PART H,PGCIL,LADAKH,10-2023,4/2025,-,"2,211.00",-,"1,551.80",60.90,PETROLEUM
1232,N18000375,TS FOR EVACUATION POWER FROM REZ IN RAJASTHAN (20GW) UNDER PHASE-III PART C1,PGCIL,LADAKH,10-2023,4/2025,Oct-2025,"1,796.00",-,"1,069.00",73.60,PETROLEUM
1233,N18000376,TS FOR EVACUATION POWER FROM REZ IN RAJASTHAN (20GW) UNDER PHASE-III PART B1,PGCIL,LADAKH,9-2023,4/2025,-,"2,191.00",-,"1,440.66",67.90,PETROLEUM
1234,N18000378,TS FOR EVACUATION POWER FROM REZ IN RAJASTHAN (20GW) UNDER PHASE-III PART J,PGCIL,LADAKH,12-2022,3/2025,Apr-2026,331.00,-,8.66,26.00,PETROLEUM
1235,N18000379,TS FOR EVACUATION POWER FROM REZ IN RAJASTHAN (20GW) UNDER PHASE-III PART E2,PGCIL,LADAKH,11-2023,6/2025,-,428.00,-,51.42,42.00,PETROLEUM
1236,N18000386,TS FOR EVACUATION OF POWER FROM RAJASTHAN REZ PH-IV (PART-1) [BIKANER COMPLEX] PART A [BIKANER III N,PGCIL,LADAKH,12-2023,12/2025,-,"2,998.00",-,"1,112.98",45.30,PETROLEUM
1237,N18000387,TS FOR EVACUATION OF POWER FROM RAJASTHAN REZ PH-IV (PART-1) [BIKANER COMPLEX] PART D [NEEMRANA II B,PGCIL,LADAKH,12-2023,12/2025,-,"2,056.00",-,"1,318.23",50.70,PETROLEUM
1238,N18000389,TS FOR EVACUATION OF POWER FROM REZ IN RAJASTHAN (20GW) UNDER PH-III PART D [SIKAR KHETRI TRANSMISSI,PGCIL,LADAKH,2-2024,8/2025,-,"2,000.00",-,823.00,51.00,PETROLEUM
1239,N18000391,TS FOR EVACUATION POWER FROM RAJASTHAN REZ PH-IV (PART-2:5.5GW) PART-B (JAISALMER/BARMER COMPLEX),PGCIL,LADAKH,8-2024,8/2026,-,"3,279.00",-,293.90,16.40,PETROLEUM
1240,N18000393,TS FOR EVACUATION POWER FROM RAJASTHAN REZ PH-IV (PART-2:5.5GW) (JAISALMER/BARMER COMPLEX) PART-C,PGCIL,LADAKH,8-2024,8/2026,-,"2,227.00",-,292.59,16.40,PETROLEUM
1241,N18000394,TS FOR EVACUATION POWER FROM RAJASTHAN REZ PH-IV (PART-2:5.5GW) (JAISALMER/BARMER COMPLEX) PART-E,PGCIL,LADAKH,8-2024,8/2026,-,"3,251.00",-,426.60,13.40,PETROLEUM
1242,N18000396,ADDITIONAL TRANSMISSION SYSTEM FOR EVACUATION OF POWER FROM BHADLA-III PS AS PART OF RAJASTHAN REZ P,PGCIL,LADAKH,8-2024,2/2026,-,369.00,-,0.00,1.00,PETROLEUM
1243,N18000397,TRANSMISSION SYSTEM STRENGTHENING FOR INTERCONNECTIONS OF BHADLA-III AND BIKANER III COMPLEX [SPV NA,PGCIL,LADAKH,8-2024,8/2026,-,"1,382.00",-,0.00,1.00,PETROLEUM
1244,N18000401,TRANSMISSION SYSTEM FOR EVACUATION OF POWER FROM RAJASTHAN REZ PH -IV [PART-2 5.5 GW] [JAISALMER/BAR,PGCIL,LADAKH,11-2024,11/2026,-,"2,735.00",-,0.00,0.70,PETROLEUM
1245,N18000403,TRANSMISSION SYSTEM FOR EVACUATION OF POWER FROM RAJASTHAN REZ PH-IV [PART-3 (6GW)] [BIKANER COMPLEX,PGCIL,LADAKH,11-2024,11/2026,-,"5,969.00",-,0.00,N.A.,PETROLEUM
1246,N18000404,TRANSMISSION SYSTEM FOR EVACUATION OF POWER FROM RAJASTHAN REZ PH-IV [PART-3 (6 GW)] [BIKANER COMPLE,PGCIL,LADAKH,11-2024,11/2026,-,"5,357.00",-,67.82,3.70,PETROLEUM
1247,N18000414,RAJASTHAN REZ PH-V (PART-1: 4 GW) [SIROHI/NAGAUR] COMPLEX,PGCIL,LADAKH,3-2025,3/2027,-,"5,028.00",-,0.00,N.A.,PETROLEUM
1248,N18000415,"AUGMENTATION AT FATEHGARH-II PS, FATEHGARH-IV PS (SECTION-II) AND BARMER-I",PGCIL,LADAKH,3-2025,12/2026,-,404.00,-,0.00,N.A.,PETROLEUM
1249,N18000418,NOKH SOLAR PV PROJECT 735 MW,NTPC,LADAKH,3-2022,4/2024,Jul-2025,"4,189.17","4,378.17",151.79,95.00,PETROLEUM
1250,N22000553,AGRA FORT-BANDIKUI,NCR,LADAKH,6-2022,6/2027,May-2026,"1,389.81",-,42.46,12.00,PETROLEUM
1251,N22000593,GUDHA THATHANA MITHRI TEST TRACK FOR RDSO,NWR,LADAKH,4-2019,3/2025,-,528.48,-,354.20,95.00,PETROLEUM
1252,N22000594,DEDICATED TEST TRACK FOR RDSO (PHASE II),NWR,LADAKH,11-2021,11/2026,-,466.42,-,737.27,82.00,PETROLEUM
1253,N22000605,DOUBLING BETWEEN CHURU-RATANGARH (42.81 KM),NWR,LADAKH,2-2023,2/2028,-,422.60,-,209.80,90.00,PETROLEUM
1254,N22000607,SAWAIMADHOPUR - BYPASS LINE (6.98 KM) (UMBRELLA WORK PB#57/2019-20/NR),NWR,LADAKH,12-2022,6/2026,-,304.00,239.54,124.60,30.00,PETROLEUM
1255,N22000608,GC OF NATHDWARA - DEVGARH MADARIYA (82.5KM),NWR,LADAKH,1-2023,6/2028,-,968.92,-,400.31,40.00,PETROLEUM
1256,N24000795,CONSTRUCTION/ UP-GRATION OF FOUR/TWO LANE WITH PAVED SHOULDER OF NH68 FROM TANOT-RAMGARH BHADASAR-JA,NHAI,LADAKH,2-2018,4/2021,Jun-2025,741.86,649.00,663.37,99.99,PETROLEUM
1257,N24001411,4L+PS OF NH -58 FROM BEAWAR-GOMTI (OLD CH KM 58.245 TO KM. 108.600) PKG-I.,MoRTH,LADAKH,12-2020,10/2023,-,379.23,-,268.62,96.10,PETROLEUM
1258,N24001527,2L+PS FOR WORK OF NH-325 (BALOTRA TO SANDERAO VIA JALORE) BY CONSTRUCTION OF BYPASSES:(1) ASOTRA- BR,MoRTH,LADAKH,12-2021,5/2024,Dec-2025,411.40,-,219.61,71.63,PETROLEUM
1259,N24001528,WIDENING OF PACHPADRA-BAGUNDI SECTION TO 4 LANE FROM KM 73/60 TO 95/70 OF NH-25 ON EPC MODE IN THE,MoRTH,LADAKH,1-2022,12/2024,Aug-2025,194.88,-,105.69,83.00,PETROLEUM
1260,N24001529,44 LANE DIVIDED CARRIAGEWAY OF BARMER BYPASS OF NH-15 (NEW NH-68) IN THE STATE OF RAJASTHAN ON EPC M,MoRTH,LADAKH,12-2021,8/2024,May-2025,451.66,-,401.78,99.00,PETROLEUM
1261,N24001530,UPGRADATION TO TWO LANE PAVED SHOULDER OF KOTHUN-LALSOT-KAROLI- DHOLPUR ROAD NH-23 (OLD NH-11B) IN TH,MoRTH,LADAKH,12-2021,9/2024,-,150.11,-,82.83,88.00,PETROLEUM
1262,N24001557,4L GREENFIELD SPUR FROM DELHI- VADODARA GREENFIELD EXPRESSWAY NEAR BANDIKUI TO JAIPUR,NHAI,LADAKH,3-2022,11/2024,Jun-2025,"1,636.15",-,553.96,95.26,PETROLEUM
1263,N24001558,4L OF KARWAR (KM. 281.980 OF NH-62 NAGAUR ROAD) TO DANGIYAVAS OF JODHPUR RING ROAD (PKG-II),NHAI,LADAKH,11-2021,8/2024,Jun-2025,736.75,-,253.43,97.00,PETROLEUM
1264,N24001559,2L PS SRIGANGANAGAR TO RAISINGHNAGAR (DESIGN CHAINAGE -0.500 KM TO DESIGN CHAINAGE 101.000 KM) (PACK,NHAI,LADAKH,9-2021,6/2024,May-2025,672.35,-,328.24,99.50,PETROLEUM
1265,N24001563,DEOGARH (NEAR DHANDHANIYA)- RAJASTHAN/GUJARAT BORDER (PHASE-I) (AJ/DRGB-PACKAGE-6),NHAI,LADAKH,10-2019,8/2023,Jun-2025,846.59,-,167.25,99.25,PETROLEUM
1266,N24001564,DEOGARH (NEAR DHANDHANIYA)- RAJASTHAN/GUJARAT BORDER (PHASE-I) (AJ/DRGB-PACKAGE-7),NHAI,LADAKH,10-2019,7/2023,Jun-2025,662.08,-,124.06,96.50,PETROLEUM
1267,N24001567,DELHI-VADODARA GREENFIELD ALIGNMENT (NH-148N) (PKG-10) (CH. 292.950 TO CH. 319.400) [END OF INTERCHA,NHAI,LADAKH,11-2019,10/2022,Jun-2025,"1,272.97",-,512.05,86.81,PETROLEUM
1268,N24001568,DELHI-VADODARA GREENFIELD ALIGNMENT (NH-148N) (PKG-14) (CH. 388.420 TO CH. 419.000) [JUNCTION WITH N,NHAI,LADAKH,11-2019,5/2023,Jun-2025,"1,119.35",-,"1,447.44",99.80,PETROLEUM
1269,N24001573,DELHI-VADODARA GREENFIELD ALIGNMENT (NH-148N) (PKG-09) (CH. 247.310 TO CH. 292.950) [JUNCTION WITH M,NHAI,LADAKH,11-2019,12/2022,Jun-2025,"1,658.06",-,157.39,99.90,PETROLEUM
1270,N24001612,DELHI-VADODARA GREENFIELD ALIGNMENT (NH-148N) (PKG-15) (CH. 419.000 TO CH.427.300) [JUNCTION WITH NH,NHAI,LADAKH,7-2020,1/2024,Dec-2025,"1,788.69",-,960.26,76.81,PETROLEUM
1271,N24001866,"CONSTRUCTION OF TWO LANE WITH PAVED SHOULDER FOR FATEHPUR BYPASS, MANDAWA BYPASS AND JHUNJHUNU BYPAS",MoRTH,LADAKH,3-2022,8/2024,-,186.29,-,142.69,90.00,PETROLEUM
1272,N24001867,UPGRADATION OF TWO LANE PAVED SHOULDER FROM SHAHPURA TO THANAGAZI OF NH-248A ON EPC MODE IN THE STAT,MoRTH,LADAKH,3-2022,7/2024,-,174.34,-,118.08,90.00,PETROLEUM
1273,N24001868,Sagwara Bypass and Garhi- Partapur Bypass of NH-927A in the State of Rajasthan.,MoRTH,LADAKH,3-2022,8/2025,-,187.65,-,117.57,90.00,PETROLEUM
1274,N24001927,UP-GRADATION TO 2 LANE WITH PAVED SHOULDER FROM CHARBHUJA AT DESIGN KM 0.00 (EXISTING KM 150.00) TO,MoRTH,LADAKH,2-2022,9/2025,-,838.43,-,455.87,99.00,PETROLEUM
1275,N24001928,CONSTRUCTION OF 2 LANE WITH PAVED SHOULDER NORTHERN BYPASS PHASE-II OF KOTA CITY FROM DESIGN CHAINAG,MoRTH,LADAKH,3-2022,4/2025,-,317.74,-,136.23,12.50,PETROLEUM
1276,N24002058,ADDITIONAL STRUCTURES ON 6LGURGAON- JAIPUR SECTION OF NH-48 BETWEEN KM 42.700 TO KM 273.00,NHAI,LADAKH,8-2022,6/2024,Jun-2025,409.64,-,238.22,77.10,PETROLEUM
1277,N24002167,UPGRADATION TO 2 LANE WITH PAVED SHOULDER OF HANUMANGARH TO KENCHIYAN OF NH 54 ON EPC MODE IN THE ST,MoRTH,LADAKH,3-2024,10/2026,-,334.64,-,128.00,50.00,PETROLEUM
1278,N24002168,UPGRADATION TO 2 LANE WITH PAVED SHOULDER FROM NEECHLI ODEN (NATHDWARA) AT DESIGN KM 88.800 TO BHATE,MoRTH,LADAKH,3-2023,10/2026,-,606.61,-,118.00,20.00,PETROLEUM
1279,N04000110,PAKYONG AIRPORT- WIDENING OF BASIC STRIP AT WESTERN SIDE OF RUNWAY CHAINAGE 80M TO 920M I/C SLOPE ST,AAI,LADAKH,11-2023,6/2026,-,323.26,-,24.99,12.00,"CIVIL
AVIATION"
1280,N44000002,"CONSTRUCTION OF SIKKIM UNIVERSITY CAMPUS PHASE-I, PACKAGE -II AT YANGANG SOUTH SIKKIM",Sikkim Universi,LADAKH,8-2020,1/2025,-,314.06,-,157.24,80.00,DEPARTMENT
1281,N18000325,TEESTA VI HE PROJECT,NHPC,LADAKH,3-2019,3/2024,-,"5,748.04",-,"4,341.50",67.67,POWER
1282,N18000326,RANGIT IV HE PROJECT,NHPC,LADAKH,3-2021,5/2024,-,938.29,-,"1,486.30",88.51,POWER
1283,N22000102,"SEVOK RANGPO, NEFR",NFR,LADAKH,4-2008,5/2015,Dec-2027,"7,876.92","11,963.43","8,569.25",80.00,RAILWAYS
1284,N24000767,CONSTRUCTION OF 2-LANE WITH PAVED SHOULDER INCLUDING GEOMETRIC IMPROVEMENT FROM KM 0.000 TO KM 16.00,NHIDCL,LADAKH,3-2017,4/2022,May-2022,375.80,-,288.56,96.55,RAILWAYS
1285,N24000768,CONSTRUCTION OF 2-LANE WITH PAVED SHOULDER INCLUDING GEOMETRIC IMPROVEMENT FROM KM 16.000 TO KM 32.5,NHIDCL,LADAKH,11-2017,10/2020,Aug-2023,290.05,-,218.36,100.00,RAILWAYS
1286,N24001251,CONSTUCTION/UPGRADATION OF EXISTING HIGHWAY TO 2 LANE WITH PAVED SHOULDER FROM KM 0.00 TO KM 13.00 N,NHIDCL,LADAKH,3-2019,4/2022,-,402.94,-,247.12,76.54,RAILWAYS
1287,N24001252,CONSTUCTION/UPGRADATION OF EXISTING HIGHWAY TO 2 LANE WITH PAVED SHOULDER FROM KM 13.00 TO KM 25.600,NHIDCL,LADAKH,8-2020,4/2023,Nov-2024,295.97,-,249.80,95.66,RAILWAYS
1288,N24001254,CONSTUCTION/UPGRADATION OF EXISTING HIGHWAY TO 2 LANE WITH PAVED SHOULDER FROM KM 26.10 TO KM 40.00,NHIDCL,LADAKH,3-2020,6/2022,-,242.97,-,246.91,100.00,RAILWAYS
1289,N24001261,CONSTRUCTION AND UPGRADATION OFEXISTINGROAD TO 2-LANE WITH PAVED SHOULDER INCLUDING GEOMETRIC IMPROV,NHIDCL,LADAKH,8-2020,4/2023,-,311.00,-,257.86,95.12,RAILWAYS
1290,N24001262,CONSTRUCTION AND UPGRADATION OFEXISTINGROAD TO 2-LANE WITH PAVED SHOULDER INCLUDING GEOMETRIC IMPROV,NHIDCL,LADAKH,7-2020,4/2023,Aug-2024,345.38,395.59,362.61,91.24,RAILWAYS
1291,N24001322,CONSTRUCTION OF 2-LANE ROAD WITH PAVED SHOULDER (GREENFIELD ALIGNMENT) OF EXISTING STRETCH BETWEEN L,NHIDCL,LADAKH,9-2020,5/2022,Oct-2023,183.31,439.56,355.31,51.19,RAILWAYS
1292,N24001325,CONSTRUCTION OF 2-LANE SPECIFICATION ROAD WITH PAVED SHOULDER AS REALIGNMENT (GREENFIELD ALIGNMENT),NHIDCL,LADAKH,9-2020,5/2023,Aug-2024,262.84,414.20,221.86,47.57,RAILWAYS
1293,N24001327,REHABILITATION AND UPGRADATION OF EXISTING ROAD TO 2-LANE WITH PAVED SHOULDER INCLUDING GEOMETRIC IM,NHIDCL,LADAKH,8-2020,5/2022,Oct-2023,292.80,-,202.92,60.90,RAILWAYS
1294,N24001336,CONSTRUCTION AND UPGRADATION OF EXISTING ROAD TO 2-LANE WITH PAVED SHOULDER FROM KM27.200 (END OF RO,NHIDCL,LADAKH,8-2020,4/2023,Oct-2024,230.45,244.91,206.95,82.32,RAILWAYS
1295,N24001337,CONSTRUCTION AND UPGRADATION OF EXISTING ROAD TO 2-LANE WITH PAVED SHOULDER FROM NEW ROLEP BRIDGE AT,NHIDCL,LADAKH,10-2020,11/2023,Jul-2025,493.42,478.79,305.20,58.28,RAILWAYS
1296,N24001338,CONSTRUCTION OF 2-LANE WITH PAVED SHOULDER OF NEW GREEN FIELD ALIGNMENT FROM CHOCHENPHERI AT KM 52.0,NHIDCL,LADAKH,10-2020,12/2023,Jun-2025,816.79,786.60,332.24,51.45,RAILWAYS
1297,N24001362,RISHI BORDER- ROLEP- MENLA PKG- 3B,NHIDCL,LADAKH,12-2020,2/2024,Apr-2025,410.60,379.30,234.98,74.58,RAILWAYS
1298,N24001442,CONSTRUCTION OF 2-LANE WITH PAVED SHOULDER GANGTOK BYPASS ROAD FROM RANIPOOL TO BURTUK (L=23.316KM),MoRTH,LADAKH,10-2021,5/2024,Jan-2026,385.15,-,170.32,81.30,RAILWAYS
1299,N04000074,"MODERNIZATION OF CHENNAI AIRPORT PHASE II, CHENNAI",AAI,LADAKH,6-2018,2/2022,Jun-2026,"2,467.00",-,"1,601.60",71.00,"CIVIL
AVIATION"
1300,N04000090,DEVELOPMENT OF TUTICORIN AIRPORT,AAI,LADAKH,6-2019,3/2022,Apr-2025,380.87,451.74,361.57,100.00,"CIVIL
AVIATION"
1301,N06000259,JAWAHAR KHANI OPENCAST (JK OC) MINE,SCCL,LADAKH,12-2021,3/2025,-,297.88,-,46.37,20.00,COAL
1302,N06000279,50 MW SOLAR POWER PROJECT -NEYVELI MINED OUT AREA,NLC,LADAKH,5-2023,6/2025,-,218.03,-,147.99,38.00,COAL
1303,N28000109,CONSTRUCTION OF 726 Nos RESIDENTIAL QUARTERS CHENNAI,CPWD FOR FINANC,LADAKH,11-2017,11/2021,-,348.77,-,223.39,100.00,FINANCE
1304,N10000014,25.5 MW WIND POWER PROJECT AT KAYATHAR IN TAMILNADU,NALCO,LADAKH,9-2017,6/2019,Mar-2024,166.62,163.17,135.63,65.00,MINES
1305,N16000234,IRUGUR-DEVANGONTHI POL PIPELINE,BPCL,LADAKH,11-2012,2/2017,Oct-2025,678.00,"1,732.00",615.48,59.00,MINES
1306,N16000434,CBR 9 MMTPA PROJECT,CPCL,LADAKH,1-2021,6/2025,-,"31,580.00","31,580.00","1,326.17",10.20,MINES
1307,N16000438,"GRASS ROOT POL TERMINAL AT VALLUR, CHENNAI",IOCL,LADAKH,1-2022,7/2024,Jun-2025,827.00,887.71,576.63,85.40,MINES
1308,N16000455,LAYING OF POL PIPELINES IN COMMON CORRIDOR FOR PROPOSED GRASS ROOT TERMINAL AT VALLUR (CHENNAI),IOCL,LADAKH,1-2022,7/2024,May-2026,829.00,-,257.54,59.44,MINES
1309,N16000486,CGD PROJECT AT DHARMAPURI AND KRISHNAGIRI DISTRICTS,IOCL,LADAKH,3-2022,3/2030,-,501.00,-,107.21,5.30,MINES
1310,N16000521,CGD PROJECTS AT THE NILGIRIS AND ERODE DISTRICTS,BPCL,LADAKH,12-2022,3/2030,-,"3,685.00",-,205.14,10.80,MINES
1311,N18000408,TRANSMISSION SYSTEM UNDER ISTS FOR EVACUATION OF POWER FROM KUDANKULAM UNIT - 3 AND 4 (2X1000 MW),PGCIL,LADAKH,1-2025,7/2028,-,548.00,-,0.00,N.A.,POWER
1312,N22000028,"EXTENSION OF MRTS FROM VELACHERY TO STN. THOMAS, MTP",MRTP,LADAKH,4-2006,7/2024,May-2025,734.01,734.01,632.33,98.00,RAILWAYS
1313,N22000085,TIDIVANAM-NAGARI (NL),SR,LADAKH,9-2006,9/2016,Mar-2028,"3,631.34","3,631.34",873.31,15.00,RAILWAYS
1314,N22000568,CHENNAI BEACH-CHENNAI EGMORE (4.3 KM) (UMBRELLA WORK PB#57/2019-20/NR),SR,LADAKH,3-2022,3/2026,Feb-2025,359.60,274.20,302.11,95.00,RAILWAYS
1315,N22000618,MORAPPUR-DHARMAPURI,SR,LADAKH,2-2019,3/2028,Mar-2028,358.95,-,40.09,1.00,RAILWAYS
1316,N22000625,KARAIKAL PERALAM(23KM)-NEW LINE PROJECT,SR,LADAKH,1-2019,3/2026,Mar-2025,304.22,-,282.58,97.00,RAILWAYS
1317,N22000626,NAGAPATTINAM THIRUTURAIPUNDI (38KM)- NEW LINE PROJECT,SR,LADAKH,7-2008,3/2026,Mar-2027,677.12,-,144.28,19.00,RAILWAYS
1318,N24000697,FOUR LANNING OF CHOLOPURAM- THANJAVUR,NHAI,LADAKH,8-2017,9/2020,-,"1,176.37",-,"1,325.06",99.50,RAILWAYS
1319,N24000708,4-LANNING OF STHIYATHOPU- CHOLOPURAM,NHAI,LADAKH,9-2017,8/2020,May-2025,"1,227.87",-,"1,436.16",98.12,RAILWAYS
1320,N24000826,FOUR LANINIG OF CHETTIKULAM TO NATHAM SECTION OF NH-785 FROM CHETTIKULUM (KM 7.300) TO NATHAM (KM. 3,NHAI,LADAKH,3-2018,10/2022,Jun-2025,505.35,-,376.61,99.75,RAILWAYS
1321,N24001429,FOUR LANING OF PUDUCHERRY (KM.29/000) TO POONDIYANKUPPAM (KM.67/000) SECTION OF NH-45A ON HAM UNDER,NHAI,LADAKH,3-2018,11/2021,Jun-2025,"1,294.47","1,588.40",865.95,98.72,RAILWAYS
1322,N24001431,FOUR LANING OF SATTANATHAPURAM (KM.123/800) TO NAGAPATTINAM (KM.179/555) SECTION OF NH-45A ON HAM UN,NHAI,LADAKH,3-2018,10/2020,Jan-2026,"1,872.68","2,899.77","1,301.78",63.50,RAILWAYS
1323,N24001455,CONSTRUCTION OF 4 LANE WITH PAVED SHOULDERS THIRUVAYARU BYPASS IN BETWEEN EXISTING KM.55/926 TO 62/6,MoRTH,LADAKH,2-2022,8/2022,-,191.33,207.97,100.42,100.00,RAILWAYS
1324,N24001600,BALANCE WORK 2-LANE WITH PAVED SHOULDERS OF NAGAPATTINAM - THANJAVUR SECTION OF NH-67 (NEW NH- 83),NHAI,LADAKH,10-2020,5/2023,Jun-2025,434.12,-,268.92,100.00,RAILWAYS
1325,N24001601,4-LANING OF KAMALAPURAM - ODDANCHATRAM SECTION OF NH-209,NHAI,LADAKH,1-2019,1/2023,Jun-2025,"1,051.69",-,588.17,81.69,RAILWAYS
1326,N24001602,4-LANING OF MADATHUKULAM - POLLACHI SECTION OF NH-209 (NEW NH-83),NHAI,LADAKH,1-2019,12/2022,Nov-2025,"1,409.38",-,659.50,91.09,RAILWAYS
1327,N24001603,4-LANING OF ODDANCHATRAM - MADATHUKULAM SECTION OF NH-209 (NEW NH-83),NHAI,LADAKH,1-2019,10/2022,Jun-2025,"1,518.53",-,915.40,100.00,RAILWAYS
1328,N24001605,"4-LANING OF MELUR - PILLAYARPATTI - KARAIKUDI SECTION OF NH-338, NH-36, NH- 383",NHAI,LADAKH,6-2018,3/2022,-,"1,103.86",-,568.15,84.25,RAILWAYS
1329,N24001606,4-LANING OF VADIPPATTI - THAMARAIPATTI SECTION OF NH-744A (MADURAI RING ROAD),NHAI,LADAKH,12-2018,3/2022,Sep-2025,854.94,-,400.13,77.21,RAILWAYS
1330,N24001692,BALANCE WORKS OF FOUR LANE FROM KM 43+950 (THIRUVALLUR BYPASS) TO KM 61+470 (VEPPAMPATTU BYPASS) PAS,NHAI,LADAKH,1-2022,9/2024,Feb-2025,467.99,-,71.05,80.92,RAILWAYS
1331,N24001693,FOUR LANING OF NERALURU TO THORAPALLI AGRAHARAM SECTION OF NH- 844 (PKG-I) FROM KM.0+000 TO KM.23+350,NHAI,LADAKH,9-2021,10/2024,-,"1,751.18",-,49.69,N.A.,RAILWAYS
1332,N24001694,FOUR LANING OF THORAPALLI AGRAHARAM TO JITTANDAHALLI SECTION OF NH-844 (PKG-II) FROM KM.23+350 TO KM,NHAI,LADAKH,2-2019,12/2023,Dec-2024,"1,243.57",-,171.63,N.A.,RAILWAYS
1333,N24001696,FOUR LANING OF JITTANDAHALLI TO DHARMAPURI SECTION OF NH-844 (PKG-III) FROM KM.60+100 TO KM.94+460,NHAI,LADAKH,2-2019,8/2023,Dec-2024,"1,291.37",-,215.02,N.A.,RAILWAYS
1334,N24001716,THOPPUR METTUR BHAVANI ERODE SECTION OF NH 544H FOR A LENGTH OF 85 KM,NHAI,LADAKH,7-2022,8/2023,Dec-2024,186.50,242.40,17.15,100.00,RAILWAYS
1335,N24001717,BANGALORE CHENNAI EXPRESSWAY PHASE-III PACKAGE III (ARAKKONAM TO KANCHEEPURAM) FROM KM 204.500 TO K,NHAI,LADAKH,11-2020,8/2024,-,"1,155.49","1,525.10",489.94,53.56,RAILWAYS
1336,N24001718,BANGALORE CHENNAI EXPRESSWAY PHASE-III PACKAGE II (WALAJAHPET TO ARAKKONAM) FROM KM 180.000 TO KM 2,NHAI,LADAKH,12-2020,7/2024,-,843.48,"1,077.40",434.49,90.62,RAILWAYS
1337,N24001719,4L BANGALORE-CHENNAI EXPRESSWAY FROM KM. 230.000 TO KM. 261.705 OF KANCHEPURAM TO SRIPERUMBUDUR SECT,NHAI,LADAKH,2-2021,7/2024,-,"2,948.31","3,605.73",813.96,76.32,RAILWAYS
1338,N24001720,BANGALORE CHENNAI EXPRESSWAY PHASE-III ? PACKAGE I (GUDIPALA TO WALAJAJHPET) FROM KM 156.000 TO KM 1,NHAI,LADAKH,10-2020,5/2024,-,"1,023.91","1,438.62",635.04,84.49,RAILWAYS
1339,N24001721,FOUR LANING OF MAMALLAPURAM TO MUGAIYUR SECTION OF NH332A FROM KM 0.000 TO KM 31.000,NHAI,LADAKH,2-2019,5/2024,Aug-2025,"1,008.99","1,360.53",324.81,48.10,RAILWAYS
1340,N24001722,6L OF MADURAVOYAL TO SRIPERUMBUDUR SECTION FROM KM. 13.800 TO KM. 37.000 OF NH-4 THROUGH STATE HIGH,NHAI,LADAKH,11-2021,2/2023,-,463.44,463.07,334.80,99.00,RAILWAYS
1341,N24001723,KARAIPETTAI TO WALAJAPET FROM KM 71.015 TO 107.091,NHAI,LADAKH,10-2018,2/2021,-,707.90,766.51,526.39,90.06,RAILWAYS
1342,N24001725,6L OF SRIPERUMBUDUR TO KARAIPETTAI FROM KM 37.000 TO KM 71.015 OF NH 48,NHAI,LADAKH,1-2019,5/2021,-,819.89,"1,314.82",415.60,57.32,RAILWAYS
1343,N24001828,CONSTRUCTION OF BYPASS TO GUDIYATHAM TOWN IN KM 23/100 ? 29/250 INCLUDING LA AND SHIFTING OF NH-234,MoRTH,LADAKH,1-2022,11/2024,-,221.03,243.95,176.50,100.00,RAILWAYS
1344,N24001829,FOUR LANING OF OTTANCHATRAM TO PALANI SECTION FROM KM 30/700 TO KM 55/000 OF NH 209(NEW NH-83) INCLU,MoRTH,LADAKH,10-2022,11/2024,-,172.15,-,157.48,100.00,RAILWAYS
1345,N24001968,CONSTRUCTION OF STRR (WEST SIDE)- NH948A-BALAGONDAPALLI (TAMIL NADU) TO KARNATAKA/TAMIL NADU BORDER F,NHAI,LADAKH,4-2022,5/2025,-,"1,260.74",-,487.46,44.95,RAILWAYS
1346,N24002084,4L OF THIRUMANGALAM TO VADUGAPATTI SECTION FROM KM 0.000 TO KM 36.000 OF NH-744,NHAI,LADAKH,3-2022,2/2025,-,"1,076.97",-,540.46,87.30,RAILWAYS
1347,N24002107,CONSTRUCTION OF NEW DOUBLE TIER 4 LANE ELEVATED CORRIDOR FROM CHENNAI PORT TO MADURAVOYAL IN CHENNAI,NHAI,LADAKH,3-2023,5/2026,-,"1,382.00",-,0.00,N.A.,RAILWAYS
1348,N24002108,CONSTRUCTION OF NEW DOUBLE TIER 4L ELEVATED CORRIDOR FROM CHENNAI PORT TO MADURAVOYAL IN CHENNAI DIS,NHAI,LADAKH,3-2023,5/2026,-,"1,618.96",-,0.00,N.A.,RAILWAYS
1349,N24002109,CONSTRUCTION OF NEW DOUBLE TIER 4L ELEVATED CORRIDOR FROM CHENNAI PORT TO MADURAVOYAL IN CHENNAI DIS,NHAI,LADAKH,3-2023,5/2026,-,"1,301.37",-,0.00,N.A.,RAILWAYS
1350,N24002110,CONSTRUCTION OF NEW DOUBLE TIER 4L ELEVATED CORRIDOR FROM CHENNAI PORT TO MADURAVOYAL IN CHENNAI DIS,NHAI,LADAKH,3-2023,5/2026,-,"1,207.40",-,0.00,N.A.,RAILWAYS
1351,N24002111,FOUR LANING OF MUGAIYUR TO MARAKKANAM SECTION OF NH-332A FROM KM 31.000 TO KM 62.000,NHAI,LADAKH,2-2019,12/2025,May-2026,825.94,"1,116.13",327.75,38.39,RAILWAYS
1352,N24002112,SIX LANING OF TUTICORIN PORT ROAD SECTION OF NH-7A (NEW NH-138) FROM KM 0.000 TO KM 6.140 [EFFECTIVE,NHAI,LADAKH,3-2023,7/2024,-,200.30,-,109.38,83.35,RAILWAYS
1353,N24002113,4L OF LEFT-OVER WORKS INCLUDING ADDITIONAL STRUCTURES FROM KERALA/TAMIL NADU BORDER TO KANYAKUMARI S,NHAI,LADAKH,3-2023,8/2025,-,"1,141.78",-,439.12,44.75,RAILWAYS
1354,N24002114,4L OF VADUGAPATTI TO THERKUVENGANALLUR (RAJAPALYAM) SECTION FROM KM 36.000 TO KM 71.600 OF NH744 UND,NHAI,LADAKH,2-2022,4/2025,-,"1,097.59",-,689.69,96.00,RAILWAYS
1355,N24002151,WIDENING TO 4L/4L+PS AND STRENGTHENING IN SELECTED STRETCHES FROM KM 0/8 TO 50/570 OF NH 532 INCLUD,MoRTH,LADAKH,3-2022,1/2024,-,257.14,294.70,251.25,90.00,RAILWAYS
1356,N24002152,WIDENING FROM 2L+PS TO 4L/4L+PS AND IMPROVEMENTS THE SELECTED STRETHCES FROM KM 26/5 - 81/2 INCLU,MoRTH,LADAKH,3-2023,11/2023,-,274.84,-,243.81,100.00,RAILWAYS
1357,N24002153,"STRENGTHENING OF 2L+PS FROM KM 17/8 ? 18/2, CONSTRUCTION OF 2L+PS FROM KM 18/2 TO KM 20/0 AND CONSTR",MoRTH,LADAKH,3-2023,2/2024,-,169.68,-,112.18,79.00,RAILWAYS
1358,N24002165,CONSTRUCTION OF BYPASS TO MADURAI - ACHAMBATHU - VIRATIPATHU IN KM 6/850 - 10/382 OF NH 49 EXTN. (NE,MoRTH,LADAKH,3-2022,8/2026,-,238.97,260.07,108.95,48.00,RAILWAYS
1359,N24002216,ACCESS CONTROLLED HIGHWAY OF 4 LANE WITH PAVED SHOULDERS FROM TIRUVALLUR (DESIGN CHAINAGE KM 17+56),NHAI,LADAKH,12-2024,12/2026,-,"1,376.10",-,0.00,7.03,RAILWAYS
1360,N06000161,KAKATIYAKHANI OPENCAST III PROJECT PHASE-1,SCCL,LADAKH,3-2017,3/2022,-,413.84,-,397.54,85.00,RAILWAYS
1361,N06000202,GODAVARIKHANI COAL MINE,SCCL,LADAKH,7-2019,3/2023,-,438.98,-,171.96,70.00,RAILWAYS
1362,N06000204,VENKATESH KHANI COAL MINE,SCCL,LADAKH,10-2020,3/2023,-,484.51,-,318.12,55.00,RAILWAYS
1363,N06000210,RCE OF RAMAGUNDAM OPENCAST II EXTENSION PROJECT,SCCL,LADAKH,11-2015,3/2023,-,489.62,-,405.54,70.00,RAILWAYS
1364,N06000211,RCE OF INDARAM OPENCAST PROJECT,SCCL,LADAKH,8-2017,3/2021,-,349.28,-,402.64,80.00,RAILWAYS
1365,N06000213,RCE OF KALYANIKHANI OPENCAST PROJECT,SCCL,LADAKH,3-2016,3/2020,-,384.32,-,260.96,75.00,RAILWAYS
1366,N06000214,RCE OF KAKATHIYAKHANI OC - 2 PROJECT,SCCL,LADAKH,8-2017,3/2020,-,442.42,-,203.00,63.00,RAILWAYS
1367,N06000258,GOLETI OPENCAST MINE,SCCL,LADAKH,7-2021,3/2026,-,345.60,-,68.47,20.00,RAILWAYS
1368,N21000031,"COMPREHENSIVE PLANNING, DESIGNING, EXECUTION OF ALL INDIA INSTITUTE OF MEDICAL SCIENCES AT BIBINAGAR",HITES,LADAKH,12-2018,7/2024,-,"1,110.55",-,743.76,82.04,"HEALTH AND
FAMILY
WELFARE"
1369,N28000098,ESTABLISHMENT OF NATIONAL ANIMAL RESOURCE FACILITY FOR BIOMEDICAL RESEARCH AT HYDERABAD,CPWD FOR HEALTH,LADAKH,10-2016,3/2020,Jan-2025,209.84,281.05,253.13,98.50,"HEALTH AND
FAMILY
WELFARE"
1370,N22000032,MANOHARABAD-KOTHPALL NEW LINE(SCR),SCR,LADAKH,4-2006,3/2027,-,"1,160.00",-,"1,535.65",N.A.,RAILWAYS
1371,N24000245,REHABILITATION AND UPGRADATION OF NH -565 FROM KM 1.00 TO 86.057 (NAKREKAL TO NAGARJUNSAGAR DAM SECT,MoRTH,LADAKH,1-2014,3/2016,Sep-2019,270.00,-,0.00,72.15,RAILWAYS
1372,N24000247,REHABILITATION AND UPGRADATION OF NH-221 FROM KM 121/0 TO 165/00 (OF VIJAYAWADA-JAGDALPUR RUDRAMPUR,MoRTH,LADAKH,10-2014,2/2017,-,295.47,-,224.42,98.15,RAILWAYS
1373,N24000248,EPC- CORRIDOR APPROACH WORKS - NH (O): WIDENING EXISTING 2 LANE TO 2 LANE WITH PAVED SHOULDERS IN KM,MoRTH,LADAKH,3-2015,1/2017,-,153.21,-,100.96,93.81,RAILWAYS
1374,N24000980,WIDEINING TO TWO/FOUR LANE WITH PAVED SHOULDERS FROM EXISTING KM 182.120 TO KM 227.600 OF NH-167 ON,MoRTH,LADAKH,10-2016,2/2019,-,298.32,-,178.47,98.00,RAILWAYS
1375,N24000981,WIDEINING TO TWO/FOUR LANE WITH PAVED SHOULDERS FROM EXISTING KM 180.60 TO KM 223.00 OF NH-63 ON NIZ,MoRTH,LADAKH,10-2016,3/2019,-,248.83,-,173.79,100.00,RAILWAYS
1376,N24000982,WIDENING TO TWO LANE WITH PAVED SHOULDERS FROM KM 40/410 TO KM 84/037OF THIRUMALAGIRI TO SURYAPET SE,MoRTH,LADAKH,1-2017,5/2019,-,244.54,-,174.35,100.00,RAILWAYS
1377,N24000983,WIDENING TO TWO LANE WITH PAVED SHOULDERS FROM KM 0/970 TO KM 40/410 OF JANAGAON-THIRUMALAGIRI OF NH,MoRTH,LADAKH,1-2017,10/2019,-,196.52,-,125.53,100.00,RAILWAYS
1378,N24000984,WIDENING TO TWO LANE WITH PAVED SHOULDERS FROM KM 15.525 TO KM 62.880 OF JADCHERLA-KALWAKURTHY SECTI,MoRTH,LADAKH,1-2017,12/2019,-,283.00,-,259.15,100.00,RAILWAYS
1379,N24000986,WIDENING TO TWO LANE WITH PAVED SHOULDERS FROM KM 67.00 TO 114.425 OF KALWAKURTHY-MALLEPALLY SECTION,MoRTH,LADAKH,1-2017,5/2019,-,300.00,-,239.93,96.05,RAILWAYS
1380,N24000987,6 LANING FROM KM 9.90 TO KM 19.948 (ARAMGARH-SAMSHABAD SECTION) OF HYDERABAD-SAMSHABAD SECTION OF NH,MoRTH,LADAKH,1-2018,5/2020,-,283.15,-,270.01,92.59,RAILWAYS
1381,N24000988,WIDENING AND STRENGTHENING OF EXISTING 2-LANE TO 2-LANE WITH PAVED SHOULDERS FROM KM.159/0 TO 165/4,MoRTH,LADAKH,1-2018,12/2019,-,230.03,-,231.31,99.90,RAILWAYS
1382,N24000989,WIDENING AND STRENGTHENING OF EXISTING CARRIAGEWAY IN 2 LANE WITH PAVED SHOULDERS FROM KM.25/0 TO 59,MoRTH,LADAKH,2-2018,6/2020,-,206.13,-,190.94,98.36,RAILWAYS
1383,N24000990,REHABILITATION AND UPGRADATION OF NH-167 FROM DESIGN KM.113.900 TO 154.479 (MALLEPALLY - HALIYA SECT,MoRTH,LADAKH,2-2018,11/2019,-,294.13,-,198.75,87.44,RAILWAYS
1384,N24000993,REHABILITATION AND UPGRADATION OF NH-167 FROM DESIGN KM.187.723 TO 234.434 (MIRYALAGUDA TO KODAD SEC,MoRTH,LADAKH,3-2018,9/2020,-,322.81,-,315.23,98.09,RAILWAYS
1385,N24000994,CONSTRUCTION OF SIX LANE ELEVATED CORRIDOR FROM KM.7.950 (UPPAL) TO KM.14.200 OF NH-163 TO DE-CONGES,MoRTH,LADAKH,3-2018,7/2020,-,626.76,-,272.64,45.30,RAILWAYS
1386,N24000996,REHABILITATION AND UP-GRADATION TO TWO LANE WITH PAVED SHOULDERS FROM KM 0/0 TO 72/6 OF NH-365 (NAKR,MoRTH,LADAKH,1-2017,10/2019,-,605.08,-,413.37,99.84,RAILWAYS
1387,N24000997,REHABILITATION AND UP GRADATION FROM KM. 121/0 TO 154/0 OF NAKAREKAL ? MALLAMPALLY SECTION OF NH-365,MoRTH,LADAKH,3-2018,7/2019,-,192.67,-,176.37,92.00,RAILWAYS
1388,N24000998,WIDENING AND STRENGTHENING/ RECONSTRUCTION OF EXISTING PAVEMENT TO FOUR ALNE WITH PAVED SHOULDERS FR,MoRTH,LADAKH,1-2019,(N.A.),-,193.19,-,222.58,95.00,RAILWAYS
1389,N24001482,KHAMMAM-DEVARAPALLE PKG I [4L ACCESS CONTROLLED (GREENFIELD) FROM THALLAMPADU VILLAGE TO SOMAVARAM,NHAI,LADAKH,8-2022,10/2024,Aug-2022,772.11,-,519.84,78.00,RAILWAYS
1390,N24001483,KHAMMAM DEVARAPALLE PKG II 4L ACCESS CONTROLLED (GREENFIELD) FROM SOMAVARAM VILLAGE TO CHINTAGUDEM V,NHAI,LADAKH,2-2022,9/2024,Feb-2022,637.11,-,415.97,84.71,RAILWAYS
1391,N24001484,KHAMMAM-DEVARAPALLE PKG III [4L ACCESS CONTROLLED (GREENFIELD) FROM CHINTAGUDEM VILLAGE TO RECHERLA,NHAI,LADAKH,9-2022,2/2024,Sep-2022,804.69,-,514.29,89.75,RAILWAYS
1392,N24001522,4L OF KODAD (DESIGN KM 0.00/EXISTING KM 185.00 OF NH-65) TO KHAMMAM (DESIGN KM 31.800/EXISTING KM 29,NHAI,LADAKH,1-2021,1/2024,Jan-2021,"1,307.95",-,707.34,99.79,RAILWAYS
1393,N24001555,"6 LANING OF EXISTING 4-LANE STRETCH FROM KALKALLU AT KM.454+000 TO GUNDLA POCHAMPALLY AT KM.471+000,",NHAI,LADAKH,3-2022,1/2025,-,955.49,-,233.46,35.96,RAILWAYS
1394,N24001556,6L OF EXISTING 4L FROM GUNDLAPOCHAMPALLY TO BOWENPALLY FROM KM 471.300 TO KM 481.331 OF NH-44,NHAI,LADAKH,12-2021,7/2024,-,521.53,-,250.70,48.76,RAILWAYS
1395,N24001625,6L ACCESS CONTROLLED GREENFIELD HIGHWAY OF JULEKAL VILLAGE TO DINNEDEVARAPADU VILLAGE FROM KM 242.20,NHAI,LADAKH,1-2022,1/2025,-,"1,227.57",-,288.58,44.49,RAILWAYS
1396,N24001626,6L ACCESS CONTROLLED GREENFIELD HIGHWAY OF NANDINNE VILLAGE TO JULEKAL VILLAGE FROM KM 202.900 TO KM,NHAI,LADAKH,2-2022,1/2025,-,972.06,-,408.48,66.81,RAILWAYS
1397,N24002000,WIDENING AND STRENGTHENING OF EXISTING 2 LANE WITH PAVED SHOULDER TO 4 LANE WITH PAVED SHOULDER FRO,MoRTH,LADAKH,3-2021,7/2024,-,317.19,-,162.21,70.00,RAILWAYS
1398,N24002001,WIDENING TO 2 LANE WITH PAVED SHOULDERS OF MEDAK - SIDDIPET SECTION FROM KM 0/0 TO KM 69/978 OF NH-,MoRTH,LADAKH,1-2022,1/2025,-,882.18,-,206.02,71.00,RAILWAYS
1399,N24002002,WIDENING AND IMPROVEMENT OF EXISTING CARRIAGE WAY TO 2 LANE WITH PAVED SHOULDERS FROM KM. 86/160 TO,MoRTH,LADAKH,1-2022,12/2024,-,423.48,-,149.27,71.08,RAILWAYS
1400,N24002003,REHABILITATION AND UP-GRADATION OF VALIGONDA TO THORRUR SECTION TO TWO LANE WITH PAVED SHOULDERS FRO,MoRTH,LADAKH,1-2022,12/2024,-,549.28,-,103.51,70.00,RAILWAYS
1401,N24002004,REHABILITATION AND UPGRADATION OF LB- NAGAR TO MALKAPUR SECTION TO 6-LANE MAIN CARRIAGEWAY WITH SERVI,MoRTH,LADAKH,3-2021,7/2024,-,545.11,-,191.56,75.92,RAILWAYS
1402,N24002005,WIDENING TO TWO LANE WITH PAVED SHOULDERS OF 'BODHAN BASAR BHAINSA ' SECTION FROM KM 38/900 TO 95/3,MoRTH,LADAKH,3-2022,3/2025,-,644.45,-,182.85,92.50,RAILWAYS
1403,N24002006,"ONSTRUCTION OF 4-LANE FLYOVER AT AMBERPET-X ROAD, HYDERABAD ON NH- 202 IN THE STATE OF TELANGANA",MoRTH,LADAKH,10-2017,6/2023,-,186.71,-,149.64,91.50,RAILWAYS
1404,N24002007,WIDENING TO TWO LANE WITH PAVED SHOULDERS FROM KM 0/000 TO KM 79/300 OF KALWAKURTHY - KOLLAPUR SECTI,MoRTH,LADAKH,3-2022,7/2025,-,886.69,-,90.46,59.29,RAILWAYS
1405,N24002008,WIDENING TO 2 LANE WITH PAVED SHOULDERS OF SIDDIPET-ELKATHURTHY SECTION FROM KM 69/978 TO KM 133/6,MoRTH,LADAKH,1-2022,12/2024,-,578.85,-,172.76,79.25,RAILWAYS
1406,N24002009,WIDENING AND STRENGTHENING TO 2/4 LANE WITH PAVED SHOULDERS OF MAHABUBNAGAR ? CHINCHOLI SECTION FROM,MoRTH,LADAKH,1-2022,1/2025,-,703.68,-,193.39,61.00,RAILWAYS
1407,N24002010,WIDENING AND STRENGTHENING TO 4 LANE / 2-LANE WITH PAVED SHOULDERS OF MAHABUBNAGAR-CHINCHOLI SECTION,MoRTH,LADAKH,3-2022,3/2024,-,631.49,-,7.92,25.00,RAILWAYS
1408,N24002082,IMPROVEMENT OF GEOMETRICS OF THONDUPALLY TO KOTHUR FROM KM 22.300 TO KM 34.14 OF NH-44-RCW,NHAI,LADAKH,2-2022,9/2024,-,541.58,-,34.89,N.A.,RAILWAYS
1409,N24002083,FOUR LANING OF KARIMNAGAR- WARANGAL SECTION OF NH-563 FROM DESIGN CH.48.860 KM NEAR SH-1 CH.170.400 K,NHAI,LADAKH,3-2022,7/2025,-,"2,146.86","2,413.00",999.41,71.83,RAILWAYS
1410,N24002190,CONSTRUCTION OF 4-LANE ACCESS CONTROLLED GREENFIELD HIGHWAY SECTION ON NH-163G (KHAMMAM- VIJAYAWADA),NHAI,LADAKH,3-2023,8/2026,-,983.00,-,0.00,8.50,RAILWAYS
1411,N24002236,CONSTRUCTION OF 4-LANE ACCESS CONTROLLED GREENFIELD HIGHWAY SECTION ON NH-163G (KHAMMAM - VIJAYAWADA,NHAI,LADAKH,3-2023,3/2025,-,832.62,-,0.00,N.A.,RAILWAYS
1412,N16000495,"GRASS ROOT RAIL FED DEPOT AT SEKERKOTE, AGARTALA AS RESITEMENT OF EXISTING DHARMANAGAR DEPOT",IOCL,LADAKH,6-2022,8/2025,Sep-2025,656.00,-,415.86,82.20,PETROLEUM
1413,N24001263,REHABILITATION AND UPGRADATION OF ROAD FROM KM 0.00 TO KM 18.600 OF KUMARGHAT-KAILASHAHAR SECTION,NHIDCL,LADAKH,6-2020,1/2022,Feb-2024,277.50,302.02,260.38,99.94,PETROLEUM
1414,N24001309,KAILASHAHAR TO KHOWAI PKG-4,NHIDCL,LADAKH,11-2020,6/2022,Oct-2023,159.13,171.50,84.33,100.00,PETROLEUM
1415,N24001317,2-LANING FROM JOLAIBARI - BELONIA,NHIDCL,LADAKH,6-2020,1/2022,-,201.99,-,148.22,100.00,PETROLEUM
1416,N24001363,MANU-SIMLUNG ( PKG 4),NHIDCL,LADAKH,3-2021,12/2022,-,354.79,-,34.08,N.A.,PETROLEUM
1417,N24001542,2 LANING FROM MANU-SIMLUNG PKG-2,NHIDCL,LADAKH,2-2022,1/2025,May-2025,456.88,-,122.23,49.88,PETROLEUM
1418,N24001914,IMPROVEMENT AND WIDENING TO 2-LANE WITH EARTHEN PAVED SHOULDER FROM UDAIPUR TO SRIMANTAPUR,NHIDCL,LADAKH,5-2023,11/2024,-,195.95,-,38.10,45.30,PETROLEUM
1419,N24002132,4 LANE WITH PAVED SHOULDER AGARTALA BYPASS (WESTERN SIDE) CONNECTING NH- 8,NHIDCL,LADAKH,3-2023,3/2027,-,"2,026.05",-,26.34,8.38,PETROLEUM
1420,N24002159,REHABILITATION AND UP-GRADATION OF ROAD FROM DESIGN KM 25.250 TO KM 36.460 (TOTAL LENGH: 11.210 KM),NHIDCL,LADAKH,2-2020,3/2026,-,174.43,-,9.34,16.61,PETROLEUM
1421,N24002160,IMPROVEMENT AND WIDENING TO 2-LANE WITH PAVED SHOULDER OF ROAD FROM KM 101.300 TO KM 127.319 (TOTAL,NHIDCL,LADAKH,1-2024,7/2026,-,431.78,-,52.82,34.61,PETROLEUM
1422,N24002161,KHOWAI ?TELIAMURA-AMARPUR-HARINA- SABROOM PACKAGE-2,NHIDCL,LADAKH,1-2024,9/2026,-,657.21,-,26.37,31.50,PETROLEUM
1423,N24002162,KHOWAI ?TELIAMURA-AMARPUR-HARINA- SABROOM PACKAGE-3,NHIDCL,LADAKH,1-2024,9/2026,-,670.90,-,0.00,2.00,PETROLEUM
1424,N24002205,CHAMPAK NAGAR TO KHAYERPUR SECTION (DESIGN KM 242+500 TO KM 261+610),NHIDCL,LADAKH,12-2023,9/2026,-,920.66,-,73.41,22.00,PETROLEUM
1425,N24002228,KHOWAI ?TELIAMURA-AMARPUR-HARINA- SABROOM SECTION PKG-4,NHIDCL,LADAKH,1-2024,12/2026,-,726.90,-,0.00,3.10,PETROLEUM
1426,N04000077,"CCS INTERNATIONAL AIRPORT , LUCKNOW",AAI,LADAKH,6-2018,9/2021,Oct-2026,"1,383.00","1,938.00","2,645.52",80.37,PETROLEUM
1427,N04000094,DEVELOPMENT OF AYODHYA AIRPORT PHASE-01,AAI,LADAKH,3-2021,12/2022,Jun-2025,242.14,328.00,344.58,99.90,PETROLEUM
1428,N04000102,"PRAYAGRAJ AIRPORT - CONSTRUCTION OF NEW TERMINAL BUILDING, SECOND LINK TAXI TRACK, APRON EXPANSION,",AAI,LADAKH,5-2023,11/2024,Jul-2025,185.75,274.38,200.46,95.00,PETROLEUM
1429,N04000113,AGRA: DEVELOPMENT OF NEW CIVIL ENCLAVE AT AGRA AIRPORT.,AAI,LADAKH,6-2024,7/2026,-,579.00,-,56.17,11.50,PETROLEUM
1430,N04000114,"VARANASI: DEVELOPMENT OF LAL BAHADUR SHASTRI INTERNATIONAL AIRPORT, VARANASI.",AAI,LADAKH,7-2024,7/2027,-,"2,869.65",-,255.45,14.50,PETROLEUM
1431,N06000152,NEYVELI UTTAR PRADESH POWER PROJECT LIMITED 1980 MW,NLC,LADAKH,7-2016,11/2021,Oct-2025,"17,237.00","21,780.94","19,854.80",90.89,COAL
1432,N06000208,KHADIA EXPANSION OCP,NCL,LADAKH,6-2021,3/2025,-,491.67,-,185.60,39.73,COAL
1433,N16000429,60 KTA POLYPROPYLENE PROJECT,GAIL,LADAKH,3-2019,4/2024,Apr-2024,910.56,"1,299.02",961.00,95.80,PETROLEUM
1434,N16000505,AUGMENTATION OF FACILITIES AT MATHURA BITUMEN PLANT,IOCL,LADAKH,4-2022,4/2025,Dec-2026,260.12,-,1.03,25.00,PETROLEUM
1435,N16000506,GRASS-ROOT TERMINAL AT MIRZAPUR UTTAR PRADESH,IOCL,LADAKH,9-2022,6/2026,-,980.45,-,200.55,49.80,PETROLEUM
1436,N16000525,"CITY GAS DISTRIBUTION PROJECTS AT LAKHIMPUR KHERI , SITAPUR, BAHRAICH, SHRAVASTI,BALRAMPUR,",BPCL,LADAKH,12-2022,6/2030,-,"16,654.00",-,544.01,9.50,PETROLEUM
1437,N18000272,KHURJA SUPER THERMAL POWER PROJECT,THDCIL,LADAKH,3-2019,9/2023,-,"11,089.42","13,276.16","12,317.27",95.50,PETROLEUM
1438,N18000382,"SINGRAULI SUPER THERMAL POWER PROJECT, STAGE-III (2X800 MW)",NTPC,LADAKH,3-2024,2/2030,-,"17,195.31",-,"1,302.80",1.00,PETROLEUM
1439,N18000407,TRANSMISSION SYSTEM FOR EVACUATION OF POWER FROM RAJASTHAN REZ PH-IV (PART-4: 3.5 GW): PART A,PGCIL,LADAKH,12-2024,12/2026,-,"5,846.00",-,78.74,N.A.,PETROLEUM
1440,N18000423,TRANSMISSION SYSTEM FOR STRENGTHENING TO FACILITATE EVACUATION OF POWER FROM BHADLA/BIKANER COMPLEX,PGCIL,LADAKH,12-2024,6/2026,-,213.00,-,0.00,N.A.,PETROLEUM
1441,N22000468,BURHWAL - GONDA - 3RD RUNNING LINE.,NER,LADAKH,4-2016,3/2025,-,"1,015.59",-,"1,178.02",50.00,PETROLEUM
1442,N22000470,"SHAHGANJ-BHATNI-PHEPHNA-INDARA, MAU- SHAHGANJ (EXCL. MAU-INDARA) PATCH DOUBLING.",NER,LADAKH,4-2016,12/2024,-,"1,177.96",-,"2,050.16",81.00,PETROLEUM
1443,N22000495,JHANSI MANIKPUR AND KHAIRAR BHIMSEN DOUBLING,NCR,LADAKH,3-2018,3/2026,-,"4,329.53",-,"2,008.74",50.00,PETROLEUM
1444,N22000496,JHANSI BINA DOUBLING,NCR,LADAKH,9-2016,3/2022,-,"2,002.00",-,"1,725.18",90.00,PETROLEUM
1445,N22000501,MATHURA-JHANSI-3RD LINE (273.80 KM),RVNL,LADAKH,6-2016,12/2024,-,"5,323.39",-,"5,046.07",N.A.,PETROLEUM
1446,N22000525,SURFACE TRIANGLE LINE BETWEEN BHADURA STATION AND NEW CROSSING STN KARMA DOUBLING,ECR,LADAKH,10-2022,10/2027,-,199.96,-,55.09,N.A.,PETROLEUM
1447,N22000544,MUGHALSARAI - ALLAHABAD - 3RD LINE,NCR,LADAKH,8-2019,12/2026,-,"2,649.44",-,83.10,55.00,PETROLEUM
1448,N22000545,ALIGARH-HARDUAGANJ FLYOVER (22 KM),NCR,LADAKH,4-2020,6/2026,-,"1,456.89","1,244.13",10.14,8.10,PETROLEUM
1449,N22000546,LALITPUR - BIRARI WITH FLYOVER AT LALITPUR,NCR,LADAKH,3-2017,12/2024,-,356.09,-,196.83,65.00,PETROLEUM
1450,N22000562,ALIGARH-DAUD KHAN - 3RD LINE 6.9 KM AND CONSTRUCTION OF FLYOVER AT DAUD KHAN,NCR,LADAKH,4-2019,12/2025,-,451.99,779.49,122.08,43.00,PETROLEUM
1451,N22000563,ALLAHABAD-BAMHRAULI - 4TH LINE (10 KM) WITH FLY-OVER AT SUBEDARGANJ,NCR,LADAKH,4-2019,3/2026,-,494.11,-,42.61,42.00,PETROLEUM
1452,N22000564,BHANDAI - FLYOVER FOR ETAWAH BOUND DOWN TRAINS,NCR,LADAKH,4-2019,12/2025,-,187.21,-,1.29,8.00,PETROLEUM
1453,N22000565,SAHJANWA - DOHRIGHAT,NER,LADAKH,8-2019,3/2029,-,371.77,-,569.15,3.00,PETROLEUM
1454,N22000566,BAHRAICH - NANPARA -NEPALGANJ (56.15 KM),NER,LADAKH,7-2020,12/2024,-,950.00,-,402.22,22.00,PETROLEUM
1455,N22000569,BAHRAICH SRAVASTI BALRAMPUR (TULSIPUR),NER,LADAKH,10-2018,10/2030,-,"4,939.78",-,"1,114.69",7.00,PETROLEUM
1456,N22000583,JANGHAI PRATAPGARH AMETHI DOUBLING,NR,LADAKH,11-2017,3/2025,-,721.72,-,58.98,70.00,PETROLEUM
1457,N22000590,BARABANKI MALHAUR 3RD AND 4TH LINE (32.84 KM),NR,LADAKH,1-2019,3/2025,Jan-2026,323.85,-,5.17,58.00,PETROLEUM
1458,N22000591,DOUBLING BETWEEN JAUNPUR JN- ZAFFARABAD (6.28 KM),NR,LADAKH,3-2023,12/2026,-,177.33,-,0.89,10.00,PETROLEUM
1459,N22000596,JANGHAI-PHAPHAMAU - DOUBLING WITH ELECTRIFICATION (46.79 KM),RVNL,LADAKH,11-2018,3/2025,-,357.48,-,362.09,N.A.,PETROLEUM
1460,N22000598,BHATNI - AUNRIHAR WITH ELECTRIFICATION (125 KM) (EXCL INDARA - MAU (116.95 KM)),RVNL,LADAKH,5-2018,12/2024,-,"2,529.46",-,"1,636.33",N.A.,PETROLEUM
1461,N22000612,MATHURA - VRINDAVAN (11 KM),NCR,LADAKH,8-2022,6/2025,-,402.88,-,0.00,N.A.,PETROLEUM
1462,N22000613,DOMINGARH - GORAKHPUR - GORAKHPUR CANTT - KUSUMHI - 3RD RUNNING LINE (21.15 KM),NER,LADAKH,11-2016,2/2025,-,351.03,-,476.09,86.00,PETROLEUM
1463,N24000331,CONSTRUCTION OF RING ROAD FOR RAEBARELI CITY (PHASE -I) ON EASTERN SIDE OF NH 24B,MoRTH,LADAKH,12-2019,4/2022,-,282.41,-,276.35,88.00,PETROLEUM
1464,N24000564,4-LANNING OF HARIDWAR-NAGINA SECTION OF NH 74 FROM (KM 204.300 OF NH 58) TO KM 73.00,NHAI,LADAKH,3-2016,7/2020,Jul-2025,"1,408.00","1,659.12","1,329.27",88.97,PETROLEUM
1465,N24000798,SIX LANING OF HAPUR BYPASS TO MORADABAD SECTION INCLUDING HAPUR BYPASS FROM KM 50.000 (DESIGN CHAINA,NHAI,LADAKH,3-2018,11/2021,-,"2,140.93",-,"2,067.70",99.65,PETROLEUM
1466,N24001306,TWO / FOUR LANING OF RAEBARELI - JAGDISHPUR SECTION OF NH-330A FROM KM. 0.000 TO KM. 47.800 (DESIGN,NHAI,LADAKH,10-2020,3/2023,-,724.60,-,569.96,96.00,PETROLEUM
1467,N24001421,CONSTRUCTION OF 6 LANE BRIDGE ON GANGA ON NH-96 AND ITS APPROACHES IN PHAPHAMAU ALLAHABAD ON EPC MOD,MoRTH,LADAKH,7-2018,2/2024,-,"1,948.25",-,"1,133.21",77.00,PETROLEUM
1468,N24001424,CONSTRUCTION OF FOUR-LANE ELEVATED VIADUCT FROM KM.4+634 TO KM.6+345 ON NH-24A INCLUDING RETAINING W,MoRTH,LADAKH,3-2021,9/2023,-,185.09,269.81,266.35,100.00,PETROLEUM
1469,N24001456,REHABILITATION AND UPGRADATION TO 2 LANE WITH PS OF RADHAITA TO PILIBHIT SECTION OF 46.130 KM,MoRTH,LADAKH,4-2020,2/2024,-,199.39,212.96,200.01,100.00,PETROLEUM
1470,N24001457,REHABILITATION AND UPGRADATION TO 2 LANE WITH PS OF MIRANPUR KATRA TO RADHAITA SECTION OF NH-730C F,MoRTH,LADAKH,4-2020,7/2024,-,172.50,169.56,106.06,73.00,PETROLEUM
1471,N24001461,2-LANE WITH PS OF BEWAR TO NEAR KARRI VILLAGE SECTION OF NH-92 FROM KM.0.00 TO 30.00 UNDER GNHCP,MoRTH,LADAKH,4-2020,3/2024,-,236.47,-,145.88,87.00,PETROLEUM
1472,N24001462,2-LANE WITH PS OF NEAR KARRI VILLAGE TO ETAWAH SECTION OF NH-92 FROM KM.30.000 TO 57.346 UNDER GNHCP,MoRTH,LADAKH,4-2020,7/2024,-,211.09,-,147.58,96.00,PETROLEUM
1473,N24001464,PROJECTS- REHABILITATION AND UPGRADATION OF NH-731A FROM KM 0.00 TO KM.35.00,MoRTH,LADAKH,3-2021,8/2023,-,264.86,-,129.12,84.00,PETROLEUM
1474,N24001469,IMPROVEMENT AND UPGRADATION TO TWO LANE WITH PAVED SHOULDER CONFIGURATION FROM EXISTING KM 55.00 TO,MoRTH,LADAKH,11-2021,5/2024,-,307.11,-,199.38,91.00,PETROLEUM
1475,N24001471,R/U TO 2-LANE WITH PS OF BEWAR TO ALLAHGANJ SECTION OF NH-730C FROM KM.0.00 TO 52.770 UNDER GNHCP,MoRTH,LADAKH,4-2020,11/2024,-,325.24,340.16,284.35,96.00,PETROLEUM
1476,N24001479,WIDENING AND UPGRADATION TO FOUR LANE CONFIGURATION FROM KM.34.900 (BHADOHI) TO KM.73.134 (JAUNPUR),MoRTH,LADAKH,3-2021,5/2024,-,395.62,392.03,281.93,72.00,PETROLEUM
1477,N24001480,WIDENING AND STRENGTHENING FROM KM 0.00 TO KM 15.089 OF NH-334A (PURKAJI- LAKSAR-HARIDWAR ROAD) TO TW,MoRTH,LADAKH,10-2021,4/2024,-,227.06,-,141.89,100.00,PETROLEUM
1478,N24001523,6L ACCESS-CONTROLLED HIGHWAY FROM (GANESHPUR) TO(NEAR MOHAND) OF GANESHPUR ? DEHRADUN SECTION FROM K,NHAI,LADAKH,3-2021,10/2023,Jun-2025,836.24,-,792.55,98.85,PETROLEUM
1479,N24001524,6L OF ACCESS-CONTROLLED HIGHWAY FROM MOHAND TO DAAT KALI TUNNEL OF GANESHPUR ? DEHRADUN SECTION FROM,NHAI,LADAKH,3-2021,10/2023,Jun-2025,990.28,-,997.62,98.79,PETROLEUM
1480,N24001587,WIDENING AND STRENGTHENING OF SECTION FROM BHARTHANA CHOWK TO KODARKOOT (KM. 0.00 TO KM. 40.00) OF,MoRTH,LADAKH,3-2020,9/2024,-,262.37,343.77,278.92,85.00,PETROLEUM
1481,N24001726,4L SPUR OF SHAMLI-MUZZAFARNAGAR CONNECTING NH-709AD (PANIPAT-SHAMLI- MUZAFFARNAGAR) AND NH-58 (MEERUT,NHAI,LADAKH,1-2023,8/2024,-,391.26,-,14.12,80.30,PETROLEUM
1482,N24001727,"IMPROVEMENT AND UP-GRADATION OF EXISTING ROAD TO 2/4L PS FROM KM 40.000 TO 88.750, START OF KHUTAR B",NHAI,LADAKH,3-2022,2/2025,-,762.62,-,561.21,94.75,PETROLEUM
1483,N24001729,4L SPUR OF PANIPAT - SHAMLI CONNECTING NH-709AD (PANIPAT ? SHAMLI ? MUZAFFARNAGAR) AND NH-709A (KARN,NHAI,LADAKH,8-2022,4/2024,-,326.79,-,113.42,96.00,PETROLEUM
1484,N24001730,4L FROM GAJU VILLAGE AT KM 32.982 TO DEVINAGAR BYPASS (END) AT KM 208.000 OF NH 530B (PKG 1C),NHAI,LADAKH,12-2021,1/2025,-,"1,384.79",-,657.94,97.98,PETROLEUM
1485,N24001731,6L GREENFIELD KANPUR - LUCKNOW (EXPRESSWAY) PKG II FROM KM. 28.500 TO KM. 73.744,NHAI,LADAKH,12-2021,5/2025,May-2025,"2,470.64",-,691.28,87.62,PETROLEUM
1486,N24001732,"IMPROVEMENT AND UP-GRADATION OF EXISTING ROAD TO 4L PS FROM KM 229.070 TO 260.800, END OF HARDOI DIS",NHAI,LADAKH,12-2021,10/2024,-,540.97,-,270.14,93.61,PETROLEUM
1487,N24001733,6L ACCESS CONTROLLED GREENFIELD HIGHWAY OF JUNCTION OF EPE (VILL.- MAVIKALAN) TO VILL.-LOHADDA FROM K,NHAI,LADAKH,3-2022,8/2024,-,"1,602.48",-,444.51,92.00,PETROLEUM
1488,N24001734,6L ACCESS CONTROL GREENFIELD HIGHWAY OF VILL-LOHADDA TO VILL- KARAUNDA MAHAJAN FROM KM. 27.000 TO KM.,NHAI,LADAKH,3-2022,8/2024,-,"1,335.45",-,462.61,82.45,PETROLEUM
1489,N24001735,6L ACCESS CONTROL GREENFIELD HIGHWAY OF VILL-KHYAWARI TO VILL- LATIFPUR AT SAHARANPUR BYPASS FROM KM,NHAI,LADAKH,3-2022,8/2024,-,"1,428.19",-,529.71,88.46,PETROLEUM
1490,N24001736,6L ACCESS CONTROL GREENFIELD HIGHWAY OF VILL-KARAUNDA MAHAJAN TO VILL-KHYAWARI FROM KM. 56.500 TO K,NHAI,LADAKH,1-2022,8/2024,-,"1,159.96",-,515.16,98.69,PETROLEUM
1491,N24001737,"4LPS OF MUZAFFARNAGAR TO MIRANPUR SECTION OF NH-709AD, PKG-III",NHAI,LADAKH,11-2021,4/2024,-,923.15,-,455.61,100.00,PETROLEUM
1492,N24001738,"2LPS OF BIJNOR TO KOTAWALI SECTION OF NH-709AD, PKG-IV",NHAI,LADAKH,9-2021,10/2023,Dec-2024,300.79,-,122.56,76.70,PETROLEUM
1493,N24001739,REHABILITATION and UPGRADATION FROM 2 LANE TO 4 LANE OF NH STRETCH UNDER BHARATMALA PARIYOJANA FOR U,NHAI,LADAKH,10-2019,11/2023,Dec-2024,"1,779.83",-,"1,066.00",100.00,PETROLEUM
1494,N24001744,"4L OF SHAMLI BYAPSS- SAHARANPUR FROM KM 92.2 TO KM 155.025 SECTION OF NH-709B, PKG-II",NHAI,LADAKH,5-2019,11/2022,-,779.17,-,64.10,98.27,PETROLEUM
1495,N24001745,KANPUR LUCKNOW EXPRESSWAY PKG-1 CONSTRUCTION OF 6-LANE TO EIGHT LANE OF KANPUR LUCKNOW EXPRESSWAY (N,NHAI,LADAKH,12-2021,7/2025,Jul-2025,"1,972.10",-,493.67,64.31,PETROLEUM
1496,N24001746,2-LANE EXISTING RAMPUR BYPASS OF RAMPUR TO BE DEVELOPED TO 4-LANE ON EPC MODE IN THE STATE OF UTTAR,NHAI,LADAKH,3-2021,4/2024,Jun-2025,364.47,-,208.55,91.66,PETROLEUM
1497,N24001753,4 LANING OF NAJIBABAD BYPASS OF NH- 119 FROM KM. 105.423 TO KM. 118.373 (EXCLUDING 2.45 KM. OF NH-74,NHAI,LADAKH,2-2022,6/2024,May-2025,570.98,578.02,400.10,96.06,PETROLEUM
1498,N24001754,SPUR OF MEERUT-GARH-MUKTESHWAR SECTION(NH-709A) CONNECTING NH-119 AND NH-58 BYPASSING MEERUT TOWN,NHAI,LADAKH,1-2022,10/2024,-,953.79,-,384.66,68.59,PETROLEUM
1499,N24001755,4-LANING OF MEERUT NAJIBABAD SECTION FROM KM. 11.500 TO KM 39.250 AND KM 86.590 TO KM. 112.545.IN TH,NHAI,LADAKH,10-2019,3/2023,Dec-2024,"1,936.68",-,"1,380.90",100.00,PETROLEUM
1500,N24001772,4 LANE CONNECTOR FROM DELHI MEERUT EXPRESSWAY KM 50.000 TO KM 8.520 OF NH 235 IN THE STATE OF UTTAR,NHAI,LADAKH,8-2021,3/2024,Dec-2024,"1,147.26",-,81.34,60.00,PETROLEUM
1501,N24001826,VARANASI RING ROAD (PKG-II) CONNECTING SANDAHA VILLAGE (KM 11.70 / NH-29) WITH REVASA VILLAGE (KM 81,NHAI,LADAKH,2-2019,2/2022,Jun-2025,927.77,-,"1,202.77",91.25,PETROLEUM
1502,N24001830,SIX LANE ACCESS CONTROLLED OF DELHI SAHARANPUR HIGHWAY FROM DELHI UP BORDER TO EPE JUNCTION CH.14.75,NHAI,LADAKH,6-2020,11/2023,Dec-2024,"2,002.79",-,"1,989.85",99.00,PETROLEUM
1503,N24001851,4L FROM MATHURA BYPASS (START) AT EXISTING KM. 154.20 OF NH-44 TO GAJU VILLAGE AT KM 32.982 OF NH-53,NHAI,LADAKH,1-2022,3/2025,-,"1,738.20",-,742.13,65.00,PETROLEUM
1504,N24001852,6L OF AGRA BYPASS (NORTHERN) CONNECTING KM. 174.500 OF NH-2 (NEW NH-19) TO KM. 141.000 OF YAMUNA EXP,NHAI,LADAKH,10-2021,2/2025,-,957.62,-,832.80,86.00,PETROLEUM
1505,N24001853,CONSTRUCTION OF LEFT OUT PORTION OF AGRA INNER RING ROAD CONNECTING VILLAGE DEORI TO NH-44 VILLAGE B,NHAI,LADAKH,10-2021,9/2024,Mar-2025,772.05,-,593.39,67.50,PETROLEUM
1506,N24001929,CONSTRUCTION OF 4-LANE GREEN FIELD HIGHWAY FROM KM. 35.000 TO KM. 49.155 OF NH-731A WITH PAVED SHOUL,MoRTH,LADAKH,1-2022,10/2025,-,697.66,-,318.82,94.00,PETROLEUM
1507,N24001992,BALANCE WORKS OF 4-LANNING OF RAMPUR-KATHGODAM SECTION OF NH-87 (NEW NH NO. 09) FROM KM. 0.000 (KM 1,NHAI,LADAKH,8-2022,2/2024,Jun-2025,199.31,244.26,190.10,91.87,PETROLEUM
1508,N24001996,CONSTRUCTION OF TWO LANE WITH PAVED SHOULDER HIGHWAY FROM DESIGN CH.0.000 TO CH.49.2OO OF NH- 731B ON,MoRTH,LADAKH,3-2022,11/2025,-,640.18,602.76,479.14,80.00,PETROLEUM
1509,N24001997,CONSTRUCTION OF SHOHRATGARH BYPASS ON NH-730 UNDER EPC MODE IN THE STATE OF UTTAR PRADESH,MoRTH,LADAKH,10-2022,5/2025,-,189.31,-,59.91,20.00,PETROLEUM
1510,N24002015,IMPROVEMENT AND UPGRADATION TO TWO LANE WITH PAVED SHOULDER CONFIGURATION FROM EXISTING KM 90.00 TO,MoRTH,LADAKH,11-2021,6/2025,-,403.36,328.49,137.71,70.00,PETROLEUM
1511,N24002016,CONSTRUCTION OF PRATAPGARH BYPASS (EXTENSION) CONNECTING NH-31 TO NH- 330,MoRTH,LADAKH,10-2022,6/2025,-,225.17,-,96.21,55.00,PETROLEUM
1512,N24002029,WIDENING TO FOUR LANE WITH PAVED SHOULDER FROM DESIGN KM.49.200 TO KM.89.285 OF NH-731B ON EPC MODE,MoRTH,LADAKH,3-2022,1/2026,-,917.91,956.30,606.74,44.00,PETROLEUM
1513,N24002031,CONSTRUCTION OF TWO LANE WITH PAVED SHOULDER FROM EXISTING KM.0.000 TO KM.55.610 (DESIGN KM. 0.000 T,MoRTH,LADAKH,12-2021,2/2026,-,840.93,773.58,499.20,40.00,PETROLEUM
1514,N24002032,CONSTRUCTION OF 4-LANE HIGHWAY WITH PAVED SHOULDERS FROM KM 49.155 TO KM 74.700 OF NH-731A ON HYBRID,MoRTH,LADAKH,1-2022,1/2026,-,"1,156.72",-,407.20,62.00,PETROLEUM
1515,N24002036,DEVELOPMENT OF SIX-LANE ACCESS CONTROLLED HIGHWAY FROM GOGWAN JALALPUR (SHAMLI DISTRICT) TO RANIPUR,NHAI,LADAKH,4-2022,5/2025,-,"1,843.59",-,843.83,49.00,PETROLEUM
1516,N24002073,GARHMUKTESHWAR (KM. 83.200 OF NH-24) TO MEERUT (KM. 9.860 OF NH-235) INCLUDING CONNECTOR TO NH-119,NHAI,LADAKH,10-2019,10/2023,-,"2,068.99","2,171.00",209.60,53.08,PETROLEUM
1517,N24002086,CONSTRUCTION OF FOUR LANE HIGHWAY FORM GHAZIPUR BALLIA UP BIHAR STATE BORDER (GREENFIELD) SECTION OF,NHAI,LADAKH,10-2022,7/2025,-,"1,706.47",-,719.13,75.00,PETROLEUM
1518,N24002087,CONSTRUCTION OF FOUR LANE HIGHWAY FROM GHAZIPUR BALLIA UP BIHAR STATE BORDER (GREENFIELD) SECTION OF,NHAI,LADAKH,10-2022,10/2025,-,"1,493.14",-,93.30,65.00,PETROLEUM
1519,N24002088,CONSTRUCTION OF FOUR LANE HIGHWAY FROM GHAZIPUR BALLIA UP BIHAR STATE BORDER (GREENFIELD) SECTION OF,NHAI,LADAKH,10-2022,8/2025,-,"1,493.50",-,492.86,55.00,PETROLEUM
1520,N24002089,CONSTRUCTION OF FOUR LANE HIGHWAY FROM GHAZIPUR BALLIA UP BIHAR STATE BORDER GREENFIELD SECTION OF N,NHAI,LADAKH,10-2022,6/2025,-,617.87,-,106.20,71.00,PETROLEUM
1521,N24002090,CONSTRUCTION OF FOUR-LANE ?WESTERN SIDE SPUR OF RAMPUR- RUDRAPUR SECTION CONNECTING NH-24 TO NH-87 BY,NHAI,LADAKH,3-2021,11/2024,Aug-2025,646.27,-,91.95,45.61,PETROLEUM
1522,N24002093,"IMPROVEMENT , UP-GRADATION OF NH-734 SECTION OF MORADABAD - THAKURDWARA - KASHIPUR: ?PACKAGE-I: MORA",NHAI,LADAKH,10-2022,9/2025,-,"1,841.92",-,418.99,51.50,PETROLEUM
1523,N24002094,"IMPROVEMENT AND UP-GRADATION OF EXISTING ROAD TO 4L PS FROM KM 123.650 TO 175.080, FROM START OF SHA",NHAI,LADAKH,9-2022,11/2025,-,"1,212.26",-,329.68,30.27,PETROLEUM
1524,N24002095,FOUR LANING OF SONAULI GORAKHPUR SECTION OF NH 29E (NEW NH 24) FROM DESIGN CH. 0.000 TO DESIGN CH. 7,NHAI,LADAKH,12-2021,3/2025,-,"2,555.50",-,966.89,60.50,PETROLEUM
1525,N24002096,CONSTRUCTION OF 4 LANE GREEN FIELD NORTHERN EAST SIDE GORAKHPUR BYPASS (26.616 KMS) STARTING FROM NH,NHAI,LADAKH,2-2023,1/2026,-,"1,973.98",-,736.14,47.00,PETROLEUM
1526,N24002097,STRENGTHENING OF EXISTING 4L AYODHYA BYPASS SECTION FROM DESIGN KM.121.600 TO KM. 144.020 OF NH 28 (,NHAI,LADAKH,2-2023,9/2025,-,526.45,-,228.37,83.00,PETROLEUM
1527,N24002104,CONSTRUCTION OF RING ROAD AROUND KANPUR FROM KM.000 TO KM. 23.325 (CHACHENDI SACHENDI I TO MAHARAJPU,NHAI,LADAKH,1-2023,6/2026,-,"1,754.00",-,343.02,34.00,PETROLEUM
1528,N24002105,CONSTRUCTION OF NEW 4 LANE PRAYAGRAJ SOUTHERN BYPASS (PHASE-I) FROM DESIGN KM 43+200 (AT MAHUWARI VI,NHAI,LADAKH,8-2023,6/2026,-,"1,378.36",-,198.15,25.10,PETROLEUM
1529,N24002106,CONSTRUCTION OF NEW 4 LANE PRAYAGRAJ SOUTHERN BYPASS FROM DESIGN KM 50.860 (NABABA URF NIBI KALA UPA,NHAI,LADAKH,8-2023,3/2025,-,993.77,-,372.80,92.86,PETROLEUM
1530,N24002115,CONSTRUCTION OF MARIAHU BYPASS WITH FOUR LANE PAVED SHOULDER CONFIGURATION (KM.53.540 TO KM.59.200),MoRTH,LADAKH,3-2023,8/2025,-,438.24,362.39,211.72,36.00,PETROLEUM
1531,N24002116,REHABILITATION AND UPGRADATION FROM KM 51.600 TO KM 75.700 OF NH-321G (NUHKHAS TO ETAH SECTION) TO T,MoRTH,LADAKH,1-2022,8/2025,-,343.54,-,75.83,34.00,PETROLEUM
1532,N24002120,CONSTRUCTION OF JASRA BYPASS WITH FOUR LANE PAVED SHOULDER CONFIGURATION FROM KM. 379.670 ON NH- 76 (,MoRTH,LADAKH,2-2023,9/2025,-,274.06,-,129.09,84.00,PETROLEUM
1533,N24002121,IMPROVEMENT AND UP-GRADATION TO TWO LANE WITH PAVED SHOULDER CONFIGURATION FROM EXISTING KM. 420.00,MoRTH,LADAKH,1-2022,9/2025,-,509.65,-,188.67,21.00,PETROLEUM
1534,N24002134,REHABILITATION AND UP-GRADATION FROM KM. 0.000 TO KM. 40.390 OF NH-730S (MAHARAJGANJ ? NICHLOUL ? TH,MoRTH,LADAKH,3-2023,12/2025,-,809.25,-,262.06,33.00,PETROLEUM
1535,N24002138,CONSTRUCTION OF FOUR LANE HIGHWAY WITH PAVED SHOULDER FROM KM.74.700 TO KM.112.950 OF NH-731A (I/C Y,MoRTH,LADAKH,3-2022,6/2026,-,"1,141.67",-,423.37,47.00,PETROLEUM
1536,N24002150,CONSTRUCTION OF BALRAMPUR BYPASS WITH 2L FLEXIBLE PAVEMENT CONFIGURATION FROM KM.223.000 OF NH- 330 T,MoRTH,LADAKH,12-2022,2/2026,-,515.69,-,172.49,28.00,PETROLEUM
1537,N24002199,WIDENING TO 4L RIGID PAVEMENT CONFIGURATION FROM KM 90.00 TO KM 100.800 OF NH-96 (KM 42.O TO KM 53.3,MoRTH,LADAKH,12-2022,11/2026,-,309.63,-,11.05,15.00,PETROLEUM
1538,N24002201,IMPROVEMENT AND UP-GRADATION TO TWO LANE WITH PAVED SHOULDER/FOUR LANE CONFIGURATION FROM EXISTING K,MoRTH,LADAKH,1-2022,5/2027,-,974.19,-,586.68,10.00,PETROLEUM
1539,N24002211,REHABILITATION AND UPGRADATION TO FOUR LANE ROAD FROM KM 70.500 TO KM 78.600 OF NH-92 UNDER EPC MODE,MoRTH,LADAKH,1-2022,1/2027,-,296.02,-,27.94,N.A.,PETROLEUM
1540,N24002212,WIDENING AND STRENGTHENING FROM DESIGN KM. 67.280 TO KM. 88.622 OF NH- 727A (SALEMPUR-MAIRWA ROAD) TO,MoRTH,LADAKH,3-2023,7/2026,-,371.89,-,134.82,32.00,PETROLEUM
1541,N24002213,REHABILITATION and UP-GRADATION TO 2L+PS FROM KM. 0.0 TO KM. 7.80 AND KM. 35.400 TO KM. 52.345 (DESI,MoRTH,LADAKH,3-2023,7/2026,-,701.02,-,243.54,10.00,PETROLEUM
1542,N24002214,CONSTRUCTION OF AMETHI BYPASS (PART- II) AT KM.30.050 OF NH-931 UNDER EPC MODE IN THE STATE OF UTTAR,MoRTH,LADAKH,12-2022,2/2027,-,283.86,-,58.92,N.A.,PETROLEUM
1543,N24002234,WIDENING TO 4L FROM KM.108.50 TO 139.00 OF NH-135A PKG-II (JAUNPUR TO AKBARPUR SECTION) ON HAM IN TH,MoRTH,LADAKH,3-2023,3/2027,-,"1,511.57",-,144.50,4.00,PETROLEUM
1544,N24002235,CONSTRUCTION OF RAEBARELI RING ROAD (PHASE-2) WITH FOUR LANE CONFIGURATION FOR RAEBARELI CITY IN THE,MoRTH,LADAKH,3-2022,5/2027,-,"1,273.72",-,330.12,N.A.,PETROLEUM
1545,N24002240,"IMPROVEMENT AND UP-GRADATION OF NH- 227B (84 KOSI PARIKRAMA MARG) PACKAGE ?I, FROM KM 228.920 (JAGARN",MoRTH,LADAKH,3-2022,11/2026,-,912.50,-,388.50,N.A.,PETROLEUM
1546,N24002241,"IMPROVEMENT AND UP-GRADATION OF NH- 227B (84 KOSI PARIKRAMA MARG) PACKAGE ?III, FROM KM.47.800 (GOSAI",MoRTH,LADAKH,3-2022,11/2026,-,587.97,-,84.06,N.A.,PETROLEUM
1547,N28000144,KANPUR METRO RAIL PROJECT,LMRCL,LADAKH,5-2019,3/2024,-,"11,076.48",-,"8,736.58",72.50,"URBAN
DEVELOPMEN
T"
1548,N28000145,AGRA METRO RAIL PROJECT,LMRCL,LADAKH,5-2019,3/2024,-,"8,379.62",-,"4,987.53",54.00,"URBAN
DEVELOPMEN
T"
1549,N30000021,INTERCEPTION AND DIVERSION WORKS AND STP AT MUZAFFARNAGAR UTTAR PRADESH,UPJalNigam,LADAKH,1-2019,12/2021,Jan-2020,231.79,234.03,141.79,100.00,"WATER
RESOURCES"
1550,N30000024,SEWERAGE SCHEME INTERCEPTION AND DIVERSION WITH STP WORKS AT MEERUT UTTAR PRADESH,UPJalNigam,LADAKH,2-2019,6/2022,-,681.78,-,13.34,25.00,"WATER
RESOURCES"
1551,N04000085,"CONSTRUCTION OF DOMESTIC PASSENGER TERMINAL BUILDING AT DEHRADUN AIRPORT, DEHRADUN",AAI,LADAKH,7-2018,9/2020,Sep-2024,456.86,500.00,483.96,100.00,"CIVIL
AVIATION"
1552,N18000010,TEHRI PUMPED STORAGE PLANT(1000MW),THDCIL,LADAKH,7-2006,7/2010,Jun-2022,"1,657.00","4,825.60","8,007.27",98.20,"CIVIL
AVIATION"
1553,N18000014,TAPOVAN-VISHNUGAD HEP (4X130MW),NTPC,LADAKH,11-2006,3/2013,Dec-2021,"2,978.48",-,"6,736.09",72.40,"CIVIL
AVIATION"
1554,N18000042,VISHNUGAD PIPALKOTI HYDRO ELECTRIC PROJECT,THDCIL,LADAKH,8-2008,6/2013,-,"2,491.58","3,860.35","4,819.19",70.50,"CIVIL
AVIATION"
1555,N18000142,LATA-TAPOVAN HYDRO ELECTRIC POWER PROJECT 3X57 MW,NTPC,LADAKH,7-2012,8/2017,-,"1,527.00",-,149.93,N.A.,"CIVIL
AVIATION"
1556,N22000406,RISHIKESH - KARNAPRAYAG NEW LINE,RVNL,LADAKH,4-2011,12/2025,-,"38,953.15",-,"18,820.04",N.A.,RAILWAYS
1557,N24000465,4-LANING OF KASHIPUR-SITARGANJ SECTION,AMR,LADAKH,11-2012,8/2016,-,605.84,-,0.00,N.A.,RAILWAYS
1558,N24000741,CONSTRUCTION AND UPGRADATION OF EXISTING ROAD TO 2 LANE WITH PAVED SHOULDER FROM KM 368.00 TO KM 399,NHIDCL,LADAKH,3-2018,11/2020,Mar-2024,274.31,-,253.61,97.31,RAILWAYS
1559,N24000742,2 LANE WITH PAVED SHOULDER FROM KM 399.00 TO KM 430.00 OF KARANPARYAG TO CHAMOLI UNDER CHARDHAM PARI,NHIDCL,LADAKH,3-2018,11/2020,-,403.36,-,340.32,98.93,RAILWAYS
1560,N24000743,2 LANE WITH PAVED SHOULDER FROM KM 430.00 TO KM 468.00 OF CHAMOLI TO PAINI UNDER CHARDHAM PARIYOJNA,NHIDCL,LADAKH,3-2018,11/2020,-,417.24,-,344.20,99.88,RAILWAYS
1561,N24000772,RECONSTRUCTION WITH GEOMETRIC IMPROVEMENT OF EXISTING 2 LANE/INTERMEDIATE LANE TO 2LANE WITH PAVED S,MoRTH,LADAKH,12-2017,12/2019,-,257.34,-,232.69,100.00,RAILWAYS
1562,N24000773,RECONSTRUCTION WITH GEOMETRIC IMPROVEMENT OF EXISTING 2 LANE/INTERMEDIATE LANE TO 2LANE WITH PAVED S,MoRTH,LADAKH,12-2017,12/2019,-,200.34,253.43,227.98,100.00,RAILWAYS
1563,N24000774,WIDENING OF EXISTING SINGLE LANE ROAD TO TWO LANE WITH PAVED SHOULDERS CONFIGURATION FROM KM. 235.00,MoRTH,LADAKH,12-2017,12/2019,-,248.22,-,236.80,100.00,RAILWAYS
1564,N24000775,RECONSTRUCTION WITH GEOMETRIC IMPROVEMENT OF EXISTING 2 LANE/INTERMEDIATE LANE TO 2LANE WITH PAVED S,MoRTH,LADAKH,6-2017,6/2019,Mar-2023,282.08,-,234.97,100.00,RAILWAYS
1565,N24000776,RECONSTRUCTION WITH GEOMETIC IMPROVEMENT OF EXISTING TWO LANE TO 2- LANE WITH PAVED SHOULDERS CONFIG,MoRTH,LADAKH,11-2017,11/2019,-,232.81,-,201.58,100.00,RAILWAYS
1566,N24000777,RECONSTRUCTION WITH GEOMETIC IMPROVEMENT OF SINGLE LANE TO 2- LANE WITH PAVED SHOULDER CONFIGURATION,MoRTH,LADAKH,11-2017,11/2019,-,283.51,-,278.51,100.00,RAILWAYS
1567,N24000778,RECONSTRUCTION WITH GEOMETRIC IMPROVEMENT OF EXISTING SINGLE/INTERMEDIATE LANE TO 2LANE WITH PAVED S,MoRTH,LADAKH,11-2017,11/2019,-,266.52,-,250.34,100.00,RAILWAYS
1568,N24000779,RECONSTRUCTION WITH GEOMETRIC IMPROVEMENT OF EXISTING SINGLE/INTERMEDIATE LANE TO 2 LANE WITH EAR,MoRTH,LADAKH,2-2018,2/2020,Mar-2023,418.88,-,339.71,94.00,RAILWAYS
1569,N24000780,REHABILITATION AND UP GRADATION OF 2 LANE/ 2 LANE WITH PAVED SHOULDER FROM EXISTING KM. 172.900 TO K,MoRTH,LADAKH,2-2018,(Apr-2023),-,293.68,-,244.25,100.00,RAILWAYS
1570,N24000781,CONSTRUCTION OF KUND BYPASS FROM EXISTING KM 33+130 TO KM 41+260 (EXISTING LENGTH: 8.130 KM); DESIGN,MoRTH,LADAKH,5-2018,5/2020,Dec-2023,248.00,-,120.50,66.00,RAILWAYS
1571,N24000782,REHABILITATION AND UPGRADATION OF 2 LANE WITH PAVED SHOULDER FROM EXISTING KM. 195.175 TO KM. 220.00,MoRTH,LADAKH,3-2018,(N.A.),-,460.73,-,0.00,N.A.,RAILWAYS
1572,N24000855,CONSTRUCTION OF 4.5 KM LONG SILKYARA TUNNEL BETWEEN KM 25.40 TO 50.25 KM (TUNNEL WORK),NHIDCL,LADAKH,3-2018,7/2022,-,"1,383.78",-,709.72,63.84,RAILWAYS
1573,N24001130,RECONSTRUCTION WITH GEOMETRIC IMPROVMENT OF EXISTING INTERMEDIATE LANE TO 2 LANE WITH PAVED SHOULDER,MoRTH,LADAKH,8-2016,12/2017,-,234.88,273.49,237.19,100.00,RAILWAYS
1574,N24001525,6L ACCESS-CONTROLLED HIGHWAY OF DAAT KALI TUNNEL - DEHRADUN OF GANESHPUR ? DEHRADUN SECTION FROM KM.,NHAI,LADAKH,3-2021,3/2024,May-2025,169.08,-,105.77,99.99,RAILWAYS
1575,N24001526,UPGRADATION AND 4L OF HARIDWAR BYPASS FROM KM 0.000 (KM 188.100 OF NH- 58) TO KM. 15.100 (KM 5.100 OF,NHAI,LADAKH,8-2021,10/2024,Aug-2025,"1,377.79","1,384.11",678.86,56.11,RAILWAYS
1576,N24001553,4L MEDINIPUR TO BALLUPUR FROM KM. 458.65 TO KM. 487.65 OF NH-07(PKG-2),NHAI,LADAKH,3-2022,2/2025,Nov-2025,"1,092.90","1,092.90",463.92,81.20,RAILWAYS
1577,N24001990,4L POANTA SAHEB?MEDNIPUR FROM KM. 435.65 TO KM. 458.65 OF NH-07(PKG-1),NHAI,LADAKH,6-2022,5/2025,Oct-2025,524.54,683.26,91.94,74.78,RAILWAYS
1578,N24001991,ACCESS ROAD/BRIDGE CONNECTIVITY FROM NH-09 AT KM.40 NEAR JAGBUDA BRIDGE (INDIA) TO BOUNDARY PILLAR,NHAI,LADAKH,5-2022,9/2024,Nov-2026,314.31,-,178.37,68.23,RAILWAYS
1579,N24002163,CONSTRUCTION FOR MITIGATION MEASURES KM 368.00-UTTARAKHAND-TO KM 433.00 ON NH-07-PKG-1,NHIDCL,LADAKH,12-2023,12/2025,-,216.88,-,80.79,75.80,RAILWAYS
1580,N24002164,CONSTRUCTION FOR MITIGATION MEASURES KM 450.00-UTTARAKHAND-TO KM 468.00 ON NH-07-PKG-3,NHIDCL,LADAKH,12-2023,12/2025,-,250.33,-,57.10,48.50,RAILWAYS
1581,N24002206,CONSTRUCTION FOR MITIGATION MEASURES PKG-2,NHIDCL,LADAKH,12-2023,6/2026,-,259.64,-,4.16,20.23,RAILWAYS
1582,N04000080,CONSTRUCTION OF ATC TOWER AND TECHNICAL BLOCK AT NSCBI AIRPORT KOLKATA,AAI,LADAKH,1-2016,3/2020,Dec-2023,458.00,-,251.64,100.00,"CIVIL
AVIATION"
1583,N04000081,"AIRSIDE CAPACITY ENHANCEMENT OF NSBI AIRPORT, KOLKATA",AAI,LADAKH,1-2019,11/2021,May-2023,389.71,397.00,396.61,100.00,"CIVIL
AVIATION"
1584,N04000109,"NSCBI AIRPORT KOLKATA: RE- CONSTRUCTION OF RIGID POSITIONS OF SECONDARY RUNWAY, 'K' AND 'A' TAXIWAY",AAI,LADAKH,4-2023,10/2025,-,328.30,-,79.39,36.00,"CIVIL
AVIATION"
1585,N04000115,BAGDOGRA AIRPORT: DEVELOPMENT OF NEW CIVIL ENCLAVE AT BAGDOGRA AIRPORT. SUB-HEAD : CONSTRUCTION OF N,AAI,LADAKH,8-2024,3/2027,-,"1,549.00",-,215.07,8.38,"CIVIL
AVIATION"
1586,N06000163,RANIGANJ MASTER PLAN,ECL,LADAKH,8-2009,8/2019,-,"2,661.73",-,784.10,42.00,"CIVIL
AVIATION"
1587,N06000165,SIDULI MINE (OC AND UG),ECL,LADAKH,5-2018,3/2027,-,535.18,-,4.75,14.00,"CIVIL
AVIATION"
1588,N06000170,NAKRAKONDA KUMARDIH B OCP,ECL,LADAKH,8-2018,3/2029,-,502.68,-,71.07,25.50,"CIVIL
AVIATION"
1589,N06000191,SHYAMSUNDARPUR UG INCLUDING SAPI UNIT,ECL,LADAKH,4-2020,3/2026,Mar-2026,483.65,-,55.23,12.00,"CIVIL
AVIATION"
1590,N06000195,2.0 MTPA BHOJUDIH NLW WASHERY,BCCL,LADAKH,12-2015,9/2020,-,384.57,-,348.66,97.00,"CIVIL
AVIATION"
1591,N06000220,SONEPUR BAZARI EXPANSION OC,ECL,LADAKH,7-2021,3/2029,-,"5,365.88","5,366.00",553.51,17.30,"CIVIL
AVIATION"
1592,N06000223,EXPANSION PR OF JHANJRA UG (5.00 MTY),ECL,LADAKH,4-2020,3/2029,-,"1,210.12",-,489.45,40.00,"CIVIL
AVIATION"
1593,N06000236,MOHANPUR EXPANSION OC PHASE II,ECL,LADAKH,11-2020,3/2026,-,888.99,-,77.94,30.25,"CIVIL
AVIATION"
1594,N06000244,BONJEMEHARI EXPANSION OCP,ECL,LADAKH,8-2021,3/2026,Mar-2026,570.12,-,81.58,16.00,"CIVIL
AVIATION"
1595,N06000272,ITAPARA OC,ECL,LADAKH,12-2023,3/2030,-,929.10,-,64.61,6.80,"CIVIL
AVIATION"
1596,N06000276,UCE OF TILABONI UG,ECL,LADAKH,1-2023,3/2029,-,749.07,-,52.09,10.30,"CIVIL
AVIATION"
1597,N06000277,UCE OF PARASEA BELBAID REORGANISATION UG,ECL,LADAKH,1-2023,3/2029,Mar-2028,389.10,-,130.56,16.40,"CIVIL
AVIATION"
1598,N06000281,PARASCOLE JAMBAD OCP,ECL,LADAKH,11-2024,3/2037,-,"1,193.55",-,5.91,N.A.,"CIVIL
AVIATION"
1599,N28000146,CONSTRUCTION OF TWO NOS GIRLS HOSTELS AND ONE NO BOYS HOSTEL OF 500 CAPACITY EACH G PLUS 8 STOREYED,CPWD EDUCATION,LADAKH,3-2020,6/2020,-,193.83,-,187.65,99.00,DEPARTMENT
1600,N10000015,"CONSTRUCTION OF BASEMENTG FLOOR10 STORIES BUILDING FOR THE STATE OF THE ART, DG, GSI AT SECTOR-V, SA",CPWD,LADAKH,4-2019,4/2022,-,255.37,-,68.66,38.00,MINES
1601,N16000275,DURGAPUR-HALDIA PIPELINE PROJECT,GAIL,LADAKH,3-2017,12/2020,Dec-2025,"1,740.00","2,433.15","2,185.10",89.80,MINES
1602,N16000392,CITY GAS DISTRIBUTION IN WEST BENGAL,HPCL,LADAKH,3-2019,3/2031,Mar-2031,"5,830.20",-,875.27,33.00,MINES
1603,N16000478,HALDIA PANAGARH PIPELINE PROJECT,HPCL,LADAKH,11-2022,11/2025,-,"1,010.00",-,546.60,79.09,MINES
1604,N16000491,"CGD PROJECT AT EAST MEDNIPORE, WEST MEDNIPORE AND JHARGRAM DISTRICTS",IOCL,LADAKH,3-2022,3/2030,-,609.00,-,55.29,2.10,MINES
1605,N16000498,CGD PROJECT IN WEST BENGAL 11TH ROUND,HPCL,LADAKH,6-2022,6/2030,-,"2,628.00",-,311.01,22.00,MINES
1606,N16000522,CITY GAS DISTRIBUTION PROJECTS AT ALIPURDUAR AND COOCH BEHAR,BPCL,LADAKH,12-2022,3/2030,-,"1,017.00",-,160.80,30.60,MINES
1607,N18000178,RAMMAM-III HEPP (3X40 MW),NTPC,LADAKH,9-2014,9/2019,Dec-2024,"1,381.84",-,"1,302.76",43.68,POWER
1608,220100272,"TARAKESWAR - BISHNUPUR NEW BG LINE (NL), ER",ER,LADAKH,4-2000,3/2019,Feb-2026,"1,188.91",-,"1,264.53",75.00,POWER
1609,N22000108,NEW WORK FOR CONSTRUCTION OF METRO RAILWAY FROM NOAPARA-BARASAI VIA BIMANBANDER (MTP),KOMRCL,LADAKH,4-2010,8/2026,-,"4,829.60",-,197.20,17.00,POWER
1610,N22000109,NEW WORK FOR CONSTRUCTION OF METRO RAILWAY FROM BARANAGAR TO BARRACKPORE AND DAKSHINESHWAR (MTP),RVNL,LADAKH,4-2010,12/2026,-,"2,298.42",-,392.98,N.A.,POWER
1611,N22000110,NEW WORK FOR CONSTRUCTION OF METRO RAILWAY FROM NSCB AIRPORT TO NEW GARIA VIA RAJARHAT (MTP),RVNL,LADAKH,4-2010,12/2025,-,"8,964.35",-,"7,387.40",N.A.,POWER
1612,N22000111,NEW WORK FOR CONSTRUCTION OF METRO RAILWAY FROM JOKA TO BINOY BADAL DINESH BAGH.,RVNL,LADAKH,4-2010,12/2026,-,"4,834.54",-,"3,918.86",N.A.,POWER
1613,N22000510,PURULIA TO KOTSHILA DOUBLING (39.1 KM),SER,LADAKH,4-2018,12/2024,-,393.83,-,318.36,100.00,POWER
1614,N22000624,NAHATI - RANAGHAT 3RD LINE (MM OF KALINARAYANPUR - KRISHNANAGAR),ER,LADAKH,7-2015,3/2025,-,"1,000.00",-,167.13,44.00,POWER
1615,N22000628,EAST WEST METRO CORRIDOR KOLKATA,KOMRCL,LADAKH,2-2009,9/2016,-,"4,874.58","8,575.00",0.00,N.A.,POWER
1616,N22000630,KALIPAHARI - BAKHTARNAGAR 5TH LINE (17.61 KM),ER,LADAKH,4-2024,6/2027,-,350.46,-,0.00,N.A.,POWER
1617,N22000631,SITARAMPUR BYE - PASS LINE (6.59 KM),ER,LADAKH,2-2023,3/2027,-,461.64,-,25.84,N.A.,POWER
1618,N24000463,4 LANING OF NH-31D FROM GHOSHPUKUR - SALSALABARI ( KM 0.00 TO KM . 83.785),NHAI,LADAKH,12-2015,6/2018,May-2024,"1,083.00","1,414.01","1,080.05",100.00,POWER
1619,N24000515,SIX-LANING OF BARWA ADDA-PANAGARH,NHAI,LADAKH,4-2014,9/2016,-,"1,665.00",-,"4,977.49",100.00,POWER
1620,N24000788,REHABILITATION AND UP GRADATION OF EXISTING ROAD TO 2-LANE WITH PAVED SHOULDER CONFIGURATION IN PURU,NHAI,LADAKH,3-2018,9/2022,Dec-2022,841.57,708.30,"11,802.22",96.13,POWER
1621,N24000874,CONSTRUCTION OF NEW ROAD AT THE MISSING LINK PORTION OF NH-81 ALONG THE APPROVED ALIGNMENT BETWEEN H,MoRTH,LADAKH,3-2016,11/2018,Dec-2023,271.17,291.20,199.72,82.47,POWER
1622,N24000880,UPGRADATION OF NH-81 WITH A MINIMUM OF 2-LANE WITH PAVED SHOULDER CONFIGURATION STARTING FROM KM 19.,MoRTH,LADAKH,2-2018,9/2020,Jan-2024,426.18,426.18,364.92,100.00,POWER
1623,N24001747,SIX LANE OF PALSIT TO DANKUNI SECTION FROM 588.870 TO KM. 652.700,NHAI,LADAKH,3-2020,9/2024,-,"2,193.23","2,314.00","2,085.00",96.40,POWER
1624,N24001748,SIX LANING OF NATIONAL CORRIDOR NH19 FROM PANAGARH TO PALSIT IN THE STATE OF WEST BENGAL UNDER BHARA,NHAI,LADAKH,3-2021,9/2024,-,"2,200.93",-,"2,621.43",97.31,POWER
1625,N24001749,FOUR LANING OF PURULIYA BYPASS SECTION OF NH 32 IN THE STATE OF WEST BENGAL ON EPC MODE,NHAI,LADAKH,8-2021,8/2023,-,557.55,-,473.25,91.41,POWER
1626,N24001750,CONSTRUCTION OF NEW 4 LANE BRIDGE OVER RIVER GANGA AT DOWNSTREAM OF FARAKKA BARRAGE INCLUDING APPROA,NHAI,LADAKH,8-2018,12/2021,-,622.04,-,573.67,91.44,POWER
1627,N24001850,DEVELOPMENT TO 4/6-LANNING OF NH-31 (NEW NH-10) WITH BOTH SIDE SERVICE ROADS FROM KM 569.258 TO KM 5,MoRTH,LADAKH,3-2022,9/2025,Sep-2025,995.04,995.04,383.85,49.91,POWER
1628,N24002184,CONSTRUCTION OR 4 LANE RANIGANJ BYPASS OF LENGTH 5 261 KM ON NH 60 NEW NH 14 FROM KM 273 00 OF NH,MoRTH,LADAKH,3-2023,3/2026,Mar-2026,410.83,-,152.32,34.89,POWER
1629,N24002191,CONSTRUCTION OF ROB AND ITS APPROACHES IN LIEU OF LEVEL CROSSING NO 10 B T AT KM 307 050 OF NH 60 B,MoRTH,LADAKH,3-2016,8/2025,-,155.87,-,21.68,10.10,POWER
1630,N12000132,REBUILDING OF COKE OVEN BATTERY NO.4 OF DURGAPUR STEEL PLANT,SAIL,LADAKH,11-2023,12/2026,-,916.78,-,98.69,9.91,STEEL
1631,N12000138,INSTALLATION OF NEW BAR MILL AT DURGAPUR STEEL PLANT,SAIL,LADAKH,9-2024,6/2027,-,"2,115.44",-,77.68,10.16,STEEL
1632,N12000139,UP-GRADATION OF BLAST FURNACE NO. 3 AT DURGAPUR STEEL PLANT,SAIL,LADAKH,9-2024,6/2026,-,758.09,-,35.34,202.00,STEEL
1633,N12000140,REVAMPING OF AIR POLLUTION CONTROL SYSTEMS OF SP-1 AT DURGAPUR STEEL PLANT,SAIL,LADAKH,11-2024,5/2026,-,196.40,-,0.19,0.90,STEEL
1634,N12000141,THIRD LADLE FURNACE IN SECONDARY REFINERY UNIT AT IISCO STEEL PLANT,SAIL,LADAKH,11-2024,7/2026,-,227.96,-,2.58,28.26,STEEL
1635,N30000032,INTERCEPTION AND DIVERSION WITH STP AT MAHESHTALA,KMDA,LADAKH,5-2018,2/2022,-,198.43,224.69,77.78,96.00,STEEL
1636,N30000034,INTERCEPTION DIVERSION TREATMENT WORKS AT TOLLYS NULLAH ADI GANGA,KMDA,LADAKH,8-2017,9/2022,Jan-2023,307.12,-,0.00,N.A.,STEEL
1637,N30000042,INTERCEPTION AND DIVERSION WITH STP AT HUGHLY-CHINSURAH,KMDA,LADAKH,5-2018,2/2022,Sep-2020,160.00,154.73,91.87,92.00,STEEL
