Sl.No,Project Code,Project Name,Agency,State,Date of Approval (MM/YYYY),Start Date (MM/YYYY),Original DoC (MM/YYYY),Revised DoC (MM/YYYY),Original Cost (Rs. Crore),Revised Cost (Rs. Crore),Cumulative Expenditure (Rs. Crore),AUG25 progress (%),Sector
1,612786,"Construction of New Domestic Terminal Building Building and miscellaneous works including maintenance, operations and AICMC at Kadapa Airport",(Airport Authority of India [AAI]),Andhra Pradesh,03/2023,01/2024,01/2026,03/2026,265.91,265.91,50.06,34,Aviation & Aviation Infrastructure
2,701107,Construction of New Integrated Terminal Building and associated works including apron to park 3 code E type of aircraft or 6 code C type of aircraft at Vijayawada Airport.,(Airport Authority of India [AAI]),Andhra Pradesh,06/2020,09/2020,09/2022,12/2025,611.8,611.8,473.27,79,Aviation & Aviation Infrastructure
3,701121,Construction of New  Domestic Terminal Building  at Rajahmundry Airport.,(Airport Authority of India [AAI]),Andhra Pradesh,12/2022,08/2023,08/2025,12/2025,347.15,347.15,90.56,51,Aviation & Aviation Infrastructure
4,706724,Guwahati Airport New Integrated Terminal Building Construction Project,(Adani Airport Holdings Limited),Assam,12/2016,03/2018,03/2025,11/2025,1712,1712,2335.44,91,Aviation & Aviation Infrastructure
5,612183,Development of New Civil Enclave at Bihta,(Airport Authority of India [AAI]),Bihar,08/2024,03/2025,09/2027,-,1413,1413,0,1,Aviation & Aviation Infrastructure
6,612194,Development of New Civil Enclave and associated works at Darbhanga Airport,(Airport Authority of India [AAI]),Bihar,07/2024,07/2024,01/2026,-,911.66,911.66,160.2,26,Aviation & Aviation Infrastructure
7,701101,"Construction of New Domestic Terminal Building [Phase-I and II] and other allied structures at JPNI Airport, Patna",(Airport Authority of India [AAI]),Bihar,12/2018,10/2018,07/2023,11/2025,1216.9,1216.9,1096.51,94,Aviation & Aviation Infrastructure
8,701105,Goa Airport Terminal Building Extension Project,(Airport Authority of India [AAI]),Goa,11/2017,12/2019,12/2021,09/2025,255.69,255.69,130,90,Aviation & Aviation Infrastructure
9,701126,"Development of Dholera International Greenfield Airport , Gujarat",(Airport Authority of India [AAI]),Gujarat,06/2022,07/2022,06/2026,06/2026,1305,1551,1348.78,64,Aviation & Aviation Infrastructure
10,611047,"Construction of NTB complex including apron, taxi track and other associated civil works and electrical & mechanical installations towards Tawi River side at CA Jammu.",(Airport Authority of India [AAI]),Jammu and Kashmir,07/2022,07/2023,06/2026,06/2026,861.37,861.37,177.69,35,Aviation & Aviation Infrastructure
11,612787,Construction of New Domestic Terminal Building and Miscellaneous works at Hubli Airport,(Airport Authority of India [AAI]),Karnataka,06/2023,01/2024,01/2026,03/2026,320.47,320.47,61.79,38,Aviation & Aviation Infrastructure
12,612788,Construction of New Domestic Terminal Building and Miscellaneous Works at Belagavi Airport.,(Airport Authority of India [AAI]),Karnataka,06/2023,02/2024,01/2026,01/2026,322.45,322.45,121.72,52,Aviation & Aviation Infrastructure
13,612789,"Development of additional RESA on either end on Runway 10-28  at Calicut Airport. Construction of embankment with slope protection, drainage system and associated works for additional RESA on either end on Runway 10-28",(Airport Authority of India [AAI]),Kerala,06/2023,02/2024,09/2025,03/2026,484.57,484.57,83.95,21,Aviation & Aviation Infrastructure
14,400010,"Construction of Terminal Building & Associated works at Leh Airport, Ladakh",(Airport Authority of India [AAI]),Ladakh,07/2018,09/2018,09/2021,10/2025,480,640,434.79,71,Aviation & Aviation Infrastructure
15,706718,C/o NITB Imphal Airport,(Airport Authority of India [AAI]),Manipur,11/2021,07/2022,07/2024,12/2026,499,499,154.43,41,Aviation & Aviation Infrastructure
16,611570,"SITC of ATM Automation System and ASMGCS [Including SMR & MLAT] for Mumbai, Navi Mumbai, Jewar [earlier MOPA, without ASMGCS], HIAL & BIAL",(Airport Authority of India [AAI]),"Multi-States (Karnataka, Maharashtra, Telangana, Uttar Pradesh)",NA,10/2022,09/2025,08/2026,500.48,500.48,332.26,75,Aviation & Aviation Infrastructure
17,701127,Construction of New Passenger Terminal Building for Domestic Operations at Jodhpur Airport.,(Airport Authority of India [AAI]),Rajasthan,05/2022,04/2023,11/2024,10/2025,480,480,281.72,84,Aviation & Aviation Infrastructure
18,701128,Construction of New Integrated Passenger Terminal Building at Udaipur Airport,(Airport Authority of India [AAI]),Rajasthan,06/2023,11/2022,03/2026,10/2026,887,887,352.82,49,Aviation & Aviation Infrastructure
19,612793,"Widening of basic strip at Western Side of Runway Chainage 80m to 920m i/c slope stabilization Measures [Balance work] of uphill and Improvement of Storm Water Drainage System at Pakyong Airport, Sikkim on design & build basis [EPC] with integrated 10 years maintenance.",(Airport Authority of India [AAI]),Sikkim,11/2023,12/2023,02/2026,-,323.26,323.26,29.7,12,Aviation & Aviation Infrastructure
20,611602,"Modernization of Chennai Airport, Phase II, Part 2",(Airport Authority of India [AAI]),Tamil Nadu,05/2018,06/2023,07/2025,03/2026,1207,1207,149.21,22,Aviation & Aviation Infrastructure
21,612063,"Construction of New Terminal Building, Second Link Taxi Track, Apron Expansion, and associated works at Prayagraj Airport- On Design & Build Basis.",(Airport Authority of India [AAI]),Uttar Pradesh,NA,08/2023,11/2024,08/2025,219.18,274.38,215.19,100,Aviation & Aviation Infrastructure
22,701091,Lucknow Airport-Terminal 3- Phase 1 & Other Associated Works,(Adani Airport Holdings Limited),Uttar Pradesh,06/2018,09/2018,03/2026,-,3100,3100,16024.42,100,Aviation & Aviation Infrastructure
23,701113,"Development of Lal Bahadur Shastri International airport, Varanasi including C/o New Terminal Building, Apron Extension, Runway Extension, PTT and allied works.",(Airport Authority of India [AAI]),Uttar Pradesh,07/2024,07/2024,07/2027,07/2027,2869.65,2869.65,322.98,16,Aviation & Aviation Infrastructure
24,701122,Development of New Integrated Civil Enclave at Agra Airport,(Airport Authority of India [AAI]),Uttar Pradesh,06/2024,07/2024,07/2026,-,579,579,76.88,16,Aviation & Aviation Infrastructure
25,611495,Development of New Civil Enclave at Bagdogra Airport,(Airport Authority of India [AAI]),West Bengal,08/2024,10/2023,01/2027,01/2027,1549,1549,274.14,11,Aviation & Aviation Infrastructure
26,612791,"Re-Construction of Rigid portions of Secondary Runway, K and  A Taxiway and Strengthening of C Taxiway at NSCBI Airport Kolkata.",(Airport Authority of India [AAI]),West Bengal,04/2023,12/2023,02/2025,08/2026,328.3,328.3,101.26,45,Cumulative
27,615820,TIKAK EXTENSION OCP,(MIS MoCoal Integration Logins),Assam,07/2022,07/2022,07/2031,-,159.77,159.77,80.84,0,Coal
28,615821,TIRAP OCP,(MIS MoCoal Integration Logins),Assam,11/2022,11/2022,11/2030,-,289.46,289.46,105.47,0,Coal
29,400144,PORDA CHIMTAPANI OCP [10 MTY],(South Eastern Coalfields Limited [SECL]),Chhattisgarh,12/2020,12/2020,03/2029,-,2310.12,2310.12,83.66,10,Coal
30,400145,CHHAL OC SEAM III [6 MTY],(South Eastern Coalfields Limited [SECL]),Chhattisgarh,12/2013,12/2013,03/2022,09/2025,610.63,610.63,577.46,85,Coal
31,400147,KUSMUNDA OC EXPANSION [15 TO 50 MTY],(South Eastern Coalfields Limited [SECL]),Chhattisgarh,08/2013,08/2013,03/2023,03/2030,7612.33,7612.33,4697.95,81,Coal
32,400149,BAROUD OC EXPANSION [3.0-10.0M,(South Eastern Coalfields Limited [SECL]),Chhattisgarh,08/2020,08/2020,03/2029,-,2309.8,2309.8,926.11,48,Coal
33,400354,DIPKA EXPANSION OCP [40 MTY],(South Eastern Coalfields Limited [SECL]),Chhattisgarh,12/2020,12/2020,03/2029,-,5241.4,5241.4,2830.01,37,Coal
34,400424,GEVRA OC [70 MTY],(South Eastern Coalfields Limited [SECL]),Chhattisgarh,03/2016,03/2016,03/2023,03/2026,11816.4,11816.4,5328.96,77,Coal
35,613795,JAMPALI OC RCE [2.0 MTY],(South Eastern Coalfields Limited [SECL]),Chhattisgarh,05/2020,05/2020,03/2025,06/2025,278.64,278.64,210.07,82,Coal
36,613798,AMERA OC RCE [1.0 MTY],(South Eastern Coalfields Limited [SECL]),Chhattisgarh,02/2015,02/2015,03/2026,-,335.97,335.97,88.21,42,Coal
37,613799,AMGAON OC RCE [1.0 MTY],(South Eastern Coalfields Limited [SECL]),Chhattisgarh,07/2015,07/2015,03/2026,-,316.11,316.11,188.6,72,Coal
38,613800,JAGANNATHPUR OC RCE PROJECT[3,(South Eastern Coalfields Limited [SECL]),Chhattisgarh,07/2016,07/2016,03/2025,03/2026,459.49,459.49,274.35,92,Coal
39,613801,MAHAMAYA OCP [1.50 MTY],(South Eastern Coalfields Limited [SECL]),Chhattisgarh,05/2018,05/2018,03/2026,-,410.26,410.26,181.23,38,Coal
40,615191,KATKONA RO UG MINE,(South Eastern Coalfields Limited [SECL]),Chhattisgarh,01/2023,01/2023,03/2029,-,329.21,329.21,60.3,2,Coal
41,616234,PELMA OC MDO,(South Eastern Coalfields Limited [SECL]),Chhattisgarh,10/2022,10/2022,03/2033,-,1725.04,1725.04,15.66,17,Coal
42,617287,KUSMUNDA OC EXPANSION PROJECT 50-75 MTY,(SECL - CIL),Chhattisgarh,11/2024,11/2024,03/2030,-,4516.88,4516.88,16.97,3,Coal
43,617288,MANIKPUR OC EXPANSION PROJECT 7 MTY,(South Eastern Coalfields Limited [SECL]),Chhattisgarh,01/2025,01/2025,03/2029,-,382.61,382.61,0.86,1,Coal
44,612838,DIPKA OC,(SECL - CIL),Gujarat,NA,01/2017,03/2025,-,7580,7580,3091,65,Coal
45,400018,HURA C OCP,(ECL - CIL),Jharkhand,08/2022,08/2022,03/2029,-,859.41,859.41,450.76,62,Coal
46,400073,KONAR EXPANSION OCP,(Ministry of Coal),Jharkhand,01/2022,01/2022,03/2032,-,799.34,799.34,424.01,45,Coal
47,400074,KARO EXPANSION OCP,(Ministry of Coal),Jharkhand,01/2022,01/2022,03/2029,-,908.47,908.47,269.18,22,Coal
48,400136,SANGHMITRA OC,(Ministry of Coal),Jharkhand,03/2024,03/2027,03/2032,-,2660,2660,0,0,Coal
49,400138,CHANDRAGUPT OCP,(Ministry of Coal),Jharkhand,08/2020,08/2020,03/2032,-,973.5,973.5,440.56,25,Coal
50,400139,KOTRE BASANTPUR PACHMO OCP,(Ministry of Coal),Jharkhand,08/2020,08/2020,03/2032,-,861.06,625.4,455.95,42,Coal
51,400142,Pachwara South Coal Block,(NLC India Limited [NLCIL]),Jharkhand,NA,12/2019,09/2028,-,2242.9,2242.9,1170.75,74,Coal
52,400150,RPR MAGADH EXP OCP,(Ministry of Coal),Jharkhand,08/2020,08/2020,03/2028,-,7254.37,7254.37,1535.31,38,Coal
53,400151,NORTH URIMARI EXPANSION OCP,(Ministry of Coal),Jharkhand,07/2021,07/2021,03/2029,-,778.8,778.8,695.99,67,Coal
54,400153,EPR ROHINI - KARKETTA OCP,(Central Coalfields Limited [CCL]),Jharkhand,01/2021,01/2021,03/2028,-,1020.42,1020.42,83.95,20,Coal
55,400154,EPR PUNDI OCP,(Ministry of Coal),Jharkhand,11/2020,11/2020,03/2027,-,713.35,713.35,236.58,10,Cumulative
56,400155,EPR ASHOK OC,(Ministry of Coal),Jharkhand,05/2021,05/2021,03/2028,-,2898.28,2898.28,178.51,22,Cumulative
57,400156,EPR AMRAPALI OCP,(Ministry of Coal),Jharkhand,02/2020,02/2020,03/2028,-,5136.15,5136.15,1154.6,43,Cumulative
58,400160,RAJRAPPA RCE OCP,(Ministry of Coal),Jharkhand,12/2009,12/2009,03/2016,03/2027,510.85,510.85,488.67,76,Cumulative
59,400172,CHITRA EAST OC,(Eastern Coal Fields Limited [ECL]),Jharkhand,08/2018,08/2018,03/2026,-,513.99,513.99,229.01,51,Cumulative
60,400352,JHARKHAND-LAIYO OCP,(Ministry of Coal),Jharkhand,08/2020,08/2020,03/2031,-,764.57,764.57,145.81,29,Cumulative
61,400425,MOONIDIH XV SEAM UG,(Ministry of Coal),Jharkhand,08/2011,08/2011,03/2019,05/2026,1230.27,1230.27,626.63,81,Cumulative
62,611017,2.5 MTPA PATHERDIH NLW WASHERY,(Ministry of Coal),Jharkhand,10/2015,04/2016,04/2018,03/2026,334.27,334.27,140.51,48,Cumulative
63,611864,AMALAGAMATED NTST KUJAMA OCP 8.5MTY,(Ministry of Coal),Jharkhand,01/2023,01/2023,03/2030,-,4011.85,4011.85,398.5,28,Cumulative
64,613808,MURAIDIH UG PROJECT,(Ministry of Coal),Jharkhand,02/2011,02/2011,04/2014,12/2026,339.87,339.87,191,70,Cumulative
65,615349,TAPIN SOUTH EXPN,(Ministry of Coal),Jharkhand,11/2020,11/2020,03/2028,-,230.41,230.41,22.02,20,Cumulative
66,615822,SIRKA OC,(Ministry of Coal),Jharkhand,05/2020,05/2020,03/2028,-,222.82,222.82,139.31,53,Cumulative
67,615843,TETARIAKHAR OC,(Ministry of Coal),Jharkhand,11/2019,11/2019,03/2025,03/2027,243.52,243.52,44.64,30,Cumulative
68,616225,CHUPERBHITA SIMLONG OCP MDO 6 MTY,(Eastern Coal Fields Limited [ECL]),Jharkhand,12/2023,12/2023,03/2037,-,979.08,979.08,0,0,Cumulative
69,616236,JARANGDIH EXPN. OCP 1.5 MTY,(CCL - CIL),Jharkhand,02/2020,02/2020,03/2029,-,414.37,414.37,85.6,33,Cumulative
70,616253,BLOCK E OCP,(Ministry of Coal),Jharkhand,03/2024,03/2024,03/2029,-,5850.83,5850.83,20.32,3,Cumulative
71,400148,AMADAND OCP[4.0MTY],(South Eastern Coalfields Limited [SECL]),Madhya Pradesh,03/2016,03/2016,03/2021,03/2027,869.44,869.44,273.45,75,Cumulative
72,400152,RAMPUR BATURA OCP [4.0MTY],(South Eastern Coalfields Limited [SECL]),Madhya Pradesh,07/2019,07/2019,03/2026,-,1248.93,1248.93,495.4,44,Cumulative
73,400162,BLOCK B EXPANSION  [3.5 TO 8.0,(Northern Coalfields Limited [NCL]),Madhya Pradesh,07/2019,07/2019,03/2023,03/2027,998.71,998.71,457.2,47,Cumulative
74,400321,NIGAHI EXPANSION [15 TO 25 MTP,(Northern Coalfields Limited [NCL]),Madhya Pradesh,11/2020,11/2020,03/2025,03/2028,1729.68,1729.68,804.11,48,Cumulative
75,613802,KANCHAN OC EXP,(South Eastern Coalfields Limited [SECL]),Madhya Pradesh,12/2014,12/2014,03/2026,-,371.04,371.04,144.61,47,Cumulative
76,613803,JHIRIA WEST OCP [1.5 MTY],(South Eastern Coalfields Limited [SECL]),Madhya Pradesh,01/2024,01/2024,03/2026,-,366.94,366.94,34.05,41,Cumulative
77,613804,RPR TAWA-III UG 0.84 MTY,(Western Coalfields Limited [WCL]),Madhya Pradesh,12/2021,12/2021,03/2027,-,314.09,314.09,5.79,17,Cumulative
78,615185,AMALGAMATED DHANKASA & JAMUNIA,(Western Coalfields Limited [WCL]),Madhya Pradesh,09/2022,09/2022,03/2027,-,399.2,399.2,91.67,66,Cumulative
79,615187,RPR OF VISHNUPURI UG TO OC,(Western Coalfields Limited [WCL]),Madhya Pradesh,11/2022,11/2022,03/2029,-,220.62,220.62,0,11,Cumulative
80,615194,URDHAN EXPANSION OC COST PLUS,(Western Coalfields Limited [WCL]),Madhya Pradesh,07/2022,01/2023,03/2031,-,206.88,206.88,27.19,1,Cumulative
81,615195,SHARDA UG MINE,(Western Coalfields Limited [WCL]),Madhya Pradesh,07/2023,09/2023,03/2028,-,166.25,166.25,3.96,9,Cumulative
82,615206,GANDHIGRAM UG MINE,(Western Coalfields Limited [WCL]),Madhya Pradesh,08/2019,08/2019,03/2026,-,414.15,414.15,13.38,57,Cumulative
83,400033,BHATADI EXPANSION OC,(Western Coalfields Limited [WCL]),Maharashtra,02/2020,05/2022,03/2028,-,580.61,580.61,69.73,26,Cumulative
84,400177,AMALGAMATED YEKONA I & YEKONA,(Western Coalfields Limited [WCL]),Maharashtra,08/2015,08/2015,03/2025,03/2026,727.28,727.28,535.96,80,Cumulative
85,400178,DINESH[MAKARDHOKRA-III] OC,(Western Coalfields Limited [WCL]),Maharashtra,02/2020,02/2020,03/2027,-,822.88,822.88,621.73,35,Cumulative
86,400353,DHUPTALA OC [SASTI UG TO OC ],(Western Coalfields Limited [WCL]),Maharashtra,10/2021,10/2021,03/2028,-,711.01,711.01,80.61,17,Cumulative
87,615184,SAONER UG MINE -1 EXPANSION 1.,(Western Coalfields Limited [WCL]),Maharashtra,01/2022,01/2022,03/2028,-,228.64,228.64,141.21,68,Cumulative
88,615186,SASTI  EXPANSION OPENCAST,(Western Coalfields Limited [WCL]),Maharashtra,08/2020,08/2020,03/2026,-,319.04,319.04,90.31,20,Cumulative
89,615188,NEW MAJRI UG TO OC 3 MTY COST,(Western Coalfields Limited [WCL]),Maharashtra,05/2019,09/2022,03/2027,-,402.27,402.27,55.44,24,Cumulative
90,615189,MAKARDHOKRA EXPN OC 4.9 MTY,(Western Coalfields Limited [WCL]),Maharashtra,06/2022,06/2022,03/2026,-,361.87,361.87,70.22,12,Cumulative
91,615190,SINGHORI DEEP OC MIN 2.0 MTY,(Western Coalfields Limited [WCL]),Maharashtra,05/2022,05/2022,03/2029,-,335.75,335.75,26.79,6,Cumulative
92,615192,GOKUL EXTENSION OC MINE,(Western Coalfields Limited [WCL]),Maharashtra,04/2021,04/2021,03/2026,-,309.58,309.58,40.06,8,Cumulative
93,615199,KOLGAON EXPANSION DEEP OC MINE 0.80 MTY,(Western Coalfields Limited [WCL]),Maharashtra,09/2023,09/2023,03/2027,-,198.71,198.71,0.71,3,Cumulative
94,615330,BALLARPUR NORTH WEST OC MINE,(Western Coalfields Limited [WCL]),Maharashtra,12/2022,12/2022,03/2029,-,360.81,360.81,0.02,4,Cumulative
95,615331,GADEGAON OC 3 MTY,(Western Coalfields Limited [WCL]),Maharashtra,10/2023,10/2023,03/2030,-,497.41,497.41,0.08,0,Cumulative
96,615914,GHONSA EXPANSION DEEP OC MINE,(Western Coalfields Limited [WCL]),Maharashtra,03/2021,03/2021,03/2029,-,184.71,184.71,11.48,6,Cumulative
97,615916,AMLG GAURI PAUNI EXPANSION OC,(Western Coalfields Limited [WCL]),Maharashtra,04/2024,04/2024,03/2030,-,1225.21,1225.21,78.87,1,Cumulative
98,615917,GAURIDEEP/GAURI CENTRAL OCP 7.,(Western Coalfields Limited [WCL]),Maharashtra,06/2024,06/2024,03/2030,-,973.07,973.07,0.24,0,Cumulative
99,615918,RPR OF BHANEGAON OC,(Western Coalfields Limited [WCL]),Maharashtra,02/2017,09/2022,03/2028,-,405.2,405.2,12.36,8,Cumulative
100,615919,N. EXTN. MUNGOLI NIRGUDA D OCP,(Western Coalfields Limited [WCL]),Maharashtra,06/2024,06/2024,03/2030,-,1024.91,1024.91,168.59,0,Cumulative
101,615982,NILJAI EXPANSION DEEP  OCP,(Western Coalfields Limited [WCL]),Maharashtra,08/2016,08/2016,03/2022,03/2026,319.75,319.75,367.6,79,Cumulative
102,616044,UKNI DEEP OC MINE -COST PLUS,(Western Coalfields Limited [WCL]),Maharashtra,01/2019,01/2019,03/2021,03/2026,237.06,237.06,165.57,87,Cumulative
103,616050,AMALGAMATED INDER-KAMPTEE DEEP OC,(Western Coalfields Limited [WCL]),Maharashtra,09/2018,09/2018,03/2024,03/2026,235.9,235.9,237.12,98,Cumulative
104,616223,ADASA UG TO OC MINE,(Western Coalfields Limited [WCL]),Maharashtra,11/2018,11/2018,03/2024,03/2026,316,316,308.84,86,Cumulative
105,616229,AMAL GONDEGAON GHATROHANA EXPN,(Western Coalfields Limited [WCL]),Maharashtra,09/2024,09/2024,03/2030,-,668.54,668.54,1.18,0,Cumulative
106,617233,WAGHODA UG MINE [1.02 MTY],(Western Coalfields Limited [WCL]),Maharashtra,01/2024,01/2025,03/2030,-,379.3,379.3,0,0,Cumulative
107,617278,KOLARPIMPRI EXPANSION OC [2.5 MTY],(Western Coalfields Limited [WCL]),Maharashtra,06/2024,02/2025,03/2030,-,630.37,630.37,0,0,Cumulative
108,400313,Master Plan for Jharia and Raniganj Coalfields,(Bharat Coking Coal Limited [BCCL]),"Multi-States (Jharkhand, West Bengal)",08/2009,08/2009,08/2019,12/2028,2661.73,2661.73,788.85,43,Cumulative
109,400369,BINA KAKRI AMALGAMATION EXPANS,(Northern Coalfields Limited [NCL]),"Multi-States (Madhya Pradesh, Uttar Pradesh)",08/2020,08/2020,03/2024,03/2027,836.42,836.42,786.99,89,Cumulative
110,615183,KHADIA EXPANSION [10 TO 16 MTP,(Northern Coalfields Limited [NCL]),"Multi-States (Madhya Pradesh, Uttar Pradesh)",06/2021,06/2021,03/2025,03/2027,491.67,491.67,230.32,45,Cumulative
111,400165,SUBHADRA OCP,(Mahanadi Coalfields Limited [MCL]),Odisha,05/2021,05/2021,04/2032,-,1693.81,1693.81,1321.15,42,Cumulative
112,400166,SIARMAL OCP,(Mahanadi Coalfields Limited [MCL]),Odisha,02/2021,02/2021,03/2029,-,5194.95,5194.95,3456.05,55,Cumulative
113,400183,BALARAM EXPANSION OCP,(Mahanadi Coalfields Limited (MCL)),Odisha,06/2020,08/2020,03/2029,-,3504.21,3504.21,1028.92,52,Cumulative
114,400185,GOPALJI KANIHA OCP [10 TO 30 M,(MCL - CIL),Odisha,04/2022,04/2022,03/2030,-,8416.19,6107.87,1708.88,17,Cumulative
115,400187,INTEGRATED LAKHANPUR-BELPAHAR-,(Mahanadi Coalfields Limited [MCL]),Odisha,05/2018,05/2018,03/2027,-,2434.75,2434.75,1813.26,69,Cumulative
116,400392,BHARATPUR RE-ORGANIZATION OCP,(Mahanadi Coalfields Limited (MCL)),Odisha,11/2018,11/2018,03/2029,-,2838.86,2838.86,1748.41,47,Cumulative
117,615193,BASUNDHARA WEST EXTENSION OPEN,(MCL - CIL),Odisha,05/2014,05/2014,03/2019,03/2029,479.15,479.15,281.01,64,Cumulative
118,615857,Naini Coal Mine,(Singareni Collieries Company Limited [SCCL]),Odisha,03/2020,03/2020,03/2026,-,494.3,494.3,491.33,80,Cumulative
119,616226,INTEGRATED KULDA GARJANBAHAL O,(Mahanadi Coalfields Limited (MCL)),Odisha,04/2023,04/2023,03/2033,-,3563.5,3563.5,540.62,4,Cumulative
120,616231,BHUBANESWARI EXPN OCP 50 MTY,(MCL - CIL),Odisha,03/2024,03/2024,03/2033,-,5366.27,5366.27,465.31,14,Cumulative
121,616232,HINGULA II OC EXPN PH III 15 M,(MCL - CIL),Odisha,11/2022,11/2022,03/2029,-,1561.85,1561.85,269.61,23,Cumulative
122,616233,BALABHADRA OCP,(MCL - CIL),Odisha,04/2023,04/2023,03/2030,-,978.44,978.44,211.37,11,Cumulative
123,615818,Jawahar Khani Open Cast Mine,(Singareni Collieries Company Limited [SCCL]),Telangana,12/2021,12/2021,03/2025,03/2027,297.88,297.88,46.39,20,Cumulative
124,615858,Kalyanikhani Opencast Project,(Singareni Collieries Company Limited [SCCL]),Telangana,03/2016,05/2017,03/2026,-,384.32,384.32,281.83,75,Cumulative
125,615859,Kakathiya Khani Opencast - III Project Phase - I,(Singareni Collieries Company Limited [SCCL]),Telangana,03/2017,05/2017,03/2026,-,413.84,413.84,397.55,79,Cumulative
126,615860,Godavarikhani Coal Mine - 5,(Singareni Collieries Company Limited [SCCL]),Telangana,07/2019,05/2019,03/2025,03/2026,607.04,607.04,188.15,71,Cumulative
127,615861,Indaram Opencast Project,(Singareni Collieries Company Limited [SCCL]),Telangana,08/2017,12/2022,03/2025,03/2026,424.81,424.81,402.64,80,Cumulative
128,615862,Goleti Opencast Mine,(Singareni Collieries Company Limited [SCCL]),Telangana,07/2021,08/2021,03/2026,-,345.6,345.6,74.59,20,Cumulative
129,615863,Venkatesh Khani Coal Mine,(Singareni Collieries Company Limited [SCCL]),Telangana,10/2020,06/2020,03/2026,-,484.5,484.5,460.67,95,Cumulative
130,615864,Ramagundam OC-II Extension Project,(Singareni Collieries Company Limited [SCCL]),Telangana,11/2015,06/2015,03/2026,-,489.62,489.62,405.54,77,Cumulative
131,615865,Kakatiyakhani OC - 2 Project,(Singareni Collieries Company Limited [SCCL]),Telangana,08/2017,09/2017,03/2025,03/2026,442.42,442.42,205,63,Cumulative
132,400173,MOHANPUR EXPANSION OC -PHASE II,(Eastern Coal Fields Limited [ECL]),West Bengal,11/2020,11/2020,03/2026,-,888.99,888.99,93,30,Cumulative
133,400180,BONJEMEHARI EXPANSION OCP,(Eastern Coal Fields Limited [ECL]),West Bengal,08/2021,08/2021,03/2026,03/2026,570.11,570.11,81.95,16,Cumulative
134,400181,NAKRAKONDA KUMARDIH- B OCP,(Eastern Coal Fields Limited [ECL]),West Bengal,08/2018,08/2018,03/2029,-,502.68,502.67,67.61,26,Cumulative
135,400182,SIDULI [OC & UG],(ECL - CIL),West Bengal,05/2018,05/2018,03/2027,-,535.18,535.17,5.05,14,Cumulative
136,400186,TILABONI UG,(Eastern Coal Fields Limited [ECL]),West Bengal,01/2023,03/2023,03/2029,03/2029,749.08,749.08,52.18,10,Cumulative
137,400312,JHANJRA EXPANSION UG,(Eastern Coal Fields Limited [ECL]),West Bengal,04/2020,04/2020,03/2029,-,1210.12,1210.12,527.67,41,Cumulative
138,400315,SONEPUR BAZARI EXPANSION OCP [12 MTY],(Eastern Coal Fields Limited [ECL]),West Bengal,07/2021,07/2021,03/2029,-,5365.88,5365.88,565.26,17,Cumulative
139,611016,2.0 MTPA BHOJUDIH NLW WASHERY,(Ministry of Coal),West Bengal,12/2015,03/2019,09/2020,10/2025,384.57,384.57,353.21,97,Cumulative
140,612816,ITAPARA OCP,(Eastern Coal Fields Limited [ECL]),West Bengal,12/2023,12/2023,03/2030,-,929.1,929.1,67.6,7,Cumulative
141,613793,SHYAMSUNDARPUR UG INCLUDING SA,(Eastern Coal Fields Limited [ECL]),West Bengal,04/2020,04/2020,03/2026,-,483.65,483.65,59.04,12,Cumulative
142,613794,PARASEA-BELBAID UG PROJECT,(Eastern Coal Fields Limited [ECL]),West Bengal,01/2023,01/2023,03/2028,-,389.1,389.1,131.42,17,Cumulative
143,616230,PARASCOLE JAMBAD OCP,(Eastern Coal Fields Limited [ECL]),West Bengal,11/2024,11/2024,03/2037,-,1193.55,1193.55,9.46,0,Cumulative
144,617299,50 MW Wind Power Project,(NLC India Limited [NLCIL]),Gujarat,07/2022,02/2024,06/2025,01/2026,383.84,383.84,303.5,41,Electricity Generation
145,400231,NLC Talabira Thermal Power Project,(NLC India Limited [NLCIL]),Odisha,NA,01/2024,03/2030,-,27212.96,27213,1953.52,1,Electricity Generation
146,612819,300 MW SPP part of 510 MW CPSU scheme,(NLC India Limited [NLCIL]),Rajasthan,NA,03/2023,09/2024,09/2025,1813,1813,874.14,70,Electricity Generation
147,615327,50 MW Solar PP Minedout Area,(NLC India Limited [NLCIL]),Tamil Nadu,NA,02/2024,03/2025,09/2025,218.03,218.03,161.73,50,Cumulative
148,400259,Ghatampur Thermal Power Plant 3 X 660 MW,(NLC India Limited [NLCIL]),Uttar Pradesh,NA,08/2016,11/2020,10/2025,17237.8,21780.9,20269.54,92,Cumulative
149,400203,Dharamjaigarh-Korba,(Railway),Chhattisgarh,05/2018,03/2017,12/2026,08/2026,1686.22,1686.22,347.96,41,23562.43
150,400416,Shivpur-Kathautia New Rail [BG] Line [49 km] [Package II of Tori-Shivpur-Kathautia line],(Ministry of Coal),Jharkhand,02/2018,05/2022,06/2025,-,1799.64,1799.64,1293.71,60,23562.43
151,400192,Tubed Coal Mine,(Damodar Valley Corporation),Jharkhand,NA,10/2016,05/2026,05/2026,1581,1581,596.94,34,Coal
152,603293,Badam Coal Mining project of NTPC,(National Thermal Power Corporation [NTPC]),Jharkhand,02/2019,09/2019,12/2056,04/2027,502,784,313.88,59,Coal
153,602182,Dibang Multipurpose Project,(National Highways & Infrastructure Development Corporation Ltd. [NHIDCL]),Arunachal Pradesh,02/2023,02/2023,02/2032,02/2032,31876.39,31876.4,3553.9,16,Electricity Generation
154,611698,240MW Heo HE Project,(North Eastern Electric Power Corporation Limited),Arunachal Pradesh,12/2024,05/2025,07/2029,-,1938.85,1938.85,49.31,3,Electricity Generation
155,611699,186 MW Tato-I H E Project,(North Eastern Electric Power Corporation Limited),Arunachal Pradesh,12/2024,05/2025,07/2029,-,1750.07,1750.07,102.79,2,Electricity Generation
156,602579,Buxar Thermal Power Project [1320 MW],(Satluj Jal Vidyut Nigam [SJVN] Thermal Limited),Bihar,03/2019,06/2019,01/2024,12/2025,10439.09,13756.6,12148.46,92,Electricity Generation
157,611930,Lara Super Thermal Power Project Stage-II [2 x 800 MW],(National Thermal Power Corporation [NTPC]),Chhattisgarh,08/2023,08/2023,06/2028,-,15530,15530,2480,16,Electricity Generation
158,617188,"Sipat Super Thermal Power Project, Stage-III [1x800 MW]",(National Thermal Power Corporation [NTPC]),Chhattisgarh,09/2024,09/2024,09/2029,-,9791,9791,0,0,Electricity Generation
159,709747,Bagodara Solar Power Project,(Satluj Jal Vidyut Nigam [SJVN] Thermal Limited),Gujarat,03/2021,05/2021,12/2025,12/2025,339.35,339.35,317.59,51,Electricity Generation
160,602582,Dhaulasidh Hydro Electric Project [66 MW],(Satluj Jal Vidyut Nigam [SJVN] Thermal Limited),Himachal Pradesh,10/2020,05/2021,11/2025,03/2027,687.97,1511.87,927.3,68,Electricity Generation
161,602593,Luhri Stage-I Hydro Electric Project [210 MW],(Satluj Jal Vidyut Nigam [SJVN] Thermal Limited),Himachal Pradesh,11/2020,11/2020,01/2026,10/2029,1810.56,3584.53,1751.6,51,Electricity Generation
162,602633,382 MW Sunni Dam HEP,(Satluj Jal Vidyut Nigam [SJVN] Thermal Limited),Himachal Pradesh,NA,04/2018,03/2027,-,2615,2615,495.57,0.5,Electricity Generation
163,611586,Sunni Dam Hydro Electric Project [382 MW],(Satluj Jal Vidyut Nigam [SJVN] Thermal Limited),Himachal Pradesh,01/2023,01/2023,04/2028,12/2029,2614.51,4540.71,962.66,29,Electricity Generation
164,602525,"Pakal Dul [Drangdhuran] Hydroelectric Project, 1000 MW",(National Highways & Infrastructure Development Corporation Ltd. [NHIDCL]),Jammu and Kashmir,10/2014,02/2018,04/2020,12/2026,8112.12,12728,7238.73,72,Electricity Generation
165,602532,Kiru HE Project,(National Highways & Infrastructure Development Corporation Ltd. [NHIDCL]),Jammu and Kashmir,03/2019,03/2019,09/2023,12/2026,4287.59,5409,3157.49,68,Electricity Generation
166,602535,"Ratle HE Project - 850 MW, Ratle Hydroelectric Power Corporation Limited.",(National Highways & Infrastructure Development Corporation Ltd. [NHIDCL]),Jammu and Kashmir,02/2021,02/2021,02/2026,08/2029,5281.94,5281.94,1009.79,24,Electricity Generation
167,605155,Kwar HE Project,(National Highways & Infrastructure Development Corporation Ltd. [NHIDCL]),Jammu and Kashmir,05/2022,05/2022,11/2026,03/2028,4526.12,4526.12,1119.59,23,Electricity Generation
168,400261,Patratu Thermal Power Station Expansion Project Phase-I [3x800 MW],(National Thermal Power Corporation [NTPC]),Jharkhand,11/2017,11/2017,03/2023,11/2026,17112,20302,17475,85,Electricity Generation
169,611509,"Koderma Thermal Power Station Phase II [2X800 MW] At Koderma, Jharkhand",(Damodar Valley Corporation),Jharkhand,NA,11/2024,03/2029,-,14358,14358,1131.57,3,Electricity Generation
170,602096,Subansiri Lower HE Project [2000 MW],(National Highways & Infrastructure Development Corporation Ltd. [NHIDCL]),"Multi-States (Arunachal Pradesh, Assam)",09/2003,09/2003,09/2010,05/2026,6285.33,26075.5,24880.95,96,Electricity Generation
171,602961,Talcher Thermal Power Station Stage III [2 x 660 MW] Expansion,(National Thermal Power Corporation [NTPC]),Odisha,08/2022,09/2022,05/2027,03/2028,11843.75,12543,4161.68,32,Electricity Generation
172,709748,BIKANER SOLAR POWER PROJECT,(Satluj Jal Vidyut Nigam [SJVN] Thermal Limited),Rajasthan,10/2021,05/2022,04/2024,12/2025,5491.89,5491.89,4805.16,84,Electricity Generation
173,602181,"TEESTA-VI HE PROJECT, SIKKIM [500 MW], executed by LANCO TEESTA HYDRO POWER LIMITED [A wholly owned Subsidiary of NHPC LTD. acquired through NCLT]",(National Highways & Infrastructure Development Corporation Ltd. [NHIDCL]),Sikkim,03/2019,03/2019,03/2024,12/2027,5748.04,5748.04,4576.93,69,Electricity Generation
174,605156,Rangit-IV HE Project [120 MW]  executed by Jal Power Corporation Ltd. [JPCL] -A wholly owned subsidiary of NHPC Ltd. acquired through NCLT,(National Highways & Infrastructure Development Corporation Ltd. [NHIDCL]),Sikkim,03/2021,03/2021,05/2024,12/2025,938.29,1828.11,1584.13,91,Cumulative
175,602194,Khurja super Thermal Power Plant [2X660 MW],(THDC India Limited),Uttar Pradesh,03/2019,08/2019,02/2024,09/2025,11089.42,13276.2,12772.21,97,Cumulative
176,612142,"Singrauli Super Thermal Power Project, Stage-III [2x800 MW]",(National Thermal Power Corporation [NTPC]),Uttar Pradesh,03/2024,03/2024,02/2030,-,17195,17195,1739,9,Cumulative
177,602185,Tapovan-Vishnugad HEP [4x130 MW],(National Thermal Power Corporation [NTPC]),Uttarakhand,NA,11/2006,03/2013,04/2029,2978,10907.3,7195.58,77,Cumulative
178,602193,Tehri Pumped Storage Plant Project [4x250 MW],(THDC India Limited),Uttarakhand,07/2006,06/2011,06/2022,11/2025,4825.6,8339,8064.9,98,Cumulative
179,602195,Vishnugad Pipalkoti Hydro Electric Project [444 MW],(THDC India Limited),Uttarakhand,08/2008,01/2014,12/2022,03/2027,3860.35,6823.72,5101.06,72,Cumulative
180,400062,"Raghunathpur Thermal Power Station Phase II [2X660 MW] at Raghunathpur, Purulia, West Bengal",(Damodar Valley Corporation),West Bengal,NA,02/2025,06/2029,-,17673,17673,1192.71,1,Cumulative
181,602184,Rammam-III HEPP [3x40 MW],(National Thermal Power Corporation [NTPC]),West Bengal,09/2024,09/2014,09/2019,03/2029,1381.84,1381.84,1281.85,47,Cumulative
182,602538,Installation of FGD for 4x210 & 2x250 MW MTPS U 1-6,(Damodar Valley Corporation),West Bengal,NA,02/2021,01/2024,12/2025,1037,1106,1092.27,92,Cumulative
183,611967,Transmission Scheme for Solar Energy Zone in Ananthpuram 2500MW and Kurnool 1000MW,(Power Grid Corporation of India Limited [POWERGRID]),Andhra Pradesh,09/2023,09/2023,09/2025,04/2026,1248.69,1248.69,860.97,82,Transmission & Distribution
184,612856,Augmentation of 1x1500 MVA 3rd  765/400 kV transformation capacity at Kurnool New Substation,(Power Grid Corporation of India Limited [POWERGRID]),Andhra Pradesh,05/2023,12/2023,09/2025,11/2025,163.61,163.61,60.53,42,Transmission & Distribution
185,617183,Transmission system strengthening at Kurnool- III PS for integration of additional RE generation projects [POWERGRID Kurnool III PS RE Transmission Limited],(Power Grid Corporation of India Limited [POWERGRID]),Andhra Pradesh,03/2025,03/2025,12/2027,-,2886,2886,117.86,0,Transmission & Distribution
186,611737,Western Region Expansion Scheme-XXV,(Power Grid Corporation of India Limited [POWERGRID]),Chhattisgarh,02/2023,02/2023,11/2023,12/2025,385.84,385.84,378.17,97,Transmission & Distribution
187,608301,Transmission system strengthening scheme for evacuation of power from solar energy zones in Rajasthan 8.1 GW under Phase II- Part- G1,(Power Grid Corporation of India Limited [POWERGRID]),Delhi,02/2022,02/2022,09/2023,11/2025,359.47,359.47,330.91,93,Transmission & Distribution
188,611656,Transmission scheme for evacuation of 4.5GW RE injection at Khavda PS under Phase II- Part B,(Power Grid Corporation of India Limited [POWERGRID]),Gujarat,03/2023,03/2023,03/2025,10/2025,1167.55,1167,1050.41,93,Transmission & Distribution
189,611657,Transmission scheme for evacuation of 4.5GW RE injection at Khavda PS under Phase II- Part C,(Power Grid Corporation of India Limited [POWERGRID]),Gujarat,03/2023,03/2023,03/2025,11/2025,2820.99,2820.99,2570.25,84,Transmission & Distribution
190,611660,Establishment of Khavda Pooling Station-2 KPS2 in Khavda RE Park KPS2 TRANSMISSION SYSTEM LIMITED,(Power Grid Corporation of India Limited [POWERGRID]),Gujarat,03/2023,03/2023,12/2024,10/2025,966.79,966.79,904.52,95,Transmission & Distribution
191,612139,Transmission system for Evacuation of Additional 7 GW RE power from Khavda RE park under Phase-III Part B [Vataman Transmission Limited],(Power Grid Corporation of India Limited [POWERGRID]),Gujarat,12/2023,12/2023,12/2025,06/2026,3751.82,3751.82,1575.72,22,Transmission & Distribution
192,612151,Transmission System for Evacuation of Power from potential Renewable Energy zone in Khavda Area of Gujarat under Phase IV [7 GW] Part E3,(Power Grid Corporation of India Limited [POWERGRID]),Gujarat,07/2023,07/2023,07/2025,12/2025,334,334,73.48,30,Transmission & Distribution
193,612855,Transmission System for Evacuation of Power from Potential Energy Renewable Zone in Khavda Area of Gujarat under Ph-IV [7GW] Part E2,(Power Grid Corporation of India Limited [POWERGRID]),Gujarat,05/2024,05/2024,05/2026,02/2026,679,679,97.23,19,Transmission & Distribution
194,615342,Augmentation of Transformation Capacity at jam Khambhaliya PS [GIS] [SPV Name POWERGRID Jam Khambhaliya Transmission Limited],(Power Grid Corporation of India Limited [POWERGRID]),Gujarat,10/2024,10/2024,07/2026,-,329,329,10.07,1,Transmission & Distribution
195,615343,Provision of Dynamic Reactive Compensation at Khavda pooling Station 1 [KPS1] and Khavda Pooling station 3 [KPS3],(Power Grid Corporation of India Limited [POWERGRID]),Gujarat,11/2024,11/2024,11/2026,-,501,501,6.01,1,Transmission & Distribution
196,615345,Transmission System for Evacuation of Power from Potential Renewable Energy Zone in Khavda area of Gujarat under Phase-IV [7GW] Part B [SPV Name POWERGRID South Olpad Transmission Limited],(Power Grid Corporation of India Limited [POWERGRID]),Gujarat,10/2024,10/2024,10/2026,-,4766,4766,564.77,7,Transmission & Distribution
197,617069,Augmentation of Transformation Capacity at KPS1 [GIS] and KPS2 [GIS] [Phase-V Part B1 and Part B2 Scheme]  [SPV Name- POWERGRID KPS1 and 2 Augmentation Transmission Limited],(Power Grid Corporation of India Limited [POWERGRID]),Gujarat,02/2025,02/2025,02/2027,-,466,466,13.99,1,Transmission & Distribution
198,617182,Augmentation of Banaskantha [Raghanesda] PS [GIS] [POWERGRID Banaskantha Transco Limited],(Power Grid Corporation of India Limited [POWERGRID]),Gujarat,03/2025,03/2025,03/2027,-,172,172,7.27,3,Cumulative
199,617272,Implementation of LILO of both circuits of 400KV vindhyachal PS-Sasan D/C Line at Hindalco Switchyard,(Power Grid Corporation of India Limited [POWERGRID]),Haryana,06/2024,06/2024,12/2026,-,370,370,3.7,1,Cumulative
200,608302,Transmission system for evacuation of Power from Pakaldul HEP in Chenab Valley HEPs - LTA System,(Power Grid Corporation of India Limited [POWERGRID]),Jammu and Kashmir,02/2022,02/2022,04/2025,09/2025,318.12,318.12,287.31,99,Cumulative
201,617179,Transmission Scheme for evacuation of Power from Ratle HEP [850 MW] & kiru [624 MW] Part B,(Power Grid Corporation of India Limited [POWERGRID]),Jammu and Kashmir,07/2024,07/2024,07/2026,-,218.6,218.6,1.01,0,Cumulative
202,612140,Transmission Scheme for Integration of Renewable Energy Zone [Phase II] in Koppal II [Phase A&B] and gadag II[Phase A] in Karnataka [POWERGRID KOPPAL GADAG TRANSMISSION LIMITED],(Power Grid Corporation of India Limited [POWERGRID]),Karnataka,12/2023,12/2023,12/2025,03/2026,2889.39,2889.39,1332.21,46,Cumulative
203,616672,System Strengthening at Koppal-II and GadagII for integration of RE generation projects [SPV Name POWERGRID Koppal Gadag Augmentation Transmission Limited],(Power Grid Corporation of India Limited [POWERGRID]),Karnataka,01/2025,01/2025,06/2027,-,1354,1354,17.73,0,Cumulative
204,617068,"Augmentation of Transformation Capacity by 3x500 MVA, 400/220 KV ICTS [6th-8th] and 1x1500 MVA, 765/400 KV ICT [4th] at Bidar PS  [SPV Name- POWERGRID Bidar Augmentation Transmission Limited]",(Power Grid Corporation of India Limited [POWERGRID]),Karnataka,02/2025,02/2025,06/2027,-,288,288,6.79,0,Cumulative
205,617184,Transmission Scheme for integration of Davanagere/ Chitradurga and Bellary REZ in Karnataka  [POWERGRID Chitradurga Bellary REZ Transmission Limited],(Power Grid Corporation of India Limited [POWERGRID]),Karnataka,03/2025,03/2025,09/2027,-,3453,3453,33.14,0,Cumulative
206,615344,Transmission System for Evacuation of Power from Rajasthan REZ Ph-IV [Part-2 5.5GW] [Jaisalmer/Barmer Complex] Part H1 [POWERGRID KURAWAR TRANSMISSION LIMITED],(Power Grid Corporation of India Limited [POWERGRID]),Madhya Pradesh,10/2024,10/2024,10/2026,-,3674,3674,495.18,14,Cumulative
207,615346,Transmission System for Evacuation of Power from Rajasthan REZ Ph-IV [Part-2 5.5 GW] [Jaisalmer/Barmer Complex] Part C [SPV Name POWERGRID Mandsaur Transmission Limited],(Power Grid Corporation of India Limited [POWERGRID]),Madhya Pradesh,08/2024,08/2024,08/2026,-,2708,2708,812.4,35,Cumulative
208,617279,Transmission System for evacuation of power from Mahan Energen Limited Generating Station in Madhya Pradesh [SPV Name - POWERGRID MEL Power Transmission Limited],(Power Grid Corporation of India Limited [POWERGRID]),Madhya Pradesh,06/2025,06/2025,12/2027,-,558,558,16.74,0,Cumulative
209,611966,Transmission System for Evacuation of power from Potential RE Zone in Khavda Area of Gujarat under phase IV 7GW-Part E4,(Power Grid Corporation of India Limited [POWERGRID]),Maharashtra,11/2023,11/2023,07/2025,12/2025,224.41,224.41,24.64,10,Cumulative
210,617185,Transmission System for Integration of Kurnool-IV REZ  Phase-I [for 4.5 GW] [POWERGRID Kurnool-IV Transmission Limited],(Power Grid Corporation of India Limited [POWERGRID]),"Multi-States (Andhra Pradesh, Karnataka)",03/2025,03/2025,03/2027,-,5550,5550,281,0,Cumulative
211,900808,Transmission System for Kurnool Wind Energy Zone/ Solar Energy Zone  Part-A and Part-B,(Power Grid Corporation of India Limited [POWERGRID]),"Multi-States (Andhra Pradesh, Telangana)",11/2022,03/2023,11/2024,12/2025,3546.94,3546.94,3192.25,95,Cumulative
212,602223,Comprehensive Scheme for Strengthening of Transmission and Distribution [T&D] Systems [CSST&DS] in Arunachal Pradesh and Sikkim,(Power Grid Corporation of India Limited [POWERGRID]),"Multi-States (Arunachal Pradesh, Sikkim)",03/2021,01/2016,12/2018,03/2027,4754.42,9129.32,7462.2,81,Cumulative
213,607709,NORTH EASTERN REGION POWER SYSTEM IMPROVEMENT PROJECT [NERPSIP],(Power Grid Corporation of India Limited [POWERGRID]),"Multi-States (Assam, Manipur, Meghalaya, Mizoram, Nagaland, Tripura)",12/2014,03/2016,12/2018,12/2025,5111.33,6700,5277.24,96,Cumulative
214,617271,Eastern Region  Expansion Scheme-43 [ERES-43],(Power Grid Corporation of India Limited [POWERGRID]),"Multi-States (Bihar, Odisha, West Bengal)",09/2024,09/2024,03/2026,-,342.69,342.69,0.6,0,Cumulative
215,617270,Eastern Region  Expansion Scheme-44 [ERES-44],(Power Grid Corporation of India Limited [POWERGRID]),"Multi-States (Bihar, West Bengal)",11/2024,11/2024,05/2026,-,408.94,408.94,0.3,0,Cumulative
216,400005,Transmission Network Expansion in Gujarat to increase its ATC from ISTS Part B,(Power Grid Corporation of India Limited [POWERGRID]),"Multi-States (Dadra & Nagar Haveli and Daman & Diu, Gujarat, Maharashtra)",01/2022,07/2022,06/2023,12/2025,4546.26,4546.26,4172.96,93,Cumulative
217,608922,Transmission System Strengthening Scheme for evacuation of power from SEZ in Rajasthan 8.1 GW under Phase II Part G,(Power Grid Corporation of India Limited [POWERGRID]),"Multi-States (Delhi, Haryana, Rajasthan)",05/2022,05/2022,11/2023,11/2025,1666,2218,2129.28,95,Cumulative
218,611735,Transmission system for evacuation of power from REZ in Rajasthan 20GW under Phase-III Part J,(Power Grid Corporation of India Limited [POWERGRID]),"Multi-States (Delhi, Rajasthan)",12/2022,12/2022,03/2025,04/2026,331,331,82.72,29,Cumulative
219,612132,Transmission Scheme for Evacuation of power from REZ in Rajasthan [20 GW] under Phase-III Part D [Sikar Khetri Transmission Ltd],(Power Grid Corporation of India Limited [POWERGRID]),"Multi-States (Delhi, Rajasthan)",02/2024,02/2024,08/2025,05/2026,2000,2000,1380.2,62,Cumulative
220,615347,TRANSMISSION SYSTEM FOR EVACUATION OF POWER FROM POTENTIAL RENEWABLE ENERGY ZONE IN KHAVDA AREA OF GUJARAT UNDER PHASE-V [8 GW] PART A   [SPV Name POWERGRID West Central Transmission Limited],(Power Grid Corporation of India Limited [POWERGRID]),"Multi-States (Gujarat, Maharashtra)",11/2024,11/2024,05/2029,-,24819,24819,1796.14,1,Cumulative
221,615339,Transmission system for evacuation of power from Rajasthan REZ Ph-IV [Part- 3/6GW] [Bikaner complex] Part A [SPV Name POWERGRID Bikaner IV Transmission Limited],(Power Grid Corporation of India Limited [POWERGRID]),"Multi-States (Haryana, Punjab, Rajasthan)",11/2024,11/2024,11/2026,-,5969,5969,218.47,5,Cumulative
222,615340,TRANSMISSION SYSTEM FOR EVACUATION OF POWER FROM RAJASTHAN REZ PH-IV [PART-3/ 6 GW] [BIKANER COMPLEX] PART B [SPV Name POWERGRID Siwani Transmission Limited],(Power Grid Corporation of India Limited [POWERGRID]),"Multi-States (Haryana, Rajasthan)",11/2024,11/2024,11/2026,-,5357,5357,267.85,9,Cumulative
223,606781,Transmission System for Strengthening of Srinagar-Leh Tr. System,(Power Grid Corporation of India Limited [POWERGRID]),"Multi-States (Jammu and Kashmir, Ladakh)",03/2022,03/2022,12/2024,10/2025,288.71,288.71,207.8,75,Cumulative
224,612138,"Transmission Scheme for Solar Energy Zone in Bidar [2500 MW], Karnataka [Bidar Transmission Ltd]",(Power Grid Corporation of India Limited [POWERGRID]),"Multi-States (Karnataka, Telangana)",02/2024,02/2024,02/2026,-,2147.62,2147.62,1144.89,61,Cumulative
225,615333,Transmission System for Evacuation of Power from Rajasthan REZ Ph-IV [Part-2 5.5 GW] [Jaisalmer/Barmer Complex] Part D [SPV Name POWERGRID Beawar Mandsaur Transmission Limited],(Power Grid Corporation of India Limited [POWERGRID]),"Multi-States (Madhya Pradesh, Rajasthan)",08/2024,08/2024,08/2026,-,2227,2227,622.89,20,Cumulative
226,615334,Transmission System for Evacuation of Power from Rajasthan REZ Ph-IV [Part-2 5.5 GW] [Jaisalmer/Barmer Complex] Part E [SPV Name POWERGRID Mewar Transmission Limited],(Power Grid Corporation of India Limited [POWERGRID]),"Multi-States (Madhya Pradesh, Rajasthan)",08/2024,08/2024,08/2026,-,3251,3251,780.24,18,Cumulative
227,617186,Rajasthan REZ Ph-V [Part-1- 4 GW] [Sirohi/Nagaur] Complex [Rajasthan V Power Transmission Limited],(Power Grid Corporation of India Limited [POWERGRID]),"Multi-States (Madhya Pradesh, Rajasthan)",03/2025,03/2025,03/2027,-,5028,5028,203.2,1,Cumulative
228,612133,Transmission System for Evacuation of power from Rajasthan REZ Ph-IV [Part-1] [Bikaner Complex] Part D [Neemrana Bareilly Transmission Ltd],(Power Grid Corporation of India Limited [POWERGRID]),"Multi-States (Rajasthan, Uttar Pradesh)",12/2023,12/2023,12/2025,06/2026,2056,2056,1356.96,58,Cumulative
229,616670,Transmission System for evacuation of Power from Rajasthan REZ Ph-IV [Part-4 3.5 GW] Part A  [SPV name POWERGRID Ghiror Transmission Limited],(Power Grid Corporation of India Limited [POWERGRID]),"Multi-States (Rajasthan, Uttar Pradesh)",12/2024,12/2024,12/2026,-,5846,5846,293.47,4,Cumulative
230,611659,Transmission system strengthening scheme for evacuation of power from solar energy zones in Rajasthan[8.1 GW] under phase-II- Part E,(Power Grid Corporation of India Limited [POWERGRID]),Rajasthan,03/2023,03/2023,09/2024,10/2025,1433.28,1433,1359.63,95,Cumulative
231,611947,Transmission System for Evacuation of Power from REZ in Rajasthan 20GW under Phase III- Part E2,(Power Grid Corporation of India Limited [POWERGRID]),Rajasthan,11/2023,11/2023,06/2025,12/2025,428.3,428.3,179.89,51,Cumulative
232,611948,Transmission system for evacuation of power from REZ in Rajasthan 20 GW under Phase-III part H,(Power Grid Corporation of India Limited [POWERGRID]),Rajasthan,10/2023,10/2023,04/2025,12/2025,2211.29,2211.29,1817.46,80,Cumulative
233,611949,Transmission system for evacuation of power from REZ in Rajasthan 20 GW under Phase-III part C1,(Power Grid Corporation of India Limited [POWERGRID]),Rajasthan,10/2023,10/2023,04/2025,10/2025,1796.02,1796.02,1247.87,83,Cumulative
234,611950,Transmission system for evacuation of power from REZ in Rajasthan 20 GW under Phase-III part B1,(Power Grid Corporation of India Limited [POWERGRID]),Rajasthan,09/2023,09/2023,04/2025,12/2025,2190.54,2190.54,1870.72,83,Cumulative
235,611951,Transmission system for evacuation of power from REZ in Rajasthan 20GW under Phase-III Part E1,(Power Grid Corporation of India Limited [POWERGRID]),Rajasthan,12/2021,08/2023,02/2025,09/2025,688.74,688.74,587.42,96,Cumulative
236,612134,Transmission System for Evacuation of power from Rajasthan REZ Ph-IV [Part-1] [Bikaner Complex] Part A [Bikaner Neemrana  Transmission Ltd],(Power Grid Corporation of India Limited [POWERGRID]),Rajasthan,12/2023,12/2023,12/2025,03/2026,2998.34,2998.34,1703.11,51,Cumulative
237,615332,Transmission System for Evacuation of Power from Rajasthan REZ Ph-IV [Part-2 5.5 GW][Jaisalmer/Barmer Complex] Part B [SPV Name  POWERGRID Sirohi Transmission Limited],(Power Grid Corporation of India Limited [POWERGRID]),Rajasthan,08/2024,08/2024,08/2026,-,3279,3279,688.59,21,Cumulative
238,615335,Transmission System Strengthening for Interconnections of  Bhadla-III & Bikaner III Complex [SPV Name POWERGRID BHADLA BIKANER TRANSMISSION LIMITED],(Power Grid Corporation of India Limited [POWERGRID]),Rajasthan,08/2024,08/2024,08/2026,-,1382,1382,41.46,4,Cumulative
239,615337,Additional Transmission System for evacuation of Power from Bhadla-III PS as part of Rajasthan REZ Phase III Scheme [20 GW] [SPV Name POWERGRID Bhadla-III Power Transmission Limited],(Power Grid Corporation of India Limited [POWERGRID]),Rajasthan,08/2024,08/2024,02/2026,-,369,369,58.26,16,Cumulative
240,615338,TRANSMISSION SYSTEM FOR EVACUATION OF POWER FROM RAJASTHAN REZ PH -IV [PART-2 5.5 GW] [JAISALMER/BARMER COMPLEX] PART F [SPV Name POWERGRID BARMER I TRANSMISSION LIMITED],(Power Grid Corporation of India Limited [POWERGRID]),Rajasthan,11/2024,11/2024,11/2026,-,2735,2735,82.05,8,Cumulative
241,617181,"Augmentation at Fatehgarh-II PS, Fatehgarh-IV PS [Section-II] and Barmer-I PS [POWERGRID Fatehgarh Barmer Augmentation Transmission Limited]",(Power Grid Corporation of India Limited [POWERGRID]),Rajasthan,03/2025,03/2025,12/2026,-,404,404,8.04,0,Cumulative
242,616671,Transmission System under ISTS for evacuation of Power from Kudankulam Unit-3&4 [2x1000 MW]  [SPV Name POWERGRID Kudankulam Tarnsmission Limited],(Power Grid Corporation of India Limited [POWERGRID]),Tamil Nadu,01/2025,01/2025,12/2026,12/2026,548,548,14.68,6,Cumulative
243,617269,Transmission System for Strengthening to facilitate evacuation of power from Bhadla/Bikaner Complex,(Power Grid Corporation of India Limited [POWERGRID]),Uttar Pradesh,12/2024,12/2024,06/2026,-,212.81,212.81,0.2,0,Cumulative
244,617282,"C/o 184 MS Flats for Hon'ble MPs at BKS Marg, New Delhi",(Central Public Works Department [CPWD]),Delhi,01/2022,05/2022,05/2025,08/2025,646.53,646.52,533.12,99,Construction
245,702668,Chennai Metro Rail Phase-II Development Project,(Chennai Metro Rail Limited [CMRL]),Tamil Nadu,10/2024,11/2020,08/2029,-,63246,63246,26410.15,45,Inland Waterways
246,707229,"Integrated Command control Center [ICCC] - Construction and Development of Integrated Command Control Center with Security, Surveillance, ITMS, Connecting Port, Ship Service, Smart Solid Waste Management, Smart Public Transport System",(ministry of housing and urban affairs),Andaman & Nicobar,07/2021,11/2021,05/2023,-,209.88,209.88,0,70,Real Estate
247,400188,Redevelopment of Seven General Pool Residential Accommodation [GPRA] Colonies in Delhi,(National Buildings Construction Corporation [NBCC]),Delhi,07/2016,05/2018,12/2025,12/2025,32850,32850,0,0,Real Estate
248,701719,Rehablitation in Junavadaj Area Smart City Project,(ministry of housing and urban affairs),Gujarat,NA,06/2016,07/2022,-,539,539,39.63,50,Real Estate
249,701766,Green Building Development Project,(ministry of housing and urban affairs),Uttarakhand,NA,08/2019,11/2023,-,150.97,150.97,18.95,31,Real Estate
250,702627,Patna Metro Rail Project,(Patna Metro Rail Corporation Ltd. [PMRCL]),Bihar,02/2019,02/2019,02/2024,06/2027,13365.77,13365.8,4039.77,40.07,Urban Public Transport
251,617207,Delhi Metro Rail Phase-IV [2 Corridors],(Delhi Metro Rail Corporation Limited [DMRC]),Delhi,03/2024,03/2024,03/2029,-,8399.81,8399.81,5.58,0,Urban Public Transport
252,702632,DMRTS Phase - IV [3 Priority Corridors],(Delhi Metro Rail Corporation Limited [DMRC]),Delhi,NA,07/2019,03/2025,03/2026,24948.65,24948.7,15785.39,69,Urban Public Transport
253,702630,Surat Metro Rail Project,(Gujarat Metro Rail Corporation Limited [GMRCL]),Gujarat,03/2019,04/2019,03/2024,06/2026,12020.32,12020.3,7595.47,70,Urban Public Transport
254,702631,"Ahmedabad Metro Rail Project, Phase-II",(Gujarat Metro Rail Corporation Limited [GMRCL]),Gujarat,03/2019,03/2019,03/2024,12/2025,5384.17,5384.17,4180.43,88,Urban Public Transport
255,702639,Ahmedabad Metro Rail Project [Phase-I],(Gujarat Metro Rail Corporation Limited [GMRCL]),Gujarat,11/2014,02/2015,03/2018,10/2025,10773,12924.5,12174.41,99,Urban Public Transport
256,702635,Construction of Bangalore Metro Rail Project Phase 2.,(Bengaluru Metro Rail),Karnataka,02/2014,02/2016,03/2021,09/2026,26405.14,30695.1,29477.97,94,Urban Public Transport
257,702665,Construction Bangalore Metro Rail Project Phase-2A & 2B,(Bengaluru Metro Rail),Karnataka,06/2021,01/2019,06/2026,06/2026,14788.1,14788.1,8424.54,53,Urban Public Transport
258,702664,Kochi Metro Rail Phase 2 Development  Project,(CSPCC Projects),Kerala,11/2022,11/2022,11/2026,11/2026,1957.05,1957.05,329.94,12,Urban Public Transport
259,702625,Bhopal Metro Rail Project,(Madhya Pradesh Metro Rail Co Limited [MPMRCL]),Madhya Pradesh,11/2018,11/2018,11/2022,06/2028,6941.4,6941.4,3164.15,43,Urban Public Transport
260,702626,Indore Metro Rail Project,(Madhya Pradesh Metro Rail Co Limited [MPMRCL]),Madhya Pradesh,11/2018,11/2018,11/2022,12/2028,7500.8,7500.8,3931.4,55,Urban Public Transport
261,617225,PCMC To Nigdi- Extension Of North South Corridor Of Phase-1,(Maharashtra Metro Rail Corporation Limited [MMRCL]),Maharashtra,10/2023,10/2023,01/2027,-,910.18,910.18,119.88,22,Urban Public Transport
262,617226,Pune Metro Phase-1 Extension line towards south from Swargate to Katraj,(Maharashtra Metro Rail Corporation Limited [MMRCL]),Maharashtra,09/2024,09/2024,03/2029,-,2954.53,2954.53,19.61,3,Urban Public Transport
263,701745,New Suburba Station Development Project,(ministry of housing and urban affairs),Maharashtra,NA,03/2019,07/2022,-,262.76,262.76,17.62,6,Urban Public Transport
264,701991,Kalyan Station Precinct Imporvement Project,(ministry of housing and urban affairs),Maharashtra,NA,07/2020,07/2023,-,600,600,272.42,70,Urban Public Transport
265,702637,Mumbai Metro Line 3,(Mumbai Metro Rail Corporation Limited [MMRC]),Maharashtra,07/2013,06/2016,03/2023,08/2025,23136,37276,27519.07,91.9,Urban Public Transport
266,702658,Nagpur Metro Rail Phase II Development Project,(Maharashtra Metro Rail Corporation Limited [MMRCL]),Maharashtra,12/2022,12/2022,12/2027,-,6708,6708,1045.32,25,Urban Public Transport
267,617206,Delhi Metro Rail Phase-IV [Rithala - Kundli Corridor],(Delhi Metro Rail Corporation Limited [DMRC]),"Multi-States (Delhi, Haryana)",01/2025,01/2025,01/2029,-,6230.99,6230.99,0.29,0,Cumulative
268,702633,Delhi-Ghaziabad-Meerut Regional Rapid Transit System [RRTS] corridor,(National Capital Region Transport Corporation [NCRTC]),"Multi-States (Delhi, Uttar Pradesh)",03/2019,03/2019,06/2025,08/2025,30274,30274,26325.73,95,Cumulative
269,702628,Kanpur Metro Rail Project,(Uttar Pradesh metro rail corporation [UPMRC]),Uttar Pradesh,05/2019,11/2019,05/2024,03/2027,11076.48,11076.5,9083.27,73,Cumulative
270,702629,Agra Metro Rail Project,(Uttar Pradesh metro rail corporation [UPMRC]),Uttar Pradesh,05/2019,12/2020,05/2024,06/2027,8379.62,8379.62,6057.62,62,Cumulative
271,702674,"ESR - 8 nos., distribution system - 216 Km, new house service connections - 38760 nos. upgrading of feeder mains, pumping station etc. - Phase II",(Ministry of Housing & Urban Affairs),Andhra Pradesh,NA,07/2018,03/2023,12/2025,172.22,172.22,622.02,82,Waste & Water
272,702682,Dibrugarh Water Supply Infrastructure Project,(Ministry of Housing & Urban Affairs),Assam,NA,01/2020,03/2023,12/2025,186.8,186.8,1291.55,98,Waste & Water
273,702699,Muzaffarpur Storm Water Drainage Phase-I Project,(Ministry of Housing & Urban Affairs),Bihar,NA,02/2019,10/2023,03/2024,158.78,158.78,48.61,51,Waste & Water
274,702355,Storm water drainag Development Project,(ministry of housing and urban affairs),Dadra & Nagar Haveli and Daman & Diu,NA,12/2021,03/2024,-,210,210,0,20,Waste & Water
275,707267,Upgradation of Sewerage system in Gandhinagar City,(ministry of housing and urban affairs),Gujarat,NA,03/2021,06/2023,-,200,200,100,10,Waste & Water
276,702734,Sewerage Management Scheme Part-3 Implementation,(Ministry of Housing & Urban Affairs),Haryana,NA,11/2017,09/2023,03/2026,278.01,278.01,1548.15,88,Waste & Water
277,702735,Sewerage Management Scheme Part-3 Implementation,(Ministry of Housing & Urban Affairs),Haryana,NA,10/2018,03/2023,12/2025,213.19,213.19,1069.74,91,Waste & Water
278,702741,Dhanbad Water Supply Infrastructure Project,(Ministry of Housing & Urban Affairs),Jharkhand,NA,12/2018,03/2023,03/2026,216.55,216.55,696.48,72,Waste & Water
279,702742,SAAP-3 Water Supply Infrastructure SAAP-3 Project,(Ministry of Housing & Urban Affairs),Jharkhand,NA,12/2018,10/2023,03/2026,159.31,159.31,612.5,65,Waste & Water
280,702746,Augmentation and Strenghthning of Urban Water Supply Phase 1 - SAAP 3,(Ministry of Housing & Urban Affairs),Jharkhand,NA,12/2018,03/2023,03/2026,278.28,278.28,1223.5,78,Waste & Water
281,702760,Belgavi Improvement in Sewerage System Project,(Ministry of Housing & Urban Affairs),Karnataka,NA,10/2016,07/2023,12/2025,162.73,162.73,562.71,80,Waste & Water
282,702764,24/7 water supply under AMRUT for Davanagere,(Ministry of Housing & Urban Affairs),Karnataka,NA,01/2018,03/2023,12/2025,174.96,174.96,715.56,65,Waste & Water
283,702793,Indore Water Supply Infrastructure Project,(Ministry of Housing & Urban Affairs),Madhya Pradesh,NA,11/2017,03/2023,12/2025,287.17,287.17,1766,99,Waste & Water
284,702798,Jabalpur Sewerage Management and Treatment Infrastructure Project,(Ministry of Housing & Urban Affairs),Madhya Pradesh,NA,12/2017,03/2023,12/2025,362.31,362.31,2264.18,93,Waste & Water
285,702808,Satna Sewerage Management and Treatment Infrastructure Project,(Ministry of Housing & Urban Affairs),Madhya Pradesh,NA,12/2016,03/2024,12/2025,191.56,191.56,501.71,86,Waste & Water
286,702810,Singrauli Sewerage Management and Treatment Infrastructure Project,(Ministry of Housing & Urban Affairs),Madhya Pradesh,NA,11/2017,03/2023,12/2025,402.01,402.01,2424.71,90,Waste & Water
287,702833,Kalyan-Dombivali Water Supply Infrastructure Project,(Ministry of Housing & Urban Affairs),Maharashtra,NA,09/2019,10/2023,12/2025,194.2,194.2,375.32,70,Waste & Water
288,702840,Mira-Bhayandar Water Supply Infrastructure Project,(Ministry of Housing & Urban Affairs),Maharashtra,NA,08/2018,03/2023,12/2025,204.55,204.55,581.09,99,Waste & Water
289,702842,Nagpur Water Supply Infrastructure Project,(Ministry of Housing & Urban Affairs),Maharashtra,NA,08/2018,03/2023,09/2025,273.78,273.78,266.11,99,Waste & Water
290,702851,Pune Water Supply Infrastructure Project,(Ministry of Housing & Urban Affairs),Maharashtra,NA,07/2017,03/2023,10/2025,235.95,235.95,614.06,92,Waste & Water
291,702854,Solapur Sewerage Management Infrastructure Project,(Ministry of Housing & Urban Affairs),Maharashtra,NA,04/2018,03/2023,12/2025,180.24,180.24,476.83,91,Waste & Water
292,703021,Jalandhar Water Supply Infrastructure Project,(Ministry of Housing & Urban Affairs),Punjab,NA,08/2020,08/2023,03/2026,258.53,258.53,161.02,58,Waste & Water
293,703057,Patiala Water Supply Infrastructure Part-2 Project,(Ministry of Housing & Urban Affairs),Punjab,NA,08/2020,10/2023,12/2025,287,287,451.94,74,Waste & Water
294,702948,Jaunpur Sewerage Management Infrastructure Project,(Ministry of Housing & Urban Affairs),Uttar Pradesh,NA,08/2019,06/2023,12/2025,235.73,235.73,166,87,Waste & Water
295,702949,Jhansi Water Supply Infrastructure Phase-II Project,(Ministry of Housing & Urban Affairs),Uttar Pradesh,NA,06/2019,07/2023,09/2025,561.74,561.74,523.15,100,Waste & Water
296,617280,"Construction of Basement + Ground Floor+ 10 Storeyed building for State of the Art Director General, GSI Building at plot No.GN-40, Sector-V, Salt Lake, Kolkata",(Central Public Works Department (CPWD)),West Bengal,04/2019,02/2020,08/2026,-,255.37,255.37,79.34,79,Construction
297,611798,Rakha Underground Mining Project,(Hindustan Copper Limited [HCL]),Jharkhand,12/2022,03/2024,03/2033,-,2705,2705,0,0,Metals & Mining
298,611800,Surda Underground Copper Mining Project,(Hindustan Copper Limited [HCL]),Jharkhand,02/2022,03/2024,03/2028,-,665.02,665.02,16.57,1,Metals & Mining
299,400426,Expansion of Malanjkhand Copper Project,(Hindustan Copper Limited [HCL]),Madhya Pradesh,09/2011,04/2015,04/2020,04/2026,1856.36,1856.36,935.32,80,Metals & Mining
300,400141,Expansion of Alumina Refinery Plant with addition of 5th Stream having capacity enhancement of 1.0 Million Tonee Per Annum,(National Aluminium Company Limited [NALCO]),Odisha,04/2017,04/2017,12/2022,09/2025,4103,5677.4,3984.99,76,Metals & Mining
301,400299,Pottangi Bauxite Mines Project,(National Aluminium Company Limited [NALCO]),Odisha,05/2018,05/2018,03/2025,05/2026,1381,1960.77,650.04,51,Metals & Mining
302,709829,UTKAL D AND E COAL BLOCK,(National Aluminium Company Limited [NALCO]),Odisha,NA,02/2016,03/2025,-,1021.97,1021.97,0,0,Metals & Mining
303,709830,CONVERSION OF FLAT BOTTOM SETTLERS AND WASHERS WITH A SINGLE TRAIN OF HRDS AND DCWS IN STREAMS 1 AND,(Ministry of Mines),Odisha,NA,04/2017,11/2026,-,355,581,0,0,Metals & Mining
304,709831,SOURCING OF BAUXITE ARRANGEMENT FOR 5TH STREAM ALUMINA REFINERY FROM SOUTH BLOCK MINING LEASE OF PANCHPATMAILI MINES,(National Aluminium Company Limited [NALCO]),Odisha,11/2017,11/2019,05/2025,06/2026,483,483,402.67,90,Metals & Mining
305,709832,25.5 MW WIND POWER PROJECT AT KAYATHAR IN TAMILNADU,(National Aluminium Company Limited [NALCO]),Tamil Nadu,09/2017,12/2017,03/2025,03/2026,166,166,135,65,Metals & Mining
306,613008,Construction of Permanent Campus of Central Tribal University of Andhra Pradesh Phase-1,(Central Tribal University of Andhra Pradesh),Andhra Pradesh,NA,12/2023,06/2027,-,305,305,83.33,24,Education
307,612898,Construction of Permanent Campus of National Institute of Technology Arunachal Pradesh,"(National Institute of Technology, Arunachal Pradesh)",Arunachal Pradesh,NA,03/2013,08/2026,-,592.61,592.61,549.96,75,Education
308,606112,Tezpur University Projects,(Tezpur University),Assam,05/2019,06/2021,11/2023,08/2025,153.71,153.71,54.05,95,Education
309,606013,Additional Campus  of NITPatna,(NIT Patna),Bihar,07/2022,08/2022,07/2024,01/2026,499.21,499.21,425.47,91,Education
310,612851,"Phase 1B - Construction of Academic Block, Hostel, Residential Tower, Directors Residence and External Development works at National Institute of Technology, Delhi Campus on Engineering, Procurement and Construction basis",(Ministry of Education),Delhi,NA,11/2022,09/2025,-,333.49,333.49,277.75,91,Education
311,616886,Delhi University Eastern Campus at Surajmal Vihar,(Delhi University),Delhi,NA,01/2025,10/2026,-,373,373,23.23,15,Education
312,612916,"Construction of permanent campus of Central University of Gujarat at Village kundhela, Dist. Vadodara, Gujarat.",(Gujarat),Gujarat,NA,02/2021,03/2025,03/2026,490.63,490.63,301.44,76,Education
313,602099,Establishment of Permanent campus Phase 1 of IIM Sirmaur,"(Indian Institute of Management, Sirmaur)",Himachal Pradesh,09/2018,08/2020,10/2023,02/2026,392.51,454.78,323.64,92,Education
314,612128,Hostel blocks & dining hall block,"(Indian Institute of Technology, Mandi)",Himachal Pradesh,NA,03/2024,03/2026,03/2026,166.66,166.66,72.09,65,Education
315,612894,"Construction of Permanent Campus of Central University of Himachal Pradesh at Dehra, District - Kangra, [H.P.] on Engineering. Procurement and Construction [EPC Mode 1] Basis.","(Central University, Himachal Pradesh)",Himachal Pradesh,03/2021,08/2022,11/2024,11/2025,251.98,300.45,183.36,78,Education
316,602098,"Construction of Permanent Campus for IIM Jammu Phase-1 at Jagti, Nagrota, Jammu, J&K","(Indian Institute of Management, Jammu)",Jammu and Kashmir,03/2019,10/2020,06/2023,09/2025,424.93,500.91,484.52,96,Education
317,610940,"Additional Infrastructure at IISc Bangalore-RCC Monolithic for Men Hostel S14, Women Hostel S11 , Postdoctoral Hostel S12 2 Block , International Hostel S 12 , D&E Block S 12  2 Block FR.",(IISC Bangalore),Karnataka,08/2021,08/2021,03/2024,09/2025,420.41,420.41,360.72,99,Education
318,606431,CONSTRUCTION OF PERMANENT CAMPUS FOR IIT PALAKKAD UNDER PHASE 1A,(INDIAN INSTITUTE OF TECHNOLOGY PALAKKAD),Kerala,07/2017,03/2020,06/2022,11/2026,1006.45,1217.4,623.6,71,Education
319,611957,"Phase III A works at IIT Indore [03 Hostels, 01 Studio Apartment, 01 Housing, Heavy & Sophisticated lab complex, Academic POD and  Infrastructure for center of excellence]","(Indian Institute of Technology, Indore)",Madhya Pradesh,NA,11/2023,12/2026,-,496.28,496.28,143.95,35,Cumulative
320,612135,Hostel 4 -Earlier Known as Hostel 20,"(Indian Institute of Technology, Bombay)",Maharashtra,NA,05/2022,09/2025,-,182.33,182.33,132.44,95,Cumulative
321,612203,Academic Block 1 & 2,"(Indian Institute of Technology, Bombay)",Maharashtra,NA,01/2023,07/2026,03/2027,68,263.93,22.26,18,Cumulative
322,612885,Construction and Developement of National Institute of Technology Meghalaya Permanent Campus at Sohra,"(National Institute of Technology, Meghalaya)",Meghalaya,03/2020,09/2014,03/2022,07/2025,494.52,494.52,413.57,86,Cumulative
323,612876,"Construction of Permanent Campus for NIT Mizoram at Lengpui, Aizawl",(Ministry of Education),Mizoram,03/2020,05/2014,12/2029,12/2029,474.23,474.23,167.55,4,Cumulative
324,613013,Establishment of NIT Nagaland,(NIT Nagaland),Nagaland,NA,09/2012,12/2025,-,275.63,275.63,260.1,95,Cumulative
325,610315,IISER BERHAMPUR,"(Indian Institutes of Science Education and Research, Behrampur)",Odisha,10/2018,09/2019,03/2021,12/2025,1229.32,773.76,837.04,97,Cumulative
326,612877,Establishment of NIT Puducherry Permanent Campus [Phase-I and Phase-II],"(National Institute of Technology, Puducherry)",Puducherry,03/2020,07/2013,12/2024,08/2025,618.34,544.34,509.55,94,Cumulative
327,605292,"Construction of Permanent Campus of Indian Institute of Management [IIM] Amritsar, Punjab, Phase-I","(Indian intitue of Management, Amritsar)",Punjab,10/2019,07/2020,06/2023,12/2025,348.31,348.31,290.39,91,Cumulative
328,617221,"Construction of Girls Hostel 400 seater, Boys Hostel 600 seater, Academic Block, International Hostel 100 seater, VC Residence and Purchase of Equipment",(Central University of Punjab),Punjab,08/2024,04/2025,10/2027,-,210.99,210.99,0,0,Cumulative
329,609736,"Construction of Sikkim University Campus Phase-I Package-II at Yangang, South Sikkim",(Sikkim University),Sikkim,08/2020,01/2022,01/2025,09/2025,314.06,314.06,238.22,82,Cumulative
330,612883,Establishment of Permanent Campus of NIT SIkkim at Khamdong-Gangtok District,(Ministry of Education),Sikkim,02/2024,03/2024,02/2028,12/2026,685.76,610.76,121.56,9,Cumulative
331,609996,Construction of Precast housing and hostels at IIT Hyderabad,"(Indian Institute of Technology, Hyderabad)",Telangana,NA,11/2022,10/2024,01/2026,262,262,177.09,73,Cumulative
332,606479,Banaras Hindu University [ Kayakalp of Institute of Medical Sciences],(Banaras Hindu University),Uttar Pradesh,NA,06/2020,09/2022,03/2026,246,246,193.38,95,Cumulative
333,611963,"Construction & Development of Infrastructural Facilities in the main campus of NIT Uttarakhand at Sumari, Pauri Garhwal",(National Institute of Technology Uttarakhand),Uttarakhand,06/2020,04/2024,09/2027,-,650.85,650.85,195.52,24,Cumulative
334,609019,"HEFA projects on development of student hostels, playgrounds, departmental buildings, class room complex and other campus facilities in IIT Kharagpur","(Indian Institute of Technology, Kharagpur)",West Bengal,06/2018,04/2019,03/2023,03/2026,500,442,383.6,87,Cumulative
335,609041,"IoE Projects [Civil Works], IIT Kharagpur","(Indian Institute of Technology, Kharagpur)",West Bengal,NA,04/2019,03/2023,12/2026,287.2,287.2,310,86,Cumulative
336,616235,Construction of Aviation Fuel farm Facilities at Bhogapuram Airport,(Ministry of Petroleum & Natural Gas),Andhra Pradesh,NA,08/2024,03/2026,03/2026,240,240,38.82,59,Energy Storage
337,709754,"Construction of LPG Facilities at Kamardanga, Assam",(Hindustan Petroleum Corporation Limited),Assam,NA,03/2023,07/2027,07/2027,156.36,156.36,54.15,46,Energy Storage
338,709755,"Setting up of new rail fed POL facility at Kamardanga, Assam",(Hindustan Petroleum Corporation Limited [HPCL]),Assam,NA,03/2023,07/2027,07/2027,384.04,384.04,120.4,52,Energy Storage
339,400235,"Setting up a common user Petroleum Terminal at Jammu, J&K for resitement of existing PSU OMC's Depots from Jammu City",(Bharat Petroleum Corporation Limited [BPCL]),Jammu and Kashmir,NA,04/2023,03/2025,01/2026,676.89,676.89,526.1,79,Energy Storage
340,604833,"Andheri Residential Towers, Mumbai",(Ministry of Petroleum & Natural Gas),Maharashtra,NA,06/2017,05/2025,06/2026,281.35,389.67,230.76,50,Energy Storage
341,701343,Srikakulam Angul Gas Pipeline Project,(Ministry of Petroleum & Natural Gas),"Multi-States (Andhra Pradesh, Odisha)",NA,09/2019,07/2022,12/2025,2658.34,2810,2203.98,95,Energy Storage
342,701263,Rajasthan Refinery Project,(MinistryofPetroleumNaturalGas),"Multi-States (Arunachal Pradesh, Gujarat, Rajasthan)",NA,10/2017,10/2022,03/2026,43129,79459,60295.14,88,Energy Storage
343,701349,Paradip-Numaligarh Crude Oil Pipeline [PNCPL] & Crude Oil Import Terminal [COIT] at Paradip,(Ministry of Petroleum & Natural Gas),"Multi-States (Assam, Bihar, Jharkhand, Odisha, West Bengal)",NA,01/2019,07/2024,09/2025,10228,11407,9766.72,87,Energy Storage
344,400078,New Mundra Panipat Crude Oil Pipeline,(Ministry of Petroleum & Natural Gas),"Multi-States (Gujarat, Haryana, Rajasthan)",NA,12/2021,12/2024,12/2025,9028,9028,7136.41,85,Energy Storage
345,400012,Kandla Gorakhpur LPG Pipeline,(Ministry of Petroleum & Natural Gas),"Multi-States (Gujarat, Madhya Pradesh, Uttar Pradesh)",NA,12/2018,12/2021,12/2025,10088,10088,7672.23,92,Cumulative
346,400301,Multi Product Pipeline from Irugur to Devangonthi,"(Department of Water Resources, River Development & GR)","Multi-States (Karnataka, Tamil Nadu)",NA,11/2012,02/2017,10/2025,678,1732,713.86,69,Cumulative
347,709759,"Petrochemical evacuation marketing terminal at Barmer, Rajasthan",(Hindustan Petroleum Corporation Limited [HPCL]),Rajasthan,NA,12/2023,12/2026,12/2026,461.05,461.05,116.48,54,Cumulative
348,400043,Laying of POL Pipelines in Common Corridor for proposed grass root terminal at Vallur [Chennai],(Ministry of Petroleum & Natural Gas),Tamil Nadu,NA,01/2022,05/2026,05/2026,829,829,301.71,63,Cumulative
349,400077,"Grass root POL Terminal at Vallur, Chennai",(Indian Oil Corporation Limited [IOCL]),Tamil Nadu,NA,01/2022,12/2024,03/2026,827,887.71,626.01,88,Cumulative
350,400035,"Grass Root Rail-fed Depot at Sekerkote, Agartala as resitement of existing Dharmanagar Depot",(Indian Oil Corporation Limited [IOCL]),Tripura,NA,06/2022,09/2025,06/2026,656,656,478.11,86,Cumulative
351,604852,"Grass-root Terminal at Mirzapur, Uttar Pradesh",(Ministry of Petroleum & Natural Gas),Uttar Pradesh,NA,09/2022,11/2026,11/2026,980.45,980.45,216.66,52,Cumulative
352,400120,KG-DWN-98/2 Cluster - II Development Project - NELP Block,(Oil and Natural Gas Corporation Limited [ONGC]),Andhra Pradesh,NA,03/2016,06/2020,06/2026,34012,34012,33238.47,96,Oil & Gas
353,709752,HP-COAT [Crude to Olefins and Aromatics Technology] demo unit at Visakh Refinery,(Hindustan Petroleum Corporation Limited),Andhra Pradesh,NA,09/2021,06/2024,03/2026,160,220,80.29,69,Oil & Gas
354,709761,HP Trijet Unit in Visakh Refinery,(Hindustan Petroleum Corporation Limited),Andhra Pradesh,NA,07/2024,07/2027,07/2027,193,193,0.43,23,Oil & Gas
355,709766,"City Gas Distribution Project at Kurnool, Guntur & Prakasam Districts",(MinistryofPetroleumNaturalGas),Andhra Pradesh,NA,03/2022,03/2030,03/2030,1420,1420,165.65,6,Oil & Gas
356,604791,Numaligarh Refinery Expansion Project,(Ministry of Petroleum & Natural Gas),Assam,NA,07/2020,07/2024,12/2025,12366,22494,16764.09,76,Oil & Gas
357,604792,"Assam Bio Refinery, ABRPL",(Ministry of Petroleum & Natural Gas),Assam,NA,02/2018,09/2021,09/2025,1750,4930,4710,99,Oil & Gas
358,604863,Development of Surface Facilities for production and evacuation of Crude Oil and Natural Gas from Nadua and East Khagorija,(Ministry of Petroleum & Natural Gas),Assam,NA,01/2018,02/2020,12/2025,682.9,726.93,489.3,94,Oil & Gas
359,607701,"Guwahati Refinery Expansion [1.0 to 1.2 MMTPA] along with installation of CRU, Guwahati Refinery",(Ministry of Petroleum & Natural Gas),Assam,NA,05/2021,10/2023,05/2026,412.3,577,430.83,85,Oil & Gas
360,616858,"Construction of Field Gas Gathering Station at Baghjan area for collection, processing & transportation of natural Gas to be produced from Baghjan Field",(Ministry of Petroleum & Natural Gas),Assam,NA,12/2020,03/2024,12/2025,430.76,430.76,327.27,85,Oil & Gas
361,709776,Augmentation/Revamping of Facilities at existing Guwahati Terminal at Betkuchi,(MinistryofPetroleumNaturalGas),Assam,NA,04/2022,09/2026,09/2026,277,323.09,185.18,68,Oil & Gas
362,709779,Capacity Expansion of Digboi Refinery from 0.65 to 1.0 MMTPA,(MinistryofPetroleumNaturalGas),Assam,NA,06/2022,03/2026,03/2026,768,740,107.72,39,Oil & Gas
363,709847,Pipeline Network Project Rudrasagar,(Ministry of Petroleum & Natural Gas),Assam,NA,01/2023,04/2026,04/2026,344.99,344.99,211.05,47,Oil & Gas
364,709850,Borholla GGS Life Extension Project [BLEP],(Ministry of Petroleum & Natural Gas),Assam,NA,09/2023,05/2026,05/2026,198.7,198.7,36.8,30,Oil & Gas
365,709864,DCU Revamp Project,(NRL),Assam,NA,08/2021,07/2024,10/2025,370,370,253.17,60,Oil & Gas
366,709865,Power Recovery Turbine [PRT] in PFCCU unit as an Energy Conservation Scheme,(NRL),Assam,NA,04/2023,12/2024,10/2025,293.5,293.5,97.22,94,Oil & Gas
367,617303,"City Gas Distribution Project at Khagaria, Saharsa and Madhepura",(Ministry of Petroleum & Natural Gas),Bihar,NA,03/2019,03/2030,03/2030,163,163,96.07,40,Oil & Gas
368,617304,"Setting up of LPG Plant with Rail Unloading Facility at Hathua, Dist. Gopalganj, Bihar",(MinistryofPetroleumNaturalGas),Bihar,NA,10/2023,03/2027,03/2027,340.15,340.15,91.32,26,Oil & Gas
369,701324,Barauni Refinery Capacity Expansion from 6.0 to 9.0 MMTPA,(Ministry of Petroleum & Natural Gas),Bihar,NA,01/2020,04/2023,08/2026,14810,16724,11880.66,87,Oil & Gas
370,709777,Installation of Bitumen Manufacturing Unit along with allied facilities at Barauni Refinery,(MinistryofPetroleumNaturalGas),Bihar,NA,01/2022,04/2025,10/2026,389.35,340,50.48,40,Oil & Gas
371,709792,"City Gas Distribution Projects at Darbhanga, Madhubani, Supaul, Sitamarhi and Sheohar districts",(Bharat Petroleum Corporation Limited [BPCL]),Bihar,NA,12/2022,03/2030,03/2030,3638,3638,407.18,29,Oil & Gas
372,709793,"City Gas Distribution Projects at Gopalganj, Siwan, West Champaran, East Champaran and Deoria districts",(Bharat Petroleum Corporation Limited [BPCL]),Bihar,NA,12/2022,06/2030,06/2030,3919,3919,400.92,18,Cumulative
373,400087,Redevelopment of Sobhasan Complex,(Oil and Natural Gas Corporation Limited [ONGC]),Gujarat,NA,08/2021,02/2026,02/2026,885.63,1286.67,789.49,78,Cumulative
374,400167,Redevelopment of Santhal Field [Onshore-Mehsana Asset],(Oil and Natural Gas Corporation Limited [ONGC]),Gujarat,NA,02/2017,03/2026,03/2026,1162.56,1162.56,1157,94,Cumulative
375,400169,Redevelopment of Linch Field,(Oil and Natural Gas Corporation Limited [ONGC]),Gujarat,NA,04/2021,03/2025,10/2025,631.03,860.04,505.15,79,Cumulative
376,701329,Petrochemical and Lube Integration Project at Gujarat Refinery,(Ministry of Petroleum & Natural Gas),Gujarat,NA,09/2020,08/2024,12/2025,18936,17825,12327.91,83,Cumulative
377,709778,Installation of new Biturox Unit along with allied facilities at Gujarat Refinery,(MinistryofPetroleumNaturalGas),Gujarat,NA,01/2022,08/2025,09/2026,328.29,287,151.53,58,Cumulative
378,709838,Commercial Polymer Flooding Project in Bechraji field,(Oil and Natural Gas Corporation Limited [ONGC]),Gujarat,NA,01/2022,11/2024,11/2025,621.4,621.4,137.71,21,Cumulative
379,709840,"Restoration of Gas Terminal, Phase-I [Part-A], Hazira",(Oil and Natural Gas Corporation Limited [ONGC]),Gujarat,NA,05/2022,02/2025,12/2025,249.43,249.43,209.45,94,Cumulative
380,709841,Old Pipe Line Replacement [OPRP] Group-A,(Oil and Natural Gas Corporation Limited [ONGC]),Gujarat,NA,07/2021,07/2025,03/2026,173.03,169.84,147.02,87,Cumulative
381,709842,"Kalol Redevelopment Project, Ahmedabad Asset",(Oil and Natural Gas Corporation Limited [ONGC]),Gujarat,NA,08/2022,03/2027,03/2027,1487.41,1487.41,927.5,62,Cumulative
382,709845,"Revamping of SV Stations, Gas Terminal & Kribhco Terminal",(Oil and Natural Gas Corporation Limited [ONGC]),Gujarat,NA,11/2022,08/2026,08/2026,837.34,837.34,219.13,52,Cumulative
383,604853,"Indian Oil Technology Development and Deployment Centre at R&D Campus-II, Faridabad",(Ministry of Petroleum & Natural Gas),Haryana,NA,06/2019,12/2022,03/2026,2281.94,3200,1800.61,63,Cumulative
384,611917,Poly Butadiene Rubber plant at Panipat,(Indian Oil Corporation Limited [IOCL]),Haryana,NA,03/2022,03/2025,06/2026,1459,2531.44,1072.59,70,Cumulative
385,701289,Capacity Expansion of Panipat Refinery from 15 to 25 MMTPA,(Ministry of Petroleum & Natural Gas),Haryana,NA,02/2021,09/2024,12/2025,34627,36225,24355.1,89,Cumulative
386,709783,"Installation of Multiple Effect Evaporator [MEE] for ETP-1, 2 & 4 of Panipat Refinery and Petrochemical Complex.",(MinistryofPetroleumNaturalGas),Haryana,NA,12/2020,06/2023,06/2026,165.13,247.69,130.6,72,Cumulative
387,709773,"City Gas Distribution Project at Jammu, Udhampur, Reasi, Samba and Kathua Districts",(MinistryofPetroleumNaturalGas),Jammu and Kashmir,NA,03/2022,03/2032,03/2032,538,538,3.72,0,Cumulative
388,610984,Development of Jharia CBM Block [Phase-1],(Oil and Natural Gas Corporation Limited [ONGC]),Jharkhand,NA,11/2019,01/2024,11/2025,431,431,211.4,59,Cumulative
389,709785,Laying of Natural Gas Pipeline from Hazaribagh to Ranchi [HRPL],(MinistryofPetroleumNaturalGas),Jharkhand,NA,02/2023,02/2026,02/2026,202.07,202.07,52.42,45,Cumulative
390,612790,Power System Upgradation Project,(Mangalore Refinary and Petrochemicals Limited),Karnataka,NA,10/2023,11/2025,05/2026,385,385,137,64,Cumulative
391,616879,Demo Bio-ATF Project,(Ministry of Petroleum & Natural Gas),Karnataka,NA,03/2024,01/2027,01/2027,364,364,27.02,12,Cumulative
392,709774,Revamping/ Augmentation of facilities at existing port terminal at Mangalore,(Ministry of Petroleum & Natural Gas),Karnataka,NA,01/2022,12/2025,12/2025,463,500.62,271.16,82,Cumulative
393,709790,Replacement and Extension of Jetty Pipelines [REJP] at KR,(Bharat Petroleum Corporation Limited [BPCL]),Kerala,NA,03/2023,03/2026,03/2026,621.87,621.87,193.19,85,Cumulative
394,709799,Setting up Polypropylene Unit at Kochi Refinery,(MinistryofPetroleumNaturalGas),Kerala,NA,12/2023,10/2027,10/2027,4460,4460,265.89,13,Cumulative
395,709798,Ethylene Cracker Project at Bina Refinery including downstream Petrochemical Plants and expansion of Refinery,(MinistryofPetroleumNaturalGas),Madhya Pradesh,NA,05/2023,05/2028,05/2028,43367,43367,1855.5,14,Cumulative
396,400158,Debottlenecking and Augmentation of Cryogenic facilities at Uran LPG Import Terminal,"(Department of Water Resources, River Development & GR)",Maharashtra,NA,04/2021,02/2024,12/2025,1164.69,1629.86,932.25,86,Cumulative
397,400168,"500 KTA PDHPP Project, Usar",(Ministry of Petroleum & Natural Gas),Maharashtra,NA,04/2021,04/2025,10/2025,8797,11256,6877.59,85,Cumulative
398,610985,Construction of lube oil blending plant at Rasayani,(Ministry of Petroleum & Natural Gas),Maharashtra,NA,05/2022,12/2023,12/2025,423.39,526.26,301.01,80,Cumulative
399,616933,Lube Modernization & Bottom Upgradation Project at Mumbai Refinery,(Ministry of Petroleum and Natural Gas),Maharashtra,NA,12/2024,03/2028,03/2028,4679,4679,194.44,5,Cumulative
400,709760,HP TDAE Unit in Mumbai Refinery,(Hindustan Petroleum Corporation Limited),Maharashtra,NA,06/2024,04/2026,04/2026,240,240,34.42,40,Cumulative
401,709771,"City Gas Distribution Project at Beed, Jalgaon and Jalna Districts",(MinistryofPetroleumNaturalGas),Maharashtra,NA,03/2022,09/2031,09/2031,865,865,69.15,2,Cumulative
402,709780,Construction of Additional Tankages and Allied Facilities at JNPT Terminal,(MinistryofPetroleumNaturalGas),Maharashtra,NA,04/2022,08/2026,08/2026,341.43,436.14,282.95,51,Cumulative
403,709782,ATF Pipeline from Jawaharlal Nehru Port Trust to Navi Mumbai International Airport,(Indian Oil Corporation Limited [IOCL]),Maharashtra,NA,08/2022,08/2025,03/2026,165,165,90.75,74,Cumulative
404,709789,Installation of Independent De- Aromatized Solvents [DAS] production facilities at MR,(Bharat Petroleum Corporation Limited [BPCL]),Maharashtra,NA,03/2023,07/2025,12/2025,405,343,205.63,86,Cumulative
405,709797,POL & LOBS Installations with Receipt Pipelines at Rasayani,(Bharat Petroleum Corporation Limited [BPCL]),Maharashtra,NA,05/2023,05/2026,05/2026,2585,2585,612.7,61,Cumulative
406,709846,Part Replacement Pipeline Project  [PRPP],(Oil and Natural Gas Corporation Limited [ONGC]),Maharashtra,NA,11/2022,05/2024,11/2025,1219.48,1145.1,744.81,90,Cumulative
407,616254,Visakh Raipur Pipeline Project,(Ministry of Petroleum and Natural Gas),"Multi-States (Andhra Pradesh, Chhattisgarh, Odisha)",NA,09/2024,09/2027,09/2027,2212,2212,13.45,8,Cumulative
408,701346,North East Gas Grid,(Ministry of Petroleum & Natural Gas),"Multi-States (Arunachal Pradesh, Assam, Manipur, Meghalaya, Mizoram, Nagaland, Sikkim, Tripura, West Bengal)",NA,04/2020,03/2024,03/2026,9265,9265,6393.85,85,Cumulative
409,701350,Upgradation of Facilities of Numaligarh-Siliguri Product Pipeline [NSPL] for transportation of additional products from existing 1.72 MMTPA to 5.5 MMTPA,(Ministry of Petroleum & Natural Gas),"Multi-States (Assam, West Bengal)",NA,06/2021,12/2024,10/2025,860,860,584.76,98,Cumulative
410,709757,"CGD Project in Banka, Dumka, Godda, Jamtara, Pakur, Sahibganj GA ID 11A.02",(Hindustan Petroleum Corporation Limited),"Multi-States (Bihar, Jharkhand)",NA,06/2022,06/2030,06/2030,1377,1377,331.74,27,Cumulative
411,701354,Mumbai Nagpur Jharsuguda Pipeline Project,(Ministry of Petroleum & Natural Gas),"Multi-States (Chhattisgarh, Madhya Pradesh, Maharashtra, Odisha)",NA,06/2020,05/2023,09/2025,7844.25,8255,6495.6,96,Cumulative
412,701330,Mehsana-Bhatinda & Bhatinda-Jammu Natural Gas Pipeline,(Ministry of Petroleum & Natural Gas),"Multi-States (Gujarat, Haryana, Punjab, Rajasthan)",NA,07/2011,06/2024,12/2025,7392,7392,6308,90,Cumulative
413,612853,Gurdaspur Jammu Pipeline,(Gas Authority of India Limited [GAIL]),"Multi-States (Jammu and Kashmir, Punjab)",NA,07/2023,07/2026,07/2026,521.9,521.9,190.1,36,Cumulative
414,701228,Kochi - Koottanad - Bangalore - Mangalore Pipeline Phase-II,(Ministry of Petroleum & Natural Gas),"Multi-States (Karnataka, Kerala, Tamil Nadu)",NA,06/2009,12/2012,12/2025,2915,5909,4453.29,94,Cumulative
415,701338,City Gas Distribution Maharashtra Natural Gas Limited,(Ministry of Petroleum & Natural Gas),"Multi-States (Karnataka, Maharashtra)",NA,01/2006,06/2031,06/2031,5535,5535,3861.49,0,Cumulative
416,701344,Dhamra Haldia Pipeline Project,(Ministry of Petroleum & Natural Gas),"Multi-States (Odisha, West Bengal)",NA,03/2020,11/2022,12/2025,1030.65,1125,854.6,87,Cumulative
417,709794,"City Gas Distribution Projects at Fazilka [except area already authorized], Ganganagar and Hanumangarh districts",(Bharat Petroleum Corporation Limited [BPCL]),"Multi-States (Punjab, Rajasthan)",NA,12/2022,06/2030,06/2030,3207,3207,339.57,24,Cumulative
418,709786,"Augmentation/ Revamping of Dimapur Depot, Dimapur",(MinistryofPetroleumNaturalGas),Nagaland,NA,08/2023,11/2027,11/2027,227.62,227.62,9.12,22,Cumulative
419,604859,Integrated Para Xylene [PX] and Purified Terephthalic Acid [PTA] Project at Paradip Refinery,(Ministry of Petroleum & Natural Gas),Odisha,NA,07/2020,01/2024,08/2026,13805,11783,8310.16,90,Cumulative
420,709800,"CUF POL Depot at Sadashibpur [Meramundali], Odisha",(MinistryofPetroleumNaturalGas),Odisha,NA,04/2021,03/2026,03/2026,393.54,393.54,104.55,44,Cumulative
421,400119,Life Extension of 48 well platforms of Mumbai High & Heera Fields,(Oil and Natural Gas Corporation Limited [ONGC]),Offshore,NA,12/2015,04/2018,12/2025,3190.69,3375.9,3074.25,89,Cumulative
422,616950,PRP-VIII [Group-A],(Ministry of Petroleum & Natural Gas),Offshore,NA,09/2024,02/2026,02/2026,1486.4,1486.4,272.3,19,Cumulative
423,709839,Daman Upside Development Project,(Oil and Natural Gas Corporation Limited [ONGC]),Offshore,NA,06/2022,10/2025,02/2026,4144.41,6406.9,3894.53,85,Cumulative
424,709848,MHN TCPP PGC BGC Project [MTPBP],(Ministry of Petroleum & Natural Gas),Offshore,NA,06/2022,05/2026,05/2026,2329.45,2354.23,820.24,53,Cumulative
425,709849,PRP-VIII Group B [NH & BS Asset],(Ministry of Petroleum & Natural Gas),Offshore,NA,06/2024,02/2026,02/2026,2379.84,3165.53,1675.65,62,Cumulative
426,709851,Integrated Development of 4 Contract Areas under DSF-II,(Ministry of Petroleum & Natural Gas),Offshore,NA,05/2023,04/2027,04/2027,6183.79,6183.79,474,20,Cumulative
427,400171,2G Ethanol Biorefinery at Bathinda,(Hindustan Petroleum Corporation Limited [HPCL]),Punjab,NA,05/2020,02/2023,03/2026,1421.46,1421.46,1182.4,95,Cumulative
428,612998,Bathinda Sangrur Pipeline,(Ministry of Petroleum and Natural Gas),Punjab,NA,11/2021,05/2024,09/2025,367,397,346.18,93,Cumulative
429,709770,City Gas Distribution Project at Pathankot District,(MinistryofPetroleumNaturalGas),Punjab,NA,03/2022,09/2033,09/2033,151,151,8.73,2,Cumulative
430,604795,CBR 9 MMTPA Project,(Chennai Petroleum Corporation Limited [CPCL]),Tamil Nadu,NA,09/2021,06/2025,10/2028,31580,36354,1342.27,10,Cumulative
431,709750,Laying of new 28 inch Desal Water Pipeline and 10 inch Reject Water Pipeline between CPCL Manali Refinery and CPCL Desalination plant at Ennore,(Chennai Petroleum Corporation Limited [CPCL]),Tamil Nadu,NA,01/2024,09/2025,12/2025,205,205,38.14,42,Cumulative
432,709796,City Gas Distribution Projects at the Nilgiris and Erode districts,(Bharat Petroleum Corporation Limited [BPCL]),Tamil Nadu,NA,12/2022,03/2030,03/2030,3685,3685,226.87,17,Cumulative
433,709837,"Creation of Gas Dehydration  Facilities, Tripura Asset",(Oil and Natural Gas Corporation Limited [ONGC]),Tripura,NA,03/2022,05/2024,12/2025,209.33,131.51,68.88,62,Cumulative
434,400161,"PP Project, Pata",(Gas Authority of India Limited [GAIL]),Uttar Pradesh,NA,03/2019,01/2024,09/2025,910.56,1299.02,1019,97,Cumulative
435,709781,Revamping / Augmentation of Facilities at Mathura Bitumen Plant,(MinistryofPetroleumNaturalGas),Uttar Pradesh,NA,04/2022,06/2027,12/2026,260.12,260.12,1.11,26,Cumulative
436,709795,"City Gas Distribution Projects at Lakhimpur Kheri , Sitapur, Bahraich, Shravasti,Balrampur, Siddharth Nagar & Maharajganj districts",(Bharat Petroleum Corporation Limited [BPCL]),Uttar Pradesh,NA,12/2022,06/2030,06/2030,16654,16654,558.33,11,Cumulative
437,617302,Durgapur - Haldia Pipeline [Section-3B of JHBDPL Project],(Ministry of Petroleum & Natural Gas),West Bengal,NA,03/2017,12/2020,12/2025,1740,2493.15,2239.7,90,Cumulative
438,709753,Haldia Panagarh Pipeline Project,(Hindustan Petroleum Corporation Limited),West Bengal,NA,11/2022,11/2025,11/2025,1010,1010,645.07,82,Cumulative
439,709758,"CGD Project in Malda, Birbhum, Murshidabad, Dakshin Dinajpur GA ID 11A.03",(Hindustan Petroleum Corporation Limited),West Bengal,NA,06/2022,06/2030,06/2030,2628,2628,335.96,27,Cumulative
440,709772,"City Gas Distribution Project at East Mednipore, West Mednipore & Jhargram Districts",(MinistryofPetroleumNaturalGas),West Bengal,NA,03/2022,06/2031,06/2031,609,609,56.35,2,Cumulative
441,709791,City Gas Distribution Projects at Alipurduar and Cooch Behar,(Bharat Petroleum Corporation Limited [BPCL]),West Bengal,NA,12/2022,03/2030,03/2030,1017,1017,184.13,39,Cumulative
442,701173,AIIMS Majra Rewari Haryana,(Ministry of Health & Family Welfare),Haryana,NA,02/2019,02/2023,12/2026,1299,1299,349.41,28,Healthcare
443,701167,AIIMS Kashmir at Awantipora Jammu & Kashmir,(Central Public Works Department [CPWD]),Jammu and Kashmir,01/2019,01/2019,01/2025,12/2025,1828,1828,1531.86,66,Healthcare
444,701171,AIIMS Bibinagar,(Ministry of Health & Family Welfare),Telangana,12/2018,12/2018,09/2022,12/2025,1028,1365.95,812.95,84,Healthcare
445,708662,Establishment of 600 bed super specialty hospital with optional development of Medical college and further expansion on PPP basis.,(Mumbai Port Trust [MPT]),Maharashtra,08/2019,01/2022,06/2026,12/2027,693,693,58,0,Healthcare
446,609424,"Development of Container Terminal at Tuna-Tekra, Deendayal Port on BOT Basis Under PPP Mode",(Deendayal Port Trust [DPT]),Gujarat,NA,12/2023,12/2026,-,4243.64,4243.64,366.2,10,Inland Waterways
447,701565,Jal Marg Vikas Project,(Inland Waterways Authority of India [IWAI]),"Multi-States (Bihar, Jharkhand, Uttar Pradesh, West Bengal)",01/2018,02/2018,12/2023,12/2025,5369.18,5061.15,3510.72,71,Inland Waterways
448,701586,Setting up of a Floating Storage and Regasification Unit [FSRU] - Mumbai,(Mumbai Port Trust [MPT]),Maharashtra,NA,04/2021,11/2026,11/2026,900,900,65,0,Shipping
449,708655,Operationalization of Coastal Berth & Shallow Water Berth through PPP,(Jawaharlal Nehru Port Authority [JNPA]),Maharashtra,NA,07/2021,01/2026,-,366.8,366.8,376.86,25,Shipping
450,701574,Deepening and Optimization of Inner Harbour facilities including development of Western Dock on BOT basis to handle Cape size vessels,(Paradip Port Trust [PPT]),Odisha,05/2022,01/2023,12/2027,10/2028,3004.63,3004.63,1149.79,40,Shipping
451,701576,Berth No. 2 [previously Berth 3] of HDC Mechanization Project,"(Haldia Dock Complex, Syama Prasad Mookerjee Port Authority)",West Bengal,NA,03/2023,09/2025,01/2026,298.26,298.26,420,91,Shipping
452,701577,Shalukkhali Liquid Cargo Handling Facility Development Project,"(Haldia Dock Complex, Syama Prasad Mookerjee Port Authority)",West Bengal,NA,08/2022,08/2025,-,253.65,253.65,9.28,0,Cumulative
453,707215,National Maritime Heritage Complex [NMHC] Phase-I,(Indian Port Rail & Ropeway Corporation Ltd. [IPRCL]),Gujarat,02/2019,01/2022,03/2024,09/2025,573,1238.05,496.63,66,"Tourism, Hospitality & Wellness"
454,615202,Capacity expansion of Deposit-14 and 14 NMZ at Kirandul,(National Mineral Development Corporation Limited [NMDC]),Chhattisgarh,08/2021,07/2022,12/2028,03/2028,1700,1756.2,65.44,3,Metals & Mining
455,617243,Replacement of Hot Leveller No.1 of Plate Mill at Bhilai Steel Plant,(Steel Authority of India Limited [SAIL]),Chhattisgarh,07/2024,08/2024,07/2026,-,198.62,198.62,10.9,10,Steel
456,617255,"Replacement of Converter Vessels, Trunnion Rings, Support System & Installation of Secondary Emission at Bhilai Steel Plant",(Steel Authority of India Limited [SAIL]),Chhattisgarh,NA,12/2023,06/2026,-,471.83,471.83,130.66,40,Steel
457,617256,Rebuilding of Coke Oven Battery No.7 & 8 at Bhilai Steel Plant,(Steel Authority of India Limited [SAIL]),Chhattisgarh,NA,01/2024,10/2025,-,884.1,884.1,466.31,77,Steel
458,706811,NMDC Slurry Pipeline Project Phase-1,(National Mineral Development Corporation Limited [NMDC]),Chhattisgarh,11/2015,09/2020,06/2023,12/2025,2907,5427,3038.85,85,Steel
459,709826,SCREENING PLANT-III AT KIRANDUL,(National Mineral Development Corporation Limited [NMDC]),Chhattisgarh,NA,10/2021,01/2026,-,2718.84,2718.84,1341.08,72,Steel
460,709827,CONSTRUCTION OF RESIDENTIAL TOWERS AT BIOM KIRANDUL COMPLEX,(National Mineral Development Corporation Limited [NMDC]),Chhattisgarh,NA,10/2022,12/2025,-,349.75,349.75,282.52,88,Steel
461,400174,"New Sinter Plant at BSL, SAIL",(Steel Authority of India Limited [SAIL]),Jharkhand,03/2015,05/2015,10/2017,06/2027,1034.01,1752.3,883.44,51,Steel
462,617249,Replacement of existing Grinders in CRM-I & II at Bokaro Steel Plant,(Steel Authority of India Limited [SAIL]),Jharkhand,01/2025,02/2025,01/2027,-,211.94,211.94,15.04,10,Steel
463,617250,Secondary Emission Control in Converters of SMS-II at Bokaro Steel Plant,(Steel Authority of India Limited [SAIL]),Jharkhand,NA,02/2025,10/2026,-,207.13,207.13,15.76,8,Steel
464,617253,Revamping of old sub-systems of Blast Furnace 3 at Bokaro Steel Plant,(Steel Authority of India Limited [SAIL]),Jharkhand,09/2023,10/2023,07/2025,11/2025,513.82,513.82,234.54,71,Steel
465,617254,Replacement of remaining 04 sets  of Battery Cyclones with 04 Nos. of ESPs in Sinter Plant-1 at Bokaro Steel Plant,(Steel Authority of India Limited [SAIL]),Jharkhand,NA,04/2024,06/2026,-,260.37,260.37,44.25,22,Steel
466,617257,Rebuilding of Coke Oven Battery No.6 at Bokaro Steel Plant,(Steel Authority of India Limited [SAIL]),Jharkhand,NA,12/2023,11/2026,-,627.31,627.31,91.96,38,Steel
467,400121,"Construction of Screening Plant-II for Donimalai and Kumaraswamy Iron Ore Mining Complex of NMDC Limited at Ballari Dt, Karnataka.",(National Mineral Development Corporation Limited [NMDC]),Karnataka,11/2014,06/2024,08/2026,-,1043.63,1043.63,229.77,29,Steel
468,400065,Installation of 4th Slab Caster along with its Auxiliaries and a New Ladle Furnace in SMS-II at Rourkela Steel Plant,(Steel Authority of India Limited [SAIL]),Odisha,01/2022,02/2022,05/2025,09/2025,1105.23,1105.23,769.08,97,Steel
469,612781,Rebuilding of COB 4 at Durgapur Steel Plant,(Steel Authority of India Limited [SAIL]),West Bengal,11/2023,12/2023,12/2026,-,916.78,916.78,126.25,14,Steel
470,617242,Installation of New Bar Mill at Durgapur Steel Plant,(Steel Authority of India Limited [SAIL]),West Bengal,09/2024,10/2024,06/2027,-,2115.44,2115.44,209.11,27,Steel
471,617246,Up-gradation of Blast Furnace No. 3 at Durgapur Steel Plant,(Steel Authority of India Limited [SAIL]),West Bengal,09/2024,10/2024,06/2026,-,758.09,758.09,63.81,4,Steel
472,617248,Third Ladle Furnace in Secondary Refinery Unit at IISCO Steel Plant,(Steel Authority of India Limited [SAIL]),West Bengal,NA,12/2024,07/2026,-,227.96,227.96,16.24,29,Steel
473,617251,Revamping of Air Pollution Control Systems of SP-1 at Durgapur Steel Plant,(Steel Authority of India Limited [SAIL]),West Bengal,11/2024,12/2024,05/2026,-,196.4,196.4,0.19,3,Steel
474,400298,Nadikudi - Srikalahasti New Line,(South Central Railway [SCR] - II),Andhra Pradesh,03/2012,12/2016,05/2027,03/2028,2312,5200,2179,54,7969.76
475,611615,Malugur- Palasamudram New Line Project [17.975 Km],(South Western Railway [SWR] - II),Andhra Pradesh,09/2022,11/2025,11/2027,12/2027,342,342.14,0,0,7969.76
476,611752,GOOTY-PENDEKALLU DOUBLING  29.225 Km,(South Central Railway [SCR] - II),Andhra Pradesh,03/2023,06/2023,03/2027,03/2027,351.83,351.83,18,25,Cumulative
477,611754,GUNTAKAL WEST-MALLAPPA GATE RAIL OVER RAIL - ROR TRACK,(South Central Railway [SCR] - II),Andhra Pradesh,NA,07/2023,07/2026,-,293.3,293.3,0,0,Cumulative
478,611927,Kurnool - Setting up facilities for coach midlife rehabilitation workshop,(WPO/Patna),Andhra Pradesh,01/2014,10/2017,12/2023,-,560.72,560.72,276.66,65,Cumulative
479,612827,Flyover between Pendurthi and Simhachalam North to avoid surface crossing at Simhachalam  7.135 km    PB 73 of 2023  24 NR,(East Coast Railway [ECoR] - II),Andhra Pradesh,NA,05/2024,04/2027,-,183.65,183.65,4.2,11,Cumulative
480,616697,3rd & 4th line between Vadlapudi -Gate Jn. cabin and Tie line between Gate Junction to Gangavaram port,(East Coast Railway [ECoR] - II),Andhra Pradesh,NA,03/2024,06/2026,-,154.28,154.28,10.98,16,Cumulative
481,617210,Tiupati Katpadi 104.39 kms,(South Central Railway [SCR] - II),Andhra Pradesh,04/2025,04/2025,03/2029,-,1215.56,1215.56,0,0,Cumulative
482,617216,3rd Line between Gudur Renigunta 83.17 Km,(South Central Railway [SCR] - II),Andhra Pradesh,10/2024,10/2024,03/2027,-,877.34,877.34,2.97,0,Cumulative
483,705253,Kurnool Coach Midlife Rehabilitation Project,(WPO/Patna),Andhra Pradesh,NA,07/2014,12/2020,-,563,563,120,0,Cumulative
484,705436,Kotapalli - Narasapur New Line,(South Central Railway [SCR] - II),Andhra Pradesh,03/2009,09/2013,03/2028,03/2028,2501,2501,1303.41,29,Cumulative
485,705633,Guntur-Guntakal Doubling Project,(South Central Railway [SCR] - II),Andhra Pradesh,03/2017,11/2017,12/2025,12/2026,3733,4295,4213.01,92,Cumulative
486,705648,Vijaywada-Gudur 3rd Line,(RVNL - II),Andhra Pradesh,08/2016,04/2018,11/2024,12/2025,6654,6654,5922,90,Cumulative
487,705789,Penukonda - Dharmavaram Doubling Project [41.5 Km],(South Western Railway [SWR] - II),Andhra Pradesh,04/2019,12/2018,03/2026,03/2026,307.66,307.66,270.52,61,Cumulative
488,705572,Doubling of New Bonggigaon to Kamakhya via Goalpara - 176 km,(Northeast Frontier Railway [NFR]),Assam,09/2016,09/2016,03/2026,03/2026,4060,4961,3683.75,93,Cumulative
489,706922,Guwahati-Dibrugarh via Tinsukia & Simaluguri-Dibrugarh,(Central Organisation for Railway Electrification [CORE]),Assam,09/2020,09/2018,09/2020,06/2024,890.36,889.36,391.73,89,Cumulative
490,706940,"Mariani-Jorhat, Tinsukia-Dangri and Makum -TirapTrack Electrification Project",(GM/C/ NFR),Assam,NA,01/2022,05/2024,-,183.99,183.99,0,0,Cumulative
491,706942,Harmuty-Murkongselek Branch Line Electrification Project,(GM/C/ NFR),Assam,NA,01/2022,05/2024,-,237.52,237.52,0,0,Cumulative
492,400254,Sakri -Hasanpur [via Harnagar - Kusheshwar Asthan] New Railway line,(East Central Railway [ECR] - I),Bihar,12/2023,08/1997,12/2024,03/2027,735.2,735.2,585.84,82,Cumulative
493,705364,Khagaria-Kusheshwar Asthan [42Km] new line project,(East Central Railway [ECR] - I),Bihar,04/2019,12/1998,12/2024,03/2027,614,1384,484.29,55,Cumulative
494,705366,Hajipur-Sagauli New line,(East Central Railway [ECR] - I),Bihar,10/2007,10/2004,03/2020,12/2026,2067,2087,1968.45,74,Cumulative
495,705368,Araria Supaul New BG Line,(East Central Railway [ECR] - I),Bihar,06/2018,03/2009,03/2024,01/2027,1605,2514,1490.2,35,Cumulative
496,705373,"Fatuha-Islampur incl. MM for extn.of NL from Neora to Daniawan , Daniawan to Biharsharif, Biharsharif to Barbigha , Barbigha to Shekhpura",(East Central Railway [ECR] - I),Bihar,08/2002,03/2002,03/2023,08/2025,1473,2882,2522.41,94,Cumulative
497,705450,Jogbani-Biratnagar New Rail Line project,(Indian Railway Construction International Limited [IRCON]),Bihar,06/2010,01/2011,03/2022,12/2026,402,486,367.54,86,Cumulative
498,705526,Samastipur-Darbhanga Doubling Railway Project,(East Central Railway [ECR] - I),Bihar,NA,12/2015,03/2025,10/2025,519,519,344.23,84,Cumulative
499,705527,Sagauli-Valmiknagar,(East Central Railway [ECR] - I),Bihar,03/2018,03/2017,12/2025,12/2025,1216,2222,2044.54,91,Cumulative
500,705528,Muzaffarpur-Sugauli,(East Central Railway [ECR] - I),Bihar,03/2018,03/2017,06/2024,08/2025,1586,1586,1463.45,99,Cumulative
501,706759,Rampur Dumra-Tal-Rajendrapul Additional Bridge and Railway Line Doubling,(Indian Railway Construction International Limited [IRCON]),Bihar,03/2016,05/2017,12/2024,12/2025,2373.64,1700.24,1402.95,95,Cumulative
502,706860,Barauni-Bachwara [16 km] - 3rd & 4th line incl. Barauni yard remodelling [32 km],(East Central Railway [ECR] - I),Bihar,10/2022,08/2025,08/2025,10/2026,645,645,0.77,55,Cumulative
503,400220,Kharsia-Dharamjaygarh with Spur line [East Corridor-Phase 1],(Indian Railway Construction International Limited [IRCON]),Chhattisgarh,03/2016,01/2014,09/2018,03/2026,3055,3438,2574.54,94,Cumulative
504,400291,Doubling of Kirandul-Jagdalpur Line [150 km],(East Coast Railway [ECoR] - II),Chhattisgarh,02/2013,03/2013,03/2020,12/2025,1589,1798,1542.79,92,Cumulative
505,602792,Gauge Conversion of Kendri-Dhamtari  including Abhanpur - Rajim Branch line 67.20 Kms - 2nd Material Modification to Raipur Titlagarh doubling.,(SECR),Chhattisgarh,07/2011,05/2021,02/2025,11/2025,1171,1171,848,82,Cumulative
506,612815,4th line between Nipania Bhatapara 14.4 Km,(South East Central Railway [SECR] - II),Chhattisgarh,NA,05/2024,03/2027,-,170.49,170.49,0,0,Cumulative
507,613003,Dharamjaigarh-Korba 63 km,(CERL),Chhattisgarh,NA,07/2022,08/2026,-,1686.26,1686.26,288.83,18.5,Cumulative
508,617200,KHARSIA- NAYA RAIPUR-PARMALKASA 5th and 6th Line [278KM],(CAO/C/SECR),Chhattisgarh,04/2025,04/2025,03/2031,-,7853.84,7853.84,0,0,Cumulative
509,705433,Dallirajhra- Rowghat New Railway Line - Phase I [95 km],(RVNL - II),Chhattisgarh,07/2009,12/2009,09/2025,12/2025,1628,1628,1440.85,82,Cumulative
510,705444,Gevra Road-Pendra Road New Railway Line [135 km],(Indian Railway Construction International Limited [IRCON]),Chhattisgarh,NA,04/2014,03/2022,12/2025,4970,4970,4346.55,73,Cumulative
511,705756,Chirimiri-Nagpur Halt New Railway Line Project,(South East Central Railway [SECR] - II),Chhattisgarh,10/2018,06/2020,06/2030,06/2030,241,656.52,71,0,Cumulative
512,706854,Boridand - Ambikapur Doubling Line Project,(South East Central Railway [SECR] - II),Chhattisgarh,06/2022,04/2022,06/2030,06/2030,1376,1576.23,218,18,Cumulative
513,709814,NIPANIA-BHATAPRA [14.4 KM] 4TH LINE [PB-72/NR/2022-23],(SECR),Chhattisgarh,NA,05/2024,12/2026,12/2026,170,184,0,0,Cumulative
514,709815,4TH LINE - BHATAPARA-HATHBAND [8.8 KM] [PB-72/NR/2022-23],(SECR),Chhattisgarh,NA,05/2024,01/2027,12/2027,177.03,177.03,0,2,Cumulative
515,709816,4TH LINE - BHILAI-BHILAI NAGAR [8.8 KM] [PB-72/NR/2022-23],(SECR),Chhattisgarh,NA,05/2024,02/2027,02/2027,177.34,177.34,1.16,2,Cumulative
516,709817,4TH LINE - DADHAPARA-BELHA [9.2 KM] [PB-72/NR/2022-23],(SECR),Chhattisgarh,NA,05/2024,11/2026,11/2026,169.06,169.06,14.42,60,Cumulative
517,709818,4TH LINE RAJNANDGAON-DONGARHGARH [31.2 KM] [PB-72/NR/2022-23],(SECR),Chhattisgarh,NA,05/2024,01/2027,01/2027,328.34,328.34,50.58,25,Cumulative
518,709819,3RD AND 4TH LINE - SARAGBUNDIA AND MADWARANI,(SECR),Chhattisgarh,09/2022,05/2025,12/2026,12/2026,167.64,167.64,0,2,Cumulative
519,613785,Redevelopment of New Delhi Railway Station and construction of associated infrastructure,(Ministry of Railways),Delhi,01/2023,06/2024,12/2028,-,4744,4744,35.09,0,Cumulative
520,705298,North Region Video Surveillance Project,(RCIL),Delhi,NA,04/2023,03/2024,-,274.39,274.39,0,0,Cumulative
521,705583,Anand Vihar-Tilak Bridge 3rd & 4th line,(CAO/C/NR),Delhi,03/2013,03/2013,03/2023,12/2027,667,667,285.44,62,Cumulative
522,705694,Provision of Work-site Tampers [WST] Railway Project,(EDTK[MC]/RB),Delhi,NA,01/2016,12/2023,01/2026,187.72,187.72,141.91,100,Cumulative
523,705708,WST Machine Procurement Project,(EDTK[MC]/RB),Delhi,NA,06/2018,03/2024,12/2027,176,176,0,0,Cumulative
524,705710,PCT Machine Procurement Project,(EDTK[MC]/RB),Delhi,NA,04/2019,04/2024,06/2027,336,336,74.32,85,Cumulative
525,705712,RBMV Machine Procurement Project,(EDTK[MC]/RB),Delhi,NA,10/2019,06/2024,12/2027,480,480,0.33,7,Cumulative
526,705717,SRGM Machine Procurement Project,(EDTK[MC]/RB),Delhi,NA,10/2019,12/2023,03/2026,440,440,390.03,90,Cumulative
527,705720,WST Machine Procurement Project,(EDTK[MC]/RB),Delhi,NA,12/2019,04/2024,12/2026,384,384,0,0,Cumulative
528,705721,DTS Machine Procurement Project,(EDTK[MC]/RB),Delhi,NA,12/2019,12/2024,12/2026,447.6,447.6,0,0,Cumulative
529,705722,BRM Machine Procurement Project,(EDTK[MC]/RB),Delhi,NA,09/2019,06/2024,12/2027,210,210,0.02,0,Cumulative
530,705726,Track Machine Procurement Project,(EDTK[MC]/RB),Delhi,NA,04/2020,03/2025,01/2028,6339,6339,4166.47,41,Cumulative
531,611918,Kosamba Umarpada 70 Km,(PCE/WR),Gujarat,NA,07/2022,03/2027,-,468,468,20,8,Cumulative
532,611937,Adraj Moti Vijapur 40 Kms,(Western Railway [WR] - II),Gujarat,05/2022,05/2022,05/2026,05/2026,417.53,417.53,223,86,Cumulative
533,611938,Vijapur Ambliyasan 42 km,(PCE/WR),Gujarat,05/2022,05/2022,05/2026,05/2026,415.38,415.38,364,96,Cumulative
534,611939,Himatnagar Khedbrahma  55 km,(Railway),Gujarat,06/2022,04/2017,06/2001,06/2026,482.42,482.42,461,96,Cumulative
535,611943,New broad gauge line between Naliya Jakhau Port 25 Kms,(PCE/WR),Gujarat,02/2023,02/2023,01/2028,01/2028,410.26,410.26,6,4,Cumulative
536,611944,Quadrupling between Gandhidham Adipur with Y connection at Adipur for providing direct entry towards Mundra Port and Bhuj and high level platform at Gopalpur 11Kms,(PCE/WR),Gujarat,02/2023,02/2023,03/2026,03/2026,152.44,152.44,20,68,Cumulative
537,611945,Petlad Bhadran 23 Kms,(PCE/WR),Gujarat,05/2022,05/2022,05/2030,05/2030,307.11,307.11,82,17,Cumulative
538,611969,Choranda Motikoral 18 Kms,(PCE/WR),Gujarat,NA,08/2023,10/2026,-,246,246,0,0,Cumulative
539,611970,Samlaya Timba Road 54 km,(PCE/WR),Gujarat,02/2023,02/2023,03/2030,03/2030,670.17,670.17,102,12,Cumulative
540,611971,Samni Jambusar 24 km,(PCE/WR),Gujarat,05/2022,05/2022,03/2030,03/2030,350,349.93,87,31,Cumulative
541,611972,Jambusar Kavi 26 Kms,(PCE/WR),Gujarat,NA,04/2023,12/2026,-,318,318,0,0,Cumulative
542,611973,miyagam karjan Choranda maalsar 37 kms,(PCE/WR),Gujarat,NA,06/2023,12/2026,-,450,450,0,0,Cumulative
543,611974,Western Railway Samakhiali Gandhidham Quadrupiling 53 Kms,(PCE/WR),Gujarat,08/2023,08/2023,12/2026,-,1430,1430,0,0,Cumulative
544,611977,Dahod Creation of Infrastructure facilities for 9000 HP Electric locomotives Manufacturing  at,(PCE/WR),Gujarat,NA,02/2023,02/2025,-,487,487,108.69,0,Cumulative
545,611978,Dahod Rolling Stock Workshop Provision of Infrastructure for CBS at,(PCE/WR),Gujarat,NA,03/2023,03/2025,-,158,158,47.31,0,Cumulative
546,611979,Sabarmati  Setting up of Maintenance Facilities for Train Sets Phase ii,(PCE/WR),Gujarat,NA,04/2023,06/2025,-,250,250,0,0,Cumulative
547,612072,4th LINE BETWEEN BAREJADI NANDEJ-SANAND-AHMEDABAD BYPASS,(Western Railway),Gujarat,02/2023,02/2023,03/2027,03/2027,961.67,961.67,327.53,17,Cumulative
548,613786,"Redevelopment of Ahmedabad railway station and associated infrastructure on engineering, procurement and construction mode",(Ministry of Railways),Gujarat,01/2023,11/2023,03/2028,-,2379,2379,656.84,16,Cumulative
549,705458,Miyagam-Karjan-Dabhoi-Samlaya [GC],(Western Railway [WR] - II),Gujarat,01/2017,01/2017,03/2021,12/2026,483.88,844.1,620.98,41,Cumulative
550,706757,Modasa-Shamlaji Road Railway Line Project,(SECR),Gujarat,09/2012,04/2008,03/2025,03/2027,262,262,203,58,Cumulative
551,706763,Rajkot - Kanalus Doubling Project [111.2 Kms],(Western Railway [WR] - II),Gujarat,10/2021,12/2021,10/2026,10/2026,1080.58,1080.58,787.69,76,Cumulative
552,709812,NADIAD-PETLAD [37.26 KM],(Railway),Gujarat,NA,,06/2030,06/2030,461.91,461.91,75,7,Cumulative
553,709813,NEW BG LINE INTERSECTION [5 NOS] BETWEEN GERATPUR-SANAND & BOTAD-AHMEDABAD [16.51 KM]  [PB#29/NR/202,(SECR),Gujarat,NA,,10/2027,10/2027,437.21,437.21,43,15,Cumulative
554,611884,Bhiwani - Dobh Bahali Doubling Project [42.30 Km],(North Western Railway [NWR]),Haryana,02/2023,02/2023,02/2028,02/2028,471,471,191.39,59,Cumulative
555,705765,Gomoh - Flyover for DN trains,(East Central Railway [ECR] - I),Jharkhand,01/2018,01/2018,03/2026,03/2026,686,686,538.66,59,Cumulative
556,705785,Lodhma - Piska - Link Line bypassing Hatia/Ranchi with Y connection,(South Eastern Railway [SER] - I),Jharkhand,08/2021,03/2019,06/2026,05/2027,473,473,284.34,4,Cumulative
557,706837,Pradhan Kuntha Jn Line Doubling Project,(East Central Railway [ECR] - I),Jharkhand,11/2022,11/2022,11/2027,11/2027,349.22,349.22,90.64,60,Cumulative
558,400023,Construction of New BG line between Hassan to Belur [27 Km],(South Western Railway [SWR] - II),Karnataka,03/2019,12/2025,04/2028,04/2027,749,749,0,0,Cumulative
559,703585,Yeshvanthpur - Channasandra Doubling Project [21.70 Km],(Karnataka Rail Infrastructure Development Company Limited [K-RIDE]),Karnataka,NA,10/2019,03/2024,08/2025,314.1,683.57,151.11,52,Cumulative
560,705434,New Railway Line between Ginigera and Raichur [165.57 km],(South Western Railway [SWR] - II),Karnataka,03/2008,05/2009,03/2019,03/2027,2565,3034.98,2073.98,66,Cumulative
561,705490,Gadag-Wadi New Railway Line [257 km],(South Western Railway [SWR] - II),Karnataka,04/2013,08/2017,03/2027,12/2027,2842,6700,1735.22,30,Cumulative
562,705492,Kadur - Chickamagalur - Sakleshpur [93km],(South Western Railway [SWR] - II),Karnataka,01/2014,11/2016,06/2025,12/2025,825,825,788.13,83,Cumulative
563,705495,Bagalkot-Kudachi New Railway Line [142 km],(South Western Railway [SWR] - II),Karnataka,11/2021,11/2012,03/2027,01/2027,1378,1649,683.48,35,Cumulative
564,705496,Tumkur-Chitradurga-Davangere New Rail Line Project [191 km],(South Western Railway [SWR] - II),Karnataka,10/2013,01/2017,03/2019,12/2027,1876,1876,523.07,13,Cumulative
565,705663,Bangalore-Whitefield-Bangalore City-Krishnarajapuram [23.08 km] - Quadrupling,(South Western Railway [SWR] - II),Karnataka,02/2018,06/2022,02/2026,02/2026,493,493,252.45,82,Cumulative
566,705761,SHIMOGA - SHIKARIPURA - RANEBENNUR [96 Km],(South Western Railway [SWR] - II),Karnataka,NA,02/2023,12/2027,06/2028,1454,1454,69.82,11,Cumulative
567,706835,Belgaum-Dharwad via Kittur [73.10Km],(South Western Railway [SWR] - II),Karnataka,09/2020,03/2025,12/2027,03/2029,1591,1591,0.75,0,Cumulative
568,705638,Kumbalam-Turavur doubling project [15.59 Km],(Southern Railway [SR] - II),Kerala,04/2023,04/2023,03/2027,03/2027,813,813,292.15,15,Cumulative
569,705639,Ernakulam-Kumbalam doubling project [7.71 Km],(SR-ERS),Kerala,04/2023,04/2023,03/2028,03/2028,601,601,283,17,Cumulative
570,705480,"Lalitpur-Satna, Rewa-Singrauli & Mahoba-Khajuraho",(North Central Railway),Madhya Pradesh,01/2007,03/1998,03/2027,12/2027,8914,8914,5013.49,72,Cumulative
571,705651,Katni - Bina Third Railway Line [279 km],(West Central Railway WCR I),Madhya Pradesh,06/2016,01/2017,03/2022,12/2025,2478.23,4127.23,3301.89,90,Cumulative
572,705659,Satna-Rewa Railway Line Doubling Project,(West Central Railway [WCR] - II),Madhya Pradesh,11/2015,08/2017,03/2026,03/2026,500,584,561.38,80,Cumulative
573,705660,Doubling of Katni - Singrauli Railway Line [261 km],(Indian Railway Construction International Limited [IRCON]),Madhya Pradesh,03/2016,03/2017,12/2025,12/2025,2445,4377,3201.67,100,Cumulative
574,705661,Katni Grade Separator/Bye Pass,(Indian Railway Construction International Limited [IRCON]),Madhya Pradesh,03/2016,09/2017,09/2024,03/2026,1248,1248,1587.21,94,Cumulative
575,705763,Indore - Budni New Railway Line [198 kms],(RVNL - II),Madhya Pradesh,08/2019,10/2020,09/2030,09/2030,7474,7474,1685.25,23,Cumulative
576,705933,Nimach-Ratlam Doubling [133 Km],(Western Railway [WR] - II),Madhya Pradesh,10/2021,10/2021,10/2027,10/2027,1095.88,1095.88,1067.49,89,Cumulative
577,400019,DHULE [BORVIHIR] - NARDANA NEW LINE [50.60 KMS],(CR),Maharashtra,01/2019,04/2023,12/2026,09/2027,492.76,1170.83,245.11,16,Cumulative
578,400271,Wardha-Nanded Via Yavatmal New BG Line,(Central Railway [CR] - II),Maharashtra,12/2017,04/2008,03/2028,03/2028,3445,3445,3002.93,50,Cumulative
579,611751,AURANGABAD-ANKAI - DOUBLING PROJECT 98.25 Km,(South Central Railway [SCR] - II),Maharashtra,05/2023,05/2023,03/2027,-,960.64,960.64,0,0.01,Cumulative
580,611975,Western Railway Vasai bypass double line between Naigaon  Juchandra 6 km,(PCE/WR),Maharashtra,NA,07/2023,03/2026,-,176,176,0,0,Cumulative
581,611976,Jogeshwari AT Development of JOS-AT as Trainset Maintenance Depot for energy efficient Vande Bharat Sleeper Trains,(PCE/WR),Maharashtra,NA,06/2023,10/2025,-,221,221,0,0,Cumulative
582,613015,Redevelopment of Chhatrapati Shivaji Maharaj Terminus [CSMT] and construction of associated infrastructure,(Ministry of Railways),Maharashtra,04/2023,07/2023,03/2027,-,1813,1813,569.08,13,Cumulative
583,617201,Gondia-Balharshah [Chanda Fort] Doubling [240 Km],(South East Central Railway),Maharashtra,04/2025,04/2025,04/2030,-,4373.04,4373.04,0,0,Cumulative
584,617215,Doubling between Parbhani  Parli Vaijanath stations  64.71 Km,(South Central Railway [SCR] - II),Maharashtra,12/2023,12/2023,03/2028,-,769.93,769.93,0,0,Cumulative
585,705300,Western Region Video Surveillance Project,(RCIL),Maharashtra,NA,04/2023,12/2023,-,227.59,227.59,0,0,Cumulative
586,705356,Ahmednagar - Beed - Parli - Vaijnath  New Broad Gauge Line Railway Project [261.3 km],(Central Railways),Maharashtra,01/1999,10/2002,03/2026,03/2026,2538.67,4957.27,4975.74,98,Cumulative
587,705357,Baramati Lonand New Line Project,(Central Railway [CR] - II),Maharashtra,03/2016,03/1999,03/2027,03/2027,138.48,1843.9,735.33,51,Cumulative
588,705479,Wadsa-Gadchiroli,(South East Central Railway),Maharashtra,05/2017,03/2012,03/2027,03/2027,1886,1886,925.28,50,Cumulative
589,705498,3rd Line Kalyan - Kasara [67.35 Kilometres],(Central Railway [CR] - II),Maharashtra,09/2015,09/2015,12/2026,12/2026,792.89,1395.79,899.47,51,Cumulative
590,705500,3rd Line Wardha - Sewagram - Nagpur,(Central Railway [CR] - II),Maharashtra,09/2015,05/2016,12/2025,12/2025,540.02,944.24,754.27,81,Cumulative
591,705502,3rd Line Wardha - Ballarshah [132 Kilometres],(Central Railway [CR] - II),Maharashtra,03/2016,12/2016,12/2025,02/2026,1384.72,2033.59,1655.88,68,Cumulative
592,705503,Pune - Miraj-Londa  [467 Kilometres],(Central Railway [CR] - II),Maharashtra,06/2016,06/2016,02/2025,08/2025,4027.53,4872.52,4833.04,85,Cumulative
593,705504,Doubling of Daund Manmad Line [247.6 km],(Central Railway [CR] - II),Maharashtra,10/2017,03/2017,12/2025,03/2026,2081.27,3267.06,2816.46,88,Cumulative
594,705505,4th Line Wardha - Nagpur [78.7 Kilometres],(Central Railway [CR] - II),Maharashtra,04/2017,05/2018,12/2025,02/2026,637.95,1341.28,983.16,81,Cumulative
595,705506,3rd Line Manmad - Jalgaon [160 Kilometres],(Central Railway [CR] - II),Maharashtra,NA,04/2018,12/2024,08/2025,1035.16,1558.75,1726.94,95,Cumulative
596,705735,Solapur-tuljapur-Osmanabad,(Railway),Maharashtra,NA,12/2023,03/2027,03/2028,904.92,3295.74,1127.14,12,Cumulative
597,705799,Nagpur- Nagbhir Railway Line Gauge Conversion Project,(MRIDC),Maharashtra,10/2019,04/2020,12/2025,12/2025,1400,1400,1472,80,Cumulative
598,706779,Mumbai Urban Transport Project [MUTP] - PHASE II,(Mumbai Rail Vikas Corporation Ltd.[MRVC]),Maharashtra,05/2008,04/2008,03/2014,12/2027,8087,8087,7364,87,Cumulative
599,706780,Mumbai Urban Transport Project [MUTP]  Phase-IIIA,(Mumbai Rail Vikas Corporation Ltd.[MRVC]),Maharashtra,04/2019,04/2019,12/2027,12/2027,33690,33690,2303.4,16,Cumulative
600,706781,Mumbai Urban Transport Project Phase-III,(Mumbai Rail Vikas Corporation Ltd.[MRVC]),Maharashtra,11/2016,12/2016,03/2022,12/2026,10947,10947,5152.7,60,Cumulative
601,709808,PACHORA-JAMNER WITH EXTENSION UPTO MALKAPUR NG TO BG,(CR),Maharashtra,NA,01/2022,08/2027,03/2028,955.39,2093.82,130.42,11,Cumulative
602,709809,KALYAN-MURBAD VIA ULHASNAGAR  [UMBRELLA WORK],(Central Railway [CR] - II),Maharashtra,NA,04/2023,03/2027,03/2027,726.46,836.12,9.29,0,Cumulative
603,705391,Jiribam-Imphal new line project,(Northeast Frontier Railway [NFR]),Manipur,03/2013,12/2007,12/2026,06/2029,14323,21885.9,15598.11,69,Cumulative
604,705491,Marikuppam - Kuppam New Line Project [23.70 Km],(South Western Railway [SWR] - II),"Multi-States (Andhra Pradesh, Karnataka)",04/2012,10/2018,06/2026,06/2026,297,297,123.38,15,Cumulative
605,705494,Rayadurg-Tumkur via Kalyandurg New Line [207 km],(South Western Railway [SWR] - II),"Multi-States (Andhra Pradesh, Karnataka)",03/2008,07/2010,09/2015,02/2028,2496,2496,1706.31,68,Cumulative
606,705610,"Renigunta, Wadi & Gooty Bypass Railway Project",(South Central Railway [SCR] - I),"Multi-States (Andhra Pradesh, Karnataka)",04/2016,04/2016,12/2025,12/2025,302,543,381,50,Cumulative
607,617212,Doubling between Mudkhed  Medchal & Mahbubnagar  Dhone section 417.88 Km,(South Central Railway [SCR] - II),"Multi-States (Andhra Pradesh, Maharashtra, Telangana)",08/2023,08/2023,03/2029,-,4686.09,4686.09,0,0,Cumulative
608,400253,Vizianagaram - Titlagarh 3rd line  [272 Km including By - pass line of 7.68 KM],(RVNL - II),"Multi-States (Andhra Pradesh, Odisha)",06/2016,11/2016,12/2026,12/2026,4803,6670,5722.01,89,Cumulative
609,705512,Doubling of Kottavalasa-Koraput Rail Line [189 KM],(East Coast Railway [ECoR] - II),"Multi-States (Andhra Pradesh, Odisha)",12/2015,01/2016,03/2022,03/2028,2500,2500,1987.17,70,Cumulative
610,705520,Vizianagaram-Sambhalpur 3rd Line Project,(RVNL),"Multi-States (Andhra Pradesh, Odisha)",NA,12/2016,03/2025,-,4803.16,4803.16,2979.23,0,Cumulative
611,616702,Malkangiri Pandurangapuram new railway line project,(Indian Railways),"Multi-States (Andhra Pradesh, Odisha, Telangana)",08/2024,01/2027,11/2031,-,3591.76,3591.76,0,0,Cumulative
612,400275,Tindivanam-Nagari New Line Project [184.5 km],(Southern Railway [SR] - II),"Multi-States (Andhra Pradesh, Tamil Nadu)",07/2008,10/2008,09/2016,03/2028,3631,3631,1113.53,18,Cumulative
613,616857,Doubling between Motumari  Vishnupuram - 88.81 Km and Rail over Rail - RoR at Motumari - 10.877 Km,(South Central Railway [SCR] - II),"Multi-States (Andhra Pradesh, Telangana)",NA,03/2025,03/2029,-,1595.55,1595.55,7.69,1,Cumulative
614,617211,Doubling of Guntur Bibinagar 239 Km,(South Central Railway [SCR] - II),"Multi-States (Andhra Pradesh, Telangana)",08/2023,08/2023,03/2029,-,2853.23,2853.23,43.88,1,Cumulative
615,617214,Rail Connectivity to Errupalem Amravati Namburu 57 Km,(South Central Railway [SCR] - II),"Multi-States (Andhra Pradesh, Telangana)",11/2024,11/2024,03/2027,-,2047.4,2047.4,0,0,Cumulative
616,705612,Kazipet-Vijayawada 3rd line with electrification [220 km],(South Central Railway [SCR] - II),"Multi-States (Andhra Pradesh, Telangana)",03/2013,08/2014,02/2025,12/2025,1953,3363,3073.74,91,Cumulative
617,705632,Vijayawada - Kazipet Byepass line,(South Central Railway [SCR] - II),"Multi-States (Andhra Pradesh, Telangana)",04/2016,04/2016,01/2025,12/2025,647,904,888.91,91,Cumulative
618,705401,Murkongselek-Pasighat,(Northeast Frontier Railway (NFR) - II),"Multi-States (Arunachal Pradesh, Assam)",NA,03/2012,03/2025,12/2025,435,1250,901,56,Cumulative
619,616701,Lumding Furkating Doubling Project 140 km,(Northeast Frontier Railway [NFR]),"Multi-States (Assam, Nagaland)",NA,01/2025,02/2028,-,2123.7,2123.7,13.74,0,Cumulative
620,705392,Dimapur [Dhansiri]-Sukhobi Kohima [Zubza] NL [82.5 Km],(Northeast Frontier Railway [NFR]),"Multi-States (Assam, Nagaland)",08/2015,02/2016,03/2025,12/2025,6663,6663,5312.26,80,Cumulative
621,705794,New Delhi- Howrah Speed Booster[160Kmph] Project,(PCE/NCR),"Multi-States (Bihar, Delhi, Jharkhand, Uttar Pradesh, West Bengal)",NA,09/2019,03/2024,-,6684.81,6684.81,127.03,0,Cumulative
622,400234,Third Railway Line between Patratu-Sonnagar [281 kms],(RVNL - II),"Multi-States (Bihar, Jharkhand)",11/2016,08/2018,03/2026,07/2026,8975,8975,4950,88,Cumulative
623,616699,Multi tracking of Son Nagar-Andal 374.53 rkm & 814.38 tkm,(East Central Railway [ECR] - I),"Multi-States (Bihar, Jharkhand)",08/2023,08/2023,03/2028,-,12333.57,12333.6,467.55,11,Cumulative
624,705375,Koderma-Tilaiya New Line,(East Central Railway [ECR] - I),"Multi-States (Bihar, Jharkhand)",11/2004,03/2002,02/2025,02/2026,1626,2020,2000.4,95,Cumulative
625,705385,Pirpainti - Jasidih [100.52 Km] New BG line,(Eastern Railway [ER] - I),"Multi-States (Bihar, Jharkhand)",03/2014,03/2022,03/2028,03/2028,2555,2555,767.04,48,Cumulative
626,611669,NER Provision of Automatic Block Signalling on Gorakhpur Cantt[Excl]  Chhapra Gramin & Burhwal Jn [Excl]  Sitapur Jn section of high density routes,(North Eastern Railway [NER]),"Multi-States (Bihar, Uttar Pradesh)",NA,06/2023,03/2027,-,380.47,380.47,24.53,0,Cumulative
627,617224,Gorakhpur-Valmikinagar Doubling project,(NER),"Multi-States (Bihar, Uttar Pradesh)",NA,03/2024,12/2027,-,1120,1120,204.59,20,Cumulative
628,705562,Chhapra-Ballia Patch Doubling,(North Eastern Railway [NER]),"Multi-States (Bihar, Uttar Pradesh)",03/2013,11/2015,02/2025,03/2025,963,1046,911.66,95,Cumulative
629,706844,Katihar - Kumedpur Doubling Line Project,(GM/C/ NFR),"Multi-States (Bihar, West Bengal)",08/2022,,08/2027,08/2027,942,942,356,45,Cumulative
630,705617,Rajnandgaon - Nagpur [Kalumna] Third Railway Line [228.30 km],(South East Central Railway [SECR] - II),"Multi-States (Chhattisgarh, Maharashtra)",09/2016,12/2016,12/2024,06/2026,3545,3545,3428.26,95,Cumulative
631,705511,Jagdalpur-Koraput,(East Coast Railway [ECoR] - II),"Multi-States (Chhattisgarh, Odisha)",12/2015,03/2016,03/2024,12/2026,1547,1547,1323.05,90,Cumulative
632,705616,Jharsuguda-Bilaspur Fourth Railway Line [206 km],(SECR),"Multi-States (Chhattisgarh, Odisha)",09/2016,09/2016,10/2024,12/2025,2140,2979,2143.64,89,Cumulative
633,705728,Mumbai-Ahmedabad High Speed Rail Project- 508 km,(National High Speed Rail Corporation [NHSRC]),"Multi-States (Dadra & Nagar Haveli and Daman & Diu, Gujarat, Maharashtra)",03/2015,09/2017,08/2027,12/2029,108000,108000,79918.89,53,Cumulative
634,705793,New Delhi- Mumbai Speed Booster[160Kmph] Project,(PCE/WR),"Multi-States (Delhi, Gujarat, Madhya Pradesh, Maharashtra, Rajasthan)",NA,09/2019,03/2024,-,6806.44,6806.44,135.65,0,Cumulative
635,705650,Hospet - Tinaighat - Vasco Rail Doubling Project,(RVNL - II),"Multi-States (Goa, Karnataka)",03/2010,07/2012,03/2027,12/2027,5060,5060,5007.82,86,Cumulative
636,706950,Hospet-Hubli-Vasco da Gama Line Electrification Project,(RVNL),"Multi-States (Goa, Karnataka)",NA,05/2018,03/2023,03/2024,744.49,1122.62,969.05,95,Cumulative
637,705237,Western Dedicated Freight Corridor,(DFCCIL),"Multi-States (Gujarat, Haryana, Maharashtra, Rajasthan, Uttar Pradesh)",02/2008,01/2012,03/2022,12/2025,51101,124005,124623,96,Cumulative
638,705453,"New line Dahod-Indore via Sardarpur, Jabuwa and Dhar",(Western Railway [WR] - II),"Multi-States (Gujarat, Madhya Pradesh)",06/2012,06/2012,02/2027,02/2027,456.07,1873.1,3412.33,46,Cumulative
639,705454,Chhota Udaipur - Dhar New Line Project [157 km],(Western Railway [WR] - II),"Multi-States (Gujarat, Madhya Pradesh)",11/2008,01/2014,12/2025,12/2025,1794,1794,1804.05,80,Cumulative
640,611452,MUMBAI CENTRAL VIRAR VADODARA AHMEDABAAD TRAIN PROTECTION SYSTEM 500 RKM,(Western Railway),"Multi-States (Gujarat, Maharashtra)",09/2019,03/2023,12/2025,06/2025,311,311,208,92,Cumulative
641,400022,Taranga Hill-Abu Road via Ambaji,(North Western Railway [NWR]),"Multi-States (Gujarat, Rajasthan)",07/2022,07/2022,07/2030,07/2030,2798,2798,1915.38,15,Cumulative
642,616842,LUNI- SAMDARI- BHILDI DOUBLING,(North Western Railway [NWR]),"Multi-States (Gujarat, Rajasthan)",02/2024,02/2024,07/2027,-,3085.59,3085.59,171.32,7,Cumulative
643,705424,Chandigarh-Baddi New Rail Line- 36 km,(Northen Railway [NR]),"Multi-States (Haryana, Himachal Pradesh)",02/2018,02/2018,12/2026,12/2026,1540,1540.13,506.73,31,Cumulative
644,611861,Rewari - Kathuwas Doubling Project [27.72 Km],(North Western Railway [NWR]),"Multi-States (Haryana, Rajasthan)",02/2023,12/2022,06/2027,06/2027,352,352,246.11,63,Cumulative
645,705410,Nangal Dam-Talwara New Broad Gauge Line [84 KM] and Taking Over Siding Mukerian-Talwara [29 KM],(Northen Railway [NR]),"Multi-States (Himachal Pradesh, Punjab)",03/1983,05/1985,12/2025,01/2027,2018,2018,2053.9,45,Cumulative
646,705428,Bhanupalli-Bilaspur-Beri New Railway Line Project,(RVNL - II),"Multi-States (Himachal Pradesh, Punjab)",03/2009,04/2015,12/2026,12/2027,13447,13447,6805.81,60,Cumulative
647,705628,Doubling of Hatia [Ranchi]-Bondamunda Rail Line - 159 km,(South Eastern Railway - JH),"Multi-States (Jharkhand, Odisha)",03/2016,02/2017,06/2025,06/2026,3029,3029,2470.12,85,Cumulative
648,616588,Buramara-Chakulia new line [59.96 km],(South Eastern Railway [SER] - I),"Multi-States (Jharkhand, Odisha, West Bengal)",08/2024,12/2024,12/2029,-,1459.13,1459.13,2.11,0,Cumulative
649,616227,Chandil - Anara - Damodar - 3rd line [121.26 km],(CAO/C/SER),"Multi-States (Jharkhand, West Bengal)",NA,07/2025,09/2029,-,1932.01,1932.01,0.03,0,Cumulative
650,705668,KHARAGPUR-ADITYAPUR THIRD RAIL LINE- 132 KM,(RVNL - II),"Multi-States (Jharkhand, West Bengal)",09/2016,01/2018,03/2025,12/2025,3250,3250,3176.46,97,Cumulative
651,705662,Hotgi-Kudgi-Gadag Doubling Project,(South Western Railway [SWR] - II),"Multi-States (Karnataka, Maharashtra)",04/2014,01/2016,12/2024,03/2026,1878,2459,2642.04,92,Cumulative
652,703586,Baiyyappanahalli - Hosur Doubling Project [48 km],(Karnataka Rail Infrastructure Development Company Limited [K-RIDE]),"Multi-States (Karnataka, Tamil Nadu)",04/2019,02/2019,12/2024,01/2026,499,499,595,97,Cumulative
653,705635,Trivandrum- Kanyakumari,(Southern Railway (SR) - I),"Multi-States (Kerala, Tamil Nadu)",08/2017,03/2016,03/2024,12/2027,1432,3785,2451,46,Cumulative
654,705457,Ratlam-Mhow-Khandwa-Akola Gauge Conversion,(Western Railway [WR] - II),"Multi-States (Madhya Pradesh, Maharashtra)",04/2008,03/2010,03/2027,09/2028,1656.25,5735.88,4428.77,80,Cumulative
655,705507,Itarsi - Nagpur Third Railway Line [280 km],(Central Railway [CR] - II),"Multi-States (Madhya Pradesh, Maharashtra)",09/2016,09/2016,03/2027,03/2027,2449.91,2506.68,1843.76,51,Cumulative
656,705419,Gwalior - Seopurkala with extension to Kota [Gauge Conversion],(North Central Railway),"Multi-States (Madhya Pradesh, Rajasthan)",03/2011,07/2018,03/2025,02/2026,2913,2913,2097.51,78,Cumulative
657,705481,Ramganjmandi-Bhopal New Line Project [262 km],(West Central Railway [WCR] - II),"Multi-States (Madhya Pradesh, Rajasthan)",03/2001,10/2004,12/2025,12/2027,3032,5073,3621.79,70,Cumulative
658,705764,Nimach-Badi Sadri  New Rail Line Project,(Western Railway [WR] - II),"Multi-States (Madhya Pradesh, Rajasthan)",04/2017,09/2021,03/2026,06/2026,495,825,79.55,53,Cumulative
659,705667,Mathura-Jhansi Third Railway Line [274 Km],(RVNL - II),"Multi-States (Madhya Pradesh, Rajasthan, Uttar Pradesh)",12/2015,03/2018,12/2024,12/2026,5961,5961,4928.62,94,Cumulative
660,705598,Jhansi - Bina Third Railway Line [153 Km],(CAO/C/NCR),"Multi-States (Madhya Pradesh, Uttar Pradesh)",09/2016,03/2018,03/2022,03/2026,2002,2002,1795.86,93,Cumulative
661,705608,Jhansi-Khairar-Manikpur & Khirar-Bhimsen,(North Central Railway),"Multi-States (Madhya Pradesh, Uttar Pradesh)",03/2018,03/2017,03/2026,03/2026,4330,4330,2184.56,55,Cumulative
662,705613,Third Line [new] between Kazipet - Balharshah  with electrification [201.04 Km],(South Central Railway [SCR] - II),"Multi-States (Maharashtra, Telangana)",09/2016,10/2016,01/2025,11/2025,2595,3071,3223.67,93,Cumulative
663,705629,Narayangarh-Bhadrak 3rd line,(South Eastern Railway [SER] - I),"Multi-States (Odisha, West Bengal)",03/2019,03/2017,12/2025,06/2026,2400,2400,2236.9,65,Cumulative
664,400223,Nagapattinam-Tiruturaipundi and Karaikal-Peralam New Line,(Southern Railway [SR] - II),"Multi-States (Puducherry, Tamil Nadu)",07/2008,01/2019,03/2026,03/2027,713,981,598.38,80,Cumulative
665,705432,Sivok-Rangpo New Rail Line,(Indian Railway Construction International Limited [IRCON]),"Multi-States (Sikkim, West Bengal)",10/2009,05/2010,05/2015,12/2027,7877,12133,9039.91,84,Cumulative
666,602797,"Sainthia, Sitarampur, Mughalsarai, Allahabad & Etawah - Bypass Line Project",(Eastern Railway [ER] - I),"Multi-States (Uttar Pradesh, West Bengal)",08/2017,12/2017,03/2027,03/2027,461.64,461.64,186.03,7,Cumulative
667,400045,Proposed 6 nos Road Over Bridge [ROB] at different locations under MCL Talcher Under Deposit Scheme.,(East Coast Railway [ECoR] - II),Odisha,08/2022,07/2022,03/2025,01/2025,168.32,168.32,69.85,82,Cumulative
668,400232,Brundamal-Jharsuguda- flyover connection for joining downline,(East Coast Railway [ECoR] - II),Odisha,01/2014,01/2014,12/2026,12/2026,297,297,193.22,30,Cumulative
669,612834,3rd & 4th line between Sarla - Sason [8 km] [PB 73/2023-24/NR],(East Coast Railway [ECoR] - II),Odisha,04/2023,04/2023,12/2025,-,252,252,79.55,45,Cumulative
670,616586,Bangriposi-Gorumahisani new line [ 85.60 km ],(CAO/C/SER),Odisha,08/2024,09/2025,12/2029,-,2269.49,2269.49,2.31,0,Cumulative
671,616587,Badampahar-Kendujhargarh new line [82.06 km],(CAO/C/SER),Odisha,08/2024,09/2025,12/2029,-,1875.72,1875.72,0.53,0,Cumulative
672,616694,Flyover between Siju and Paradeep coaching Yard to avoid Surface crossing of trains,(East Coast Railway [ECoR] - II),Odisha,04/2023,10/2025,07/2028,-,200.77,200.77,0,0,Cumulative
673,616695,Paradeep - Badabandha 3rd & 4th Line / 18.51kms,(East Coast Railway [ECoR] - II),Odisha,08/2023,04/2025,11/2028,-,300.15,300.15,0.01,0,Cumulative
674,705358,Khurda-Bolangir New Broad Gauge Rail Link [301km],(East Coast Railway [ECoR] - II),Odisha,03/1994,03/2001,12/2026,12/2026,3792,5089,5027.62,89,Cumulative
675,705359,Talcher-Bimlagarh New Railway Line,(East Coast Railway [ECoR] - II),Odisha,03/2004,12/2004,03/2025,03/2027,1928,1928,1934.28,48,Cumulative
676,705510,Bhadrak-Nergundi Third Line,(East Coast Railway [ECoR] - II),Odisha,10/2015,04/2015,11/2024,01/2026,1284,1284,1298,80,Cumulative
677,705513,Koraput - Singapur Railway Doubling,(East Coast Railway [ECoR] - II),Odisha,12/2015,12/2015,12/2027,03/2028,2362,2362,1798.71,68,Cumulative
678,705514,Jarapada- Budhapank with flyover at Talcher road 3rd and 4th Line,(East Coast Railway [ECoR] - II),Odisha,NA,12/2015,11/2018,03/2026,1000,810.02,401.61,36,Cumulative
679,705515,3rd & 4th Railway Line Project from Salegaon to Budhapank via Rajathgarh.,(East Coast Railway [ECoR] - II),Odisha,07/2013,12/2015,03/2026,03/2026,1173,2092,1971,80,Cumulative
680,705741,Jeypore-Navarangpur New  Rail Line Project,(East Coast Railway [ECoR] - II),Odisha,07/2017,04/2023,07/2028,12/2029,748,748,10.56,1,Cumulative
681,705742,Jeypore-Malkanagiri New Railway Line Project,(East Coast Railway [ECoR] - II),Odisha,02/2018,12/2023,07/2033,07/2033,2344,2344,225.84,8,Cumulative
682,705743,Talcher-Angul  New Line with Y-Connection at Talcher,(CAO/C/ECoR),Odisha,07/2018,,05/2027,05/2028,495,495,29.5,1,Cumulative
683,705767,Baghuapal Flyover  Construction Project,(CAO/C/ECoR),Odisha,08/2019,10/2022,03/2028,03/2028,257.97,258,0.83,0,Cumulative
684,706898,Khurda Road - Balangir Electrification of Railway Track Project,(Ministry of Railways),Odisha,NA,09/2019,03/2021,-,267.61,267.61,0,0,Cumulative
685,709810,KODINGAMALI BAUXITE MINES TO SINGARAM RAILWAY STATION,(Indian Railway),Odisha,08/2022,01/2026,08/2027,08/2027,190.9,190.9,0,0,Cumulative
686,709811,GANDHAMARDAN IRON ORE MINES TO GOALDIH STATION/12.76kms,(East Coast Railway [ECoR] - II),Odisha,09/2022,05/2025,09/2027,09/2027,190,190,0,0,Cumulative
687,611980,Junagarh Visavadar 42 Kms,(Railway),Offshore,06/2022,02/2023,09/2028,09/2028,492.83,492.83,3,1,Cumulative
688,705362,"Jaynagar-Bijalpura, incl. extn. Bet, Bijalpura-Bardibas [Nepal]",(East Central Railway [ECR] - I),Offshore,08/2015,03/2011,03/2022,03/2026,819,819,580.6,75,Cumulative
689,705783,Ludhiana- Killa Raipur Railway  Doubling Project,(Railway),Punjab,03/2019,12/2022,03/2025,03/2026,237.64,237.64,118,55,Cumulative
690,611614,Dedicated Test Track for RDSO Phase II,(North Western Railway [NWR]),Rajasthan,11/2021,11/2021,11/2026,11/2026,819.48,967.06,471,86,Cumulative
691,611849,Devgarh Madariya - Nathdwara Gauge Conversion [82.54 Km] part of Marwar - Mavli Gauge Conversion [152 Km],(North Western Railway [NWR]),Rajasthan,01/2023,01/2023,06/2028,06/2028,968.92,968.92,98.62,51,Cumulative
692,611929,Maintenance cum workshop depot for Vande Bharat Sleeper Trains as per conditions under WTA 527,(WPO/Patna),Rajasthan,NA,06/2023,12/2024,-,166.86,166.86,0,0,Cumulative
693,616696,RINGUS KHATUSHYAMJI NEW LINE,(North Western Railway [NWR]),Rajasthan,03/2024,03/2024,03/2028,-,254.06,254.06,2.94,0,Cumulative
694,616840,RAS- MERTA CITY NEW LINE INCL BYPASS AT MERTA ROAD,(North Western Railway [NWR]),Rajasthan,NA,02/2024,03/2028,-,947,947,1.36,0,Cumulative
695,616841,PUSHKAR- MERTA CITY NEW LINE,(North Western Railway [NWR]),Rajasthan,02/2024,02/2024,12/2026,-,799.64,799.64,14.5,4,Cumulative
696,616843,AJMER- CHANDERIYA DOUBLING,(North Western Railway [NWR]),Rajasthan,02/2024,02/2024,06/2027,-,1634.79,1634.79,74.43,6,Cumulative
697,705482,Dholpur - Sirmuttra Gauge Conversion,(North Central Railway),Rajasthan,03/2022,04/2020,02/2019,02/2027,747,747,355.13,43,Cumulative
698,705752,Gudha-Thatha Mithri Construction of Railway Track Project,(North Western Railway [NWR]),Rajasthan,04/2019,04/2019,11/2026,11/2026,819.48,967.06,471,98,Cumulative
699,705912,Sawai Madhopur-Jaipur Railway Line Project,(North Western Railway [NWR]),Rajasthan,NA,04/2023,03/2027,-,1203.89,1203.89,46.07,7,Cumulative
700,705919,Agra Fort-Bandikui Doubling Line Project,(CAO/C/NCR),Rajasthan,06/2022,02/2021,06/2027,06/2027,1390,1390,123,25,Cumulative
701,706866,Sawaimadhopur Bye Pass Line Project,(North Western Railway [NWR]),Rajasthan,12/2022,01/2023,03/2026,05/2027,304,304,43.07,44,Cumulative
702,400280,Ph II extension of MRTS from Velachery to St Thomas Mount,(Southern Railways [SR] - construction),Tamil Nadu,11/2007,11/2008,07/2024,08/2025,734,982,475.73,99,Cumulative
703,613002,Redevelopment of Chennai Egmore Station,(Railway),Tamil Nadu,NA,10/2022,03/2026,-,842,842,340,0,Cumulative
704,705244,Coach Production Factory Upgradation Project,(CPM/ICF),Tamil Nadu,NA,07/2018,12/2021,-,520,520,192.25,0,Cumulative
705,705755,Morappur - Dharmpuri New Railway Line Project,(Southern Railway [SR] - I),Tamil Nadu,05/2019,12/2016,03/2028,03/2028,359,359,40,1,Cumulative
706,616856,Doubling between Bhadrachalam Road and Dornakal,(South Central Railway [SCR] - II),Telangana,NA,04/2025,04/2029,-,770.12,770.12,0,0,Cumulative
707,705252,Kazipet Wagon Overhauling Project,(RVNL),Telangana,NA,07/2017,12/2023,-,385,385,0,0,Cumulative
708,705437,Manoharabad-Kothapalli New Rail Line [151 km],(South Central Railway [SCR] - II),Telangana,07/2016,01/2017,03/2027,12/2027,1160,2781,1771.32,71,Cumulative
709,400204,Bahraich-Shravasti-Balrampur-Siddharthnagar -Santkabir nagar,(North Eastern Railway [NER]),Uttar Pradesh,10/2018,03/2017,10/2030,10/2030,4939.78,4939.78,1232.64,8,Cumulative
710,400205,Sahjanwa-Dohrighat,(North Eastern Railway [NER]),Uttar Pradesh,08/2019,03/2017,03/2029,03/2029,1319.75,1319.75,460.2,3,Cumulative
711,617252,Anandnagar - Ghugli via Maharajganj New line 52.7 km,(Construction NER),Uttar Pradesh,10/2023,11/2023,03/2028,-,958.27,958.27,436.95,23,Cumulative
712,617284,Chunar-Chopan doubling project,(North Central Railway),Uttar Pradesh,08/2023,01/2025,03/2028,-,1423.96,1423.96,49.57,2,Cumulative
713,705566,Domingarh-Gorakhpur-Gorakhpur Cantt.-Kusumhi - 3rd Railway Line Project,(North Eastern Railway [NER]),Uttar Pradesh,11/2016,06/2018,02/2025,09/2025,351,521.47,495.86,98,Cumulative
714,705567,Burhwal Gonda 3rd line,(North Eastern Railway [NER]),Uttar Pradesh,11/2017,07/2019,03/2025,09/2025,1016,1118,1373.8,73,Cumulative
715,705588,Janghai-Pratapgarh- Amethi,(CAO/C/II/NR),Uttar Pradesh,11/2017,03/2017,03/2025,03/2026,722,1194,1550,70,Cumulative
716,705766,Lalitpur-Birari with flyover at Lalitpur- 16 Km,(North Central Railway),Uttar Pradesh,03/2017,03/2017,12/2024,11/2025,304.44,356,220.8,72,Cumulative
717,705771,Allahabad-Bamhrauli Flyover Construction & 4th Railway Line Project,(North Central Railway),Uttar Pradesh,04/2019,10/2020,03/2026,03/2026,494,494,333,70,Cumulative
718,705772,"Mughalsarai-Allahabad, 3rd line",(North Central Railway),Uttar Pradesh,12/2015,03/2016,12/2026,03/2027,2649,2649.44,1561.89,62,Cumulative
719,705774,Aligarh -Daud Khan Flyover Construction & 3rd Railway Line Project,(CAO/C/NCR),Uttar Pradesh,04/2019,09/2020,01/2025,03/2027,758,779.49,315.37,55,Cumulative
720,705777,Bhandai - Flyover for Etawah bound down train- 10 Km,(North Central Railway (NCR) - II),Uttar Pradesh,07/2020,04/2021,02/2026,02/2027,250.18,250.18,113.94,3,Cumulative
721,705779,"Phephna-Indara, Mau-Shahganj doubling excluding Indara-Mau",(South Eastern Railway [SER] - I),Uttar Pradesh,05/2017,03/2017,12/2024,03/2026,1178,1777,1489.5,85,Cumulative
722,705780,Bhatni-Aurnihar with electrification excluding Indara-Mau,(RVNL - II),Uttar Pradesh,03/2018,03/2017,12/2024,10/2025,2529,2529.46,2051.69,94,Cumulative
723,705782,Barabanki-Malhaur 3rd & 4th Railway Line Project,(CAO/C/NR),Uttar Pradesh,01/2019,04/2017,03/2025,03/2026,407,407,317,75,Cumulative
724,705784,Janghai-Phaphamau Doubling Rail Line Project,(RVNL),Uttar Pradesh,11/2018,03/2020,03/2025,03/2025,357,978.77,579,95,Cumulative
725,705863,Bahraich - Nanpara - Nepalganj Road Gauge Conversion,(North Eastern Railway [NER]),Uttar Pradesh,07/2020,04/2021,07/2025,09/2025,950,550,511.18,90,Cumulative
726,705918,Allahabad division - Aligarh - Harduaganj Flyover,(North Central Railway),Uttar Pradesh,04/2020,02/2021,06/2026,03/2027,1457,1457,50,14,Cumulative
727,900872,DOUBLING BETWEEN JAUNPUR JN-ZAFFARABAD [6.28 KM],(Northen Railway [NR]),Uttar Pradesh,01/2023,,01/2027,12/2028,177,177,41,10,Cumulative
728,705429,Rishikesh-Karnaprayag New Rail Line- 125 km,(RVNL - II),Uttarakhand,11/2016,08/2018,12/2025,03/2027,38953,38953,24645.15,65,Cumulative
729,400247,Kalinarayanpur-Krishnanagar Doubling Alongwith Krishnanagar - Chapra New Line And Naihati-Ranaghat 3rd Line.,(Eastern Railway [ER] - I),West Bengal,07/2015,11/2005,02/2027,02/2027,1000,1000,1031.21,67,Cumulative
730,400273,Tarakeshwar-Bishnupur New Line [82.47 km],(Eastern Railway [ER] - I),West Bengal,03/2001,02/2008,03/2019,02/2026,1189,1542,1307.52,90,Cumulative
731,400277,Dum Dum Airport-New Garia via Rajarhat-Construction of Metro Railway,(RVNL - II),West Bengal,03/2010,10/2011,12/2025,03/2026,8964,8964,8097.47,80,Cumulative
732,612096,Construction of Balurghat-Hilli new BG Line,(Northeast Frontier Railway [NFR]),West Bengal,12/2010,12/2010,03/2027,03/2025,1209,1209,405.31,9,Cumulative
733,617322,Kalipahari Bakhtarnagar 5th line,(Eastern Railway [ER] - I),West Bengal,08/2024,07/2025,06/2027,06/2027,350.46,350.46,0,0,Cumulative
734,705730,Joka-BBD Bag new metro project,(RVNL - II),West Bengal,03/2010,04/2010,12/2026,12/2028,4835,10362,4373.24,60,Cumulative
735,706776,Noapara-Barasat via Bimanbandar - Construction of Metro railway [18 km],"(Metro Railway, Kolkata)",West Bengal,11/2010,03/2010,08/2026,03/2029,4830,4830,2764.13,32,Cumulative
736,706777,Baranagar-Barrackpore and Dakshineshwar- Construction of Metro Railway,(RVNL - II),West Bengal,03/2010,03/2010,12/2026,12/2025,2298,2734,393,17,Cumulative
737,701658,Krishnapatnam Node - Phase 1 - Roads and Services Development,(National Industrial Corridor Development Corporation),Andhra Pradesh,12/2020,02/2024,02/2028,-,2139.44,2139.44,406.05,17,Real Estate
738,701657,Tumakuru Node - Phase 1 - Roads and Services Development,(National Highways & Infrastructure Development Corporation Ltd. [NHIDCL]),Karnataka,12/2020,02/2023,09/2026,-,1701.81,1701.81,88.25,8,Real Estate
739,709859,SETTING UP OF PHYSICAL INFRASTRUCTURE FOR THE NATIONAL INSTITUTE OF COMMUNICATION FINANCE [NICF] AT GHITORNI,(National Communication Academy - Finance (Erstwhile NICF)),Delhi,10/2014,04/2018,02/2020,10/2025,248.2,248.2,236.91,98,Telecommunication
740,701598,Provision of 4G based Mobile Services in Uncovered Villages and National Highways of Meghalaya,(Department of Telecommunications [DoT]),Meghalaya,09/2019,09/2020,03/2022,09/2025,971.96,971.96,208.25,99,Cumulative
741,701599,Mobile connectivity in Left Wing Extremism [LWE] affected areas-Phase2,(Department of Telecommunications [DoT]),"Multi-States (Andhra Pradesh, Bihar, Chhattisgarh, Jharkhand, Madhya Pradesh, Maharashtra, Odisha, Telangana, Uttar Pradesh, West Bengal)",NA,09/2021,03/2023,11/2025,1577.57,1577.57,598.31,87,Cumulative
742,701602,"Provision of 4G based mobile services in 7,287 uncovered villages of 44 Aspirational District across 5 states of Andhra Pradesh, Chhattisgarh, Jharkhand, Maharashtra & Odisha",(Department of Telecommunications [DoT]),"Multi-States (Andhra Pradesh, Chhattisgarh, Jharkhand, Maharashtra, Odisha)",11/2021,05/2022,11/2023,11/2025,3685,3685,1101.44,79,Cumulative
743,701597,Provision of 4G Mobile Services in Uncovered Villages of Arunachal Pradesh and 2 Districts of Assam,(Department of Telecommunications [DoT]),"Multi-States (Arunachal Pradesh, Assam)",12/2020,10/2021,04/2023,09/2025,1255.49,1255.49,284.04,89,Cumulative
744,701600,354 Uncovered Villages Scheme,(Department of Telecommunications [DoT]),"Multi-States (Bihar, Gujarat, Himachal Pradesh, Jammu and Kashmir, Ladakh, Rajasthan, Uttar Pradesh)",12/2019,04/2020,10/2021,08/2025,336.89,301.13,227.82,97,Cumulative
745,704495,"502 Aspirational District Scheme in Four states - Bihar, Madhya Pradesh, Rajastha and Uttar Pradesh",(Department of Telecommunications [DoT]),"Multi-States (Bihar, Madhya Pradesh, Rajasthan, Uttar Pradesh)",NA,03/2021,03/2022,12/2025,421.65,228.94,134.08,96,Cumulative
746,709749,PHASE-I OF CONSOLIDATION OF EXISTING CDR DATA CENTERS AND NIB-P3 DATA CENTERS WITH STATE OF THE ART,(BSNL),"Multi-States (Maharashtra, Telangana)",NA,03/2020,06/2021,12/2025,461.42,461.42,166.02,81,Cumulative
747,400013,Saturation 4G mobile coverage of Uncovered Villages through USOF,(Department of Telecommunications [DoT]),PAN India,07/2022,07/2022,06/2024,03/2026,26316,30620,9791.8,73,Cumulative
748,701593,4G Services by BSNL,(Department of Telecommunications [DoT]),PAN India,11/2020,11/2020,03/2024,03/2026,28466,19592,8390.32,96,Cumulative
749,706775,BharatNet,(Department of Telecommunications [DoT]),PAN India,07/2017,10/2011,08/2023,03/2027,61109,188000,41486.14,81,Cumulative
750,709856,MPLS-IP BASED ACCESS AND AGGREGATION NETWORK [MAAN] IN BSNL ALONG WITH TEST AND MEASURING EQUIPMENT,(BSNL),PAN India,NA,05/2023,08/2024,10/2025,645.13,645.13,364.34,91,Cumulative
751,709857,"Planning, Engineering, Supply, Installation, Testing, Commissioning, Integration & Annual Maintenance of 4G mobile network at 1 Lakh sites on PAN India basis including Mumbai & Delhi LSA on turnkey basis under Phase IX.2 Project.",(BSNL),PAN India,NA,06/2023,06/2025,03/2026,24544.55,24544.5,8391.17,96,Cumulative
752,709858,OPTICAL TRANSPORT NETWORK [OTN] PH-4 IN BSNL,(BSNL),PAN India,NA,02/2024,08/2025,10/2025,810.99,810.99,741.9,100,Cumulative
753,616600,Interception and Diversion and STP works in Bhagalpur  under Hybrid annuity based PPP mode-Namami Gange Programme,(National Mission for Clean Ganga),Bihar,10/2017,03/2022,02/2025,12/2025,413.29,413.29,126.67,97,Waste & Water
754,616611,Sewage Treatment Plant  100MLD  and Sewerage Network 288 km in Digha-Patna under Hybrid annuity based PPP mode-Namami Gange Programme,(National Mission for Clean Ganga),Bihar,08/2017,07/2019,12/2025,-,824,824,396.71,56,Waste & Water
755,616612,Sewage Treatment Plant  50MLD  and Sewerage Network 150 km in Kankarbagh- Patna under Hybrid annuity based PPP mode-Namami Gange Programme,(National Mission for Clean Ganga),Bihar,08/2017,07/2019,12/2025,-,578.89,578.89,171.79,54,Waste & Water
756,616615,"Sewer Network,  SPS and STP at Begusarai",(National Mission for Clean Ganga),Bihar,03/2010,03/2018,04/2025,12/2025,230.06,230.06,261.82,97,Waste & Water
757,616616,"Sewer Networks,  SPS and STP at Hajipur",(National Mission for Clean Ganga),Bihar,03/2010,03/2018,06/2025,12/2025,305.19,305.19,346.46,95,Waste & Water
758,616594,Interception & Diversion with Rehabilitation of sewerage scheme at Agra under Hybrid annuity based PPP model-Namami Gange Programme,(National Mission for Clean Ganga),Uttar Pradesh,05/2020,04/2023,04/2025,12/2025,842.25,842.25,208.64,73,Waste & Water
759,616605,Pollution Abatement Works for River Kali Meerut under Meerut Municipality Interception & Diversion with  STP,(National Mission for Clean Ganga),Uttar Pradesh,05/2020,11/2024,12/2024,05/2027,690.71,690.71,34.79,27,Waste & Water
760,616604,Pollution Abatement works for River Ganga at Hooghly Chinsurah- Municipal Town Interception & Diversion with STP,(National Mission for Clean Ganga),West Bengal,05/2018,12/2021,03/2025,12/2025,154.73,154.73,96.17,92,Waste & Water
761,400100,Sardar Gouthu Latchanna Thotapalli Barrage Project,(Water Resources-AP),Andhra Pradesh,NA,01/2006,12/2019,06/2026,353.05,1023.24,869.11,95,Water Resources
762,400101,Gundlakamma project,(Water Resources-AP),Andhra Pradesh,NA,04/2005,12/2019,03/2027,397.41,697.39,610.89,98,Water Resources
763,701415,Polavaram Irrigation Project,(Water Resources-AP),Andhra Pradesh,02/2009,11/2004,04/2022,03/2026,10151.04,55548.9,24347.76,83,Water Resources
764,701370,Borolia Irrigation Project,"(Department of Water Resources, River Development & GR)",Assam,NA,12/1996,12/2022,03/2026,256.16,256.16,0,55,Water Resources
765,400104,Punpun Barrage Project,(Water Resources-BR),Bihar,NA,04/2007,12/2019,03/2026,571.07,658.12,469.66,44,Water Resources
766,701371,Durgawati Reservoir Project,(Irrigation and CAD-TG),Bihar,NA,04/1997,12/2019,12/2024,691.15,971.96,978.51,87,Water Resources
767,400111,Kelo Irrigation Project,(Water Resources-CT),Chhattisgarh,NA,04/2008,12/2019,06/2026,459.97,727.04,616.93,71,Water Resources
768,701399,Kudali Irrigation Project,"(Department of Water Resources, River Development & GR)",Chhattisgarh,NA,12/2009,12/2025,-,382.29,382.29,0,86,Water Resources
769,400097,Sardar Sarovar CADWM Project,"(Narmada and Water Resources, Water Supply and Kalpsar Department-GJ)",Gujarat,NA,04/2004,12/2019,03/2025,5021.76,6670.31,4954.99,90.3,Water Resources
770,701372,Sardar Sarovar Project,"(Narmada and Water Resources, Water Supply and Kalpsar Department-GJ)",Gujarat,NA,04/1996,12/2019,12/2025,20718.17,33412.5,31767.59,93,Water Resources
771,701376,"Subernarekha   Multipurpose Project, Jharkhand",(Department of Water Resources-JH),Jharkhand,NA,01/2012,12/2019,03/2026,3807.77,9579.58,5561.97,69,Water Resources
772,701377,Upper Tunga Irrigation Project,(Water Resources-KA),Karnataka,NA,04/2014,12/2019,12/2025,770.16,1606.07,1511.22,99,Water Resources
773,400096,Omkareshwar CADWM Project,(Water resource-mp),Madhya Pradesh,NA,04/2015,12/2019,03/2026,648.09,648.09,172.56,3,Water Resources
774,400115,Bargi Diversion Project Phase - IV [km. 154 to km 197],(Water Resources-MP),Madhya Pradesh,NA,01/2009,12/2019,03/2025,751.03,893.35,746.19,75,Water Resources
775,400116,Bargi Diversion Project Phase - III [km. 104 to km 154],(Water Resources-MP),Madhya Pradesh,NA,04/2007,12/2019,12/2025,1229.15,1399.7,1807.2,79,Water Resources
776,400095,Gosikhurd CADWM Project,(Department of water resources-MH - II),Maharashtra,04/2017,04/2017,12/2019,06/2026,743.73,743.73,252,50,Water Resources
777,400105,Urmodi Irrigation Project,(Department of water resources-MH - II),Maharashtra,NA,04/2018,06/2022,12/2026,580.79,895.81,713.46,76,Water Resources
778,400107,Sulwade-Jamphal-Kanoli Lift Irrigation Scheme,(Department of water resources-MH - II),Maharashtra,NA,02/2019,06/2023,06/2027,2407.67,2407.67,2436.43,80,Water Resources
779,400109,Purna Barrage-2 [Ner Dhamana] Medium Irrigation Project,(Department of water resources-MH - II),Maharashtra,NA,04/2018,06/2020,06/2026,848.07,888.43,690.49,69,Water Resources
780,400112,Jigaon Irrigation Project,(Department of water resources-MH - II),Maharashtra,NA,04/2018,06/2028,-,7222.95,7222.95,8501.45,90,Water Resources
781,701383,Waghur Project,(Department of water resources-MH - II),Maharashtra,NA,04/1996,12/2019,03/2026,1058.99,1758.51,1530.45,89,Water Resources
782,701386,Gosikhurd Project,(Department of water resources-MH - II),Maharashtra,12/2017,04/2008,12/2019,06/2026,7196.47,12770.1,13533.29,72,Water Resources
783,701391,Aruna Medium Irrigation Project,(Department of water resources-MH - II),Maharashtra,NA,01/2010,12/2019,12/2025,210.45,1472.14,1697.94,97,Water Resources
784,701396,Lower Pedhi Project,(Department of water resources-MH - II),Maharashtra,NA,04/2008,12/2019,06/2026,255.97,1480.7,1324.78,64,Water Resources
785,701398,Nardave Medium Irrigation Project,(Department of water resources-MH - II),Maharashtra,NA,04/2009,12/2019,06/2026,211.46,781.85,623.5,72,Water Resources
786,701400,Thoubal Multipurpose Project,(Water Resources Department-MN),Manipur,01/2022,04/1997,12/2019,03/2026,1449.44,1822.24,1837.91,98,Water Resources
787,701412,North Koel Reservoir Project,"(Department of Water Resources, River Development & GR)","Multi-States (Bihar, Jharkhand)",NA,01/2021,03/2021,03/2026,1622.27,2430.76,142.1,32,Water Resources
788,603945,Integrated Anandpur Barrage Project,(Water Resources-OR),Odisha,NA,01/1998,12/2019,06/2026,567.03,2990.05,2629.74,62,Water Resources
789,701404,Kanupur Irrigation Project,(Irrigation and CAD-TG),Odisha,NA,01/2004,12/2019,12/2024,989.43,2301.28,2563.56,79,Water Resources
790,701410,Relining of  Rajasthan feeder and Sirhind Feeder canal,(Department of Water Resources-PB),Punjab,02/2016,04/2018,06/2021,06/2026,1441.26,2462.16,3000.36,80,Water Resources
791,701411,Shahpur Kandi Dam Project,(Department of Water Resources-PB),Punjab,02/2010,04/2018,06/2022,10/2025,2285.81,2715.7,2072.33,80,Cumulative
792,400102,Sri Ram Sagar Project Stage - II,(Irrigation and CAD-TG),Telangana,NA,04/2005,12/2019,03/2026,736.13,949.87,940.7,96,Cumulative
793,400103,Indiramma Flood Flow Canal Project,(Irrigation and CAD-TG),Telangana,NA,01/2006,12/2019,12/2026,1331.3,5940.09,4491.08,92,Cumulative
794,701405,J. Chokka Rao Devadula Lift Irrigation Scheme,(Irrigation and CAD-TG),Telangana,NA,04/2006,12/2019,12/2025,8200.71,14730,4558.89,87,Cumulative
795,701406,Rajiv Bhima Lift Irrigation Scheme,(Irrigation and CAD-TG),Telangana,NA,01/2008,12/2019,03/2026,1402,2509.66,1839.76,100,Cumulative
796,400093,Saryu Nahar CADWM Project,(Irrigation & Water Resources-UP),Uttar Pradesh,NA,04/2017,12/2019,03/2026,1672.7,1672.7,0,0,Cumulative
797,400117,Arjun Sahayak Project,(Irrigation & Water Resources-UP),Uttar Pradesh,NA,04/2009,12/2019,12/2019,741.38,2465.68,3218.3,100,Cumulative
798,701395,Morna [Gureghar] Irrigation Project,"(Department of Water Resources, River Development & GR)",Uttar Pradesh,NA,12/2007,12/2025,-,219.9,219.9,0,0,Cumulative
799,701408,Madhya Ganga canal Phase-II,(Irrigation & Water Resources-UP),Uttar Pradesh,NA,07/2007,12/2019,12/2025,1060.67,4417.21,4415.24,82,Cumulative
800,613787,Jamrani Dam Multipurpose Project,(Irrigation-UK),Uttarakhand,10/2023,04/2023,06/2029,-,2584.1,2584.1,968.52,16,Cumulative
