Sl.No,Project Code,Project Name,Agency,State,Date of Approval (MM/YYYY),Original DoC (MM/YYYY),Revised DoC (MM/YYYY),Original Cost (Rs. Crore),Revised Cost (Rs. Crore),Cumulative Expenditure (Rs. Crore),APR25 progress (%),Sector
1,N04000073,"CONSTRUCTION OF NEW INTEGRATED TERMINAL BUILDING AT VSI AIRPORT, PORTBLAIR",AAI,ANDAMAN AND,10-2013,9/2018,6/2023,417.23,707.73,698.80,100.00,CIVIL AVIATION
2,N22000584,LUDHIANA KILA RAIPUR (19 KMS) WITH FREIGHT LINE AT GILL STATION ON LDH-JHL SECTION,NR,ANDAMAN AND,3-2019,3/2025,12/2025,235.72,-,54.28,55.00,RAILWAYS
3,N24000745,"2 LANE WITH HARD SHOLDER , REHABILITATION AND UP GRADATION OF SECTION FROM KM 242.0 TO KM 298.0 OF N",NHIDCL,ANDAMAN AND,3-2017,12/2019,3/2023,409.85,-,214.23,95.10,RAILWAYS
4,N24000749,REHABILITATION AND UP GRADATION OF SECTION FROM KM 206.00 TO KM 242.00 (NIMBUTALA TO AUSTIN CREEK) O,NHIDCL,ANDAMAN AND,3-2018,9/2020,11/2022,234.27,-,126.50,82.93,RAILWAYS
5,N24000820,Rehabilitation and up gradation to 2 lane with paved shoulder configuration from existing km. 122.00,MoRTH,ANDAMAN AND,11-2017,11/2019,-,237.80,-,222.13,98.23,RAILWAYS
6,N24000821,RECONSTRUCTION WITH GEOMETRIC IMPROVEMENT OF EXISTING 2 LANE/INTERMEDIATE LANE TO 2LANE WITH PAVED S,MoRTH,ANDAMAN AND,11-2017,11/2019,-,257.34,-,214.90,100.00,RAILWAYS
7,N24001008,AJANTHA TO BULDHANA,MoRTH,ANDAMAN AND,2-2017,7/2019,-,401.00,401.00,260.08,97.00,RAILWAYS
8,N24002207,MAJOR BRIDGE OVER MIDDLE STRAIT CREEK,NHIDCL,ANDAMAN AND,12-2024,2/2026,-,371.80,207.99,0.00,2.11,RAILWAYS
9,N24002208,PACKAGE-3A,NHIDCL,ANDAMAN AND,2-2018,9/2025,3/2024,207.54,154.01,16.21,35.50,RAILWAYS
10,N24002209,PACKAGE-3B,NHIDCL,ANDAMAN AND,2-2018,11/2025,-,183.47,-,1.45,25.27,RAILWAYS
11,N04000091,C/O OF NITB AND ASSOCIATED WORK AT VIJAYAWADA AIRPORT,AAI,ANDAMAN AND,4-2020,3/2023,8/2025,611.80,-,433.85,73.00,CIVIL AVIATION
12,N04000103,RAJAHMUNDRY AIRPORT: CONSTRUCTION OF NEW DOMESTIC TERMINAL BUILDING AND MISCELLANEOUS WORKS INCLUD,AAI,ANDAMAN AND,12-2022,8/2025,-,347.15,347.15,72.12,43.00,CIVIL AVIATION
13,N04000106,KADAPPA AIRPORT- CONSTRUCTION OF NEW DOMESTIC TERMINAL BUILDING AND MISCELLANEOUS WORKS INCLUDING MA,AAI,ANDAMAN AND,3-2023,1/2026,-,265.91,-,39.49,27.00,CIVIL AVIATION
14,N42000005,CONSTRUCTION OF PERMANENT CAMPUS FOR INDIAN INSTITUTE OF TECHNOLOGY TIRUPATI AT MERLAPAKA VILLAGE YE,CPWD EDUCATION,ANDAMAN AND,2-2019,6/2020,-,655.34,-,366.21,95.00,"DEPARTMENT
OF HIGHER
EDUCATION"
15,N42000007,"CONSTRUCTION OF PERMANENT CAMPUS FOR IISER AT JANGALAPALLI VILLAGE, YERPEDU MANDAL, CHITTOOR DISTRIC",CPWD EDUCATION,ANDAMAN AND,9-2019,9/2022,-,588.72,656.39,630.55,100.00,"DEPARTMENT
OF HIGHER
EDUCATION"
16,N16000247,KG-DWN-98-2 CLUSTER II DEVELOPMENT PROJECT,ONGC,ANDAMAN AND,3-2016,6/2020,3/2025,"34,012.00",-,"33,149.29",96.40,PETROLEUM
17,N16000432,HP CRUDE TO OLEFINS AND AROMATICS TECHNOLOGY DEMO UNIT AT VISAKH REFINERY,HPCL,ANDAMAN AND,9-2021,6/2024,3/2026,160.00,220.00,50.04,56.00,PETROLEUM
18,N16000485,"CGD PROJECT AT KURNOOL, GUNTUR AND PRAKASAM DISTRICTS",IOCL,ANDAMAN AND,3-2022,3/2030,-,"1,420.00",-,144.41,6.10,PETROLEUM
19,N16000499,MULTI-PRODUCT PIPELINE FROM KRISHNAPATNAM COASTAL INSTALLATION TO THE PROPOSED INSTALLATION AT HYDER,BPCL,ANDAMAN AND,9-2019,3/2025,-,"1,932.00",-,"1,491.64",85.30,PETROLEUM
20,N16000535,HP TRIJET UNIT IN VR,HPCL,ANDAMAN AND,7-2024,7/2027,-,193.00,-,0.38,19.00,PETROLEUM
21,N16000538,CONSTRUCTION OF AVIATION FUEL FARM FACILITIES AT BHOGAPURAM AIRPORT,HPCL,ANDAMAN AND,8-2024,3/2026,-,240.00,-,16.74,25.50,PETROLEUM
22,N16000539,VISAKHA RAIPUR PIPELINE PROJECT,HPCL,ANDAMAN AND,9-2024,9/2027,-,"2,212.00",-,2.41,3.65,PETROLEUM
23,N18000380,TRANSMISSION SCHEME FOR SOLAR ENERGY ZONE IN ANANTHPURAM (2500MW) AND KURNOOL (1000MW),PGCIL,ANDAMAN AND,9-2023,3/2025,-,"1,249.00",-,418.81,53.00,PETROLEUM
24,N18000395,AUGMENTATION OF 1500MVA 3RD 765/400KV TRANSFORMATION CAPACITY AT KURNOOL NEW SUBSTATION,PGCIL,ANDAMAN AND,5-2023,9/2025,-,164.00,-,66.00,15.00,PETROLEUM
25,N18000413,TRANSMISSION SYSTEM FOR INTEGRATION OF KURNOOL-IV REZ ? PHASE-I (FOR 4.5 GW),PGCIL,ANDAMAN AND,3-2025,3/2027,-,"5,000.00",-,0.00,-,PETROLEUM
26,N18000416,TRANSMISSION SYSTEM STRENGTHENING AT KURNOOL- III PS FOR INTEGRATION OF ADDITIONAL RE GENERATION PRO,PGCIL,ANDAMAN AND,3-2025,3/2027,-,"2,886.00",-,0.00,-,PETROLEUM
27,220100265,KOTLPALLI-NARASAPUR (NL) (SCR),SCR,ANDAMAN AND,12-2001,3/2028,-,"2,500.98",-,"1,141.44",18.00,PETROLEUM
28,N22000286,NADIKUDE-SRI KALAHASTI,SCR,ANDAMAN AND,4-2011,5/2027,-,"2,312.00",-,"1,935.77",-,PETROLEUM
29,N22000368,GUNTUR-GUNTAKAL,SCR,ANDAMAN AND,4-2016,12/2025,-,"3,733.37",-,"3,478.23",-,PETROLEUM
30,N22000369,VIJAYAWADA-GUDUR,RVNL,ANDAMAN AND,4-2015,11/2024,-,"6,654.00",-,"5,883.89",-,PETROLEUM
31,N22000377,KOTTAVALSA - KORAPUT DOUBLING,ECOR,ANDAMAN AND,4-2015,3/2022,-,"2,499.71",-,"1,919.28",69.50,PETROLEUM
32,N22000555,"PENUKONDA-DHARMAVARAM, EXCL. DHARMAVARAM (41.5 KM)",SWR,ANDAMAN AND,4-2019,3/2026,-,294.67,307.66,197.73,50.00,PETROLEUM
33,N22000556,MALUGUR-PALASAMUDRAM (17.98 KM) (PB#29/NR/2022-23),SWR,ANDAMAN AND,9-2022,12/2025,-,323.14,342.41,46.89,12.00,PETROLEUM
34,N22000585,DOUBLING BETWEEN GOOTY- PENDAKALLU (29.225),SCR,ANDAMAN AND,3-2023,3/2027,-,351.83,-,0.00,-,PETROLEUM
35,N22000586,VIJAYAWADA KAZIPET BYEPASS LINE,SCR,ANDAMAN AND,4-2016,12/2025,-,647.37,-,235.48,-,PETROLEUM
36,N22000587,RENIGUNTA WADI GOOTY - BYPASS,SCR,ANDAMAN AND,4-2016,12/2025,-,302.00,-,209.83,50.00,PETROLEUM
37,N24000301,REHABILITATION AND UPGRADATION OF NH-219 FROM KM 58-600 TO KM 140-750 IN THE STATE OF ANDHRA PRADES,MoRTH,ANDAMAN AND,3-2015,10/2015,5/2021,271.45,-,238.23,100.00,PETROLEUM
38,N24000811,CONSTRUCTION OF SIX LANING OF DEDICATED PORT ROAD TO KRISHNAPATNAM PORT (PACKAGE-I) KM 0+000 TO KM 1,NHAI,ANDAMAN AND,3-2018,12/2020,12/2022,314.43,-,85.61,68.10,PETROLEUM
39,N24000931,REHABILITATION AND UPGRADATION OF EXISTING NH- 167 FROM KM 14.900 TO KM 70.00 (DESIGN CH.14.900 TO 69,MoRTH,ANDAMAN AND,11-2016,5/2017,-,290.15,-,205.02,90.00,PETROLEUM
40,N24000937,REHABILITATION AND UPGRADATION OF NEW NH- 544DD FROM DESIGN CHAINAGE KM 56.00 TO 102.20 OF KALYANDURG,MoRTH,ANDAMAN AND,3-2018,8/2018,-,289.67,290.00,254.19,98.50,PETROLEUM
41,N24000964,CONSTRUCTION OF TIMMAPURAM TO GURJANAPALLE SECTION FROM KM 26.150 TO 41.161 OF NH- 214(NH216)(KAKINAD,MoRTH,ANDAMAN AND,8-2016,1/2017,-,350.61,-,407.92,98.00,PETROLEUM
42,N24000969,CONSTRUCTION OF 2L+PS FROM PASARLAPUDI-DHINDI (105/700 TO 127.500 OF NH-214) OF NH-216,MoRTH,ANDAMAN AND,1-2017,9/2017,-,263.45,-,208.15,85.00,PETROLEUM
43,N24001301,6-LANING OF VIJAYAWADA BYPASS FROM GOLLAPUDI (DESIGN CH. 30+000) TO CHINNAKAKANI (DESIGN CH. 47+881),NHAI,ANDAMAN AND,11-2019,1/2024,-,"1,601.10",-,"1,386.24",88.50,PETROLEUM
44,N24001386,REHABILITATION AND UPGRADATION TO 2-LANE WITH PAVED SHOULDERS CONFIGURATION OF PADERU- GONDIGUDA SECT,MoRTH,ANDAMAN AND,8-2020,3/2021,-,222.61,-,120.46,95.00,PETROLEUM
45,N24001476,CONSTRUCTION OF 4 LANE ACCESS CONTROLLED NEW GREENFIELD HIGHWAY SECTION OF NH 365BG FROM RECHARLA VI,NHAI,ANDAMAN AND,9-2021,9/2022,9/2024,517.05,-,515.30,90.14,PETROLEUM
46,N24001477,CONSTRUCTION OF 4 LANE ACCESS CONTROLLED NEW GREENFIELD HIGHWAY SECTION OF NH-365BG (KHAMMAM-DEVARAP,NHAI,ANDAMAN AND,9-2021,9/2022,9/2024,622.00,-,533.42,73.89,PETROLEUM
47,N24001817,6L OF CHILKARARUPET BYPASS FROM KM. 357.400 TO KM. 371.920 OF NH-16,NHAI,ANDAMAN AND,2-2019,3/2023,10/2024,757.45,-,607.76,99.41,PETROLEUM
48,N24001818,6L OF PONDAVAKKAM TO KANNIGAIPAIR FROM KM 96.040 TO KM 116.100 OF NH 716B (PKG- IV),NHAI,ANDAMAN AND,2-2021,1/2025,-,818.73,-,556.95,24.23,PETROLEUM
49,N24001819,6L OF VEERA KAVERI RAJA PURAM TO PONDAVAKKAM FROM KM 61.380 TO KM 96.040 OF NH 716B (PKG-III),NHAI,ANDAMAN AND,3-2021,1/2025,-,"1,102.63",-,"1,082.99",91.81,PETROLEUM
50,N24001820,6L OF VARADHARAJULA TO KUMARAJAPET FROM KM 0.000 TO KM 43.800 OF NH-716B (PKG- I),NHAI,ANDAMAN AND,2-2021,12/2024,-,"1,484.83",-,"1,493.57",87.50,PETROLEUM
51,N24001821,BANGALORE CHENNAI EXPRESSWAY (PHASE-II PKG-III) FROM KM.127.000 TO KM 156.000 (BANGARUPALEM TO GUDIP,NHAI,ANDAMAN AND,11-2020,10/2024,-,"1,137.74",-,"1,256.44",94.60,PETROLEUM
52,N24001822,BANGALORE CHENNAI EXPRESSWAY (PHASE-II PKG-I) FROM KM.71.000 TO KM 96.000 (BETHAMANGALA IN THE STATE,NHAI,ANDAMAN AND,12-2020,10/2024,-,"1,075.27",-,"1,092.90",81.50,PETROLEUM
53,N24001823,4L OF MADANAPALLE TO PILERU SECTION FROM KM 0.000 TO KM 55.900 OF NH-71(PACKAGE-I) - N/05060/01002/A,NHAI,ANDAMAN AND,1-2022,1/2025,1/2023,"1,852.12",-,774.62,86.00,PETROLEUM
54,N24001824,RENIGUNTA - POYYA - NAIDUPETA KM 124.60 TO KM 183.4 OF NH 71 - N/04027/06001/AP,NHAI,ANDAMAN AND,3-2020,1/2024,12/2024,"1,863.09",-,"1,227.61",98.76,PETROLEUM
55,N24001836,6L KANTAKAPALLE ? SABBAVARAM SECTION OF NH- 130CD ROAD FROM KM 445.100 TO KM 464.662 (PKG-4),NHAI,ANDAMAN AND,2-2021,10/2024,-,824.29,-,424.23,70.20,PETROLEUM
56,N24001837,6L JAKKUVA ? KORLAM SECTION OF NH-130CD ROAD FROM KM 396.800 TO KM 421.100 (PKG 2),NHAI,ANDAMAN AND,2-2021,3/2024,7/2024,663.60,-,380.88,98.80,PETROLEUM
57,N24001838,6L ALURU - JAKKUVA SECTION OF NH-130CD ROAD FROM KM 365.033 TO KM 396.800 (PKG. 1),NHAI,ANDAMAN AND,2-2021,3/2024,-,922.50,-,473.80,82.92,PETROLEUM
58,N24001841,6L ACCESS CONTROLLED GREENFIELD HIGHWAY FROM KODUR 0.000 KMS TO VANAVOLU 24.300 KMS OF NH 544G PACKA,NHAI,ANDAMAN AND,12-2022,9/2025,-,912.94,-,238.71,54.23,PETROLEUM
59,N24001842,6L ACCESS CONTROLLED GREENFIELD HIGHWAY FROM VANAVOLU 24.300 KM. TO VANKARAKUNTA 45.700 KM. OF NH 5,NHAI,ANDAMAN AND,12-2022,11/2025,-,750.81,-,145.15,45.65,PETROLEUM
60,N24001843,6L ACCESS CONTROLLED GREENFIELD HIGHWAY FROM VANKARAKUNTA 45.700 KM. TO ODULAPALLE 72.000 KM. OF NH,NHAI,ANDAMAN AND,12-2022,11/2025,-,992.89,-,163.14,42.06,PETROLEUM
61,N24001844,6L ACCESS CONTROLLED GREENFIELD HIGHWAY FROM ODULAPALLE 72.000 KM. TO NALLACHERUVUPALLI 96.300 KM.,NHAI,ANDAMAN AND,12-2022,10/2025,-,"1,058.90",-,249.94,42.47,PETROLEUM
62,N24001845,6L ACCESS CONTROLLED GREENFIELD HIGHWAY FROM NALLACHERUVU PALLI 96.300 KM. TO YERRAGUDIPADU 129.000,NHAI,ANDAMAN AND,2-2023,10/2025,-,"1,253.24",-,156.15,16.50,PETROLEUM
63,N24001846,6L ACCESS CONTROLLED GREENFIELD HIGHWAY FROM YERRAGUDIPADU 129.000 KM. TO AUDIREDDIPALLE 160.000 KM.,NHAI,ANDAMAN AND,2-2023,10/2025,-,"1,200.42",-,57.99,5.20,PETROLEUM
64,N24001847,6L ACCESS CONTROLLED GREENFIELD HIGHWAY FROM AUDIREDDIPALLE 160.000 KM. TO MALLAPALLE 176.000 KM. PA,NHAI,ANDAMAN AND,1-2023,11/2025,-,956.14,-,176.30,35.54,PETROLEUM
65,N24001848,6L ACCESS CONTROLLED GREENFIELD HIGHWAY FROM MALLAPALLE 176.000 KM. TO KAVULAKUNTLA 196.000 KM. PACK,NHAI,ANDAMAN AND,2-2023,10/2025,-,909.02,-,128.01,13.20,PETROLEUM
66,N24001849,4L PS MYDUKUR BADVEL FROM KM 585.820 TO KM 630.960 SECTION OF NH 67,NHAI,ANDAMAN AND,5-2022,7/2025,-,"1,063.72",-,458.56,72.29,PETROLEUM
67,N24001856,CONSTRUCTION OF 4-LANE HIGHWAY FROM SAMARLAKOTA TO ACHAMPETA JUNCTION (FROM KM. 0.000 TO KM. 12.250,NHAI,ANDAMAN AND,5-2023,8/2025,-,648.75,-,223.27,54.13,PETROLEUM
68,N24001932,2L+PS FROM KM. 0+000 TO KM. 32+000 (MUDIGUBBA TO PUTTAPARTHI) OF NH-342,MoRTH,ANDAMAN AND,3-2022,9/2024,-,401.72,-,139.07,80.00,PETROLEUM
69,N24001934,NH440 RAYACHOTY TOVEMPALLI 2LPS,MoRTH,ANDAMAN AND,12-2021,5/2024,-,439.82,-,119.72,27.00,PETROLEUM
70,N24001935,4 LANE WITH PAVED SHOULDER FROM KM 0.000 TO KM 51.119 OF TADIPATRI TO MUDDANUR OF NH67,MoRTH,ANDAMAN AND,3-2022,8/2025,-,724.17,-,229.73,97.00,PETROLEUM
71,N24001939,NH165 FROM KM 0.000 TO KM 64.020 PAMARRU TO AKIVEEDU SECTION TO TWO LANE WITH PAVED SHOULDERS,MoRTH,ANDAMAN AND,3-2020,9/2023,-,529.24,-,224.81,52.00,PETROLEUM
72,N24001942,2LPS FROM KM36.400 TO KM. 107.224 OF NH167BG FROM DUTTALUR TO KAVALI SECTION,MoRTH,ANDAMAN AND,3-2021,7/2024,-,423.67,-,145.72,61.00,PETROLEUM
73,N24001951,NH167AD FROM MACHERLA TO DACHEPALLI FROM KM.0.000 TO 43.659 TO 2LPS,MoRTH,ANDAMAN AND,1-2022,1/2025,-,403.22,-,201.69,97.00,PETROLEUM
74,N24001952,NH 167 B KADAPA NELLORE BORDER TO CSPURAM I.E. FROM KM 58.635 TO KM 99.409,MoRTH,ANDAMAN AND,3-2022,8/2025,-,285.50,-,204.29,95.00,PETROLEUM
75,N24001953,NH-30-BHADRACHALAM TO KONTA SECTION 2LPS,MoRTH,ANDAMAN AND,12-2021,9/2024,-,388.71,-,159.29,80.00,PETROLEUM
76,N24001954,WIDENING TO 2LPS OF RAMPACHODAVARAM - KOYYURU SECTION OF NH516E FROM KM.43.700 TO KM 113.820,MoRTH,ANDAMAN AND,3-2022,1/2025,-,568.12,-,215.09,91.50,PETROLEUM
77,N24001955,GUDIWADA TOWN 2 LANE ROB AND ROAD IMPROVEMENT OF NH165 IN REPLACEMENT OF LC NO 3ESPL3 AT KM 231.700,MoRTH,ANDAMAN AND,3-2022,5/2025,-,317.22,-,84.57,80.00,PETROLEUM
78,N24001956,2LPS FROM GONDIGUDA TO ARAKU BHALLAGUDA KM 27.480 TO KM 51.772 SECTION OF NH 516E,MoRTH,ANDAMAN AND,8-2020,9/2023,-,296.66,-,190.30,87.00,PETROLEUM
79,N24001957,2LPS OF KOYYURU TO CHAPRATHIPALEM SECTION OF NH 516E,MoRTH,ANDAMAN AND,8-2020,7/2024,-,349.29,-,114.53,76.00,PETROLEUM
80,N24001958,2LPS OF CHAPRATHIPALEM TO LAMBASINGI SECTION OF NH 516E,MoRTH,ANDAMAN AND,8-2020,10/2024,-,311.22,-,85.45,72.00,PETROLEUM
81,N24001959,4 LANE FROM KM 56.400 TO KM 120.300 FROM B.KOTHAPALLI JUNCTION TO GORANTLA OF NH 716G,MoRTH,ANDAMAN AND,3-2022,9/2025,-,839.98,-,146.12,67.00,PETROLEUM
82,N24001979,4L GREENFIELD ROAD CONNECTING NORTH AND SOUTH INDUSTRIAL CLUSTER OF KHANDALERU CREEK NEAR KRISHNAPAT,NHAI,ANDAMAN AND,8-2022,9/2025,-,609.43,-,25.24,48.80,PETROLEUM
83,N24001980,4 LANING OF NH 544D FROM EXISTING KM 346.300 OF NH 44 (DESIGN CHAINAGE KM 0.000) TO KM 39.380 (DESIG,NHAI,ANDAMAN AND,10-2022,7/2025,-,907.76,-,387.99,81.07,PETROLEUM
84,N24001981,CONSTRUCTION OF SIX LANING OF NAIDUPETA JUNCTION - TURPUKANUPUR SECTION FROM KM.57+046 TO KM.91+927,NHAI,ANDAMAN AND,7-2022,10/2025,-,"1,398.84",-,58.68,13.52,PETROLEUM
85,N24001982,4L PS FROM KURNOOL (EXISTING KM. 5.400 OF NH- 40/DESIGN KM.0.000) TO MANDLEM (EXISTING KM.38.000/DESI,NHAI,ANDAMAN AND,3-2023,10/2025,-,827.39,-,332.64,99.15,PETROLEUM
86,N24001983,4 LANING FROM EXISTING KM 39.380 (DESIGN CH. 37.000) TO KM 74.450 (DESIGN CH. 69.000) OF MUCHUKOTA ?,NHAI,ANDAMAN AND,10-2022,8/2025,-,972.63,-,309.39,50.90,PETROLEUM
87,N24001984,4L PS FROM MANDLEM (EXISTING KM. 38.000/DESIGN KM.30.600) TO ATMAKUR (EXISTING KM.73.000/DESIGN KM 6,NHAI,ANDAMAN AND,3-2023,10/2025,-,887.28,-,263.47,78.50,PETROLEUM
88,N24001985,BANGALORE CHENNAI EXPRESSWAY (PHASE-II PKG-II) FROM KM.96.000 TO KM 127.000 (BAIREDDYPALLE TO BANGAR,NHAI,ANDAMAN AND,3-2021,6/2025,-,"1,942.94","2,171.00","1,569.61",60.50,PETROLEUM
89,N24001986,4L OF PILERU TO KALUR SECTION FROM KM 55.900 TO KM 92.800 AND KM 94.500 TO KM 95.717,NHAI,ANDAMAN AND,10-2023,4/2025,-,"1,047.32",-,301.20,82.50,PETROLEUM
90,N24001987,"CONSTRUCTION OF 1 NOS ROB, 2 NOS VUPS, SERVICE ROADS, PROVISION OF LIGHTING AND CONSTRUCTION OF OTHE",NHAI,ANDAMAN AND,6-2023,12/2024,-,152.05,-,133.08,76.62,PETROLEUM
91,N24001988,6L OF CHITTOOR TO THATCHUR FROM KUMARAJAPET TO VEERA KAVERI RAJA PURAM FROM KM 43.800 TO KM 61.380 O,NHAI,ANDAMAN AND,2-2021,10/2025,-,591.99,703.00,496.65,60.16,PETROLEUM
92,N24002033,CONSTRUCTION OF 4 LANE ACCESS CONTROLLED HIGHWAY FROM CHILLAKURU CROSS ROAD TO TURPUKANUPUR KM 0+000,NHAI,ANDAMAN AND,7-2022,12/2025,-,909.47,-,97.03,26.90,PETROLEUM
93,N24002103,COMPLETION OF BALANCE WORKS PENDING IN BIT AND PIECES (INCOMPLETE STRETCH AT 7 LOCATIONS) AND LISTED,NHAI,ANDAMAN AND,9-2022,1/2025,-,166.52,-,52.79,93.00,PETROLEUM
94,N24002122,6L ACCESS CONTROLLED GREENFIELD HIGHWAY FROM NARAYANMPET (CH. 203+500) TO CHANDRASEKHARPURAM (CH. 22,NHAI,ANDAMAN AND,2-2024,2/2026,-,813.66,-,91.47,21.19,PETROLEUM
95,N24002123,6L ACCESS CONTROLLED GREENFIELD HIGHWAY FROM CHANDRASEKHARAPURAM (CH. 228+000) TO POLAVARAM (CH. 260,NHAI,ANDAMAN AND,2-2024,2/2026,-,"1,292.65",-,135.06,13.10,PETROLEUM
96,N24002124,6L ACCESS CONTROLLED GREENFIELD HIGHWAY FROM POLAVARAM (CH. 260+000) TO MARRIPUDI (CH. 285+500) OF [,NHAI,ANDAMAN AND,2-2024,2/2026,-,747.29,-,118.30,28.10,PETROLEUM
97,N24002125,6L ACCESS CONTROLLED GREENFIELD HIGHWAY FROM MARRIPUDI (CH. 285+500) TO SOMAVARAPPADU (CH. 314+600),NHAI,ANDAMAN AND,2-2024,2/2026,-,976.40,-,197.02,37.90,PETROLEUM
98,N24002126,6L ACCESS CONTROLLED GREENFIELD HIGHWAY FROM SOMAVARAPPADU (CH.314.600) TO MUPPAVARAM (CH.343+240) O,NHAI,ANDAMAN AND,2-2024,2/2026,-,"1,103.89",-,133.52,12.04,PETROLEUM
99,N24002139,4-LANE WITH PAVED SHOULDERS FROM KM 32/0 TO KM 79/650 (DESIGN CHAINAGE KM 32+000 TO KM 78+760) PUTTA,MoRTH,ANDAMAN AND,3-2023,12/2025,-,"1,318.57",-,201.00,56.00,PETROLEUM
100,N24002140,SOMAYAJULAPALLI ? DHONE SECTION OF NH ? 340B FROM KM.0/0 TO 56/200 [DESIGN CH. KM 0/00 TO KM 53/33],MoRTH,ANDAMAN AND,4-2023,12/2025,-,629.73,-,103.00,62.00,PETROLEUM
101,N24002142,2-LANE WITH PAVED SHOULDER CONFIGURATION OF LAMBASINGI TO PADERU SECTION (KM 205+000 TO KM 253+974),MoRTH,ANDAMAN AND,8-2023,11/2025,-,361.24,-,7.00,26.00,PETROLEUM
102,N24002143,BYPASS ROAD TO ADONI TOWN CONNECTING NH-167 (HAGARI - JADCHARLA ROAD) FROM KM.62/700 TO 71/400 IN KU,MoRTH,ANDAMAN AND,8-2023,2/2026,-,361.24,-,109.65,56.00,PETROLEUM
103,N24002144,VODAREVU-CHILAKALURIPET SECTION (DESIGN CHAINAGE 0+00 TO 47+000) OF NH-167A (PACKAGE-I),MoRTH,ANDAMAN AND,8-2023,2/2026,-,"1,064.24",-,80.00,60.00,PETROLEUM
104,N24002145,TADIPATRI BYPASS (KM 0+000 TO KM 6+285) OF 4-LANE ON NH- 67 IN ANANTAPURAMU,MoRTH,ANDAMAN AND,11-2023,3/2026,-,159.66,-,11.95,63.50,PETROLEUM
105,N24002146,KURNOOL/KADAPA BORDER- JAMMALAMADUGU SECTION OF NH-167K I.E. DESIGN CH. KM 248+010 TO KM 269+900,MoRTH,ANDAMAN AND,11-2023,11/2025,-,292.63,-,61.36,20.00,PETROLEUM
106,N24002147,DORNALA TO KUNTA JUNCTION FROM DESIGN CHAINAGE KM 244+000 TO 267+990 SECTION OF NH-765 (PACKAGE-2),MoRTH,ANDAMAN AND,12-2022,1/2024,-,244.83,-,104.32,74.00,PETROLEUM
107,N24002148,PADERU BYPASS (KM 0+000 TO KM 13+000) OF 2- LANE WITH PAVED SHOULDER ON NH-516E,MoRTH,ANDAMAN AND,3-2023,3/2024,-,244.43,-,22.77,-,PETROLEUM
108,N24002149,DAVUALAPALLY TO MALLAPALEM SECTION {DESIGN CH. KM 133+922 TO KM 154+216 (EXISTING CH. KM 133+922 TO,MoRTH,ANDAMAN AND,1-2024,2/2024,-,393.61,-,40.00,24.00,PETROLEUM
109,N24002215,DEVELOPMENT OF SIX LANE ACCESS CONTROLLED GREEN FIELD HIGHWAY FROM KAVULAKUNTLA (KM.196+000) TO NARA,NHAI,ANDAMAN AND,2-2023,2/2027,-,"1,092.18",-,0.14,-,PETROLEUM
110,N24002217,ACCESS CONTROLLED HIGHWAY OF 4 LANE WITH PAVED SHOULDERS FROM TN/AP BORDER (DESIGN CHAINAGE KM 61+51,NHAI,ANDAMAN AND,12-2024,12/2026,-,"1,346.82",-,0.00,5.64,PETROLEUM
111,N30000002,POLAVARAM IRRIGATION PROJECT,PPA,ANDAMAN AND,2-2009,3/2020,3/2027,"10,151.04",-,"23,775.68",75.68,"WATER
RESOURCES"
112,N04000092,CONSTRUCTION OF NEW GREEN FIELD AIRPORT AT HOLLONGI ITANAGAR ARUNACHAL PRADESH,AAI,ANDAMAN AND,2-2019,8/2022,5/2025,645.63,-,690.39,99.50,CIVIL AVIATION
113,180100221,SUBANSIRI LOWER H.E.P (8X250 MW) (NHPC),NHPC,ANDAMAN AND,9-2003,9/2010,-,"6,285.33",-,"24,022.52",96.20,CIVIL AVIATION
114,N18000362,DIBANG MULTIPURPOSE PROJECT 2880 MW ARUNACHAL PRADESH,NHPC,ANDAMAN AND,2-2023,2/2032,-,"31,876.39",-,"3,222.41",14.70,CIVIL AVIATION
115,N24000683,TWO LANING OF JORAM KOLORIANG ROAD (NH 713) ON EPC BASIS FROM DESIGN KM. 138+000 TO KM. 154+036 [EX,NHIDCL,ANDAMAN AND,2-2017,11/2023,3/2024,180.57,244.10,160.46,96.62,CIVIL AVIATION
116,N24000946,CONSTRUCTION OF 2-LANE ROAD WITH PAVED SHOULDERS FROM KM16.00 OF ROING-HUNLI SECTION TO KM 21.500 OF,NHIDCL,ANDAMAN AND,3-2017,3/2022,6/2025,"1,718.59","1,718.59",728.21,73.20,CIVIL AVIATION
117,N24000979,TWO-LANING OF HAYULIANG? HAWAI BYPASS ROAD ON EPC BASIS FROM DESIGN KM. 51.825 TO KM. 63.131 EXISTI,NHIDCL,ANDAMAN AND,1-2017,5/2023,5/2023,256.66,-,0.00,63.59,CIVIL AVIATION
118,N24001244,CONSTRUCTION OF 2-LANING WITH HARD SHOULDERS OF ARROWA-KHUPA-HAYULIANG SECTION OF NH-113 FROM CH.68.,NHIDCL,ANDAMAN AND,8-2020,4/2022,2/2025,301.06,-,191.34,81.06,CIVIL AVIATION
119,N24001297,CONSTRUCTION OF 2 LANE ROAD OF POTIN TO PANGIN SECTION OF NH 13 FROM KM 163.59 TO KM 206.66 (PACKAGE,MoRTH,ANDAMAN AND,3-2019,3/2027,-,450.65,-,389.68,95.28,CIVIL AVIATION
120,N24001375,4 LANING OF ITANAGAR TO BANDARDEWA SECTION OF NH- 415 FROM KM 40+430 TO KM 51+735 (PACKAGE B) ON EPC,MoRTH,ANDAMAN AND,6-2020,3/2027,-,496.47,-,179.53,41.94,CIVIL AVIATION
121,N24001390,JORAM ? KOLORIANG ROAD FROM EXISTING KM 50.050 TO KM 70.00 (PKG-3),NHIDCL,ANDAMAN AND,8-2020,4/2022,8/2024,228.71,-,98.86,99.52,CIVIL AVIATION
122,N24001391,JORAM ? KOLORIANG ROAD FROM EXISTING KM 70.00 TO KM 88.700 (PKG-4),NHIDCL,ANDAMAN AND,8-2020,4/2022,2/2024,294.04,-,147.13,100.00,CIVIL AVIATION
123,N24001393,JORAM ? KOLORIANG ROAD FROM EXISTING KM122.600 TO KM138.00 (PKG-7),NHIDCL,ANDAMAN AND,8-2020,4/2022,2/2024,184.88,-,99.32,97.42,CIVIL AVIATION
124,N24002222,HUNLI TO HAYULIANG PKG-1,NHIDCL,ANDAMAN AND,2-2024,2/2028,-,"1,262.43",-,0.00,0.75,CIVIL AVIATION
125,N24002223,HUNLI TO ITHUN BRIDGE SECTION,NHIDCL,ANDAMAN AND,2-2024,1/2027,-,275.50,-,0.00,1.20,CIVIL AVIATION
126,N24002224,PANGO TO JORGING ROAD PKG- 1,NHIDCL,ANDAMAN AND,1-2024,7/2027,-,898.19,-,7.08,1.97,CIVIL AVIATION
127,N04000083,CONSTRUCTION OF NEW INTEGRATED TERMINAL BUILDING AT LGBI AIRPORT GUWAHATI,AAI,ANDAMAN AND,12-2016,3/2021,8/2025,"1,142.00",-,"1,850.93",86.95,CIVIL AVIATION
128,N06000290,TIKAK EXTENSION OCP - 0.2 MTY,CIL,ANDAMAN AND,7-2022,11/2030,-,159.77,-,81.45,-,COAL
129,N06000291,TIRAP OCP,CIL,ANDAMAN AND,11-2022,11/2027,-,289.46,-,105.59,-,COAL
130,N21000027,"ALL INDIA INSTITUTE OF MEDICAL SCIENCE AT GUWAHATI, ASSAM",HITES,ANDAMAN AND,5-2017,5/2021,4/2023,875.00,873.92,787.90,99.40,"HEALTH AND
FAMILY
WELFARE"
131,N16000331,DEVELOPMENT OF SURFACE FACILITIES FOR PRODUCTION AND EVACUATION OF CRUDE OIL AND NATURAL GAS FROM NA,OIL,ANDAMAN AND,1-2018,2/2020,12/2024,543.91,726.93,491.56,93.89,"HEALTH AND
FAMILY
WELFARE"
132,N16000379,NUMALIGARH REFINERY EXPANSION PROJECT 6 MMTPA REFINARY,NRL,ANDAMAN AND,1-2019,10/2024,-,"12,366.00",-,"15,412.49",73.06,"HEALTH AND
FAMILY
WELFARE"
133,N16000394,NUMALIGARH REFINERY EXPANSION PROJECT COIT AND PIPELINES,NRL,ANDAMAN AND,1-2019,10/2024,-,"10,228.00",-,"9,247.50",84.53,"HEALTH AND
FAMILY
WELFARE"
134,N16000414,EXPANSION OF GUWAHATI REFINERY FROM 1 TO 1.2 MMTPA ALONG WITH INSTALLATION OF CATALYTIC REFORMING UN,IOCL,ANDAMAN AND,5-2021,10/2023,5/2026,412.00,595.20,399.81,82.50,"HEALTH AND
FAMILY
WELFARE"
135,N16000441,"REVAMPING OF FACILITIES AT EXISTING GUWAHATI TERMINAL, ASSAM",IOCL,ANDAMAN AND,3-2022,7/2026,9/2026,277.00,-,175.69,66.02,"HEALTH AND
FAMILY
WELFARE"
136,N16000449,UPGRADATION OF FACILITIES OF NUMALIGARH-SILIGURI PRODUCT PIPELINE (NSPL) FOR TRANSPORTATION OF ADDIT,OIL,ANDAMAN AND,6-2021,12/2024,4/2025,860.00,-,535.46,96.00,"HEALTH AND
FAMILY
WELFARE"
137,N16000450,"PROJECT TO CONSTRUCT A FIELD GAS GATHERING STATION AT BAGHJAN AREA FOR COLLECTION,PROCESSING",OIL,ANDAMAN AND,12-2020,7/2024,3/2024,430.76,-,308.90,83.56,"HEALTH AND
FAMILY
WELFARE"
138,N16000457,CAPACITY EXPANSION OF DIGBOI REFINERY FROM 0.65 TO 1.0 MMTPA,IOCL,ANDAMAN AND,6-2022,10/2025,-,768.00,-,80.34,31.40,"HEALTH AND
FAMILY
WELFARE"
139,N16000484,"CONSTRUCTION OF LPG FACILITIES AT KAMARDANGA, ASSAM",HPCL,ANDAMAN AND,3-2023,7/2027,7/2027,156.36,156.36,38.92,28.50,"HEALTH AND
FAMILY
WELFARE"
140,N16000494,"SETTING UP OF NEW RAIL FED POL FACILITY AT KAMARDANGA, ASSAM",HPCL,ANDAMAN AND,3-2023,7/2027,7/2027,384.04,-,87.82,30.70,"HEALTH AND
FAMILY
WELFARE"
141,N16000510,POWER RECOVERY TURBINE IN PFCCU,NRL,ANDAMAN AND,3-2023,7/2025,-,293.50,-,97.22,90.00,"HEALTH AND
FAMILY
WELFARE"
142,N16000511,DCU REVAMP PROJECT,NRL,ANDAMAN AND,8-2021,3/2025,-,370.00,-,250.17,55.20,"HEALTH AND
FAMILY
WELFARE"
143,N16000528,PIPELINE NETWORK PROJECT RUDRASAGAR,ONGC,ANDAMAN AND,1-2023,4/2026,-,344.99,-,169.95,44.10,"HEALTH AND
FAMILY
WELFARE"
144,N16000532,BORHOLLA GGS LIFE EXTENSION PROJECT,ONGC,ANDAMAN AND,9-2023,5/2026,-,198.70,-,99.52,20.10,"HEALTH AND
FAMILY
WELFARE"
145,N22000388,BONGAIGAON-GOALPARA- GUWAHATI (176 KM),NFR,ANDAMAN AND,4-2015,3/2026,-,"4,059.65",-,"3,626.20",92.31,RAILWAYS
146,N24000319,4 LANING OF JORHAT TO JHANJI SECTION FROM KM. 453.00 TO KM. 491.08 (DESIGN KM 403.200 TO KM 454.240),NHIDCL,ANDAMAN AND,6-2015,8/2023,-,437.39,-,547.95,96.13,RAILWAYS
147,N24000320,FOUR LANING OF JHANJHI JN TO DEMOW SECTION FROM KM. 491.050 TO KM. 535.250(DESIGN KM 490.800 TO KM 5,NHIDCL,ANDAMAN AND,6-2015,3/2024,-,463.49,-,490.44,75.52,RAILWAYS
148,N24000431,4 LANING FROM JAMUGURI TO BISWANATH CHARIALI FROM KM 182 TO KM 208 OF NH-52,NHIDCL,ANDAMAN AND,1-1991,6/2019,6/2019,520.01,-,305.76,97.70,RAILWAYS
149,N24000438,4 LANING FROM RANGAGARA TO KALIABHOR TINALI FROM KM 297.00 TO KM 315.315 OF NH-37 ON EPC BASIS.,NHIDCL,ANDAMAN AND,12-2015,12/2018,7/2021,289.99,-,233.23,88.03,RAILWAYS
150,N24000582,4 LANING OF NH-37 SECTION BETWEEN DEMOW TO END OF MORAN BYPASS (FROM KM. 534.800 TO KM. 561.700) O,NHIDCL,ANDAMAN AND,1-2016,1/2016,-,294.17,-,381.37,97.63,RAILWAYS
151,N24000583,4 LANING OF NH 37 SECTION BETWEEN END OF MORAN BYPASS TO BOGIBEEL JUNCTION NEAR LAPETKETA (KM. 561,NHIDCL,ANDAMAN AND,1-2016,12/2021,-,252.00,-,219.65,87.19,RAILWAYS
152,N24001246,4-LANING OF HAPACHARA - TULUNGIA SECTION,NHIDCL,ANDAMAN AND,3-2020,12/2022,-,220.20,-,217.06,97.76,RAILWAYS
153,N24001269,2-LANING OF CHURACHANDPUR TUIVAI SECTION OF NH-102B (PKG- IB),NHIDCL,ANDAMAN AND,3-2020,3/2022,1/2025,216.49,241.52,111.59,82.79,RAILWAYS
154,N24001326,4-L DHUBRI PHULBARI BRIDGE WITH APPROACH ROAD,NHIDCL,ANDAMAN AND,11-2020,9/2028,-,"4,997.04",-,"2,382.39",60.80,RAILWAYS
155,N24001331,2-LANING FROM YAINGANGPOKPI TO FINCH CORNER (PKG-I),NHIDCL,ANDAMAN AND,3-2020,6/2022,5/2025,261.13,-,68.75,57.42,RAILWAYS
156,N24001332,2-LANING FROM YAINGANGPOKPI TO FINCH CORNER (PKG-II),NHIDCL,ANDAMAN AND,3-2020,6/2022,4/2025,217.50,-,88.99,68.03,RAILWAYS
157,N24001366,DABOKA KATHKATI PACKAGE-5,NHIDCL,ANDAMAN AND,3-2021,1/2023,-,288.85,-,247.76,100.00,RAILWAYS
158,N24001368,TULUNGIA-JOGIGHOPA-PAIKAN ROAD PKG-7,NHIDCL,ANDAMAN AND,3-2021,1/2024,-,286.72,-,147.96,75.89,RAILWAYS
159,N24001408,CONSTRUCTION OF 2-LANE MAJOR BRIDGE INCLUDING APPROACHESOVER BRAHMAPUTRA BETWEEN MAJULI ON NORTH BAN,MoRTH,ANDAMAN AND,2-2021,7/2025,-,925.47,"1,019.17",192.50,30.65,RAILWAYS
160,N24001434,JOGIGHOPA BRIDGE,NHIDCL,ANDAMAN AND,8-2021,11/2024,-,746.76,-,328.49,65.84,RAILWAYS
161,N24001450,DABOKA KATHKATI PACKAGE-6,NHIDCL,ANDAMAN AND,9-2021,7/2024,-,625.64,-,550.60,100.00,RAILWAYS
162,N24001537,DABOKA KATHKATI PACKAGE-7,NHIDCL,ANDAMAN AND,11-2021,7/2024,-,204.10,-,142.31,95.01,RAILWAYS
163,N24001544,FOUR LANING OF SRIRAMPUR- DHUBRI PKG-2,NHIDCL,ANDAMAN AND,3-2022,1/2025,-,909.02,-,509.89,97.63,RAILWAYS
164,N24001545,"6L STANDALONE FLYOVERS AT RAHA, DEMOW, BORGHAT, KATHIATALI JUNCTIONS AND ROB AT JAGIROAD ON STRETCHE",NHAI,ANDAMAN AND,8-2022,12/2022,9/2024,175.00,-,200.80,100.00,RAILWAYS
165,N24001547,BALANCE WORK OF 4L OF NARIMBANGLO?JATINGA JUNCTION- HARANGAJO ROAD SECTION FROM KM 0.000 TO KM 49.23,NHAI,ANDAMAN AND,3-2022,1/2026,-,"1,909.98",-,567.75,76.40,RAILWAYS
166,N24001548,"6L STANDALONE FLYOVERS AT BONGAIGAON, CHAPAGURI, PATHSALA, SIMLAGURI CHOWK AND BAIHATA BYPASS JUNCTI",NHAI,ANDAMAN AND,3-2022,6/2024,-,457.72,-,365.99,100.00,RAILWAYS
167,N24001831,SRIRAMPUR - DHUBRI PKG-1,NHIDCL,ANDAMAN AND,3-2022,2/2025,-,613.89,-,110.75,35.63,RAILWAYS
168,N24001832,DIBRUGARH-LAHOAL-CHABUA BYPASS PACKAGE-3,NHIDCL,ANDAMAN AND,1-2023,5/2025,-,458.59,-,196.51,61.42,RAILWAYS
169,N24001840,CONSTRUCTION OF MANGALDOI BYPASS (NH-15) STARTING AT CH 26+400 AND TERMINATING AT CH 41+505 UNDER RA,MoRTH,ANDAMAN AND,3-2022,4/2025,-,535.03,-,102.23,31.23,RAILWAYS
170,N24001969,WIDENING AND UPGRADATION TO TWO LANES WITH PAVED SHOULDERS ROAD FROM TAMENGLONG TO MAHUR (NH- 137) I,NHIDCL,ANDAMAN AND,3-2023,8/2025,-,904.04,-,391.08,62.21,RAILWAYS
171,N24001970,WIDENING AND UPGRADATION TO TWO LANES WITH PAVED SHOULDERS ROAD FROM TAMENGLONG TO MAHUR (NH- 137) IN,NHIDCL,ANDAMAN AND,3-2023,8/2025,-,860.37,-,365.69,62.61,RAILWAYS
172,N24001971,WIDENING AND UPGRADATION TO TWO LANES WITH PAVED SHOULDERS ROAD FROM TAMENGLONG TO MAHUR (NH- 137) IN,NHIDCL,ANDAMAN AND,3-2023,8/2025,-,890.33,-,417.14,60.47,RAILWAYS
173,N24001972,WIDENING/IMPROVEMENT TO 4- LANE WITH PAVED SHOULDER FROM KM 0+800 (KANDULIJAN GAON) TO KM 27+701 (SI,NHIDCL,ANDAMAN AND,3-2023,4/2026,-,609.16,-,293.45,91.18,RAILWAYS
174,N24001973,WIDENING/IMPROVEMENT TO 4- LANE WITH PAVED SHOULDER FROM KM 27+701 (SIMEN CHAPORI) TO KM 55+000 (NAG,NHIDCL,ANDAMAN AND,3-2023,2/2026,-,562.05,-,276.61,92.13,RAILWAYS
175,N24002021,BILASIPURA-GUWAHATI ROAD PKG-8,NHIDCL,ANDAMAN AND,3-2023,12/2026,-,"1,457.59",-,522.78,44.90,RAILWAYS
176,N24002022,BILASIPURA-GUWAHATI ROAD PKG-9,NHIDCL,ANDAMAN AND,3-2023,6/2026,-,"1,000.27",-,303.94,24.50,RAILWAYS
177,N24002023,BILASIPURA-GUWAHATI ROAD PKG-10,NHIDCL,ANDAMAN AND,3-2023,6/2026,-,"1,264.90",-,422.31,24.26,RAILWAYS
178,N24002024,DABOKA BYPASS OF DABOKA - PAROKHAOWA PKG -1,NHIDCL,ANDAMAN AND,1-2023,11/2025,-,516.88,-,236.11,72.87,RAILWAYS
179,N24002025,2 LANE WITH PAVED SHOULDER FROM KM 16+900 (BOGAPANI) TO KM 27+150 (GOLAI GAON) ON EXISTING DIBRUGARH,NHIDCL,ANDAMAN AND,1-2023,12/2025,-,356.65,-,129.18,14.06,RAILWAYS
180,N24002026,2 LANE WITH PAVED SHOULDER FROM KM 27+150 (GOLAI GAON) TO KM 47+682 (LEDO) ON EXISTING DIBRUGARH TO,NHIDCL,ANDAMAN AND,3-2023,12/2025,-,643.42,-,69.47,8.89,RAILWAYS
181,N24002030,DEVELOPMENT OF EXTERNAL TRUNK CONNECTIVITY AND INTERNAL INFRASTRUCTURE WORKS AT MULTI MODEL LOGISTIC,NHIDCL,ANDAMAN AND,2-2020,3/2022,-,592.06,-,308.87,100.00,RAILWAYS
182,N24002127,SILCHAR VAIRENGTE SAIRANG ROAD PKG-1,NHIDCL,ANDAMAN AND,2-2023,7/2026,-,"1,256.90",-,520.82,36.05,RAILWAYS
183,N24002128,SILCHAR VAIRENGTE SAIRANG ROAD PKG-2,NHIDCL,ANDAMAN AND,3-2023,8/2026,-,"1,716.21",-,983.58,63.52,RAILWAYS
184,N24002129,FOUR LANNING OF BADARPUR BYPASS FROM DESIGN CHAINAGE KM 27+300 AT CROSSING WITH NH-6,NHIDCL,ANDAMAN AND,2-2023,8/2026,-,574.26,-,283.15,51.88,RAILWAYS
185,N24002130,TAMENGLONG- MAHUR ROAD PKG-7,NHIDCL,ANDAMAN AND,12-2023,3/2026,-,846.82,-,380.59,61.10,RAILWAYS
186,N24002154,CONSTRUCTION OF 4-LANE PANCHGRAM BYPASS FROM DESIGN CHAINAGE KM 15+500 ON NH-37 (OLD NH-53) AT KALIN,NHIDCL,ANDAMAN AND,3-2023,2/2027,-,728.97,-,279.86,41.57,RAILWAYS
187,N24002155,WIDENING/IMPROVEMENT TO 4- LANE WITH PAVED SHOULDER FROM KM 55+000 (NAGABANG GAMSUK) TO KM 82+514 (OY,NHIDCL,ANDAMAN AND,3-2023,3/2027,-,665.47,-,153.60,36.55,RAILWAYS
188,N24002225,BILASIPURA- GUWAHATI ROAD PKG-1,NHIDCL,ANDAMAN AND,2-2024,8/2027,-,"1,081.15",-,0.00,1.16,RAILWAYS
189,N24002226,SILCHAR-JIRIBAM PKG-1,NHIDCL,ANDAMAN AND,1-2024,1/2028,-,957.95,-,0.00,-,RAILWAYS
190,N24002229,BILASIPURA- GUWAHATI ROAD PKG-2,NHIDCL,ANDAMAN AND,11-2023,6/2027,-,"1,338.61",-,0.50,-,RAILWAYS
191,N24002230,BADARPUR ? CHURAIBARI PKG- 6,NHIDCL,ANDAMAN AND,3-2024,3/2027,-,870.00,-,0.00,-,RAILWAYS
192,N24002231,KARIMGANI - SUTARKANDI SECTION ON SILCHAR- CHURAIBARI PKG-7,NHIDCL,ANDAMAN AND,2-2024,2/2027,-,791.79,-,0.00,-,RAILWAYS
193,N04000082,"CONSTRUCTION OF NEW DORNESTIC TERMINAL BUILDING AND OTHER STRUCTURES, PHASE I AND II",AAI,ANDAMAN AND,5-2018,10/2022,6/2025,"1,216.90",-,987.35,89.06,CIVIL AVIATION
194,N04000112,"DARBHANGA:DEVELOPMENT OF NEW CIVIL ENCLAVE AT DARBHANGA, BIHAR. SH- CONSTRUCTION OF NEW TERMINAL BUI",AAI,ANDAMAN AND,7-2024,7/2026,-,911.66,-,112.84,15.00,CIVIL AVIATION
195,N28000100,CONSTRUCTION OF ACADEMIC AND RESIDENTIAL COMPLEX UNDER PHASE-II FOR THE CAMPUS OF IIT PATNA,CPWD EDUCATION,ANDAMAN AND,2-2016,6/2017,-,496.18,496.00,390.15,100.00,"DEPARTMENT
OF HIGHER
EDUCATION"
196,N42000009,PERMANENT CAMPUS FOR IIM BODH GAYA,CPWD EDUCATION,ANDAMAN AND,9-2018,9/2020,-,375.00,-,342.18,99.50,"DEPARTMENT
OF HIGHER
EDUCATION"
197,N16000386,BARAUNI REFINERY CAPACITY EXPANSION FROM 6.0 TO 9.0 MMTPA,IOCL,ANDAMAN AND,1-2020,4/2023,8/2026,"14,810.00","18,113.00","10,668.28",85.10,"DEPARTMENT
OF HIGHER
EDUCATION"
198,N16000423,"CGD PROJECT AT KHAGARIA, SAHARSA AND MADHEPURA",IOCL,ANDAMAN AND,6-2019,12/2029,3/2030,163.00,-,96.78,40.10,"DEPARTMENT
OF HIGHER
EDUCATION"
199,N16000453,INSTALLATION OF BITUMEN MANUFACTURING UNIT ALONG WITH ALLIED FACILITIES AT BARAUNI,IOCL,ANDAMAN AND,1-2022,4/2025,-,389.00,-,37.55,30.90,"DEPARTMENT
OF HIGHER
EDUCATION"
200,N16000523,CITY GAS DISTRIBUTION PROJECTS AT GOPALGANJ SIWAN WEST CHAMPARAN EAST CHAMPARAN AND DEORIA DISTRICTS,BPCL,ANDAMAN AND,12-2022,6/2030,-,"3,919.00",-,376.96,13.00,"DEPARTMENT
OF HIGHER
EDUCATION"
201,N16000524,"CITY GAS DISTRIBUTION PROJECTS AT DARBHANGA, MADHUBANI, SUPAUL, SITAMARHI AND SHEOHAR DISTRICTS",BPCL,ANDAMAN AND,12-2022,3/2030,-,"3,638.00",-,376.61,19.00,"DEPARTMENT
OF HIGHER
EDUCATION"
202,180100242,BARH STPP(3X660MW) NTPC,NTPC,ANDAMAN AND,2-2005,10/2011,7/2023,"8,692.97","21,312.11","22,290.14",95.00,POWER
203,N18000194,BUXAR THERMAL POWER PLANT (1320 MW),SJVN,ANDAMAN AND,3-2019,1/2024,-,"10,439.09",-,"11,451.47",89.95,POWER
204,220100257,KHAGARIA-KUSHESHWAR ASTHAN (NL) (ECR),ECR,ANDAMAN AND,4-1997,12/2024,-,614.45,614.45,474.57,52.00,POWER
205,220100303,"HAJIPUR-SUGAULI VIA VAISHALI (NL), ECR",ECR,ANDAMAN AND,4-2003,12/2014,-,"2,066.78","2,087.36","2,294.71",73.00,POWER
206,N22000087,"NEW B.G. LINE FROM ARARIA TO GALGALIA (THAKURGUNG), NEFR",NFR,ANDAMAN AND,9-2006,12/2024,-,"2,650.00","2,132.03","3,787.25",90.00,POWER
207,N22000171,SAKRI-HASANPUR ROAD (NL),ECR,ANDAMAN AND,4-1999,(N.A.),-,325.00,735.20,602.01,78.00,POWER
208,N22000177,ARARIA-SUPAUL (NL),ECR,ANDAMAN AND,4-2008,3/2024,-,"1,605.17","1,605.17","1,654.14",65.00,POWER
209,N22000181,JAYNAGAR-BIJALPURA INCLUDING EXTENSION BIJALPURA-BARDIBAS(NEPAL) GC,ECR,ANDAMAN AND,4-2009,3/2022,-,819.00,548.00,544.31,75.00,POWER
210,N22000329,SAMASTIPUR-DARBANGHA,ECR,ANDAMAN AND,5-2015,3/2025,-,519.33,519.33,626.71,80.00,POWER
211,N22000349,KIUL - GAYA DOUBLING PROJECT,ECR,ANDAMAN AND,12-2015,9/2024,-,"2,462.11","1,200.20","1,833.59",99.00,POWER
212,N22000350,RAMPUR DUMRA - TAL - RAJENDRAPUL DOUBLING INCLUDING GANGA BRIDGE,ECR,ANDAMAN AND,12-2015,12/2024,-,"2,373.64","1,491.47","1,763.21",77.00,POWER
213,N22000472,SAGAULI VALMIKINAGAR DOUBLING 109.7 KM,ECR,ANDAMAN AND,4-2016,12/2024,-,"1,215.54","1,215.54","1,556.04",90.00,POWER
214,N22000473,MUZAFFARPUR SAGAULI DOUBLING 100.60 KM,ECR,ANDAMAN AND,4-2016,6/2024,-,"1,586.22","1,185.73","1,470.35",96.00,POWER
215,N22000476,"FATUHA-ISLAMPUR INCL. MM FOR EXTENSION OF NEW LINE FORM BIHARSHARIF-BARBIGHA, DANIYAWAN-BIHARSHARIF,",ECR,ANDAMAN AND,4-1991,3/2023,-,"1,473.30",803.09,"2,764.98",90.00,POWER
216,N22000523,DARBHANGA - BYPASS LINE CONNECTING SHISHO HALT AND KAKARGHATI EXCL DARBHANGA YARD (7.64 KM),ECR,ANDAMAN AND,6-2019,6/2025,-,983.62,253.23,417.57,100.00,POWER
217,N22000524,BARAUNI- BACHWARA 3RD AND 4TH LINE,ECR,ANDAMAN AND,7-2022,7/2027,-,486.00,-,123.91,33.00,POWER
218,N22000526,JHAJHA - BATIA (UMBRELLA WORK PB#23/2018-19/NR),ECR,ANDAMAN AND,2-2019,6/2028,-,496.47,-,22.53,-,POWER
219,N22000528,SONENAGAR BYE PASS LINE FROM CHIRALAPOTHU TO BAGHA BISHUNPUR,ECR,ANDAMAN AND,10-2022,10/2027,-,234.00,223.69,22.57,-,POWER
220,N22000570,KATIHAR-KUMEDPUR AND KATIHAR-MUKURIA (64.5 KM) (UMBRELLA WORK PB#57/2019- 20/NR),NFR,ANDAMAN AND,8-2022,8/2027,-,745.00,-,280.10,25.00,POWER
221,N24000165,PATNA-MUZZAFFARPUR,NHAI,ANDAMAN AND,8-2010,2/2013,-,671.30,-,"1,830.13",97.78,POWER
222,N24000187,4-LANNING OF CHAPRA- HAJIPUR,NHAI,ANDAMAN AND,1-2011,7/2013,6/2025,575.00,-,573.48,89.81,POWER
223,N24000382,REHABILITATION AND UPGRADING TO 2 LANES/2 LANE WITH PAVED SHOULDERS CONFIGURATION OF BIRPUR - BIHPUR,MoRTH,ANDAMAN AND,1-2014,10/2019,6/2025,675.00,-,764.69,96.13,POWER
224,N24000480,FOUR OF SIMARIA - KHAGARIA SECTION OF NH-31,NHAI,ANDAMAN AND,12-2015,4/2019,3/2025,"1,041.10",567.00,553.73,97.58,POWER
225,N24000507,FOUR LANING OF BAKHTIYARPUR - MOKAMA SECTION OF NH-31,NHAI,ANDAMAN AND,12-2015,12/2019,-,"1,167.45",-,735.99,96.00,POWER
226,N24000531,REHABILITATION AND UPGRADING TO 2 LANES/2 LANE WITH PAVED SHOULDERS (KM 40 TO KM 219.945) OF NH-104,MoRTH,ANDAMAN AND,2-2016,11/2018,-,319.68,-,453.00,98.80,POWER
227,N24000576,CONSTRUCTION OF REHABILITATION AND UPGRADING TO 2 LANES/2 LANE(FOR LOT-I-KM 40.00 TO KM 65.400 AND K,MoRTH,ANDAMAN AND,2-2016,5/2016,-,178.85,-,232.61,98.35,POWER
228,N24000578,"PROCUREMENT, AND CONSTRUCTION OF REHABILITATION AND UPGRADING TO 2 LANES/2 LANE(FOR LOT-III-KM 156.5",MoRTH,ANDAMAN AND,2-2016,5/2016,-,553.30,-,712.38,98.00,POWER
229,N24000579,FOUR LANING OF GAYA-HISUA- RAJGIRI-NALANDA- BIHARSHARIF SECTION (KM0.00 TO 92.935) ON NH-82 IN BIHAR,MoRTH,ANDAMAN AND,1-2014,10/2016,6/2025,"1,408.85",-,"1,738.55",96.95,POWER
230,N24000665,TWO-LANNING WITH PAVED SHOULDER OF MAHSHKUNT- SAHARSA-PURNEA SECTION FROM EXISTING KM.89.020 (DESIGN,NHAI,ANDAMAN AND,3-2017,3/2020,12/2025,672.89,736.01,678.03,85.27,POWER
231,N24000696,SIX LANNING OF AUNTA- SIMARIA(GANGA BRIDGE WITH APPROACH ROADS) SECTION OF NH-31,NHAI,ANDAMAN AND,8-2017,2/2022,10/2024,950.64,"1,161.00","1,126.75",97.05,POWER
232,N24000714,CONSTRUCTION OF NEW LINK (NH-133B) FROM KM 0/00 (KM 200/87 OF SAHIBANJ BYPASS) IN JHARKHAND TO KM 15,NHAI,ANDAMAN AND,12-2017,10/2024,4/2025,"2,598.00",-,"1,381.14",76.76,POWER
233,N24000723,REHABILITATION AND UPGRADATION OF TWO LANING OF MAHESHKHUNT - SAHARSA - PURNEA SECTION PKG - I,NHAI,ANDAMAN AND,1-2018,12/2021,12/2024,573.70,644.50,492.33,81.84,POWER
234,N24000813,DEVELOPMENT OF NEWLY DECLARED NH-527C FROM MAJHAULI TO CHAROUT SECTION TO 2 LANE WITH PAVED SHOULDER,NHAI,ANDAMAN AND,3-2018,11/2021,12/2024,496.20,470.18,399.41,98.25,POWER
235,N24000943,CONSTRUCTION OF A NEW 4 LANE MAJOR BRIDGE ACROSS RIVER KOSI AT PHULAUT INCLUDING RHABILITATION AND,MoRTH,ANDAMAN AND,9-2018,6/2024,5/2026,"1,478.40",-,941.27,69.88,POWER
236,N24001201,CONSTRUCTION OF A NEW 4 LANE BRIDGE PARALLEL TO EXISTING MG SETU WITH ITS APPROACHES FROM KM 0.00,MoRTH,ANDAMAN AND,2-2019,9/2024,-,"2,926.42",-,"1,300.42",56.27,POWER
237,N24001303,BALANCE WORK OF 4- LANING OF PATNA-GAYA-DOBHI SECTION (KM. 0.00 TO KM. 127.217) OF NH-83 IN THE STAT,NHAI,ANDAMAN AND,10-2013,12/2020,12/2024,649.90,-,711.53,98.30,POWER
238,N24001304,BALANCE WORK OF 4- LANING OF PATNA-GAYA-DOBHI SECTION (KM. 39.00 TO KM. 83.00) OF NH-83 IN THE STATE,NHAI,ANDAMAN AND,10-2013,11/2020,12/2024,446.97,598.48,638.80,96.30,POWER
239,N24001305,BALANCE WORK OF 4- L ANING OF PATNA-GAYA-DOBHI SECTION (KM.83.00 TO KM. 127.217) OF NH-83 IN THE STA,NHAI,ANDAMAN AND,10-2013,11/2020,12/2024,464.09,605.53,698.25,97.30,POWER
240,N24001371,CONSTRUCTION OF 2 LANE BRIDGE ACROSS RIVER KOSI WITH APPROACH ROAD FROM BHEJA TO BAKAUR SECTION OF N,NHAI,ANDAMAN AND,10-2019,8/2023,12/2025,"1,101.99",-,854.90,75.92,POWER
241,N24001697,4L GREENFIELD ALIGNMENT FROM KALYANAPUR TO TAL DASHRAHA OF NH-119D (PKG-III),NHAI,ANDAMAN AND,2-2023,2/2025,-,"1,358.00",-,183.47,13.51,POWER
242,N24001698,FOUR LANING OF MUNGER TO MIRZACHAUKI (NH-80) SECTION FROM NEAR RASULPUR TO MIRZACHAUKI (DESIGN CH,NHAI,ANDAMAN AND,8-2022,8/2024,9/2025,"1,198.02",-,14.85,-,POWER
243,N24001699,CONSTRUCTION OF 4 LANE ELEVATED SECTION AND AT- GRADE IMPROVEMENTS AT BEGUSARAI TOWN SECTION OF NH-3,NHAI,ANDAMAN AND,3-2022,12/2024,-,312.58,-,189.18,78.29,POWER
244,N24001700,SIX LANNING OF AURANGABAD TO BIHAR/JHARKHAND BORDER SECTION OF NH-19 (OLD NH-2) FROM KM. 209.827 TO,NHAI,ANDAMAN AND,12-2021,3/2024,12/2024,552.55,553.00,414.79,74.39,POWER
245,N24001701,FOUR LANING OF MUNGER TO MIRZACHAUKI (NH-80) SECTION FROM START OF EXISTING BHAGALPUR BYPASS TO RASU,NHAI,ANDAMAN AND,4-2022,4/2024,9/2025,"1,769.50",-,3.12,-,POWER
246,N24001702,CONSTRUCTION OF 4 LANE ELEVATED HIGHWAY AND AT- GRADE IMPROVEMENTS AT GOPALGANJ TOWN FROM DESIGN CH:,NHAI,ANDAMAN AND,12-2021,9/2024,-,184.90,185.00,163.01,97.42,POWER
247,N24001703,6 L OF AURANGABAD TO BIHAR- JHARKHAND BORDER (CHORDAHA) SECTION FROM KM. 180.000 TO KM. 209.827 OF N,NHAI,ANDAMAN AND,2-2022,5/2025,-,786.81,787.00,0.00,3.04,POWER
248,N24001704,FOUR LANING OF MUNGER TO MIRZACHAUKI (NH-80) SECTION FROM KHARIA VILLAGE JUNCTION TO START OF EXISTI,NHAI,ANDAMAN AND,3-2021,3/2024,9/2025,"1,020.84",-,120.84,-,POWER
249,N24001705,FOUR LANING OF MUNGER TO MIRZACHAUKI (NH-80) SECTION FROM MUNGER TO KHARIA VILLAGE JUNCTION DESIGN C,NHAI,ANDAMAN AND,3-2022,3/2024,12/2025,"1,485.66",-,0.00,-,POWER
250,N24001708,BAKHTIYARPUR RAJAULI PKG-III FROM KM 101.630 TO KM 152.520 NH20,NHAI,ANDAMAN AND,9-2020,6/2024,-,"2,156.22",-,"2,134.67",98.23,POWER
251,N24001709,BAKHTIYARPUR RAJAULI PKG-II FROM KM 54.405 TO KM 101.630 NH20,NHAI,ANDAMAN AND,9-2020,4/2023,12/2024,897.45,-,"1,037.63",97.85,POWER
252,N24001711,6L OF KANHAULI RAMNAGAR PATNA RING ROAD PKG I FROM KM 0.000 TO KM 39.160 OF SH78 NEW NH131G,NHAI,ANDAMAN AND,9-2020,3/2023,12/2024,939.43,-,370.62,100.00,POWER
253,N24001712,FOUR LANING OF PARARIA TO MOHANIA SECTION OF NH 319 (OLD NH 30) FROM KM. 54+530 (DESIGN CHAINAGE) TO,NHAI,ANDAMAN AND,8-2020,7/2023,5/2025,690.00,-,770.73,98.80,POWER
254,N24001715,BALANCE WORK OF TWO LANING WITH PAVED SHOULDER OF PIPRAKOTHI?MOTIHARI- RAXAUL SECTION OF NH-28A FRO,NHAI,ANDAMAN AND,12-2018,10/2020,-,333.60,466.59,460.38,100.00,POWER
255,N24001870,IMPROVEMENT TO TWO LANE WITH PAVED SHOULDERS OF NH 122B FROM KM 29.730 TO KM 72.348 IN STATE OF BIH,MoRTH,ANDAMAN AND,2-2022,11/2024,-,624.43,-,280.98,82.00,POWER
256,N24001875,WIDENING AND STRENTHENING FROM KM 70.15 TO KM 121.025 OF NH-80,MoRTH,ANDAMAN AND,3-2021,1/2025,-,477.54,-,334.36,89.73,POWER
257,N24001876,WIDENING and STRENTHENING FROM KM132.895 TO KM 190.15 NH-80,MoRTH,ANDAMAN AND,3-2021,3/2024,-,566.15,-,239.20,56.12,POWER
258,N24001877,CONSTRUCTION OF NEW 4- LANE BRIDGE (PARALLEL TO EXISTING VIKRAMASHILA SETU)FROM KM 8+920 TO KM 13+375,MoRTH,ANDAMAN AND,7-2020,5/2027,-,"1,110.23",-,425.49,40.12,POWER
259,N24001878,IMPROVEMENT TO TWO LANE WITH PAVED SHOULDERS OF NH-319A FROM KM 0 TO KM 45 IN STATE OF BIHAR UNDER,MoRTH,ANDAMAN AND,2-2022,12/2024,-,427.29,-,197.04,78.00,POWER
260,N24001879,CONSTRUCTION OF PROPOSED 4_LANE REVELGUNJ BYPASS NH- 19 IN THE STATE OF BIHAR ON EPC MODE CONNECTING,MoRTH,ANDAMAN AND,3-2022,7/2025,-,295.24,-,77.05,53.46,POWER
261,N24002062,CONSTRUCTION OF 6- LANE BRIDGE AND ITS APPROACHES ACROSS RIVER GANGA AS PART OF PATNA RING ROAD (NH-,NHAI,ANDAMAN AND,3-2023,9/2027,-,"3,012.27",-,215.85,8.10,POWER
262,N24002063,BALANCE WORK - WB-10 (GANDAK BRIDGE) KM 402.00 TO KM 440.00 (DEVANPUR - KOTWA),NHAI,ANDAMAN AND,12-2021,1/2024,-,210.05,-,104.35,69.00,POWER
263,N24002064,PERMANENT RECTIFICATION OF 3 NOS. OF BLACK SPOTS IN PROJECT HIGHWAY NH-27 OF U.P BORDER - DEWAPUR -,NHAI,ANDAMAN AND,12-2022,12/2025,-,381.80,-,115.30,43.00,POWER
264,N24002065,4L GREENFIELD ALIGNMENT OF AMAS TO SHIVRAMPUR FROM 0.000 KM. TO 55.002 KM. OF NH 119 D (PKG-I),NHAI,ANDAMAN AND,2-2022,3/2025,-,"1,390.92",-,150.71,20.76,POWER
265,N24002066,4L GREENFIELD ALIGNMENT OF SHIVRAMPUR TO RAMNAGAR FROM KM. 55.002 TO KM. 109.300 OF NH 119 D (PKG-I,NHAI,ANDAMAN AND,2-2022,7/2025,-,"1,494.31",-,38.28,4.59,POWER
266,N24002133,IMPROVEMENT OF 2 LANE WITH PAVED SHOULDER OF STRETCH FROM BIKRAMGANJ DAWATH MELAYABAGH NAWANAGR -DUM,MoRTH,ANDAMAN AND,3-2021,3/2025,-,178.63,-,116.16,90.61,POWER
267,N24002193,CONSTRUCTION OF 4 LANE ROB AND ITS APPROACHES AT THE LEVEL OF CROSSING (L C NO. 29-B) OF KM 29 (EKAN,MoRTH,ANDAMAN AND,3-2023,7/2026,-,201.08,-,23.73,24.00,POWER
268,N24002194,CONSTRUCTION OF 6-LANE ELEVATED / EXTRA DOSE CABLE BRIDGE ON RIVER GANGA PARALLEL TO AND WESTERN SID,MoRTH,ANDAMAN AND,1-2024,11/2027,-,"3,064.45",-,78.87,2.40,POWER
269,N24002195,ESTIMATE FOR IMPROVEMENT TO TWO LANE WITH PAVED SHOULDER FROM RAMNAGAR TO ROSEDA FROM (KM 3.500 TO 4,MoRTH,ANDAMAN AND,1-2022,4/2026,-,495.16,-,129.17,9.50,POWER
270,N24002196,CONSTRUCTION OF BHABHUA BYPASS FROM CH. 10+800(DESIGN CH. 10+800) TO CH. 19+860 (DESIGN CH. 18+150),MoRTH,ANDAMAN AND,2-2022,3/2026,-,179.86,-,25.07,0.03,POWER
271,N24002197,IMPROVEMENT TO TWO LANE WITH PAVED SHOULDER FROM JUNCTION OF NH-22 NEAR HAJIPUR TO JUNCTION OF NH-12,MoRTH,ANDAMAN AND,2-2024,2/2026,-,226.15,-,9.77,13.00,POWER
272,N24002198,IMPROVEMENT TO TWO LANE WITH PAVED SHOULDERS OF BH/WBBORDER-AMDABAD- MANIHARI SECTION FROM DESIGN KM,MoRTH,ANDAMAN AND,1-2022,3/2026,-,353.27,-,25.33,-,POWER
273,N24002220,PERMANENT RECTIFICATION OF 4 NOS. OF BLACKSPOTS ON NH 27 OF KOTWA MEHSI MUZAFFARPUR SECTION FROM,NHAI,ANDAMAN AND,12-2022,11/2026,-,410.75,-,34.83,21.04,POWER
274,N24002221,4L OF GREENFIELD ALIGNMENT FROM KM. 47.000 TO KM. 89.210 OF BALBHADARPUR TO BELA NAWDA SECTION OF NH,NHAI,ANDAMAN AND,2-2022,3/2026,-,"2,185.75",-,513.47,10.57,POWER
275,N28000148,PATNA METRO RAIL CORPORATION LIMITED,PATNA METRO RAI,ANDAMAN AND,2-2019,6/2024,-,"13,365.77",-,"3,158.18",44.03,"URBAN
DEVELOPMENT"
276,N30000026,SEWER NETWORK SPS AND STP BEGUSARAI,BUIDCO,ANDAMAN AND,3-2018,7/2021,12/2019,230.06,-,261.47,97.00,"URBAN
DEVELOPMENT"
277,N30000027,I AND D AND STP WORKS FOR BHAGALPUR,BUIDCO,ANDAMAN AND,10-2017,9/2020,11/2020,254.13,413.29,123.10,90.00,"URBAN
DEVELOPMENT"
278,N30000035,SEWER NETWORKS SPS AND STP HAJIPUR,BUIDCO,ANDAMAN AND,3-2018,8/2021,3/2018,305.19,-,346.46,95.00,"URBAN
DEVELOPMENT"
279,N30000036,"SEWER NETWORKS, SPS AND STP, MUNGER",BUIDCO,ANDAMAN AND,3-2018,10/2021,3/2018,294.02,350.79,428.70,100.00,"URBAN
DEVELOPMENT"
280,N30000039,SAIDPUR SEWER NETWORK PATNA,BUIDCO,ANDAMAN AND,4-2015,1/2021,-,268.63,-,491.13,100.00,"URBAN
DEVELOPMENT"
281,N30000044,SEWERAGE SYSTEM WITH SEWER NETWORK PATNA KARMALICHAK,BUIDCO,ANDAMAN AND,3-2017,5/2021,3/2017,277.42,253.98,355.31,100.00,"URBAN
DEVELOPMENT"
282,N30000050,SEWERAGE SYSTEM AND STP FOR KANKARBAG ZONE PATNA,BUIDCO,ANDAMAN AND,8-2017,6/2022,-,578.89,453.83,164.87,52.00,"URBAN
DEVELOPMENT"
283,N30000051,"SEWERAGE SYSTEM AND STP FOR DIGHA ZONE, PATNA",BUIDCO,ANDAMAN AND,8-2017,6/2022,-,824.00,734.09,384.17,55.00,"URBAN
DEVELOPMENT"
284,060100093,GEVRA EXPANSION OCP (SECL) (35-70) MTY,SECL,CHHATTISGARH,6-2010,3/2023,3/2026,"11,816.40",-,"6,584.29",77.20,"URBAN
DEVELOPMENT"
285,N06000045,PELMA OCP(15.00MTY),SECL,CHHATTISGARH,10-2022,3/2023,-,"1,624.59",-,15.52,17.00,"URBAN
DEVELOPMENT"
286,N06000104,CHHAL OC SEAM -III (6.00 MTY),SECL,CHHATTISGARH,12-2013,3/2022,6/2025,610.63,-,576.41,85.00,"URBAN
DEVELOPMENT"
287,N06000123,AMERA OC RCE,SECL,CHHATTISGARH,2-2015,3/2018,3/2026,335.97,-,86.98,42.00,"URBAN
DEVELOPMENT"
288,N06000135,AMGAON OPENCAST PROJECT RCE,SECL,CHHATTISGARH,7-2015,3/2020,3/2026,316.10,-,188.33,71.00,"URBAN
DEVELOPMENT"
289,N06000164,MAHAMAYA OPENCAST PROJECT,SECL,CHHATTISGARH,5-2018,3/2026,-,410.26,-,180.18,38.00,"URBAN
DEVELOPMENT"
290,N06000166,JHIRIA WEST OPENCAST PROJECT,SECL,CHHATTISGARH,1-2024,3/2029,-,366.94,-,33.37,41.00,"URBAN
DEVELOPMENT"
291,N06000197,BAROUD OC EXPANSION (3-10 MTY),SECL,CHHATTISGARH,8-2020,3/2029,-,"2,309.80",-,904.69,41.00,"URBAN
DEVELOPMENT"
292,N06000198,JAMPALI OCP RCE,SECL,CHHATTISGARH,5-2020,3/2024,3/2025,278.64,-,208.65,82.00,"URBAN
DEVELOPMENT"
293,N06000199,PORDA CHIMTAPANI OCP (10 MTY),SECL,CHHATTISGARH,12-2020,3/2029,-,"2,310.12",-,46.52,10.00,"URBAN
DEVELOPMENT"
294,N06000200,DIPKA OC EXPANSION 40 MTY,SECL,CHHATTISGARH,12-2020,3/2029,-,"5,241.40",-,"2,800.26",37.30,"URBAN
DEVELOPMENT"
295,N06000232,JAGANNATHPUR OC RCE (3.0 MTY),SECL,CHHATTISGARH,7-2016,3/2020,3/2026,459.49,-,263.63,92.00,"URBAN
DEVELOPMENT"
296,N06000274,KATKONA RO UG PROJECT (1.74 MTY),SECL,CHHATTISGARH,1-2023,3/2029,-,329.22,-,60.38,2.00,"URBAN
DEVELOPMENT"
297,N28000141,"C/O PERMANENT CAMPUS OF IIT BHILAI AT KUTHELABHATA, DURG CHHATTISGARH, STAGE I PHASE I.",CPWD EDUCATION,CHHATTISGARH,3-2020,7/2022,2/2024,808.62,879.22,640.70,100.00,"DEPARTMENT
OF HIGHER
EDUCATION"
298,N18000350,WESTERN REGION EXPANSION SCHEME XXV,PGCIL,CHHATTISGARH,2-2023,11/2023,-,385.84,-,258.71,91.00,POWER
299,N18000381,"LARA SUPER THERMAL POWER PROJECT, STAGE-II (2X800 MW)",NTPC,CHHATTISGARH,8-2023,6/2028,-,"15,530.00",-,"1,636.45",6.50,POWER
300,N22000318,KIRANDUL - JAGDALPUR DOUBLING,ECOR,CHHATTISGARH,12-2012,3/2020,-,"1,588.70",-,"1,515.71",94.50,POWER
301,N22000484,JHARSUGUDA-BILASPUR 4TH LINE,SECR,CHHATTISGARH,4-2015,10/2024,12/2023,"2,140.34","2,135.34","2,264.16",88.00,POWER
302,N22000489,KHARSIA DHARAMJAIGARH WITH SPUR LINE EAST CORRIDOR-PHASE I,IRCON,CHHATTISGARH,4-2013,9/2018,-,"3,055.00",-,"3,112.73",92.60,POWER
303,N22000572,Gauge conversion of Raipur(Kendri)- Dhamtari and Abhanpur-Rajim branch (67.20 km),SECR,CHHATTISGARH,7-2011,10/2024,-,"1,171.30",-,573.10,82.00,POWER
304,N22000573,NIPANIA-BHATAPRA (14.4 KM) 4TH LINE (PB#72/NR/2022-23),SECR,CHHATTISGARH,9-2022,12/2026,-,170.49,-,0.13,2.00,POWER
305,N22000574,4TH LINE - BHATAPARA- HATHBAND (8.8 KM) (PB#72/NR/2022-23),SECR,CHHATTISGARH,12-2022,12/2026,-,177.03,-,6.23,2.00,POWER
306,N22000575,4TH LINE - BHILAI-BHILAI NAGAR (8.8 KM) (PB#72/NR/2022-23),SECR,CHHATTISGARH,9-2022,9/2026,-,169.06,-,1.72,2.00,POWER
307,N22000576,4TH LINE - DADHAPARA-BELHA (9.2 KM) (PB#72/NR/2022-23),SECR,CHHATTISGARH,9-2022,9/2026,-,169.06,-,15.05,30.00,POWER
308,N22000577,4TH LINE - RAJNANDGAON- DONGARHGARH (31.2 KM) (PB#72/NR/2022-23),SECR,CHHATTISGARH,9-2022,9/2026,-,328.34,-,13.35,20.00,POWER
309,N22000579,3RD AND 4TH LINE - SARAGBUNDIA AND MADWARANI,SECR,CHHATTISGARH,9-2022,9/2026,-,167.64,-,0.00,-,POWER
310,N22000580,DOUBLING OF BORIDAND - AMBIKAPUR ( SURAJPUR),SECR,CHHATTISGARH,6-2022,6/2030,-,"1,376.20","1,242.94",158.88,12.00,POWER
311,N22000602,DALLIRAJHARA - ROWGHAT (95 KM) {PART OF DALLIRAJHARA- JAGDALPUR (235 KM)},RVNL,CHHATTISGARH,3-2008,6/2025,-,"1,627.56",-,"1,349.09",-,POWER
312,N22000616,CHIRIMIRI-NAGPUR HALT,SECR,CHHATTISGARH,10-2018,6/2030,-,241.00,-,0.00,-,POWER
313,N24001217,REHABILITATION AND UPGRADATION OF NH 43 KANKER TO BEDMA SECTION KM. 130 TO 180,MoRTH,CHHATTISGARH,1-2016,8/2016,-,497.14,572.66,385.27,60.41,POWER
314,N24001221,REHABILITATION AND UPGRADATION OF NH 78 FROM KM 373.505 TO 469.300 AMBIKAPUR TO PATHALGAON SECTION,MoRTH,CHHATTISGARH,1-2016,10/2016,-,624.98,-,620.67,100.00,POWER
315,N24001222,REHABILITATION AND UPGRADATION OF NH 78 FROM KM 469.000 TO 531.000 PATTHALGAON TO KUNKURI,MoRTH,CHHATTISGARH,3-2016,7/2016,-,452.94,-,322.59,69.99,POWER
316,N24001227,CONSTRUCTION OF 4 NOS GRADE SEPARATOR BETWEEN KM. 281.000 TO KM 307.600 KM. 286.400 KUMHARI KM. 299.,MoRTH,CHHATTISGARH,3-2018,1/2019,-,349.03,-,316.52,97.90,POWER
317,N24001228,UPGRADATION AND WIDENING OF BILASPUR TO MUNGELI SECTION NH-130A,MoRTH,CHHATTISGARH,11-2017,5/2019,-,188.80,-,136.81,97.00,POWER
318,N24001588,DEVELOPMENT OF SIX LANE SARGI-BASANWAHI OF NH 130 CD FROM KM.42+800 TO 99+500 UNDER RAIPUR VISAKHAPA,NHAI,CHHATTISGARH,12-2021,1/2025,-,"1,470.73",-,646.79,76.62,POWER
319,N24001593,DEVELOPMENT OF SIX LANE JHANKI SARGI OF NH 130 CD FROM KM.0+000 TO 42+800 UNDER RAIPUR VISAKHAPATTNA,NHAI,CHHATTISGARH,11-2021,9/2024,-,"1,368.19",-,896.51,96.12,POWER
320,N24001611,4 LANE OF BILASPUR TO URGA PROJECT (KM 0.00 TO KM 70.2) OF NH-130A,NHAI,CHHATTISGARH,4-2020,3/2024,-,"1,855.59","2,523.86",683.34,91.78,POWER
321,N24001917,UP GRADATION OF NH 930 SHERPAR TO KOHKA FROM KM 67.880 TO KM 114.860 TO TWO LANE WITH PAVED SHOULDER,MoRTH,CHHATTISGARH,3-2020,5/2024,-,278.97,-,206.61,87.05,POWER
322,N24001919,UP GRADATION OF NH 130C ABHANPUR TO PAUND FROM NK KM 0.000 TO KM. 40.380 TO TWO LANE WITH PAVED SHOU,MoRTH,CHHATTISGARH,12-2020,9/2023,2/2025,193.16,-,103.83,80.71,POWER
323,N24001920,UPGRADATION OF NH 130A MUNGELI TO PONDI FROM NH KM. 51.600 TO KM. 77.870 KM. 80.970 TO 96.970 TO 2,MoRTH,CHHATTISGARH,3-2021,9/2024,-,218.57,-,136.26,88.71,POWER
324,N24002017,DEVELOPMENT OF SIX LANE BASANWAHI-MARANGPURI OF NH 130 CD FROM KM.99+500 TO 124+661 UNDER RAIPUR VIS,NHAI,CHHATTISGARH,3-2022,10/2025,-,"1,307.16",-,199.96,30.33,POWER
325,N24002045,CONSTRUCTION OF 6 LANE DURG RAIPUR ARANG BYPASS PKG 1 SECTION OF NH 53 FROM CH 0.000 TO CH 44.50,NHAI,CHHATTISGARH,6-2022,7/2025,-,"1,828.00",-,499.83,39.85,POWER
326,N24002046,CONSTRUCTION OF 6 LANE DURG RAIPUR ARANG BYPASS PKG 2 SECTION OF NH 53 FROM CH 44+500 TO CH.92+230 I,NHAI,CHHATTISGARH,6-2022,5/2025,-,"1,958.94","1,959.00",659.49,35.58,POWER
327,N12000124,NMDC SLURRY PIPE LINE PROJECT - PHASE-1,NMDC,CHHATTISGARH,11-2015,6/2023,7/2024,"2,907.00","5,427.06","2,865.64",75.20,STEEL
328,N12000127,SCREENING PLANT-III AT KIRANDUL,NMDC,CHHATTISGARH,3-2021,8/2024,-,"2,092.97","2,718.84","1,472.86",70.31,STEEL
329,N12000130,CONSTRUCTION OF RESIDENTIAL TOWERS AT BIOM KIRANDUL COMPLEX,NMDC,CHHATTISGARH,7-2021,11/2024,-,282.44,349.75,218.55,78.00,STEEL
330,N12000131,"REPLACEMENT OF CONVERTER VESSELS, TRUNNION RINGS, SUPPORT SYSTEM AND INSTALLATION OF SECONDARY EMISS",SAIL,CHHATTISGARH,10-2023,6/2026,-,471.83,-,77.95,17.50,STEEL
331,N12000134,REBUILDING OF COKE OVEN BATTERY NO.7 AND 8 OF BHILAI STEEL PLANT,SAIL,CHHATTISGARH,11-2023,10/2025,-,884.10,-,352.17,66.00,STEEL
332,N12000137,REPLACEMENT OF HOT LEVELLER-1 OF PLATE MILL AT BHILAI STEEL PLANT,SAIL,CHHATTISGARH,7-2024,7/2026,-,198.62,-,0.00,4.55,STEEL
333,N28000149,CONSTRUCTION729 QUARTERS (TYPE II-180 TYPE III-364 TYPE IV- 112 TYPE V-68 TYPE-VI-5 SHOPS COMMUNI,CPWD,CHHATTISGARH,5-2019,9/2020,10/2024,299.97,299.97,272.05,90.00,"URBAN
DEVELOPMENT"
334,N04000076,"CONSTRUCTION OF COMBINED OPERATIONAL OFFICES FOR DGCA, BCAS, AAIB, AERA AND AAI AT SAFDARJUNG AIRPOR",AAI,CHHATTISGARH,11-2016,4/2020,4/2024,303.80,374.98,344.49,100.00,CIVIL AVIATION
335,N40000002,INDIA INTERNATIONAL CONVENTION AND EXPO CENTRE,IICC FOR DPIIT,CHHATTISGARH,11-2017,12/2019,-,"4,773.00",-,"4,969.89",99.74,DPIIT
336,N07000001,"C/O RESIDENTIAL COMPLEX BUILDING FOR CENTRAL BOARD OF INDIRECT TAXES AND CUSTOMS AT SECTOR-9, DWARKA",NPCC,CHHATTISGARH,7-2018,4/2022,-,228.50,-,176.28,85.00,FINANCE
337,N28000071,ESTABLISHMENT OF CENTRAL ARMED POLICE FORCE INSTITUTE OF MEDICAL SCIENCES(CAPFIMS) AT NEW DELHI,CPWD FOR MHA,CHHATTISGARH,10-2013,10/2019,-,"1,219.21","2,091.53","1,947.12",100.00,HOME AFFAIRS
338,N45000002,CONSTRUCTION OF HEADQUARTER BUILDING OF CRPF AT LODHI ROAD NEW DELHI,CPWD FOR MHA,CHHATTISGARH,6-2019,7/2022,-,277.35,-,107.00,63.00,HOME AFFAIRS
339,N22000281,ANAND VIHAR-TILAK BRIDGE 3RD AND 4TH LINE,NR,CHHATTISGARH,4-2012,3/2023,-,586.36,-,169.99,45.00,RAILWAYS
340,N24001771,SIX LANE ACCESS CONTROLLED OF DELHI SAHARANPUR HIGHWAY FROM AKSHARDHAM NH 9 JUNCTION TO DELHI UP BOR,NHAI,CHHATTISGARH,6-2020,12/2024,-,"1,479.22",-,"1,491.26",99.00,"ROAD
TRANSPORT
AND
HIGHWAYS"
341,N24001773,6L ACCESS CONTROLLED HIGHWAY FROM DND MAHARANI BAGH JN. WITH JAITPUR PUSHTA ROAD OF NH 148NA FROM,NHAI,CHHATTISGARH,5-2020,7/2024,-,"1,467.44",-,"1,015.86",90.07,"ROAD
TRANSPORT
AND
HIGHWAYS"
342,N24001777,DEVELOPMENT OF 6L UER-II (PACKAGE-I) (NH-1 NEAR BAKOLI TILL KARALA KANJHAWALA ROAD) FROM KM. (-)0.70,NHAI,CHHATTISGARH,7-2020,10/2023,-,"2,171.80",-,958.13,99.99,"ROAD
TRANSPORT
AND
HIGHWAYS"
343,N24001779,DWARKA EXPRESSWAY FROM KM -0.600 TO KM 5.300 - PKG-I (SHIVMURTI CHOWK-RUB NEAR DWARKA SECTOR 21),NHAI,CHHATTISGARH,3-2018,9/2022,-,"2,507.00",-,"1,155.70",94.27,"ROAD
TRANSPORT
AND
HIGHWAYS"
344,N24001781,8L OF DWARKA EXPRESSWAY PKG-II (RUB NEAR DWARKA SECTOR 21-DL/HR BORDER) FROM 5.300 KM.TO 9.500 KM. O,NHAI,CHHATTISGARH,1-2018,10/2021,-,"2,067.67",-,"1,496.49",99.30,"ROAD
TRANSPORT
AND
HIGHWAYS"
345,N24001825,DEVELOPMENT OF 6L UER II [PACKAGE - II] (KARALA KANJHAWALA ROAD TILL NANGLOI - NAJAFGARH ROAD) FROM,NHAI,CHHATTISGARH,7-2020,10/2023,-,"1,894.96",-,741.88,93.81,"ROAD
TRANSPORT
AND
HIGHWAYS"
346,N28000115,SETTING UP PHYSICAL INFRASTRUCTURE FOR THE NATIONAL INSTITUTE OF COMMUNICATION FINANCE(NICF) AT GHIT,CPWD FOR TELECO,CHHATTISGARH,10-2014,3/2018,-,248.20,-,236.27,98.00,"TELECOMMUNI
CATIONS"
347,N28000056,DELHI MRTS PHASE-III,DMRC,CHHATTISGARH,9-2011,3/2016,8/2021,"38,585.00","43,095.35","40,602.26",100.00,"URBAN
DEVELOPMENT"
348,N28000105,REDEVELOPMENT OF GPRA COLONY AT NAUROJI NAGAR,NBCC,CHHATTISGARH,7-2016,(N.A.),-,"2,694.00",-,"2,247.61",98.00,"URBAN
DEVELOPMENT"
349,N28000128,REDEVELOPMENT OF GENERAL POOL RESIDENTIAL COLONY AT SRINIWASPURI NEW DELHI PHASE-I,CPWD,CHHATTISGARH,10-2016,7/2021,-,"1,180.00",-,36.69,2.00,"URBAN
DEVELOPMENT"
350,N28000129,REDEVELOPMENT OF GPRA AT KASTURBA NAGAR PHASE I,CPWD,CHHATTISGARH,10-2016,3/2022,-,"1,128.00",-,709.96,64.00,"URBAN
DEVELOPMENT"
351,N28000135,DELHI METRO PHASE IV THREE PRIORITY CORRIDORS,DMRC,CHHATTISGARH,7-2019,3/2025,-,"24,948.65",-,"15,744.30",64.58,"URBAN
DEVELOPMENT"
352,N28000153,"CONSTRUCTION OF 184 MULTI STORIED FLATS FOR HON'BLE MPS AT BKS MARG, NEW DELHI",CPWD,CHHATTISGARH,1-2022,11/2024,5/2025,646.52,-,473.63,91.00,"URBAN
DEVELOPMENT"
353,N28000156,REDEVELOPMENT OF GPRA AT NETAJI NAGAR NEW DELHI PACKAGE 2,NBCC,CHHATTISGARH,10-2016,3/2024,6/2025,"1,536.72",-,481.85,-,"URBAN
DEVELOPMENT"
354,N30000014,CONSTRUCTION OF 564 MLD 124 MGD WASTE WATER TREATMENT PLANT WITH EFFLUENT STANDARDS OF BOD ? 10MG/L,DJB,CHHATTISGARH,3-2017,12/2022,-,665.78,-,782.51,100.00,"WATER
RESOURCES"
355,N04000095,EXTENSION OF EXISTING INTEGRATED TERMINAL BUILDING AND ALLIED WORKS AT GOA AIRPORT.,AAI,GOA,11-2017,9/2021,6/2025,255.69,-,119.89,84.00,CIVIL AVIATION
356,N42000002,"CONSTRUCTION OF PERMANENT CAMPUS FOR NATIONAL INSTITUTE OF TECHNOLOGY GOA AT CUNCOLIM, GOA.",CPWD EDUCATION,GOA,5-2019,8/2021,-,303.90,-,360.00,99.30,"DEPARTMENT
OF HIGHER
EDUCATION"
357,N24002181,CONSTRUCTION OF SIX LANE ELEVATED CORRIDOR FROM KM. 508.000 TO KM. 513.150 INCLUDING APPROACHES ON N,MoRTH,GOA,4-2023,4/2026,-,641.46,-,0.00,-,"ROAD
TRANSPORT
AND
HIGHWAYS"
358,N04000088,"C/O NEW GREENFIELD AIRPORT AT HISSAR, RAJKOT, GUJARAT",AAI,GOA,1-2018,8/2022,12/2024,"1,405.00",-,"1,304.38",100.00,CIVIL AVIATION
359,N04000093,"EXTENSION OF TERMINAL BUILDING, PTT, APRON AND CAR PARK AT SURAT AIRPORT.",AAI,GOA,8-2018,2/2021,3/2025,353.25,-,348.77,100.00,CIVIL AVIATION
360,N04000099,"DEVELOPMENT OF NEW GREENFIELD AIRPORT AT DHOLERA, AHMEDABAD (GUJARAT). PHASE-1.",AAI,GOA,6-2022,12/2025,-,"1,305.00","1,143.95",560.95,55.00,CIVIL AVIATION
361,N16000279,REDEVELOPMENT OF SANTHAL FIELD,ONGC,GOA,2-2017,3/2026,-,"1,162.56",-,"1,156.20",93.60,CIVIL AVIATION
362,N16000382,ACRYLICS OR OXO-ALCOHOL PROJECT AT GUJARAT REFINERY,IOCL,GOA,11-2019,5/2023,3/2024,"5,251.00","5,894.00","4,571.49",99.50,CIVIL AVIATION
363,N16000409,PETROCHEMICAL AND LUBE INTEGRATION PROJECT AT GUJARAT REFINERY,IOCL,GOA,9-2020,8/2024,12/2025,"18,936.00",-,"10,618.86",81.10,CIVIL AVIATION
364,N16000411,AUGUMENTATION OF SALAYA MATHURA CRUDE OIL PIPELINE SYSTEM,IOCL,GOA,10-2020,8/2023,6/2025,"1,614.00",-,"1,087.52",94.77,CIVIL AVIATION
365,N16000428,REDEVELOPMENT OF LINCH FIELD,ONGC,GOA,4-2021,3/2025,-,631.03,860.04,385.12,65.90,CIVIL AVIATION
366,N16000431,REDEVELOPMENT OF SOBHASAN COMPLEX,ONGC,GOA,8-2021,2/2026,-,885.63,"1,286.67",547.42,69.40,CIVIL AVIATION
367,N16000444,COMMERCIAL POLYMER FLOODING PROJECT IN BECHRAJI FIELD,ONGC,GOA,1-2022,11/2024,-,621.40,-,137.69,21.40,CIVIL AVIATION
368,N16000454,INSTALLATION OF NEW BITUMEN UNIT ALONG WITH ALLIED FACILITIES AT GUJARAT,IOCL,GOA,1-2022,9/2024,-,328.00,-,74.19,44.50,CIVIL AVIATION
369,N16000477,"RESTORATION OF GAS TERMINAL, PHASE-I (PART-A), HAZIRA PLANT",ONGC,GOA,5-2022,2/2025,-,249.43,-,208.81,92.00,CIVIL AVIATION
370,N16000481,KALOL REDEVELOPMENT PROJECT,ONGC,GOA,8-2022,3/2027,-,"1,487.41",-,926.54,60.00,CIVIL AVIATION
371,N16000483,OLD PIPE LINE REPLACEMENT (OPRP) GROUP-A,ONGC,GOA,7-2021,7/2025,-,173.03,-,140.40,84.00,CIVIL AVIATION
372,N16000514,"REVAMPING OF SV STATIONS, GAS TERMINAL AND KRIBHCO TERMINAL",ONGC,GOA,11-2022,8/2026,-,837.34,-,163.26,42.10,CIVIL AVIATION
373,N18000295,GUJARAT 200 MW (GUVNL TENDER),NTPC,GOA,1-2021,7/2022,-,842.27,-,769.66,30.00,CIVIL AVIATION
374,N18000296,"150 MW SOLAR PV PROJECT IN GUJARAT (LIMBDI, MESANKA AND RADHANPUR)",NTPC,GOA,5-2021,9/2022,-,674.92,-,572.53,91.00,CIVIL AVIATION
375,N18000297,Bagodara Solar Power Project,SJVN,GOA,5-2021,10/2022,-,339.35,-,317.31,51.22,CIVIL AVIATION
376,N18000319,DAYAPAR WIND ENERGY PROJECT 150MW,NTPC,GOA,11-2021,5/2023,-,937.80,-,798.89,98.00,CIVIL AVIATION
377,N18000345,DAYAPAR WIND ENERGY PROJECT 200MW,NTPC,GOA,7-2022,3/2025,-,"1,316.02",-,324.35,23.00,CIVIL AVIATION
378,N18000346,KHAWDA 1255MW SOLAR PROJECT (KHAWDA SOLAR PARK),NTPC,GOA,9-2022,9/2024,-,"7,179.54",-,"4,714.20",61.00,CIVIL AVIATION
379,N18000349,BHUJ SOLAR 300MW (TRANCHE- IV WIND SOLAR HYBRID),NTPC,GOA,11-2022,3/2024,-,"1,442.60",-,793.54,2.00,CIVIL AVIATION
380,N18000357,ESTABLISHMENT OF KHAVDA POOLING STATION 3 (KPS3) IN KHAVDA RE PARK,PGCIL,GOA,3-2023,12/2024,-,922.30,-,672.67,88.70,CIVIL AVIATION
381,N18000358,TRANSMISSION NETWORK EXPANSION IN GUJARAT ASSOCIATED WITH INTEGRATION OF RE PROJECTS FROM KHAVDA POT,PGCIL,GOA,3-2023,3/2025,-,815.12,-,10.99,88.00,CIVIL AVIATION
382,N18000359,"KHAVDA-2, GUJARAT- ESTABLISHMENT OF KHAVDA POOLING STATION-2 (KPS2) IN KHAVDA RE PARK",PGCIL,GOA,3-2023,12/2024,-,966.79,-,646.22,93.00,CIVIL AVIATION
383,N18000360,"KHAVDA PHASE-II-PART B, GUJARAT- TRANSMISSION SCHEME FOR EVACUATION OF 4.5 GW RE INJECTION AT KHAVDA",PGCIL,GOA,3-2023,3/2025,-,"1,167.55",-,712.14,83.70,CIVIL AVIATION
384,N18000361,"KHAVDA PHASE-II-PART C, GUJARAT- TRANSMISSION SCHEME FOR EVACUATION OF 4.5 GW RE INJECTION AT KHAVDA",PGCIL,GOA,3-2023,3/2025,-,"2,820.99",-,"2,304.46",68.00,CIVIL AVIATION
385,N18000365,KHAVDA 1200MW (4X300MW) IN KHAVDA RE PARK,NTPC,GOA,6-2023,12/2024,-,"6,283.81",-,"1,731.91",16.00,CIVIL AVIATION
386,N18000366,DAYAPAR WIND- III (HYBRID TRANCHE-V),NTPC,GOA,5-2023,1/2025,-,"1,095.01",-,345.08,-,CIVIL AVIATION
387,N18000383,TS FOR EVACUATION OF POWER FROM POTENTIAL RE ZONE IN KHAVDA AREA OF GUJARAT UNDER PH-IV PART E3,PGCIL,GOA,7-2023,7/2025,-,334.00,-,0.00,15.00,CIVIL AVIATION
388,N18000384,TS FOR EVACUATION OF ADDITIONAL 7GW RE POWER FROM KHAVDA RE PARK UNDER PHASE-III PART B [VATAMAN TRA,PGCIL,GOA,12-2023,12/2025,-,"3,752.00",-,797.02,12.00,CIVIL AVIATION
389,N18000390,TS FOR EVACUATION OF POWER FROM 7GW REZ IN KHAVDA AREA UNDER PHASE-IV PART E2,PGCIL,GOA,5-2024,5/2026,-,679.00,-,0.00,12.00,CIVIL AVIATION
390,N18000398,AUGMENTATION OF TRANSFORMATION CAPACITY AT JAM KHAMBHALIYA PS [GIS] [SPV NAME POWERGRID JAM KHAMBHAL,PGCIL,GOA,10-2024,7/2026,-,329.00,-,0.00,1.00,CIVIL AVIATION
391,N18000400,TRANSMISSION SYSTEM FOR EVACUATION OF POWER FROM POTENTIAL RENEWABLE ENERGY ZONE IN KHAVDA AREA OF G,PGCIL,GOA,10-2024,10/2026,-,"4,766.00",-,155.00,2.50,CIVIL AVIATION
392,N18000402,PROVISION OF DYNAMIC REACTIVE COMPENSATION AT KHAVDA POOLING STATION 1 [KPS1] AND KHAVDA POOLING STA,PGCIL,GOA,11-2024,11/2026,-,501.00,-,0.00,1.00,CIVIL AVIATION
393,N18000405,TRANSMISSION SYSTEM FOR EVACUATION OF POWER FROM POTENTIAL RENEWABLE ENERGY ZONE IN KHAVDA AREA OF G,PGCIL,GOA,11-2024,5/2029,-,"24,819.00",-,"1,340.00",1.00,CIVIL AVIATION
394,N18000406,600 MW SOLAR POWER PROJECT UNDER CPSU SCHEME,NHPC,GOA,4-2022,3/2026,-,"4,100.45",-,0.71,9.00,CIVIL AVIATION
395,N18000411,AUGMENTATION OF TRANSFORMATION CAPACITY AT KPS2 & KPS2,PGCIL,GOA,3-2025,3/2027,-,466.00,-,0.00,-,CIVIL AVIATION
396,N18000412,AUGMENTATION OF BANASKANTHA (RAGHANESDA) PS (GIS),PGCIL,GOA,3-2025,3/2027,-,172.00,-,0.00,-,CIVIL AVIATION
397,N22000142,MIYAGAM-KARJAN-DABHOI- SAMLAYA (GC),WR,GOA,4-2011,3/2021,10/2026,844.10,844.10,597.62,41.00,CIVIL AVIATION
398,N22000504,ANAND GODHRA DOUBLING PROJECT 79 KMS,WR,GOA,4-2017,12/2024,2/2025,692.26,692.26,676.64,97.00,CIVIL AVIATION
399,N22000505,MEHSANA PALANPUR DOUBLING PROJECT 65.10 KMS,WR,GOA,4-2018,3/2024,10/2024,537.31,537.31,844.55,100.00,CIVIL AVIATION
400,N22000532,4TH LINE BETWEEN BAREJADI NANDEJ (GERATPUR)- SANAND (38.20 KM) (AHMEDABAD BYPASS).,WR,GOA,2-2023,3/2027,2/2027,961.67,961.67,108.78,16.00,CIVIL AVIATION
401,N22000533,QUADRUPLING BETWEEN GANDHIDHAM - ADIPUR WITH Y CONNECTION AT ADIPUR FOR PROVIDING DIRECT ENTRY TOWAR,WR,GOA,2-2023,12/2025,12/2025,152.44,152.44,62.26,32.00,CIVIL AVIATION
402,N22000535,RAJKOT-KANALUS (111.20 KM),WR,GOA,10-2021,10/2026,3/2026,"1,080.58","1,080.58","1,337.86",65.00,CIVIL AVIATION
403,N22000537,HIMMATNAGAR-KHEDBRAHMA (54.83 KM),WR,GOA,6-2022,2/2030,6/2025,354.99,482.42,834.53,84.00,CIVIL AVIATION
404,N22000538,PETLAD-BHADRAN (22.5 KM),WR,GOA,5-2022,5/2030,12/2025,202.50,307.12,80.49,8.00,CIVIL AVIATION
405,N22000539,NADIAD-PETLAD (37.26 KM),WR,GOA,5-2022,6/2030,-,335.34,461.91,73.29,7.00,CIVIL AVIATION
406,N22000540,SAMLAYA-TIMBA ROAD (53.53 KM),WR,GOA,2-2023,3/2030,7/2026,670.00,670.17,89.31,12.00,CIVIL AVIATION
407,N22000541,SAMNI-JAMBUSAR (24.08 KM),WR,GOA,5-2022,3/2030,12/2025,216.72,349.93,86.23,25.00,CIVIL AVIATION
408,N22000547,VIJAPUR-AMBLIYASAN (41.53 KM),WR,GOA,5-2022,3/2030,7/2025,309.81,415.38,565.62,85.00,CIVIL AVIATION
409,N22000548,ADRAJ MOTI-VIAJAPUR (39.75 KM),WR,GOA,5-2022,5/2030,7/2025,296.54,-,20.09,65.00,CIVIL AVIATION
410,N22000550,NEW BG LINE BETWEEN NALIYA- JAKHAU PORT,WR,GOA,2-2023,1/2028,9/2026,410.46,410.46,33.63,2.00,CIVIL AVIATION
411,N22000551,NEW BG LINE INTERSECTION (5 NOS) BETWEEN GERATPUR- SANAND AND BOTAD- AHMEDABAD (16.51 KM) (PB29/NR/20,WR,GOA,10-2022,10/2027,2/2027,437.21,-,23.75,-,CIVIL AVIATION
412,N22000592,TARANGA HILL ABU ROAD VIA AMBAJI NEW LINE,NWR,GOA,7-2022,7/2030,-,"2,798.16",-,"1,020.70",11.00,CIVIL AVIATION
413,N22000600,JUNAGARH -VISAVADAR (42.28) KM,RVNL,GOA,6-2022,9/2028,-,493.00,-,0.00,-,CIVIL AVIATION
414,N22000622,MODASA- SHAMLAJI NEW LINE ( MM OF AHMEDABAD- HIMMATNAGAR-UDAIPUR (299.2 KM)),WR,GOA,9-2012,3/2027,2/2026,261.68,261.68,649.60,55.00,CIVIL AVIATION
415,N24000567,FOUR LANING OF BHAVNAGAR- TALAJA SECTION OF NH-8E FROM KM. 7.090 TO KM. 53.585 (DESIGN CH FROM KM. 6.,NHAI,GOA,5-2016,8/2019,-,998.18,-,802.89,100.00,CIVIL AVIATION
416,N24000569,FOUR LANING OF KAGAVADAR - UNA SECTION OF NH-8E FROM KM 139.915 TO KM 180.478 (PACKAGE-IV) IN THE ST,NHAI,GOA,5-2016,9/2019,5/2024,723.64,-,562.31,97.00,CIVIL AVIATION
417,N24000570,FOUR LANING OF UNA TO KODINAR OF NH-8E FROM KM. 180.478 TO KM 221.610 (PACKAGE-V) IN THE STATE OF GU,NHAI,GOA,5-2016,8/2019,-,763.08,-,520.19,99.54,CIVIL AVIATION
418,N24000592,4-LANNING OF KODINAR TO VERAVAL SECTION OF NH-8E FROM KM 221.610 TO KM 263.000,NHAI,GOA,7-2016,7/2020,-,829.97,-,486.93,96.63,CIVIL AVIATION
419,N24000649,SIX LANNING FROM KM. 401.200 TO 494.410 OF NH-8 ON HYBRID ANNUITY MODE UNDER NHDP- V(PKG VI)REG.,NHAI,GOA,1-2017,12/2020,10/2025,"1,251.11","1,527.75",684.97,89.22,CIVIL AVIATION
420,N24000834,CONSTRUCTION OF EIGHT LANE VADODARA KIM EXPRESSWAY FROM KM 254.430 TO KM 279.000 (KIM TO ANKLESHWAR,NHAI,GOA,3-2018,10/2021,5/2025,"1,161.39","1,738.03",679.63,83.00,CIVIL AVIATION
421,N24000925,CONSTRUCTION OF MISSING LINKS (SINGLE LANE) IN LAKHPAT GADULI HAJIPIR ODMA KHAVDA DHOLAVIRA MAUVANA,MoRTH,GOA,10-2018,11/2020,9/2024,400.76,394.44,287.04,87.00,CIVIL AVIATION
422,N24001427,CONSTRUCTION OF ROB WITH APPROACHES IN LIEU OF L C NO 165 OF AHMEDABAD PALANPUR BETWEEN RAILWAY STAT,MoRTH,GOA,6-2020,4/2023,9/2024,166.21,-,97.12,93.00,CIVIL AVIATION
423,N24001443,CONSTRUCTION OF FOUR LANE EXPRESSWAY FROM START OF SARDAR PATEL RING ROAD TO SINDHREJ VILLAGE (CH. 0,NHAI,GOA,5-2020,3/2024,6/2025,690.30,929.95,828.47,93.27,CIVIL AVIATION
424,N24001444,CONSTRUCTION OF FOUR LANE EXPRESSWAY FROM START OF SINDHREJ VILLAGE (CH. 22.00 TO CH. 48.52) SECTION,NHAI,GOA,5-2020,1/2024,6/2025,882.00,"1,229.37",979.04,86.22,CIVIL AVIATION
425,N24001445,CONSTRUCTION OF FOUR LANE EXPRESSWAY FROM START OF VEJALLKA VILLAGE TO START OF DSIR ZONE OF AHMEDAB,NHAI,GOA,5-2020,7/2023,5/2025,691.52,903.85,872.33,98.75,CIVIL AVIATION
426,N24001446,CONSTRUCTION OF FOUR LANE EXPRESSWAY FROM START OF DSIR ZONE OF AHMEDABAD DISTRICT TO ADHELAI VILLAG,NHAI,GOA,5-2020,12/2023,5/2025,894.00,"1,210.06","1,130.52",96.11,CIVIL AVIATION
427,N24001515,DELHI VADODARA GREENFIELD ALIGNMENT SECTION OF NH 148N PACKAGE 26,NHAI,GOA,9-2020,2/2024,-,"1,542.02",-,969.46,68.35,CIVIL AVIATION
428,N24001516,DELHI VADODARA GREENFIELD ALIGNMENT SECTION OF NH 148N PACKAGE 27,NHAI,GOA,9-2020,2/2024,4/2025,"1,185.69",-,979.62,93.52,CIVIL AVIATION
429,N24001518,DELHI VADODARA GREENFIELD ALIGNMENT SECTION OF NH 148N PACKAGE 30,NHAI,GOA,11-2019,9/2023,-,"1,669.56",-,"1,066.35",96.90,CIVIL AVIATION
430,N24001519,DELHI VADODARA GREENFIELD ALIGNMENT SECTION OF NH 148N PACKAGE 28,NHAI,GOA,9-2020,11/2023,-,"1,198.55",-,911.04,95.78,CIVIL AVIATION
431,N24001520,DELHI VADODARA GREENFIELD ALIGNMENT SECTION OF NH 148N PACKAGE 31,NHAI,GOA,11-2019,5/2024,-,"1,604.06",-,"1,241.40",95.73,CIVIL AVIATION
432,N24001785,UP-GRADATION TO 4-LANE WITH PAVED SHOULDER OF BHIMASAR JUNCTION OF NH-41 TO ANJAR BHUJ UPTO AIRPORT,NHAI,GOA,3-2022,6/2025,-,"1,373.06","1,085.00",594.59,83.06,CIVIL AVIATION
433,N24001786,CONSTRUCTION OF EIGHT LANE ACCESS CONTROLLED EXPRESSWAY FROM KM 103.400 TO KM 128.000 OF VADODARA MU,NHAI,GOA,3-2021,3/2024,-,"1,259.00","2,652.24",278.29,34.08,CIVIL AVIATION
434,N24001788,CONSTRUCTION OF EIGHT LANE ACCESS CONTROLLED EXPRESSWAY FROM KM 217.500 TO KM 254.430 OF VADODARA MU,NHAI,GOA,7-2020,12/2023,-,"2,271.86","3,372.97","1,101.59",98.10,CIVIL AVIATION
435,N24001789,CONSTRUCTION OF EIGHT LANE EXPRESSWAY FROM KM 190.000 TO KM 217.500 GANDEVA TO ENA SECTION OF VADODA,NHAI,GOA,7-2020,8/2023,-,"1,710.30","2,665.08",891.83,90.56,CIVIL AVIATION
436,N24001790,SANCHORE - SANTALPUR FROM KM 67.000- KM 99.000 OF NH- 754K (AJ-RGBS-PACKAGE-3),NHAI,GOA,2-2020,8/2023,12/2024,752.30,-,452.13,98.14,CIVIL AVIATION
437,N24001792,4L OF BAL WORKS OF TALAJA - MAHUVA FROM 54.990 KM. TO 100.450 KM. OF OLD NH-8E (PACKAGE-II),NHAI,GOA,3-2021,9/2022,-,536.03,-,480.77,100.00,CIVIL AVIATION
438,N24001793,4L OF BAL WORKS OF MAHUVA TO KAGVADAR FROM 100.450 KM. TO 140.470 KM. OF NH-8E (PKG- III),NHAI,GOA,3-2021,9/2022,-,485.75,-,393.88,99.36,CIVIL AVIATION
439,N24001794,SANCHORE - SANTALPUR FROM KM 99.000- KM 130.073 OF NH- 754K (AJ-RGBS-PACKAGE-4),NHAI,GOA,2-2020,3/2023,12/2024,778.15,-,547.22,99.70,CIVIL AVIATION
440,N24001827,4L KODINAR - VERAVAL (PACKAGE VI) FROM KM. 222.400 TO KM. 230.00 (KODINAR BYPASS) OF NH-8E (NH 51 NE,NHAI,GOA,3-2022,3/2023,-,162.73,-,131.79,100.00,CIVIL AVIATION
441,N24002014,UPGRADATION AND STRENGTHENING TO 2 LANE PS FROM KM 95/500 TO KM 129/775 OF NH 168 G IDAR BHILODA SA,MoRTH,GOA,9-2022,12/2023,12/2025,237.28,-,0.34,-,CIVIL AVIATION
442,N24002034,UPGRADATION TO 4L PS DIVIDED CARRIAGEWAY FROM PATAN (NEAR RAJPUR) TO GOJARIYA FROM KM 52.000 TO KM 1,NHAI,GOA,12-2021,3/2025,-,"1,181.34","1,181.00",515.21,74.72,CIVIL AVIATION
443,N24002035,WIDENING TO 6L OF EXISTING 4L JETPUR - GONDAL - RAJKOT SECTION FROM KM. 117.600 TO KM. 185.00 ON NH-,NHAI,GOA,9-2023,9/2025,-,"2,070.44",-,740.96,20.77,CIVIL AVIATION
444,N24002117,UPGRADATION OF DHORAJI JAMKANDORNA KALAVAD SECTION OF NH 927D FROM DESIGN CHAINAGE KM 00 TO KM 58.11,MoRTH,GOA,10-2022,2/2024,2/2026,246.60,291.00,27.57,15.00,CIVIL AVIATION
445,N24002118,UPGRADATION TO TWO LANE WITH PAVED SHULDER CONFIGUARATION FROM KM 00 TO 47 OF NH 351 MAHUVA TO BADHA,MoRTH,GOA,12-2022,2/2024,8/2025,173.06,-,0.15,-,CIVIL AVIATION
446,N24002182,WORK OF DEVELOPMENT AND CONSTRUCTION OF ELEVATED CORRIDORFROM KM 38/660 TO KM 42/690 (ISCON JUNCTION,MoRTH,GOA,3-2023,3/2026,-,530.20,-,0.00,-,CIVIL AVIATION
447,N24002183,"WIDENING 2 LANE TO 4-LANE FROM KM 92/320 TO KM 115/320 (VAV CHOKDI-SATLASANA TO TO VRUNDAVAN CHOKDI,",MoRTH,GOA,3-2022,3/2026,-,151.13,-,0.00,-,CIVIL AVIATION
448,N28000122,AHMEDABAD METRO RAIL PROJECT PHASE 1,AMR,GOA,11-2014,12/2018,-,"10,773.00",-,"12,462.07",99.88,"URBAN
DEVELOPMENT"
449,N28000137,AHMEDABAD METRO RAIL PROJECT PHASE II,AMR,GOA,3-2019,3/2024,-,"5,384.17",-,"3,999.66",85.10,"URBAN
DEVELOPMENT"
450,N28000138,SURAT METRO RAIL PROJECT,AMR,GOA,3-2019,3/2024,-,"12,020.32",-,"6,685.69",64.30,"URBAN
DEVELOPMENT"
451,N21000032,"ALL INDIA INSTITUTE OF MEDICAL SCIENCES AT MANETHI, HARYANA.",HITES,GOA,3-2019,3/2023,3/2026,"1,294.34","1,294.34",244.20,19.00,"HEALTH AND
FAMILY
WELFARE"
452,N28000147,"C/o separate family accommodation (Phase-I) on EPC basis for SSB at Faridabad (Haryana)""",CPWD FOR MHA,GOA,1-2020,10/2023,3/2025,166.98,170.23,132.08,96.00,HOME AFFAIRS
453,N16000375,R and D CAMPUS II AT FARIDABAD,IOCL,GOA,6-2019,12/2022,7/2025,"2,281.94","3,219.94","1,697.83",62.60,PETROLEUM
454,N16000412,CAPACITY EXPANSION OF PANIPAT REFINERY FROM 15 TO 25 MMTPA,IOCL,GOA,2-2021,9/2024,12/2025,"34,627.00","38,231.00","19,698.88",85.20,PETROLEUM
455,N16000458,POLY BUTADIENE RUBBER PLANT AT PANIPAT,IOCL,GOA,3-2022,3/2025,6/2026,"1,459.00","2,948.62",904.44,63.90,PETROLEUM
456,N22000604,DOUBLING BETWEEN BHIWANI- DOBH BAHALI,NWR,GOA,2-2023,2/2028,-,471.06,-,97.11,41.00,RAILWAYS
457,N22000606,DOUBLING BETWEEN REWARI- KATHUWAS (27.73 KM),NWR,GOA,2-2023,6/2027,-,352.41,-,158.65,31.00,RAILWAYS
458,N24001532,"CONSTRUCTION OF 4-LANE NH- 344P-PACKAGE-4 (FROM KM 0+000 TO KM 29+600, 29.6KM), STARTING FROM BAWANA",NHAI,GOA,11-2021,11/2023,1/2024,694.00,"1,918.00","1,682.82",100.00,RAILWAYS
459,N24001533,CONSTRUCTION OF 4-LANE GREEN FIELD DELHI-AMRITSAR- KATRA EXPRESSWAY (NE-05) FROM JUSSUR KHERI ON KMP,NHAI,GOA,11-2020,12/2023,-,"1,690.23",-,"1,451.11",98.50,RAILWAYS
460,N24001534,CONSTRUCTION OF FOUR-LANE GREENFIELD DELHI-AMRITSAR- KATRA EXPRESSWAY FROM JUNCTION WITH ROHTAK-PANIP,NHAI,GOA,12-2020,1/2024,4/2024,"1,334.04",-,"1,044.27",99.00,RAILWAYS
461,N24001535,4-LANING OF GOHANA-SONIPAT (PKG-2) SECTION FROM KM 40.601 TO KM 78.837 (LENGTH = 38.236KM) OF NH-352,NHAI,GOA,7-2020,7/2022,5/2024,899.00,"1,882.46","1,123.98",97.10,RAILWAYS
462,N24001536,FOUR LANING OF JIND GOHANA GREENFIELD ALIGNMENT PACKAGE 1 IN THE STATE OF HARYANA UNDER HYBRID ANNUI,NHAI,GOA,7-2020,7/2022,-,817.00,"1,605.00","1,026.56",99.90,RAILWAYS
463,N24001633,CONSTRUCTION OF FOUR LANE GREENFIELD PROJECT OF DELHI-AMRITSAR-KATRA EXPRESSWAY (PHASE-I PKG-III) F,NHAI,GOA,12-2020,12/2023,3/2024,"1,430.88","1,813.91","1,122.45",99.90,RAILWAYS
464,N24001634,CONSTRUCTION OF FOUR LANE GREENFIELD PROJECT OF DELHI-AMRITSAR-KATRA EXPRESSWAY (PHASE-I PKG-IV) FRO,NHAI,GOA,1-2021,12/2023,3/2024,"1,306.95","1,564.14",942.66,99.97,RAILWAYS
465,N24001635,4 LANING OF JAGADHRI TAJEWALA ROAD SECTION OF NH 907 (OLD NH 73A) UNDER NH(O) (PKG 1) IN THE STATE O,NHAI,GOA,3-2022,2/2025,-,"1,269.50",-,233.00,51.00,RAILWAYS
466,N24001673,4- LANING OF ROHTAK-JIND SECTION FROM KM. 307+000 TO KM. 347+800 OF NH-71 AND CONNECTING LINK FROM K,NHAI,GOA,3-2020,3/2023,11/2024,510.97,-,529.00,95.50,RAILWAYS
467,N24001774,CONSTRUCTION OF GURGAON - PATAUDI - REWARI SECTION OF NH-352W (DESIGN LENGTH 46.11 KM) AS FEEDER ROU,NHAI,GOA,12-2020,11/2023,-,"1,524.03",-,"1,092.97",64.79,RAILWAYS
468,N24001775,CONSTRUCTION OF PROPOSED REWARI BYPASS (DESIGN LENGTH 14.4 KM) NH-11 AS A FEEDER ROUTE IN THE STATE,NHAI,GOA,2-2020,1/2023,12/2024,808.31,-,915.12,100.00,RAILWAYS
469,N24002037,UPGRADATION OF EXISTING 4 LANE ISMAILABAD-AMBALA SECTION (KM. 0+000 TO KM 42+500) (PART OF AMBALA-KO,NHAI,GOA,1-2023,12/2025,-,609.32,609.00,180.20,43.80,RAILWAYS
470,N24002038,CONSTRUCTION OF 6-LANE GREENFIELD KARNAL RING ROAD STARTING FROM NH-44 NEAR VILLAGE SHAMGARH (DESIGN,NHAI,GOA,11-2022,8/2025,-,"1,691.45","1,998.00",649.71,58.76,RAILWAYS
471,N24002039,CONSTRUCTION OF 6-LANE GREENFIELD AMBALA RING ROAD STARTING FROM JUNCTION WITH SHAMLI- AMBALA SECTION,NHAI,GOA,2-2023,10/2025,-,"1,088.64","1,178.00",391.51,45.00,RAILWAYS
472,N24002040,DEVELOPMENT OF SIX-LANE ACCESS CONTROLLED HIGHWAY FROM RANIPUR BARSI (SAHARANPUR DISTRICT) TO ADHOYA,NHAI,GOA,4-2022,5/2025,-,"1,554.21",-,517.05,54.00,RAILWAYS
473,N24002041,DEVELOPMENT OF SIX-LANE ACCESS CONTROLLED HIGHWAY FROM ADHOYA MUSALMANA (AMBALA DISTRICT) TO SADOPUR,NHAI,GOA,4-2022,5/2025,-,"1,491.71",-,706.26,49.70,RAILWAYS
474,N24002042,CONSTRUCTION OF 4-LANING OF BHIWANI HANSI ROAD SECTION OF NH 148B (DESIGN LENGTH 42.934 KM) UNDER BH,NHAI,GOA,11-2022,12/2025,-,"1,322.13",-,354.52,73.13,RAILWAYS
475,N24002043,CONSTRUCTION OF 4-LANE GREENFIELD JALBEHRA - SHAHBAD SECTION OF NH ? 152G FROM KM 0+000 TO KM 22+850,NHAI,GOA,3-2022,6/2025,-,927.22,"1,173.66",458.86,78.65,RAILWAYS
476,N24002044,4L AMBALA - KALAAMB FROM KM. -0.800 TO KM. 33.015 OF OLD NH-72,NHAI,GOA,6-2023,6/2025,-,629.16,-,216.00,88.00,RAILWAYS
477,N24002048,CONSTRUCTION OF GREENFIELD CONNECTIVITY TO JEWAR INTERNATIONAL AIRPORT FROM DND FARIDABAD BALLABHGAR,NHAI,GOA,7-2022,6/2025,-,"2,414.67","2,898.00","1,229.90",45.56,RAILWAYS
478,N42000008,ESTABLISHMENT OF PERMANENT CAMPUS PHASE 1 OF IIM SIRMAUR,CPWD EDUCATION,GOA,9-2018,6/2022,12/2024,392.51,-,316.16,91.50,RAILWAYS
479,N42000011,CONSTRUCTION OF PERMANENT CAMPUSES OF CENTRAL UNIVERSITY OF HIMACHAL PRADESH AT DEHRA AND DHARAMSHAL,CPWD,GOA,3-2021,11/2024,7/2025,512.37,300.45,144.32,70.00,RAILWAYS
480,180100210,PARBATI HEP (4X200 MW) (NHPC) II,NHPC,GOA,9-2002,9/2009,4/2025,"3,919.59",-,"12,832.59",100.00,POWER
481,N18000279,LUHRI HYDROELECTRIC PROJECT (STAGE1),SJVN,GOA,11-2020,1/2026,-,"1,810.56",-,"1,704.72",51.32,POWER
482,N18000291,DHAULASIDH HYDROELECTRIC PROJECT (66 MW),SJVN,GOA,10-2020,11/2025,-,687.97,-,851.02,66.20,POWER
483,N18000344,SUNNI DAM HYDRO ELECTRIC PROJECT,SJVN,GOA,1-2023,4/2028,-,"2,614.51",-,935.08,28.58,POWER
484,N22000273,BHANUPALI-BILASPUR BERI NL,RVNL,GOA,4-2008,12/2026,-,"13,370.29",-,"5,369.57",-,RAILWAYS
485,N24000613,FOUR LANNING OF NERCHOWK- PANDOH BYPASS SECTION OF NH-21(PACKAGE-I KM 190.000 TO KM 221.305) UNDER NH,NHAI,GOA,9-2016,7/2020,-,"1,273.71",-,"1,439.49",96.68,RAILWAYS
486,N24000852,"FOUR LANING OF SOLAN- KAITHLIGHAT SECTION OF NH- 22 (NOW NH-5) FROM KM 106.139 TO KM 129.050, ON EPC M",NHAI,GOA,3-2018,5/2021,12/2024,478.74,-,"1,349.59",83.00,RAILWAYS
487,N24001381,REHABILITATION AND UPGRADATION TO 2-LANE/2- LANE WITH PAVED SHOULDERS/4-LANE CONFIGURATION OF PAONTA,MoRTH,GOA,8-2020,4/2021,-,272.98,-,140.69,-,RAILWAYS
488,N24001382,REHABILITATION AND UPGRADATION TO 2-LANE CONFIGURATION OF HEWNA- ASHYARI SECTION (KM 25.000 TO KM 50.,MoRTH,GOA,8-2020,3/2021,-,242.80,-,96.76,90.94,RAILWAYS
489,N24001383,REHABILITATION AND UPGRADATION TO INTERMEDIATE LANE CONFIGURATION OF SHRI KYARI-GUMMA SECTION (KM 75,MoRTH,GOA,8-2020,4/2021,-,349.20,-,239.34,100.00,RAILWAYS
490,N24001422,REHABILITATION AND UPGRADATION TO 2-LANE CONFIGURATION OF ASHYARI- SHRI KYARI SECTION (KM 50.000 TO K,MoRTH,GOA,2-2021,9/2021,-,345.89,-,152.01,90.02,RAILWAYS
491,N24001447,REHABILITATION AND UPGRADATION TO 2-LANE CONFIGURATION OF HAMIRPUR- KARNOHAL SECTION (KM 141.000 TO K,MoRTH,GOA,8-2020,12/2024,-,371.93,-,154.04,80.00,RAILWAYS
492,N24001470,REHABILITATION AND UPGRADATION TO 2-LANE CONFIGURATION OF KALWAHAN-MANDI SECTION (KM 208.950 TO KM 2,MoRTH,GOA,8-2020,4/2025,-,314.32,-,49.26,44.00,RAILWAYS
493,N24001808,REHABILITATION AND UPGRADING FROM 2 L TO 4 L FROM BHANGBAR(NEAR RANITAL) TO KANGRA BYPASS SECTION OF,NHAI,GOA,3-2021,12/2024,12/2024,"1,322.95","1,442.47",887.60,96.61,RAILWAYS
494,N24001809,CONVERSION OF PARTIALLY EXCAVATED ESCAPE TUNNEL TO UNIDIRECTIONAL TWO LANE TUNNEL (INCLUDING CONSTRU,NHAI,GOA,5-2022,3/2024,12/2024,469.95,-,302.91,97.90,RAILWAYS
495,N24001810,4L SUNDER NAGAR BYPASS FROM KM173.900 TO KM 179.600 OF NH-21 IN THE STATE OF HP,NHAI,GOA,2-2022,6/2024,-,190.60,-,103.48,100.00,RAILWAYS
496,N24001811,4L OF MO - SIHUNI FROM KM. 42.00 TO KM. 51.00 OF OLD NH- 20 (NEW NH-154) (PACKAGE-IB),NHAI,GOA,4-2021,6/2024,-,583.93,770.00,171.98,99.96,RAILWAYS
497,N24001812,4L OF HP/PUNJAB BO4L OF HP/PUNJAB BORDER - MO FROM KM. 11.00 TO KM. 42.00 OF OLD NH-20 (NEW NH-154),NHAI,GOA,3-2021,5/2024,-,"1,002.11","1,361.79",189.98,45.67,RAILWAYS
498,N24001813,4L OF END OF PINJORE BYPASS - BADDI - NALAGARH SECTION (KM. 4.200 TO KM. 35.370) OF NH21A,NHAI,GOA,7-2021,9/2024,-,"1,692.05",-,942.14,21.60,RAILWAYS
499,N24001915,IMPROVEMENT/CONSTRUCTION OF EXISTING CLASS-5 ROAD TO NH INTERMEDIATE LANE SPECIFICATION WITH HARD SH,BRO,GOA,3-2021,6/2026,-,230.54,-,20.16,20.16,RAILWAYS
500,N24001916,IMPROVEMENT/CONSTRUCTION OF EXISTING CLASS 5 ROAD TO NH INTERMEDIATE LANE SPECIFICATION WITH HARD SH,BRO,GOA,3-2021,5/2026,-,314.67,-,76.05,44.00,RAILWAYS
501,N24002049,PKG NAME: 4L OF KATHLIGHAT TO SHAKRAL VILLAGE FROM KM 128.835 TO KM 146.300 OF NH- 5 (SHIMLA BYPASS,NHAI,GOA,3-2022,4/2026,-,"1,703.48","2,278.00",651.98,14.50,RAILWAYS
502,N24002050,REHABILITATION AND UPGRADATION TO 4L CONFIGURATION and STRENGTHENING OF SIHUNI TO RAJOL FROM KM 51.0,NHAI,GOA,2-2022,9/2025,-,696.65,698.46,367.52,61.78,RAILWAYS
503,N24002051,CONSTRUCTION OF NEW 2 LANE WITH PAVED SHOULDER OF HAMIRPUR BYPASS (PACKAGE IVA) OF NH-88 (NEW NH-103,NHAI,GOA,7-2022,10/2025,-,739.39,-,328.46,78.00,RAILWAYS
504,N24002052,REHABILITATION AND UP- GRADATION OF EXISTING ROAD TO 2L PS FROM END OF HAMIRPUR BYPASS (NEAR CHILBAHA,NHAI,GOA,2-2022,4/2025,-,"1,146.19",-,918.75,65.30,RAILWAYS
505,N24002192,REHABILITATION AND UP- GRADATION TO 4L CONFIGURATION AND STRENGTHENING OF THANPURI TO PAROR SECTION F,NHAI,GOA,6-2022,12/2025,-,815.69,815.69,378.19,28.90,RAILWAYS
506,N28000154,CONSTRUCTION OF PERMANENT CAMPUS OF CENTRAL UNIVERSITY OF HIMACHAL PRADESH AT DEHRA AND JADRANGAL (D,CPWD,GOA,4-2022,11/2024,-,512.34,-,0.00,-,"URBAN
DEVELOPMENT"
507,N04000107,JAMMU - CONSTRUCTION OF NEW CIVIL ENCLAVE,AAI,GOA,7-2022,6/2026,-,861.37,-,133.82,29.50,CIVIL AVIATION
508,N28000130,CONSTRUCTION OF PERMANENT CAMPUS OF IIM JAMMU (PHASE 1),CPWD EDUCATION,GOA,3-2019,7/2022,1/2025,424.93,-,448.15,96.00,"DEPARTMENT
OF HIGHER
EDUCATION"
509,N28000131,CONSTRUCTION OF PERMANENT CAMPUS IIT JAMMU (PHASE 1C),CPWD EDUCATION,GOA,1-2018,4/2023,4/2025,676.00,"1,144.68",54.75,100.00,"DEPARTMENT
OF HIGHER
EDUCATION"
510,N21000029,"CONSTRUCTION OF AIIMS AT JAMMU VIJAYPUR, SAMBA JAMMU AND KASHMIR",CPWD FOR HEALTH,GOA,3-2019,9/2023,5/2025,"1,404.00","1,642.00","1,461.68",99.90,"HEALTH AND
FAMILY
WELFARE"
511,N28000150,C/O AIIMS AT AWANTIPORA (KASHMIR) JAMMU AND KASHMIR,CPWD FOR HEALTH,GOA,3-2019,9/2025,1/2025,"1,828.00","1,577.00",976.64,64.00,"HEALTH AND
FAMILY
WELFARE"
512,N16000500,SETTING UP A COMMON USER PETROLEUM TERMINAL AT JAMMU FOR RE-SITEMENT OF EXISTING DEPOTS OF PSU OMCS,BPCL,GOA,4-2021,3/2025,-,676.89,-,478.41,74.00,PETROLEUM
513,N16000527,CGD PROJECT AT JAMMU DISTRICTS,IOCL,GOA,3-2022,3/2032,9/2034,538.00,-,3.87,0.60,PETROLEUM
514,N18000172,PAKAL DUL HYDRO ELECTRIC PROJECT (1000 MW),CVPPPL,GOA,10-2014,4/2020,7/2025,"8,112.12",-,"6,321.40",67.90,PETROLEUM
515,N18000278,KIRU HYDRO ELECTRIC PROJECT,CVPPPL,GOA,3-2019,8/2024,-,"4,287.59",-,"2,503.38",59.14,PETROLEUM
516,N18000324,RATLE HE PROJECT,NHPC,GOA,2-2021,2/2026,-,"5,281.94",-,932.07,22.10,PETROLEUM
517,N18000363,KWAR HE PROJECT,CVPPPL,GOA,5-2022,11/2026,-,"4,526.12",-,"1,083.48",20.80,PETROLEUM
518,N18000417,TRANSMISSION SCHEME FOR EVACUATION OF POWER FROM RATLE HEP (850 MW) & KIRU (624 MW): PART B,PGCIL,GOA,3-2025,3/2027,-,219.00,-,0.00,-,PETROLEUM
519,220100133,"UDHAMPUR-SRINAGAR- BARAMULLA (NL),NR",NR,GOA,3-1995,8/2024,12/2024,"37,012.00","37,012.26","42,328.83",100.00,RAILWAYS
520,N24000488,FOUR LANING OF UDHAMBUR - RAMBAN SECTION OF NH-1A,NHAI,GOA,12-2015,12/2018,5/2025,"2,136.97","2,644.00","2,386.51",99.50,RAILWAYS
521,N24000717,CONSTRUCTION OF STAND ALONE RING ROAD/ BYPASS AROUND JAMMU CITY IN THE STATE OF J AND K ON EPC MODE,NHAI,GOA,12-2017,7/2021,5/2025,"1,471.75","1,471.75","1,715.72",98.64,RAILWAYS
522,N24000868,UP-GRADATION TO 4-LANE WITH PAVED SHOULDER OF JAMMU- AKHNOOR ROAD SECTION OF NH-144A FROM GANESH VIHA,NHIDCL,GOA,3-2018,7/2021,8/2023,253.44,-,187.74,82.10,RAILWAYS
523,N24001256,CONSTRUCTION OF (I) CONNECTING ROAD FROM Z- MORH TUNNEL TO ZOJILA TUNNEL AND (II) 14.150 KM LONG BI-D,NHIDCL,GOA,8-2020,9/2026,-,"6,808.69",-,"3,013.84",49.92,RAILWAYS
524,N24001264,UP-GRADATION TO 2-LANE WITH PAVED SHOULDER FROM KM 12.850 TO KM20.300 OF 7.450KM LENGTH ON GOHA-KHEL,NHIDCL,GOA,7-2020,4/2022,10/2024,228.39,-,67.60,87.60,RAILWAYS
525,N24001266,UP-GRADATION TO 2-LANE WITH PAVED SHOULDER FROM KM 20.300 TO KM 29.030 OF 8.730 KM LENGTH ON GOHA-K,NHIDCL,GOA,7-2020,4/2022,11/2023,210.79,-,71.00,90.14,RAILWAYS
526,N24001323,KHELLANI-KHANABAL PKG-1,NHIDCL,GOA,3-2021,9/2022,10/2024,486.45,-,126.73,96.58,RAILWAYS
527,N24001341,KHELLANI-KHANABAL PKG-3,NHIDCL,GOA,3-2021,12/2022,10/2024,398.51,-,80.64,95.52,RAILWAYS
528,N24001394,KHELLANI-KHANABAL PKG-2,NHIDCL,GOA,7-2021,2/2023,6/2025,512.43,-,71.65,51.21,RAILWAYS
529,N24001395,KHELLANI-KHANABAL PKG-4,NHIDCL,GOA,7-2021,8/2023,12/2025,859.67,-,190.91,44.02,RAILWAYS
530,N24001396,KHELLANI-KHANABAL PKG-5,NHIDCL,GOA,7-2021,2/2023,3/2025,497.09,-,172.85,87.14,RAILWAYS
531,N24001397,GOHA-KHELLANI PKG-3,NHIDCL,GOA,2-2021,3/2023,2/2025,431.28,-,365.12,100.00,RAILWAYS
532,N24001472,BALANCE WORKS OF FOUR LANING FROM RAMBAN KM 151.00 TO BANIHAL KM 187.00 OF NH-1A (NOW NH-44) WITH VA,NHAI,GOA,9-2021,12/2023,6/2024,811.19,-,848.57,99.00,RAILWAYS
533,N24001511,CONSTRUCTION OF FOUR LANE RINGROAD BYPASS SRINAGAR CITY,NHAI,GOA,3-2021,2/2024,4/2025,"2,919.96",-,"2,293.76",67.50,RAILWAYS
534,N24001543,FOUR LANING OF JAMMU- AKHNOOR PKG-1,NHIDCL,GOA,7-2022,1/2025,-,245.34,-,57.03,38.48,RAILWAYS
535,N24001550,DELHI-AMRITSAR-KATRA EXPRESSWAY (PHASE-II PKG- XVI) EXISTING JAKH (VIJAYPUR)- KUNJWANI SECTION OF NH-4,NHAI,GOA,9-2021,9/2024,9/2025,"1,821.72","1,917.32","1,005.24",81.20,RAILWAYS
536,N24001551,DELHI-AMRITSAR-KATRA EXPRESSWAY (PHASE-II PKG- XIV) FROM JUNCTION WITH PATHANKOT-GURDASPUR ROAD (NH-5,NHAI,GOA,10-2021,9/2024,7/2025,"3,044.02","3,044.02","1,585.04",70.15,RAILWAYS
537,N24001552,DELHI-AMRITSAR-KATRA EXPRESSWAY (PHASE-II PKG- XV) [JUNCTION WITH HIRANAGAR ROAD NEAR VILLAGE GURHA B,NHAI,GOA,10-2021,9/2024,9/2025,"2,714.95","2,714.95","1,641.42",83.50,RAILWAYS
538,N24001619,CORRIDOR EFFICIENCY IMPROVEMENT INCLUDING REMOVAL OF BLACK SPOTS IN LAKHANPUR - SAMBA SECTION OF NH-,NHAI,GOA,8-2022,6/2024,6/2025,200.05,200.05,153.05,58.60,RAILWAYS
539,N24001620,CONSTRUCTION OF TUNNELS/VIADUCTS AT IDENTIFIED SLIDING/SLIP ZONES AT KM 130.550 TO KM.130.750; KM.,NHAI,GOA,9-2021,10/2023,12/2025,442.14,-,328.36,19.88,RAILWAYS
540,N24001621,"4L OF KM.165.092 TO KM.171.855 (NORTH BOUND) AND FROM KM.166.895 TO KM.173.638 (SOUTH BOUND), EXCL.",NHAI,GOA,7-2021,8/2024,6/2025,614.48,-,185.83,7.00,RAILWAYS
541,N24001622,4L TWIN TUBE TUNNEL INCLUDING APPROACHES FROM DIGDOL TO KHUNI NALLAH (NORTH BOUND CONNECTING WITH EX,NHAI,GOA,7-2021,6/2024,6/2025,"1,401.87",-,686.33,-,RAILWAYS
542,N24001623,BANIHAL BYPASS (DELINKED FROM SRINAGAR - BANIHAL) FROM KM. 187.00 TO KM. 189.350,NHAI,GOA,1-2020,1/2024,4/2025,336.01,-,222.92,34.00,RAILWAYS
543,N24001624,CONSTRUCTION OF EMERGENCY LANDING FACILITY FROM KM. 246.60 TO KM. 249.70 ON SRINAGAR - BANIHAL SECTI,NHAI,GOA,7-2019,10/2020,4/2023,157.05,-,139.54,100.00,RAILWAYS
544,N24001627,4L OF TWIN TUBE TUNNEL CONFIGURATION INCLUDING APPROACHES FROM MAROG TO DIGDOL (FROM KM.154.210 TO K,NHAI,GOA,7-2021,2/2025,5/2026,"1,912.17",-,129.05,-,RAILWAYS
545,N24001833,JAMMU - AKHNOOR SECTION OF NH 144A PKG-3B,NHIDCL,GOA,7-2022,3/2025,-,198.28,-,85.39,71.09,RAILWAYS
546,N24001897,REHABILITATION AND UPGRADATION TO 2 LANE WITH PAVED SHOULDER FROM EXISTING CHAINAGE KM 102 TO KM 13,BRO,GOA,3-2021,7/2024,3/2025,642.24,-,345.14,95.00,RAILWAYS
547,N24001898,REHABILITATION AND UPGRADATION TO 2 LANE WITH PAVED SHOULDER FROM EXISTING CHAINAGE KM 30.000 TO K,BRO,GOA,7-2020,11/2024,-,272.49,-,133.66,88.00,RAILWAYS
548,N24001899,REHABILITATION AND UPGRADATION TO 2 LANE WITH PAVED SHOULDER FROM EXISTING CHAINAGE KM 134.95 TO KM,BRO,GOA,2-2021,7/2024,-,395.25,-,140.42,64.00,RAILWAYS
549,N24001900,REHABILITATION AND UPGRADATION TO 2 LANE WITH PAVED SHOULDER FROM EXISTING CHAINAGE KM 49.150 TO KM,BRO,GOA,3-2020,8/2024,-,796.97,-,323.85,79.00,RAILWAYS
550,N24001901,REHABILITATION AND UPGRADATION TO 2 LANE WITH PAVED SHOULDER FROM EXISTING CHAINAGE KM 64.535 TO K,BRO,GOA,3-2020,9/2023,-,152.93,-,90.30,78.27,RAILWAYS
551,N24001926,CONSTRUCTION OF TWIN TUBE TUNNELS ON JAMMU KASHMIR RING ROAD (NH-244A) BETWEEN DESIGN CH. 50+600 TO,NHAI,GOA,3-2023,6/2025,-,939.86,-,475.07,63.93,RAILWAYS
552,N24001998,"CONSTRUCTION OF 4 LANE WITH PAVED SHOULDER FROM (DESIGN CH. 14+200 TO 24+400), (DESIGN CH. 35+300 TO",BRO,GOA,6-2022,8/2025,-,832.46,-,227.50,46.00,RAILWAYS
553,N24002059,2L NH-1 FROM KM 8.660 TO KM 33.775 (SUMBAL TO WAYUL) TO 4L DUAL CARRIAGEWAY NH STANDARD AS PART OF S,NHAI,GOA,9-2022,6/2026,6/2026,"1,183.60",-,185.45,11.75,RAILWAYS
554,N24002060,DELHI AMRITSAR KATRA EXPRESSWAY (PHASE-II PKG XVIII) DEVELOPMENT AND UPGRADATION OF FOUR LANE ACCESS,NHAI,GOA,3-2023,11/2025,-,"1,107.00",-,291.41,36.79,RAILWAYS
555,N24002061,4/6L ACCESS CONTROL EXPRESSWAY FROM DESIGN CHAINAGE KM 515.000 TO 528.300 (KUNJWANI TO SIDHRA SECTIO,NHAI,GOA,8-2022,6/2025,-,"2,474.47",-,923.45,36.20,RAILWAYS
556,N24002119,REHABILITATION AND UPGRADATION TO 2 LANE WITH PAVED SHOULDER FROM DESIGN CHAINAGE KM 162.800 TO KM,BRO,GOA,10-2022,1/2026,-,562.45,-,99.06,25.00,RAILWAYS
557,N24002179,CONSTRUCTION OF 4 LANE WITH PAVED SHOULDER (PATTAN BYPASS) GREENFIELD BYPASS FROM EXISTING CH. KM 24,BRO,GOA,3-2023,7/2026,-,980.21,-,300.02,8.00,RAILWAYS
558,N24002180,REHABILITATION AND UPGRADATION TO 2 LANE WITH PAVED SHOULDER FROM EXISTING CHAINAGE KM 166.100 TO KM,BRO,GOA,9-2021,7/2026,-,734.64,-,19.60,8.00,RAILWAYS
559,N24002185,CONSTRUCTION OF 2 LANE WITH PAVED SHOULDERS (BARAMULLA BYPASS) GREENFIELD BYPASS FROM EXISTING CH. K,BRO,GOA,3-2023,9/2026,-,992.43,-,338.33,-,RAILWAYS
560,N24002210,WIDENING AND STRENGTHENING OF RAFIABAD- KUPWARA-CHOWKIBAL- TANGDHAR-CHAMKOT (NH-701) ROAD FROM DESIGN,BRO,GOA,3-2024,5/2027,-,"1,404.94",-,0.00,-,RAILWAYS
561,N06000087,RAJRAPPA RCE OCP ( 3.0 MTY),CCL,GOA,12-2009,3/2016,-,510.85,-,488.57,75.00,RAILWAYS
562,N06000096,MURAIDIH UG TURN-KEY PROJECT,BCCL,GOA,2-2011,4/2014,-,339.88,-,190.48,70.00,RAILWAYS
563,N06000098,MOONIDIH XV SEAM UG,BCCL,GOA,8-2011,3/2019,-,"1,230.27",-,603.82,81.00,RAILWAYS
564,N06000169,CHITRA EAST (RCE) OCP,ECL,GOA,8-2018,3/2026,3/2026,513.98,-,227.24,51.00,RAILWAYS
565,N06000186,TETARIAKHAR EXPANSION OCP,CCL,GOA,11-2019,3/2023,-,243.52,-,44.64,24.00,RAILWAYS
566,N06000193,PACHWARA SOUTH COAL BLOCK,NLC,GOA,7-2013,9/2028,-,"2,242.92","2,242.90",583.81,54.00,RAILWAYS
567,N06000194,PATHERDIH 2.5 NLW COAL WASHERY,BCCL,GOA,10-2015,4/2018,-,334.27,-,135.25,45.00,RAILWAYS
568,N06000216,REVISED PROJECT REPORT MAGADH EXPANSION OCP,CCL,GOA,8-2020,3/2028,-,"7,254.37",-,"1,495.43",29.00,RAILWAYS
569,N06000217,EXPANSION PROJECT AMRAPALI OCP,CCL,GOA,8-2020,3/2028,-,"5,136.15",-,"1,063.25",41.00,RAILWAYS
570,N06000218,UCE OF EPR OF NORTH URIMARI OCP,CCL,GOA,7-2021,3/2029,-,778.80,-,694.11,75.00,RAILWAYS
571,N06000237,KOTRE BASANTPUR PACHMO OCP,CCL,GOA,8-2020,3/2032,-,625.40,625.40,441.24,41.00,RAILWAYS
572,N06000238,CHANDRAGUPT OCP,CCL,GOA,8-2020,3/2032,-,973.50,-,339.32,12.40,RAILWAYS
573,N06000239,SIRKA OCP,CCL,GOA,5-2020,3/2028,-,222.82,-,139.31,60.00,RAILWAYS
574,N06000240,JHARKHAND LAIYO OCP,CCL,GOA,8-2020,3/2031,-,764.57,-,145.80,28.00,RAILWAYS
575,N06000241,EPR TAPIN SOUTH OCP,CCL,GOA,11-2020,3/2028,-,230.41,-,20.77,18.30,RAILWAYS
576,N06000242,EPR PUNDI OCP,CCL,GOA,11-2020,3/2027,-,713.35,-,236.57,21.00,RAILWAYS
577,N06000243,EPR ROHINI KARKATA OCP,CCL,GOA,1-2021,3/2028,-,"1,020.42",-,83.44,11.70,RAILWAYS
578,N06000245,EXPANSION OF KONAR OCP,CCL,GOA,1-2022,3/2032,-,799.34,-,416.73,32.00,RAILWAYS
579,N06000246,EXPANSION OF KARO OCP,CCL,GOA,1-2022,3/2029,-,908.47,-,217.68,20.00,RAILWAYS
580,N06000247,EXPANSION OF ASHOK OCP,CCL,GOA,5-2021,3/2028,-,"2,898.28",-,176.50,20.00,RAILWAYS
581,N06000273,AMALGAMATED NTST KUJAMA OCP 8.5 MTY,BCCL,GOA,1-2023,3/2030,-,"4,011.85",-,397.65,25.00,RAILWAYS
582,N06000275,HURA C OC,ECL,GOA,8-2022,3/2029,-,859.41,-,442.98,62.00,RAILWAYS
583,N06000280,CHUPERBHITA- SIMLONG OCP,ECL,GOA,12-2023,3/2037,3/2037,979.08,-,0.00,-,RAILWAYS
584,N06000287,BLOCK-E OCP (15 MTY),BCCL,GOA,3-2024,3/2029,-,"5,850.83",-,5.85,2.00,RAILWAYS
585,N28000067,2000 BOYS HOSTEL(1000 DOUBLE BEDDED ROOM) AT ISM DHANBAD,CPWD EDUCATION,GOA,9-2012,3/2016,-,171.86,-,174.48,99.00,"DEPARTMENT
OF HIGHER
EDUCATION"
586,N16000445,DEVELOPMENT OF JHARIA CBM BLOCK (PHASE-1),ONGC,GOA,11-2019,1/2024,3/2025,431.00,-,186.95,57.90,"DEPARTMENT
OF HIGHER
EDUCATION"
587,N16000480,LAYING OF NATURAL GAS PIPELINE FROM HAZARIBAGH TO RANCHI,IOCL,GOA,3-2023,2/2026,-,202.07,-,48.39,42.06,"DEPARTMENT
OF HIGHER
EDUCATION"
588,N16000497,CGD PROJECT IN BIHAR JHARKHAND,HPCL,GOA,6-2022,6/2030,-,"1,377.00",-,274.32,22.00,"DEPARTMENT
OF HIGHER
EDUCATION"
589,N18000177,NORTH KARANPURA STPP (3X660 MW),NTPC,GOA,2-2014,6/2019,10/2022,"16,242.90",-,"16,745.68",98.00,POWER
590,N18000275,PATRATU STPP-I (3X800MW),NTPC,GOA,11-2017,3/2023,-,"17,112.00",-,"16,305.18",81.00,POWER
591,N18000367,BADAM COAL MINING PROJECT,NTPC,GOA,2-2019,10/2024,4/2027,501.79,784.39,302.22,59.79,POWER
592,N18000370,KERANDARI COAL MINING PROJECT,NTPC,GOA,9-2015,11/2019,3/2025,"1,553.00","2,896.64","2,014.94",64.00,POWER
593,220100305,"KODERMA-TILAIYA (NL), ECR",ECR,GOA,4-2002,3/2023,-,"1,625.87","1,625.87","2,000.95",80.00,POWER
594,N22000396,BONDAMUNDA RANCHI DOUBLING,SER,GOA,3-2016,6/2024,-,"3,029.04","3,029.04","2,349.31",83.00,POWER
595,N22000508,LODHMA TO PISKA LINK LINE BY PASSING HATIA/RANCHI WITH Y CONNECTION (17.2 KM),SER,GOA,4-2018,6/2026,-,501.52,-,275.66,2.00,POWER
596,N22000529,DOUBLING OF PRADHANKHUNTA JN - PATHERDIH BAZAR-BHOJUDIH,ECR,GOA,11-2022,11/2027,-,202.00,349.22,57.76,2.00,POWER
597,N22000595,KHARAGPUR-ADITYAPUR - 3RD LINE (132 KM),RVNL,GOA,12-2015,3/2025,-,"3,249.98",-,"2,899.45",-,POWER
598,N22000599,3RD LINE BETWEEN DHANBAD SONNAGAR,RVNL,GOA,11-2016,3/2026,-,"8,975.00",-,"4,705.38",-,POWER
599,N22000610,GARHWA ROAD - RAIL OVER RAIL,ECR,GOA,3-2017,6/2024,-,262.71,-,221.66,70.00,POWER
600,N22000611,GOMOH - FLYOVER FOR DOWN TRAINS,ECR,GOA,1-2018,3/2023,-,686.03,-,385.56,45.00,POWER
601,N24000726,SIX LANING OF BIHAR - JHARKHAND BORDER (CHORDAHA) TO GORHAR SECTION,NHAI,GOA,1-2018,11/2021,6/2025,"1,155.16",-,657.82,70.00,POWER
602,N24001216,WIDENING TO 2 LANE WITH PAVED SHOULDERS AND GEOMETRIC IMPROVEMENT OF NH-114A FROM KM 141 TO KM 184 I,MoRTH,GOA,12-2016,9/2021,-,196.00,-,164.21,90.10,POWER
603,N24001589,HARIHARGANJ TO PARWA MODE SECTION FROM KM 23.284 TO KM 57.049 OF NH-98,NHAI,GOA,9-2020,3/2024,12/2024,755.26,-,621.92,85.80,POWER
604,N24001590,4L FROM KM 196.87 (SANKHA) TO KM 219.6 (KHAJURI) ON NH- 75 [REHLA / GARHWA BYPASS],NHAI,GOA,9-2020,10/2023,12/2024,748.99,-,831.75,100.00,POWER
605,N24001594,ELEVATED CORRIDOR IN RANCHI CITY FROM KM 0.00 TO KM 3.260 OF NH-75 INCLUDING DOWN RAMP ON NH-23 FROM,NHAI,GOA,2-2022,1/2025,3/2025,534.73,-,155.31,97.00,POWER
606,N24001595,4L OF PALMA TO GUMLA SECTION OF NH23 FROM KM. 26.00 TO KM. 89.170 ON HAM MODE IN THE STATE OF JHARKH,NHAI,GOA,8-2020,3/2024,6/2025,"1,034.00","1,879.55",41.50,96.50,POWER
607,N24001596,4L OF MIRZA CHAUKI TO FARKKA SECTION OF NH80 FROM KM 215.00 TO KM 260.00 ON HAM MODE IN THE STATE OF,NHAI,GOA,11-2021,7/2023,6/2025,"1,302.72","1,504.80",875.86,74.51,POWER
608,N24001854,FOUR LANING WITH PAVED SHOULDER OF SECTION FROM KM 53.600 (GOLA ON NH-320) TO KM 81.446 (ORMANJHI ON,NHAI,GOA,6-2023,6/2025,-,"1,214.93","1,324.95",998.69,70.00,POWER
609,N24001922,WIDENING TO 2-LANE WITH PAVED SHOULDER FROM KM 0.00 TO 44.00 (KURU-GHAGHRA SECTION) OF NH-143A INCLU,MoRTH,GOA,2-2020,8/2023,-,153.01,-,83.63,96.23,POWER
610,N24001923,WIDENING AND STRENGTHENING OF EXISTING PAVEEMNT TO TWO LANE WITH PAVED SHOULDERS FROM KM 116.00 TO K,MoRTH,GOA,1-2022,7/2024,-,315.21,-,117.26,80.00,POWER
611,N24001924,WIDENING AND STRENGTHENING TO TWO LANE WITH PAVED SHOULDER/TWO LANE+ PAVED SHOULDER WITH SERVICE ROA,MoRTH,GOA,3-2022,8/2025,-,514.22,-,15.19,6.10,POWER
612,N24001925,WIDENING AND STRENGTHENING/RECONSTRUC TION TO TWO LANE WITH PAVED SHOULDER/ TWO LANE WITH PAVED SHOUL,MoRTH,GOA,3-2022,8/2025,-,423.18,-,0.11,-,POWER
613,N24002053,FOUR LANING OF KHAJURI TO WYNDHAMGANJ FROM KM 219.600 TO KM 260.483 ON NH-75 PKG SEC-V ON HAM,NHAI,GOA,4-2022,9/2025,-,"1,232.00","1,343.00",606.60,77.45,POWER
614,N24002054,FOUR LANING OF BHOGU TO SANKHA FROM KM 147.450 TO KM 196.870 ON NH-75 PKG SEC- III,NHAI,GOA,10-2022,11/2025,-,"1,390.77","1,391.00",296.46,65.95,POWER
615,N24002055,FOUR LANING OF BASUKINATH- DEOGHAR SECTION OF NH-114A FROM KM 85.081 TO KM 130.240 UNDER NHDP PHASE-I,NHAI,GOA,3-2023,12/2025,-,"1,444.94",-,0.00,-,POWER
616,N24002056,BHARATMALA PARIYOJANA OF BOKARO JAINA MORE - GOLA SECTION OF NH-320 FROM KM. 21.110 TO KM. 53.600 IN,NHAI,GOA,6-2020,6/2025,-,964.64,-,432.70,52.91,POWER
617,N24002057,FOUR LANING OF MEHGAMA HANSDIHA SECTION OF NH-33 FROM EXISTING KM 41.900 TO 93.000 IN THE STATE OF J,NHAI,GOA,12-2022,5/2025,-,"1,443.77",-,0.00,-,POWER
618,N12000095,NEW SINTER PLANT AT BOKARO STEEL PLANT,SAIL,GOA,3-2015,10/2017,11/2026,"1,034.01","1,752.30",874.42,51.75,STEEL
619,N12000129,REVAMPING OF OLD SUB SYSTEM OF BLAST FURNACE 3 AT BOKARO STEEL PLANT,SAIL,GOA,9-2023,7/2025,11/2025,513.82,-,153.95,62.00,STEEL
620,N12000133,REBUILDING OF COKE OVEN BATTERY NO.6 OF BOKARO STEEL PLANT,SAIL,GOA,11-2023,11/2026,-,627.31,-,80.19,31.00,STEEL
621,N12000135,REPLACEMENT OF REMAINING 04 NOS. OF BATTERY CYCLONES WITH 04 NOS. OF ESPS IN SINTER PLANT-1 AT BSL,SAIL,GOA,3-2024,6/2026,-,260.37,-,39.21,10.00,STEEL
622,N12000142,REPLACEMENT OF EXISTING GRINDERS IN CRM-I & II AT BOKARO STEEL PLANT,SAIL,GOA,1-2025,1/2027,-,211.94,-,0.00,-,STEEL
623,N12000143,SECONDARY EMISSION CONTROL IN CONVERTERS OF SMS-II AT BOKARO STEEL PLANT,SAIL,GOA,1-2025,10/2026,-,207.13,-,0.00,,STEEL
624,N04000105,BELAGAVI AIRPORT- EXPANSION OF TERMINAL BUILDING AND ASSOCIATED WORKS,AAI,GOA,6-2023,2/2026,-,322.45,-,88.75,38.00,CIVIL AVIATION
625,N04000108,HUBBALI AIRPORT - CONSTRUCTION OF NEW DOMESTIC TERMINAL BUILDING AND MISCELLANEOUS WORKS,AAI,GOA,6-2023,2/2026,-,320.47,-,49.67,27.00,CIVIL AVIATION
626,N42000006,"CONSTRUCTION OF PERMANENT CAMPUS FOR INDIAN INSTITUTE OF TECHNOLOGY, DHARWAD (PHASE 1A)",CPWD EDUCATION,GOA,7-2019,3/2022,6/2025,851.00,930.36,918.06,98.75,"DEPARTMENT
OF HIGHER
EDUCATION"
627,N42000010,ADDITIONAL INFRASTRUCTURE AT IISC BANGALORE SH RCC MONOLITHIC FOR MEN WOMEN HOSTEL,CPWD,GOA,8-2021,2/2024,11/2024,316.25,-,281.32,94.00,"DEPARTMENT
OF HIGHER
EDUCATION"
628,N16000369,CONSTRUCTION OF 80000MT LPG CAVERN AT MANGALORE,HPCL,GOA,12-2018,12/2022,8/2025,854.00,854.00,692.71,97.20,"DEPARTMENT
OF HIGHER
EDUCATION"
629,N16000437,"REVAMPING, AUGMENTATION OF FACILITIES AT EXISTING PORT TERMINAL AT MANGALORE",IOCL,GOA,1-2022,7/2025,12/2025,463.00,500.62,233.40,70.72,"DEPARTMENT
OF HIGHER
EDUCATION"
630,N16000509,POWER SYSTEM UPGRADATION PROJECT,MANGALORE REFIN,GOA,10-2023,2/2026,-,385.00,-,121.87,52.41,"DEPARTMENT
OF HIGHER
EDUCATION"
631,N16000536,DEMO PLANT FOR PRODUCTION OF BIO-ATF,MANGALORE REFIN,GOA,3-2024,3/2027,-,364.00,-,9.92,5.20,"DEPARTMENT
OF HIGHER
EDUCATION"
632,N18000385,TS FOR INTRGRATION OF RE ZONE (PHASE II) IN KOPPAL II (PHASE A and B) AND GADAG II (PHASE A) IN KARN,PGCIL,GOA,12-2023,12/2025,-,"2,889.00",-,602.00,24.90,POWER
633,N18000388,"TS FOR SOLAR ENERGY ZONE IN BIDAR (2500MW), KARNATAKA [BIDAR TRANSMISSION LTD]",PGCIL,GOA,2-2024,2/2026,-,"2,148.00",-,557.00,36.00,POWER
634,N18000409,SYSTEM STRENGTHENING AT KOPPAL-II AND GADAG-II FOR INTEGRATION OF RE GENERATION PROJECTS,PGCIL,GOA,1-2025,1/2027,-,"1,354.00",-,0.00,-,POWER
635,N18000410,AUGMENTATION OF TRANSFORMATION CAPACITY AT BIDAR PS,PGCIL,GOA,2-2025,2/2027,-,288.00,-,0.00,-,POWER
636,N22000256,TUMKUR-CHITRADURGA- DAVENGERE NL,SWR,GOA,4-2011,3/2019,-,"1,876.00",-,494.03,12.00,POWER
637,N22000258,BAGALKOT-KUDACHI NL,SWR,GOA,4-2010,3/2027,-,"1,378.00","1,378.00",627.04,34.00,POWER
638,N22000297,HOSPET-HUBLI-LONDA- VASCODAGAMA DL,RVNL,GOA,4-2010,3/2027,-,"5,060.36",-,"3,505.49",-,POWER
639,N22000299,GADAG-WADI NL,SWR,GOA,4-2013,3/2027,-,"2,841.84",-,"1,300.11",28.00,POWER
640,N22000308,MARIKUPPAM - KUPPAM,SWR,GOA,4-2012,3/2016,-,279.54,296.72,120.94,14.00,POWER
641,N22000486,KADUR CHIKMAGALUR SAKLESHPUR NEW LINE (93 KM),SWR,GOA,3-1996,6/2025,-,825.31,825.31,682.36,66.00,POWER
642,N22000542,BAIYYAPPANAHALLI-HOSUR (48 KM),NCRTC,GOA,4-2019,3/2026,-,375.67,-,0.00,-,POWER
643,N22000543,YESHVANTHPUR- CHANNASANDRA (21.7 KM),NCRTC,GOA,4-2019,3/2026,-,169.65,-,71.75,-,POWER
644,N22000557,BELGAUM-DHARWAD VIA KITTUR (73.10 KM) (UMBRELLA WORK PB#22/2019-20/NR),SWR,GOA,9-2020,12/2027,-,"1,590.80",927.42,0.72,-,POWER
645,N22000558,HASSAN (ALUR) - BELUR (32 KM) (UMBRELLA WORK PB#23/2018- 19/NR),SWR,GOA,6-2019,4/2028,-,748.86,748.85,0.88,1.00,POWER
646,N22000559,SHIMOGA-SHIKARIPURA- RANEBENNUR (UMBRELLA WORK PB#23/2018-19/NR),SWR,GOA,9-2019,12/2027,-,"1,453.73",994.47,71.25,7.00,POWER
647,N22000621,BANGALORE-WHITEFIELD- BANGALORE CITY- KRISHNARAJAPURAM QUADRUPLING,SWR,GOA,3-2018,6/2025,-,492.87,-,241.18,75.00,POWER
648,N24000334,STRENGTHENING AND WIDENING TO TWO LANE WITH PAVED SHOULDERS FROM KM.106.00 TO 153.00 OF NH-218 BIJAP,MoRTH,GOA,3-2015,11/2015,8/2024,165.67,-,126.47,99.00,POWER
649,N24000462,4-LANING OF GOA/KARNATAKA BORDER-KUNDAPUR SECTION,NHAI,GOA,7-2012,8/2016,1/2020,"1,655.01","1,990.99","1,818.12",97.80,POWER
650,N24000603,HOSPET-BELLARY-KARNATAKA AP BORDER,NHAI,GOA,8-2016,3/2019,5/2025,"1,167.42",-,"1,028.39",86.35,POWER
651,N24001156,WIDENING TO TWO LANE WITH PAVED SHOULDER FROM KM 544.200 TO KM 594.000 OF NH- 150A HOSMANE CROSS ? PA,MoRTH,GOA,1-2017,9/2017,5/2023,166.67,-,192.08,100.00,POWER
652,N24001157,IMPROVEMENTS AND RECONSTRUCTION TO TWO LANE WITH PAVED SHOULDERS FROM KM 243.20 TO KM 290.20 OF NH,MoRTH,GOA,8-2016,2/2017,7/2024,175.50,-,178.73,90.10,POWER
653,N24001158,RECONSTRUCTION TO TWO LANE WITH PAVED SHOULDERS FROM DS. CH. 442+180 (EX. KM 448.00) TO DS. CH.485+2,MoRTH,GOA,3-2018,6/2019,12/2023,159.97,-,113.15,100.00,POWER
654,N24001159,WIDENING TO TWO LANE WITH PAVED SHOULDERS FROM KM 20.150 TO KM 40.00 OF BC ROAD KOTTIGEHARA SECTION,MoRTH,GOA,1-2018,7/2018,-,159.70,-,142.88,100.00,POWER
655,N24001160,WIDENING TO TWO LANE WITH PAVED SHOULDER FROM KM 194.900 TO KM 243.200 OF NH- 234 BANAVARA-HULIYAR,MoRTH,GOA,9-2017,10/2018,4/2022,191.60,-,112.01,100.00,POWER
656,N24001161,WIDENING TO TWO LANE WITH PAVED SHOULDERS FROM 24.600 TO 70.063 OF MUDIGERE TO KADUR SECTION OF NH-,MoRTH,GOA,12-2017,1/2019,4/2022,297.30,-,277.27,100.00,POWER
657,N24001162,IMPROVEMENT AND RECONSTRUCTION TO TWO LANE WITH PAVED SHOULDERS FROM KM 489.845 (NEW KM.58.125) AN,MoRTH,GOA,3-2018,10/2018,11/2022,325.86,-,356.76,100.00,POWER
658,N24001164,WIDENING TO 2 LANE WITH PAVED SHOULDERS FROM KM 0 TO 54 OF NH-50 UNDER EPC MODE IN THE STATE OF KARN,MoRTH,GOA,10-2016,3/2017,7/2022,396.96,-,329.58,100.00,POWER
659,N24001165,WIDENING TO 2 LANE WITH PAVED SHOULDERS FROM KM 34.00 TO 70.900 OF NH-150 UNDER EPC MODE IN THE STAT,MoRTH,GOA,11-2016,3/2017,10/2021,314.90,-,233.95,100.00,POWER
660,N24001166,WIDENING TWO LANE WITH PAVED SHOULDERS FROM FROM KM.56.00 TO 106.00 OF NH- 218 (218-KNT-2014-15-775),MoRTH,GOA,3-2015,1/2016,-,159.12,-,127.72,98.06,POWER
661,N24001168,ESTIMATE FOR WIDENING TWO LANE TO FOUR LANE FROM FROM KM.129.00 TO 144.00 OF NH-63 ANKOLA-GOOTY SECT,MoRTH,GOA,5-2018,5/2018,12/2023,171.60,-,129.72,100.00,POWER
662,N24001172,WIDENING TO TWO LANE WITH PAVED SHOULDER FROM KM 4.40 TO KM 56.00 OF NH-218 BIJAPURA-HUBLI SECTION U,MoRTH,GOA,1-2017,8/2017,-,291.49,-,238.77,100.00,POWER
663,N24001173,CONSTRUCTION OF MAJOR BRIDGE AT KM 180.865 ACROSS RIVER KRISHNA ON NH-167 HAGARI ? JADERCELA SECTION,MoRTH,GOA,2-2017,5/2019,-,157.32,188.00,43.16,60.00,POWER
664,N24001387,WIDENING TO 2-LANE WIH PAVED SHOULDER FROM KM. 544.20 TO 594.00 (HOSAMANE CROSS TO PANDAVAPURA) SECT,MoRTH,GOA,1-2017,9/2017,5/2023,264.34,-,201.07,100.00,POWER
665,N24001388,CONSTRUCTION OF MAJOR BRIDGE ACROSS SHARAVATHI BACKWATERS AND APPROCHES BETWEEN AMBARGODU AND KALASA,MoRTH,GOA,3-2019,12/2019,11/2024,423.15,-,268.97,82.00,POWER
666,N24001425,4L OF ADDAHOLE TO BANTWAL CROSS SECTION INCLUDING FLYOVER AT KALLADKA TOWN,NHAI,GOA,3-2021,11/2021,11/2025,"1,100.88","1,687.31","1,098.32",78.80,POWER
667,N24001426,4L OF ADDAHOLE TO BANTWAL CROSS SECTION,NHAI,GOA,3-2021,10/2021,5/2025,317.90,572.01,369.95,97.42,POWER
668,N24001598,6L FROM SANKESHWAR BYPASS TO MH KNT BORDER FROM KM. 555.017 TO KM. 592.853 OF NH- 48 (PKG II),NHAI,GOA,1-2022,4/2025,4/2025,"1,388.70","1,388.70",438.61,62.50,POWER
669,N24001599,BELAKERI PORT TO KUMTA - SIRSI ROAD FROM KM 0.00 - KM 4.265 OF BELEKERI PORT ROAD LINK RD. AND KM 4.,NHAI,GOA,3-2018,12/2022,12/2022,440.16,-,350.41,68.79,POWER
670,N24001674,BANGALORE/TN BORDER TO HOSKOTE,NHAI,GOA,2-2023,2/2025,9/2025,"1,240.60","1,240.60",935.35,80.20,POWER
671,N24001676,6L OF MH/KN BORDER (NIMBAL VILLAGE) TO KN/TS BORDER (SINGNODI VILLAGE) FROM KM. 26.000 TO KM. 97.000,NHAI,GOA,12-2022,6/2025,3/2026,"2,718.46",-,438.90,52.20,POWER
672,N24001677,BALANCE WORK OF 2L PS FROM KM 30.800 TO 70.800 AND 2L WITH RIGID CARRIAGEWAY FROM 70.800 TO KM 84.12,NHAI,GOA,11-2022,5/2024,5/2024,226.76,226.76,86.76,68.70,POWER
673,N24001679,6L FROM BELGAUM TO SANKESHWAR BYPASS FROM KM 515.000 TO KM 555.017 OF NH 48,NHAI,GOA,10-2022,4/2025,4/2025,"1,479.30","1,479.30",580.74,78.20,POWER
674,N24001680,4L OF SANNUR TO BIKARNAKATTE SECTION FROM KARKALA TO MANGALORE,NHAI,GOA,3-2021,10/2024,1/2026,"1,409.68","1,808.12",999.67,58.70,POWER
675,N24001681,TUMKUR - NELAMANGALA(6L),NHAI,GOA,8-2022,8/2025,3/2026,"2,032.15","2,032.15",182.43,51.58,POWER
676,N24001682,UPGRADATION 2/4 LANE NH CONNECTIVITY UNDER SAGARMALA SCHEME SH 2 HAVERI YEKAMBI SH 69 YEKAMBI KUMTA,NHAI,GOA,11-2021,3/2024,3/2024,294.62,309.90,55.68,15.06,POWER
677,N24001684,4L OF CHANNARAYAPATNA BYPASS AND HASSAN BYPASS WITH STRUCTURES IN DEVIHALLI -HASSAN SECTION,NHAI,GOA,9-2020,1/2023,9/2020,688.00,602.09,514.23,80.02,POWER
678,N24001687,FOUR LANING OF BETTADAHALLI TO SRIRAMPURA SECTION FROM KM. 166+100 (DESIGN KM. 170+415) TO KM. 217+0,NHAI,GOA,10-2021,10/2023,12/2025,"1,331.77","2,082.98",470.87,76.06,POWER
679,N24001936,BALANCE WORK OF CONTSRUCTION OF TWO/FOUR LANE WITH PAVED SHOULDER FROM KM. 54.370 TO KM. 101.400 (BI,MoRTH,GOA,3-2021,3/2023,7/2024,344.79,-,10.00,90.00,POWER
680,N24001937,BALANCE WORK OF REHABILITATION AND UPGRADING TO 2LANE/2LANE WITH PAVED SHOULDER CONFIGURATION AND ST,MoRTH,GOA,2-2023,2/2024,2/2025,398.48,-,5.00,50.00,POWER
681,N24001938,"CONSTRUCTION OF ELEVATED CORRIDOR FROM KM. 135.650 TO 136.300 ON 63, FROM KM. 249 TO KM. 250.050 ON",MoRTH,GOA,6-2021,6/2024,6/2025,298.00,-,10.70,52.00,POWER
682,N24001940,WIDENING TO 2 LANE WITH PAVED SHOULDERS FROM DESIGN KM 103.200 (EXISTING KM 103.200) TO DESIGN KM 11,MoRTH,GOA,1-2023,1/2026,9/2025,166.58,-,3.54,-,POWER
683,N24001941,WIDENING TO 4 LANE FROM KM. 133.00 TO 158.04 (DESIGN CHAINAGE KM. 130.88 TO 155.145) (SHIRUR CROSS T,MoRTH,GOA,1-2023,1/2025,1/2025,350.69,-,10.00,56.00,POWER
684,N24001943,WIDENING TO TWO LANE WITH PAVED SHOULDERS FROM KM. 33.13 TO KM. 40.23 AND KM. 52.00 TO KM. 71.00 (EX,MoRTH,GOA,9-2022,3/2024,1/2025,172.98,-,6.48,65.00,POWER
685,N24001944,WIDENING TO INTERMEDIATE/TWO LANE TO 2 LANE WITH PAVED SHOULDER FROM EXISTING CHANAGES KM 112.750 TO,MoRTH,GOA,1-2023,6/2024,7/2024,255.88,-,60.99,78.00,POWER
686,N24001945,WIDENING TO 2 LANE WITH PAVED SHOULDERS FROM KM 116.800 TO 149.070(DESIGN CHANGES) ON HOSADURGA HOL,MoRTH,GOA,8-2022,2/2024,12/2024,170.34,-,4.25,72.00,POWER
687,N24001946,"WIDENING TO 2 LANES WITH PAVED SHOULDERS FROM KM 24.400 TO 27.270, 40.500 TO 41.900, 84.300 TO 88.20",MoRTH,GOA,11-2022,11/2024,11/2024,218.93,-,10.00,95.00,POWER
688,N24001947,WIDENING TO EXISTING 2 LANE WITH PAVED SHOULDER TO 4 LANE WITH PAVED SHOULDER FROM DESIGN KM 153.00,MoRTH,GOA,2-2023,2/2025,2/2025,177.94,-,6.66,47.00,POWER
689,N24001948,WIDENING TO 4 LANE FROM KM 51.60 TO 76.20 (HEBRI TO PARKALA) AND FROM KM 85.20 TO 88.90 (KARAVALI JU,MoRTH,GOA,10-2022,10/2024,12/2024,355.72,-,11.32,60.00,POWER
690,N24001989,FOUR LANING OF LEFT OVER WORKS OF HOSPET BELLARY KARNATAKA/ AP BORDER FROM KM.280.080 TO KM. 375.450,NHAI,GOA,3-2023,5/2025,-,830.28,-,634.76,73.64,POWER
691,N24001993,DEVELOPMENT OF 6 LANE ACCESS CONTROLLED GREENFIELD HIGHWAY FROM KM. 97.000 TO KM. 162.500 MARADGI S,NHAI,GOA,12-2022,10/2025,-,"1,589.00",-,724.33,60.70,POWER
692,N24001994,4/6L OF BANGALORE - PUNE SECTION OF BYPASS CONNECTING DHARWAD - HUBLI FROM KM. 403.80 TO KM. 433.20,NHAI,GOA,5-2022,3/2023,-,"1,135.39",-,339.37,66.12,POWER
693,N24002011,BALANCE WORK OF CONSTRUCTION OF TWO/FOUR LANE WITH PAVED SHOULDER FROM KM 422.000 TO 523.600 ( CHITR,MoRTH,GOA,12-2021,6/2024,12/2024,516.96,-,19.93,70.00,POWER
694,N24002012,WIDENING TO TWO LANE WITH PAVED SHOULDERS FROM KM 40.00 TO KM 75.00 (EXISTING CHAINAGES) OF MANGALOR,MoRTH,GOA,3-2023,3/2025,3/2025,718.52,-,24.81,23.00,POWER
695,N24002013,CONSTRUCTION OF TWO LANE WITH PAVED SHOULDER FROM KM.0 TO KM. 80 ON NH 548B (VIJAYAPURA-SANKESWAR SE,MoRTH,GOA,3-2021,2/2022,10/2024,766.64,-,13.55,75.00,POWER
696,N24002186,WIDENING TO 2 LANE WITH PAVED SHOULDERS FROM DESIGN KM 103.200 (EXISTING KM 103.200) TO DESIGN KM 11,MoRTH,GOA,3-2024,9/2025,-,166.58,-,3.62,-,POWER
697,N24002187,CONSTRUCTION OF 2 LANE WITH PAVED SHOULDER FROM KM 55.6 TO KM 90.7 (EXISTING CHAINAGES) OF NH-766C (,MoRTH,GOA,2-2024,2/2026,-,313.56,-,53.65,-,POWER
698,N24002188,WIDENING TO 2L+PS FROM KM 71.00 TO 104.00 (EXISTING CHAINAGES) (SARJAPUR TO PATTADKALLU) ON BHANAPUR,MoRTH,GOA,3-2024,3/2026,-,445.62,-,33.24,-,POWER
699,N24002189,WIDENING TO TWO LANE WITH PAVED SHOULDERS FROM KM 0.00 (DESIGN CHAINAGE 0.00) TO KM 23.338 (DESIGN C,MoRTH,GOA,9-2024,3/2026,-,196.05,-,2.34,-,POWER
700,N12000136,"SCREENING PLANT-II, DONIMALAI",NMDC,GOA,9-2023,8/2026,-,"1,043.63",-,176.30,11.27,STEEL
701,N28000058,BANGALORE METRO RAIL PROJECT PHASE-2,BMRCL,GOA,2-2014,2/2021,-,"26,405.14",-,"20,936.29",89.00,"URBAN
DEVELOPMENT"
702,N28000151,BANGALORE METRO RAIL PROJECT LIMITED. PHASE. 2A AND 2B,BMRCL,GOA,6-2021,6/2026,-,"14,788.10",-,"2,424.04",30.00,"URBAN
DEVELOPMENT"
703,N04000111,CALICUT AIRPORT - DEVELOPMENT OF ADDITIONAL RESA ON EITHER END ON RUNWAY 10-28 AT CALICUT AIRPORT,AAI,GOA,6-2023,9/2025,-,484.57,-,54.09,16.50,CIVIL AVIATION
704,N28000140,"C/O PERMANENT CAMPUS OF IIT PALAKKAD PHASE IA AT PUDESSERY VILLAGE,KANJIKODE WEST, DISTRICT PALAKKA",CPWD EDUCATION,GOA,7-2019,3/2021,-,753.63,-,411.86,67.00,"DEPARTMENT
OF HIGHER
EDUCATION"
705,N28000112,C/O NEW HOSPITAL BLOCK FOR SREE CHITRA TIRUNAL INSTITIUTE OF MEDICAL SCIENCE AND TECHNOLOGY (SCTIMST,CPWD FOR HEALTH,GOA,9-2017,3/2020,5/2024,150.29,-,146.95,100.00,"HEALTH AND
FAMILY
WELFARE"
706,N16000508,REPLACEMENT AND EXTENSION OF JETTY PIPELINES AT KOCHI REFINERY,BPCL,GOA,3-2023,3/2026,-,621.87,-,166.60,78.30,PETROLEUM
707,N16000530,SETTING UP POLYPROPYLENE UNIT AT KOCHI REFINERY,BPCL,GOA,12-2023,10/2027,-,"4,460.00",-,214.40,9.60,PETROLEUM
708,N22000399,TRIVANDRUM-KANYAKUMARI DOUBLING,SR,GOA,2-2015,3/2024,-,"1,431.90",-,"3,184.42",42.10,PETROLEUM
709,N22000619,ERNAKULAM-KUMBALAM - PATCH DOUBLING (7.71 KM),SR,GOA,12-2010,3/2028,-,600.82,-,282.30,8.00,PETROLEUM
710,N22000620,KUMBALAM-THURAVUR - PATCH DOUBLING (15.59 KM),SR,GOA,12-2011,3/2027,-,812.85,-,268.32,7.00,PETROLEUM
711,N24000704,4-LANNING OF THALSERRY - MAHE BYPASS,NHAI,GOA,9-2017,5/2020,11/2023,"1,124.11","1,573.18","1,525.92",100.00,PETROLEUM
712,N24000784,6-LANING OF KOZHIKODE BYPASS (CALICUT BYPASS) (I.E. VENGALAM JN. TO RAMANATTUKARA JN.) SECTION OF NH,NHAI,GOA,2-2018,2/2023,12/2024,"1,424.77","2,065.95",901.96,93.63,PETROLEUM
713,N24001369,WIDENING TO 2 LANES WITH PAVED SHOULDERS FROM KM.87/000 TO 133/720 (NATTUKAL TO THANAU JN. IN PALAKK,MoRTH,GOA,2-2017,8/2017,3/2022,294.28,296.53,286.80,98.00,PETROLEUM
714,N24001370,WIDENING TO 2-LANE WITH PAVED SHOULDERS FROM KM 119/017 TO KM 161/300 ON NH 85 (OLD NH 49),MoRTH,GOA,2-2017,9/2017,1/2023,380.76,372.87,347.04,100.00,PETROLEUM
715,N24001648,CONSTRUCTION OF 6 LANE ELEVATED CORRIDOR ALONG WITH DEVELOPMENT OF EXISTING 4 LANE ROAD AT GROUND LE,NHAI,GOA,8-2022,1/2026,-,"2,429.52",-,"1,028.39",56.75,PETROLEUM
716,N24001649,SIX LANING OF PARAVOOR(DESIGN KM. 417+000) TO KOTTUKULANGARA(DESIGN KM. 454+500) SECTION OF NEW NH-6,NHAI,GOA,12-2021,2/2025,2/2025,"3,273.61",-,740.30,58.51,PETROLEUM
717,N24001650,SIX LANING OF KADAMBATTUKONAM TO KAZHAKKOOTTAM SECTION OF NH-66(OLD NH-47) FROM KM. 517+250 TO KM.54,NHAI,GOA,12-2021,1/2025,4/2026,"3,635.64",-,324.02,38.75,PETROLEUM
718,N24001651,SIX LANING OF THURAVOOR (DESIGN KM. 378+612) TO PARAVOOR (DESIGN KM.417+000) SECTION OF NEW NH-66 (O,NHAI,GOA,9-2021,9/2024,3/2026,"2,878.97",-,516.63,41.78,PETROLEUM
719,N24001652,6L MINOR BRIDGE (PALOLI PALAM) AT KM. 203.160 and MAJOR BRIDGE (MORAD) AT KM. 204.895 AND ALLIED WOR,NHAI,GOA,3-2020,6/2022,2/2024,210.37,216.94,198.10,100.00,PETROLEUM
720,N24001653,SIX LANING FROM KODUNGALLUR TO EDAPALLY SECTION OF NH ?66 (OLD NH-17) FROM DESIGN CHAINAGE 397+750 (,NHAI,GOA,11-2021,4/2025,-,"3,565.82",-,"1,997.30",60.14,PETROLEUM
721,N24001654,SIX LANING OF START OF KOLLAM BYPASS (KM.486+000) KADAMBATTUKONAM (KM.517+250) SECTION OF NEW NH-66,NHAI,GOA,6-2021,3/2025,2/2026,"2,641.37",-,607.07,76.02,PETROLEUM
722,N24001655,SIX LANING FROM KAPPIRIKKAD TO THALIKULAM SECTION OF NH ? 66 (OLD NH-17) FROM DESIGN CH. 335+850 (EX,NHAI,GOA,6-2021,2/2025,-,"3,606.00","3,946.56","3,120.23",70.41,PETROLEUM
723,N24001656,SIX LANING FROM THALIKULAM TO KODUNGALLUR SECTION OF NH ? 66 (OLD NH-17) FROM DESIGN CH.369+015 (EX.,NHAI,GOA,6-2021,3/2025,-,"2,595.00",-,"3,044.77",62.75,PETROLEUM
724,N24001657,SIX LANING OF KOTTUKULANGARA (DESIGN KM. 454+500) TO START OF KOLLAM BYPASS (DESIGN KM. 486+000) SEC,NHAI,GOA,6-2021,10/2024,12/2025,"2,842.14",-,477.69,70.53,PETROLEUM
725,N24001658,SIX LANING OF RAMANATTUKARA JUNCTION TO START OF VALANCHERY BYPASS SECTION OF NH-66 (OLD NH-17) FROM,NHAI,GOA,1-2021,7/2024,3/2025,"4,265.42",-,"3,474.21",99.10,PETROLEUM
726,N24001659,SIX LANING FROM START OF VALANCHERY BYPASS TO KAPPIRIKKAD-SECTION OF NH- 66(OLD NH-17) FROM DESIGN CH,NHAI,GOA,2-2021,7/2024,3/2025,"3,375.31","3,824.07","2,351.43",98.30,PETROLEUM
727,N24001660,SIX LANING OF THALIPARAMBHA- MUZHAPILANGAD SECTION FROM KM 137.900 TO KM. 170.600 OF NH-17 (NEW NH,NHAI,GOA,8-2020,2/2024,8/2025,"2,714.60","3,557.65","1,898.58",71.15,PETROLEUM
728,N24001661,6L OF AZHIYUR-VENGALAM FROM KM. 189.200 TO KM. 230.400 OF NH-66,NHAI,GOA,10-2020,4/2024,5/2025,"3,219.47","3,898.46","2,295.20",56.58,PETROLEUM
729,N24001662,SIX LANING OF KT/KL BORDER (THALAPPDY) TO CHENGALA SECTION OF NH17 (NEW NH-66) FROM CH. 17.200 TO CH,NHAI,GOA,5-2020,5/2024,11/2021,"1,981.07","2,651.79","1,540.36",93.85,PETROLEUM
730,N24001663,SIX LANING OF NEELESHWARAM TO THALIPARAMBHA SECTION FROM CH. 94+540 (EXISTING KM 96+450) TO CH. 134+,NHAI,GOA,6-2020,4/2024,10/2021,"3,041.65","3,867.66","2,387.89",80.60,PETROLEUM
731,N24001664,SIX LANING OF CHENGALA TO NEELESHWARAM SECTION OF NH-17 (NEW NH-66) FROM CH. 56+200 (EXISTING KM 57+,NHAI,GOA,6-2020,4/2024,10/2021,"1,746.45","2,538.06","1,250.34",78.55,PETROLEUM
732,N24002074,WIDENING/DEVELOPMENT OF EXISTING NH-85 FROM KM 0.000 TO KM 124.636 SECTION TO 2L/@L+PS SECTION IN TH,NHAI,GOA,8-2022,6/2025,-,"1,231.74",-,399.90,45.20,PETROLEUM
733,N28000158,KOCHI METRO RAIL PROJECT PHASE II FROM JLN STADIUM TO INFOPARK VIA KAKKANAD,KMRCL,GOA,7-2018,11/2026,-,"1,957.05",-,244.80,7.40,"URBAN
DEVELOPMENT"
734,N28000159,KOCHI METRO RAIL PROJECT PHASE IB SECTION FROM S N JUNCTION TO THRIPUNITHURA,KMRCL,GOA,6-2019,9/2023,-,355.70,448.00,1.64,100.00,"URBAN
DEVELOPMENT"
735,N04000078,CONSTRUCTION OF TERMINAL BUILDING AND ASSOCIATED WORKS AT LEH AIRPORT,AAI,GOA,7-2018,9/2021,10/2025,480.33,-,407.93,63.20,CIVIL AVIATION
736,N24001343,KARGIL-ZANSKR PACKAGE-1,NHIDCL,GOA,3-2021,1/2023,12/2024,384.23,-,162.54,60.40,CIVIL AVIATION
737,N24001344,KARGIL-ZANSKR PACKAGE-2,NHIDCL,GOA,3-2021,1/2023,2/2025,404.89,-,244.21,64.36,CIVIL AVIATION
738,N24001345,KARGIL-ZANSKR PACKAGE-3,NHIDCL,GOA,8-2020,1/2023,8/2025,381.01,-,230.28,74.11,CIVIL AVIATION
739,N24001348,KARGIL-ZANSKR PACKAGE-8,NHIDCL,GOA,3-2021,1/2023,8/2025,398.37,-,274.39,82.28,CIVIL AVIATION
740,N24001999,CONSTRUCTION OF REALIGNMENT BETWEEN PANDRASS- PASHKYUN (TOTAL LENGTH 27.10 KM) ON ROAD ZOZILA-KARGIL,BRO,GOA,11-2021,6/2025,-,426.14,-,16.27,37.00,CIVIL AVIATION
741,N04000087,UPGRADATION OF JABALPUR AIRPORT,AAI,GOA,6-2016,6/2021,7/2024,412.24,-,402.81,100.00,CIVIL AVIATION
742,N04000098,DEVELOPMENT OF GWALIOR AIRPORT PHASE 01,AAI,GOA,10-2021,8/2023,8/2024,446.12,455.00,451.41,100.00,CIVIL AVIATION
743,N06000125,KANCHAN OC EXPANSION,SECL,GOA,12-2014,3/2021,3/2026,371.04,-,136.72,47.00,CIVIL AVIATION
744,N06000148,AMADAND OPENCAST EXPANSION PROJECT,SECL,GOA,3-2016,3/2021,3/2027,869.44,-,271.74,73.00,CIVIL AVIATION
745,N06000183,GANDHIGRAM UG MINE,WCL,GOA,8-2019,3/2026,-,414.16,-,11.75,28.00,CIVIL AVIATION
746,N06000184,BLOCK-B EXPANSION OPENCAST PROJECT,NCL,GOA,7-2019,3/2023,-,998.71,-,431.21,29.48,CIVIL AVIATION
747,N06000196,NIGAHI EXPANSION OCP (15 TO 25 MTPA),NCL,GOA,11-2020,3/2025,-,"1,729.68",-,760.98,44.00,CIVIL AVIATION
748,N06000233,RAMPUR BATURA OC (4.0 MTY),SECL,GOA,7-2019,3/2026,-,"1,248.93",-,487.87,44.00,CIVIL AVIATION
749,N06000250,TAWA III UG MINE,WCL,GOA,12-2021,3/2027,-,314.09,-,0.56,9.00,CIVIL AVIATION
750,N06000257,AMALGAMATED DHANKASA JAMUNIA UG (1.84 MTY),WCL,GOA,9-2022,3/2027,-,399.20,-,64.13,42.00,CIVIL AVIATION
751,N06000260,VISHNUPURI UG TO OC,WCL,GOA,11-2022,3/2029,-,220.62,-,0.00,7.00,CIVIL AVIATION
752,N06000265,URDHAN OC,WCL,GOA,1-2023,3/2031,-,206.88,-,22.12,9.00,CIVIL AVIATION
753,N06000266,SHARDA UG,WCL,GOA,9-2023,3/2028,-,166.25,-,1.69,11.00,CIVIL AVIATION
754,N16000518,ETHYLENE CRACKER PROJECT AT BINA REFINERY INCLUDING DOWNSTREAM PETROCHEMICAL PLANTS AND EXPANSION OF,BPCL,GOA,5-2023,5/2028,-,"43,367.00",-,"1,577.00",11.50,PETROLEUM
755,N18000348,SHAJAPUR 325MW SOLAR PV PROJECT,NTPC,GOA,6-2022,3/2024,-,"1,530.49",-,"1,207.64",70.00,PETROLEUM
756,N18000392,TS FOR EVACUATION POWER RAJASTHAN REZ PH-IV (PART- 2:5.5GW) (JAISALMER/BARMER COMPLEX): PART-C,PGCIL,GOA,8-2024,8/2026,-,"2,708.00",-,75.00,18.70,PETROLEUM
757,N18000399,TRANSMISSION SYSTEM FOR EVACUATION OF POWER FROM RAJASTHAN REZ PH-IV [PART-2 5.5GW] [JAISALMER/BARME,PGCIL,GOA,10-2024,10/2026,-,"3,674.00",-,81.00,7.00,PETROLEUM
758,220100314,"RAMGANJMUNDI-BHOPAL (NL),WCR",WCR,GOA,4-2001,12/2025,12/2025,"3,032.00","3,032.46","3,423.90",69.00,PETROLEUM
759,N22000120,RATLAM-MHOW-KHANDWA- AKOLA (GC),WR,GOA,4-2008,2/2027,2/2027,"5,677.88","5,677.80","4,271.40",80.00,PETROLEUM
760,N22000351,KATNI - SINGRAULI DOUBLING PROJECT,WCR,GOA,12-2015,12/2026,12/2027,"2,445.29","2,445.30","3,092.70",90.00,PETROLEUM
761,N22000416,KATNI GRADE SEPARATOR/BYE PASS,WCR,GOA,8-2016,9/2024,6/2025,"1,247.64","1,247.64","1,404.52",89.00,PETROLEUM
762,N22000485,ANUPPUR-KATNI,SECR,GOA,4-2015,12/2021,12/2023,"1,860.94","1,680.00","1,913.51",100.00,PETROLEUM
763,N22000503,NIMACH BADI SADRI NEW LINE PROJECT,WR,GOA,4-2017,3/2022,-,495.18,-,276.02,20.00,PETROLEUM
764,N22000536,NIMACH-RATLAM (133 KM),WR,GOA,10-2021,10/2027,6/2025,"1,095.88","1,095.88","1,038.90",72.00,PETROLEUM
765,N22000554,SATNA - REWA (50 KM),WCR,GOA,11-2015,3/2026,-,500.00,40.00,1.41,80.00,PETROLEUM
766,N22000601,INDORE BUDNI (INDORE JABALPUR),RVNL,GOA,9-2018,9/2030,-,"7,474.01",-,"1,004.86",-,PETROLEUM
767,N24000513,UMARIYA TO SHAHDOL SECTION OF NH-78 IN MADYA PRADESH KM 68/4 TO 142/200,MoRTH,GOA,3-2015,8/2017,12/2023,511.83,-,478.84,93.06,PETROLEUM
768,N24000709,BALANCE WORK FOR FOUR LANING OF ITARSI TO BETUL SECTION OF NH69 FROM KM 63.000 TO KM 137.00 (DESIGN,NHAI,GOA,12-2017,2/2020,12/2024,950.27,-,643.90,99.50,PETROLEUM
769,N24001614,4LBERKHEDI TO GODPEHRA NH- 44,NHAI,GOA,2-2022,11/2024,-,524.84,-,"2,423.91",50.00,PETROLEUM
770,N24001615,4L OF SAGAR - MOHARI FROM KM.8 TO KM.50 (PKG-I),NHAI,GOA,3-2021,4/2024,5/2024,790.78,-,"2,139.29",75.00,PETROLEUM
771,N24001616,2L PS OF SATNA - MAIHAR SECTION OF NH-135BG FROM KM 80.800 TO KM 120.125,NHAI,GOA,1-2021,10/2023,-,428.04,-,351.97,100.00,PETROLEUM
772,N24001618,KATNI BYPASS FROM KM. 359.50 TO KM. 378.50,NHAI,GOA,9-2019,9/2022,-,194.40,235.00,207.60,98.84,PETROLEUM
773,N24001759,4L OF CHANDESARA TO KHEDAKHAJURIYA FROM KM. 0.000 TO (-) 750 AND KM 0.000 TO KM 41.400 OF NH-752D,NHAI,GOA,1-2020,6/2024,6/2025,909.84,-,502.49,99.00,PETROLEUM
774,N24001762,INDORE - HARDA (PKG-III) [NANASA TO PIDGAON SECTION FROM KM 95.000 TO KM 142.445],NHAI,GOA,10-2021,1/2024,12/2024,"1,146.22",-,662.24,91.21,PETROLEUM
775,N24001765,"ADDITIONAL WORKS (2VUPS, MR-10 JUNCTION FLYOVER AND UNDERPASS) IN SIX LANE INDORE-DEWAS SECTION OF N",NHAI,GOA,8-2022,7/2024,-,207.77,-,65.02,49.28,PETROLEUM
776,N24001766,INDORE - HARDA (PKG-I) [INDORE TO RAGHAV GARH FROM KM. 0.25 TO KM. 26.903],NHAI,GOA,1-2022,10/2024,-,"1,011.29",-,284.80,62.10,PETROLEUM
777,N24001767,4L OF INDORE - BOREGAON (PKG-III) [BALWARA TO DHANGAON] FROM KM. 42.260 TO KM. 82.660 OF NH347BG AND,NHAI,GOA,1-2021,4/2024,-,"1,001.69",-,517.00,82.09,PETROLEUM
778,N24001768,BALANCE WORK OF 4L OF INDORE-GUJARAT/MP BORDER FROM KM 106.210 TO KM 115.250 (START AND END POINT OF,NHAI,GOA,8-2019,4/2023,-,323.51,-,51.96,100.00,PETROLEUM
779,N24001770,4L OF OBEDULLGANJ - BUDNI SECTION FROM KM. 8.400 TO KM. 20.700 IN RATANPANI WILDLIFE AREA OF NH - 69,NHAI,GOA,2-2022,3/2024,3/2025,417.51,-,288.41,95.37,PETROLEUM
780,N24001921,2- LANE WITH PAVED SHOULDERS OF HINOTIYA TO MEHULWA FROM DESIGN KM 27+000 9OF EXISTING SH-19 KM 26+5,NHAI,GOA,8-2021,9/2025,-,581.65,592.03,186.33,39.53,PETROLEUM
781,N24001962,"CONSTRUCTION OF MIHONA BYPASS, LAHAR BYPASS, DABOH BYPASS and BHANDER BYPASS (TOTAL LENGTH 20.60 KM)",MoRTH,GOA,3-2022,12/2024,-,179.19,-,47.91,96.00,PETROLEUM
782,N24001963,UPGRADATION OF NASRULLAGANI-REHTI-BUDHNI SCCTION TO 2-LANE WITH PAVED SHOULDER FROM KM 0+150 TO KM,MoRTH,GOA,12-2021,10/2024,-,305.12,-,71.47,34.46,PETROLEUM
783,N24001964,UPGRADATION and WIDENING OF JHARKHEDA- BERASIA - DHOLKHEDI FROM DESIGN KM 0+000 TO KM 87+900 (DESIGN,MoRTH,GOA,3-2022,5/2025,-,365.21,-,112.27,64.00,PETROLEUM
784,N24001965,"REHABILITATION AND UPGRADATION OF KURWAI?MUNGAOLI?CHANDERI ROAD SECTION OF NH-346, FROM DESIGN CHAIN",MoRTH,GOA,3-2022,2/2025,-,386.49,-,77.42,48.77,PETROLEUM
785,N24001966,BALANCE WORK FOR REHABILITATION AND UP- GRADATION OF SIDHI- SINGRAULI FROM KM 82.400 TO KM 187.993 SEC,MoRTH,GOA,12-2020,4/2023,-,529.44,-,378.40,62.00,PETROLEUM
786,N24001967,4L GREENFIELD RUDHI TO DESHGAON (PKG V OF BETUL- KHANDWA/DESHGAON) - N/04015/06003/MP,NHAI,GOA,11-2018,10/2025,-,521.21,-,98.23,39.80,PETROLEUM
787,N24002018,REHABILITATION AND UPGRADATION TO 2-LANE WITH PAVED SHOULDER CONFIGURATION OF JIRAPUR- SUSNER-MP-RJ B,MoRTH,GOA,1-2022,3/2025,-,239.72,232.22,73.40,100.00,PETROLEUM
788,N24002019,UPGRADATION OF DINDORI- SAGARTOLA-KABICHABUTRA (MP-CG BORDER) SECTION OF NH -45 FROM KM 0+00(DESIGN),MoRTH,GOA,1-2022,9/2025,-,329.14,319.09,52.70,50.12,PETROLEUM
789,N24002020,"CONSTRUCTION OF KAITHI- PADARIA KALA BYPASS, PATNA- TAMOLI BYPASS, JASO BYPASS , NAGOD BYPASS (TOTAL L",MoRTH,GOA,3-2022,10/2025,-,158.36,158.00,22.68,30.00,PETROLEUM
790,N24002067,BALANCE WORK OF 4L OF NAURADEHI SANCTUARY DE- SCOPED STRETCH OF HIRAN RIVER TO SINDOOR RIVER FROM KM.,NHAI,GOA,1-2021,7/2023,-,178.18,-,161.64,93.10,PETROLEUM
791,N24002068,CONSTRUCTION OF 4-LANE FROM BARELA TO MANEGAON SECTION OF NH-30 FROM DESIGN CH. 2.900 TO DESIGN CH.,NHAI,GOA,12-2022,3/2025,-,652.33,-,334.34,71.32,PETROLEUM
792,N24002069,CONSTRUCTION OF ADDITIONAL 3 LANE WITH PAVED SHOULDER (DESIGN LENGTH 8.87 KM) AS REALIGNMENT OF BAKA,NHAI,GOA,7-2022,12/2024,-,209.29,-,140.22,100.00,PETROLEUM
793,N24002070,INDORE - EDLABAD (PKG-II) [TEJAJINAGAR TO BALWARA],NHAI,GOA,1-2022,1/2025,-,"1,162.80",-,488.48,80.00,PETROLEUM
794,N24002077,CONSTRUCTION OF (I) 4-LANE HIGHWAY FROM VIDISHA TO HINOTIYA FROM KM. 0.000 TO KM. 27.000 (LENGTH=27,NHAI,GOA,9-2022,12/2025,-,"1,000.63",-,289.65,50.10,PETROLEUM
795,N24002166,FOUR LANING OF RAGHOGARH (DESIGN CH.29.300/EXISTING CH. 29.555) TO NANASA (DESIGN CH.92.971/EXISTING,NHAI,GOA,3-2024,3/2026,3/2026,799.20,-,306.27,32.60,PETROLEUM
796,N24002200,BALANCE WORKS OF 4 LANE DIVIDED CARRIAGEWAY OF MISSING LINK SECTION OF NH- 39 (REWA BYPASS) FROM JUNC,NHAI,GOA,4-2024,4/2026,-,355.36,-,39.06,22.49,PETROLEUM
797,N38000001,CENTRE FOR DISABILITY SPORTS,CPWD,GOA,2-2019,3/2024,-,170.99,-,73.80,74.00,"SOCIAL
JUSTICE"
798,N28000124,BHOPAL METRO RAIL,MPMRCL,GOA,11-2018,2/2023,6/2028,"6,941.40",-,"2,937.30",39.76,"URBAN
DEVELOPMENT"
799,N28000125,INDORE METRO RAIL,MPMRCL,GOA,11-2018,2/2023,12/2028,"7,500.80",-,"3,677.77",52.18,"URBAN
DEVELOPMENT"
800,N04000079,"CONSTRUCTION OF NEW INTEGRATED TERMINAL BUILDING, RECONSTRUCTION OF OLD TERMINAL BUILDING, MODIFICAT",AAI,GOA,3-2017,4/2021,12/2023,475.39,-,532.88,100.00,CIVIL AVIATION
801,N04000096,"EXTENSION OF RUNWAY WITH BLAST PAD, RESA, TAXIWAY, APRON, GSE AREA, ISOLATION BAY, NEW DOMESTIC TERM",AAI,GOA,6-2017,12/2020,-,255.68,-,267.86,100.00,CIVIL AVIATION
802,N06000132,AMALGAMATED YEKONA-I YEKONA-II,WCL,GOA,8-2015,3/2025,-,727.28,-,530.02,86.00,CIVIL AVIATION
803,N06000179,UKNI DEEP OC,WCL,GOA,1-2019,3/2021,3/2025,237.06,-,163.86,91.00,CIVIL AVIATION
804,N06000205,GHONSA EXPANSION DEEP OC,WCL,GOA,3-2021,3/2028,-,184.71,-,9.25,6.00,CIVIL AVIATION
805,N06000206,SASTI EXPANSION OC,WCL,GOA,8-2020,3/2026,-,319.04,-,68.64,24.00,CIVIL AVIATION
806,N06000209,DHUPTALA OC(SASTI UG TO OC),WCL,GOA,10-2021,3/2028,-,711.00,-,159.15,33.00,CIVIL AVIATION
807,N06000219,ADASA UG TO OC (1.50 MTY),WCL,GOA,11-2018,3/2024,3/2025,316.00,-,208.20,78.00,CIVIL AVIATION
808,N06000222,DINESH (MAKARDHOKDA-III) OC (8.0 MTY),WCL,GOA,2-2020,3/2027,-,822.88,-,578.89,48.00,CIVIL AVIATION
809,N06000226,AMALGAMATED INDER- KAMPTEE DEEP OC (3.20 MTY),WCL,GOA,9-2018,3/2024,3/2025,235.90,-,116.46,87.00,CIVIL AVIATION
810,N06000251,SAONER UG MINE I EXPANSION,WCL,GOA,1-2022,3/2028,-,228.64,-,118.34,27.00,CIVIL AVIATION
811,N06000252,SINGHORI DEEP OC,WCL,GOA,5-2022,3/2029,-,335.75,-,22.01,16.00,CIVIL AVIATION
812,N06000253,MAKARDHOKDA I EXPANSION OC,WCL,GOA,6-2022,3/2026,-,361.87,-,33.90,12.00,CIVIL AVIATION
813,N06000254,BHATADI EXPANSION OC,WCL,GOA,5-2022,3/2028,-,580.60,-,61.33,17.00,CIVIL AVIATION
814,N06000255,NEW MAJARI UG TO OC (3.0 MTY),WCL,GOA,9-2022,3/2027,-,402.27,-,47.99,27.00,CIVIL AVIATION
815,N06000256,BHANEGAON OC (1.15MTY),WCL,GOA,9-2022,3/2028,-,405.20,-,10.21,7.00,CIVIL AVIATION
816,N06000264,GOKUL EXPANSION OC,WCL,GOA,4-2021,3/2026,-,309.58,-,3.65,7.00,CIVIL AVIATION
817,N06000267,KOLGAON EXPANSION (DEEP) OC,WCL,GOA,9-2023,3/2027,-,198.71,-,0.55,5.00,CIVIL AVIATION
818,N06000271,AMALGAMATED GAURI PAUNI EXPANSION OC,WCL,GOA,3-2024,3/2030,-,"1,225.21",-,52.83,17.00,CIVIL AVIATION
819,N06000278,GAURI CENTRAL OCM,WCL,GOA,6-2024,3/2030,-,973.07,-,0.00,-,CIVIL AVIATION
820,N06000282,BALLARPUR NORTHWEST OC MINE,WCL,GOA,12-2022,3/2029,-,360.18,-,0.00,-,CIVIL AVIATION
821,N06000283,NORTHERN EXTENSION OF MUNGOLI NIRGUDA DEEP OC,WCL,GOA,6-2024,3/2029,-,"1,024.91",-,0.00,-,CIVIL AVIATION
822,N06000284,AMALGAMATED GONDEGAON - GHATROHAN EXPANSION OCM,WCL,GOA,9-2024,3/2029,-,668.54,-,0.00,-,CIVIL AVIATION
823,N28000117,"CONSTRUCTION OF IITB RESEARCH PARK AT IIT BOMBAY, POWAI, MUMBAI",CPWD EDUCATION,GOA,1-2018,7/2020,11/2023,223.37,275.00,141.16,100.00,"DEPARTMENT
OF HIGHER
EDUCATION"
824,N21000033,500 BEDDED HOSPITAL INCLUDING 50 SUPERSPECIALITY BEDS FOR ESIC AT PUNE,CPWD,GOA,7-2022,9/2025,-,429.25,-,99.08,-,"HEALTH AND
FAMILY
WELFARE"
825,N16000213,LIFE EXTENSION OF WALL PLATFORMS OF MUMBAI HIGH AND HEERA FIELDS,ONGC,GOA,12-2015,4/2018,12/2023,"3,190.69","3,375.90","3,006.09",88.40,"HEALTH AND
FAMILY
WELFARE"
826,N16000430,SETTING UP 500KTPA PROPANE DEHYDROGENATION INTEGRATED WITH POLYPROPYLENE UNIT ALONG WITH OFFSITE AND,GAIL,GOA,5-2019,4/2025,10/2025,"8,797.00","11,256.00","6,237.68",82.79,"HEALTH AND
FAMILY
WELFARE"
827,N16000442,DEBOTTLENECKING AND AUGMENTATION OF CRYOGENIC FACILITIES AT URAN LPG IMPORT TERMINAL,BPCL,GOA,4-2021,6/2024,-,"1,164.69",-,827.81,79.30,"HEALTH AND
FAMILY
WELFARE"
828,N16000446,EXPANSION OF CRYOGENICS GROUP BY SETTING UP NEW MANUFACTURING FACILITY,IOCL,GOA,9-2021,10/2023,5/2024,378.00,-,120.07,39.08,"HEALTH AND
FAMILY
WELFARE"
829,N16000452,CONSTRUCTION OF LUBE OIL BLENDING AND FILLING PLANT AT RASAYANI,BPCL,GOA,5-2022,3/2024,-,423.39,-,241.66,75.10,"HEALTH AND
FAMILY
WELFARE"
830,N16000456,ATF PIPELINE FROM JAWAHARLAL NEHRU PORT TRUST (JNPT) TO NAVI MUMBAI INTERNATIONAL AIRPORT (NMIA),IOCL,GOA,9-2022,8/2025,-,165.00,-,74.85,64.01,"HEALTH AND
FAMILY
WELFARE"
831,N16000470,DAMAN UPSIDE DEVELOPMENT PROJECT (DUDP) IN TAPTI DAMAN BLOCK,ONGC,GOA,6-2022,10/2025,-,"4,144.41","6,406.90","2,782.76",77.10,"HEALTH AND
FAMILY
WELFARE"
832,N16000487,"CGD PROJECT AT BEED, JALGAON AND JALNA DISTRICTS",IOCL,GOA,3-2022,3/2030,-,865.00,-,54.99,2.80,"HEALTH AND
FAMILY
WELFARE"
833,N16000503,ANDHERI RESIDENTIAL TOWERS MUMBAI,IOCL,GOA,6-2017,5/2025,6/2026,281.35,389.67,216.88,49.50,"HEALTH AND
FAMILY
WELFARE"
834,N16000504,CONSTRUCTION OF ADDITIONAL TANKAGES AND ALLIED FACILITIES AT JNPT TERMINAL,IOCL,GOA,4-2022,10/2024,8/2026,341.43,436.14,232.19,45.80,"HEALTH AND
FAMILY
WELFARE"
835,N16000507,INSTALLATION OF INDEPENDENT DE- AROMATIZED SOLVENTS PRODUCTION FACILITIES AT MUMBAI REFINERY,BPCL,GOA,3-2023,7/2025,-,405.00,-,174.12,75.70,"HEALTH AND
FAMILY
WELFARE"
836,N16000515,PART REPLACEMENT PIPELINE PROJECT (PRPP),ONGC,GOA,11-2022,5/2024,12/2024,"1,219.48",-,678.96,84.00,"HEALTH AND
FAMILY
WELFARE"
837,N16000519,POL AND LOBS INSTALLATIONS WITH RECEIPT PIPELINES AT RASAYANI,BPCL,GOA,5-2023,5/2026,-,"2,585.00",-,438.55,53.00,"HEALTH AND
FAMILY
WELFARE"
838,N16000526,MHN TCPP PGC BGC PROJECT (MTPBP),ONGC,GOA,2-2024,5/2026,-,"2,329.45",-,500.96,37.00,"HEALTH AND
FAMILY
WELFARE"
839,N16000533,PRP-VIII GROUP B (NH AND BS ASSET),ONGC,GOA,6-2024,5/2026,-,"2,379.84",-,473.40,47.90,"HEALTH AND
FAMILY
WELFARE"
840,N16000534,HP TDAE UNIT IN MUMBAI REFINERY,HPCL,GOA,6-2024,4/2026,-,240.00,-,24.24,25.70,"HEALTH AND
FAMILY
WELFARE"
841,N16000537,INTEGRATED DEVELOPMENT OF 4 CONTRACT AREAS UNDER DSF2,ONGC,GOA,5-2023,4/2027,-,"6,183.79",-,0.00,11.20,"HEALTH AND
FAMILY
WELFARE"
842,N16000540,LUBE MODERNIZATION AND BOTTOM UPGRADATION PROJECT,HPCL,GOA,12-2024,3/2028,-,"4,679.00",-,163.61,4.10,"HEALTH AND
FAMILY
WELFARE"
843,N18000335,BIKANER SOLAR POWER PROJECT,SJVN,GOA,4-2022,5/2024,-,"5,491.89",532.00,"3,979.19",74.00,POWER
844,N18000377,TS FOR EVACUATION OF 7GW RE INJECTION AT KHAVDA PS UNDER PHASE-IV PART E4,PGCIL,GOA,11-2023,7/2025,-,224.00,-,0.00,5.00,POWER
845,220100181,AHMEDNAGAR-PARLI VAIJNATH(NL) CR,CR,GOA,2-1997,3/2026,-,"2,539.00",-,"4,777.07",94.00,POWER
846,N22000092,MUMBAI URBAN TRANSPORT PROJECT PHASE-II,MRTP,GOA,4-2008,3/2014,-,"8,087.11",-,"7,110.54",77.30,POWER
847,N22000231,WARDHA-NANDED MAHARASHTRA,CR,GOA,4-2008,3/2027,-,"3,445.48",-,"3,107.47",47.00,POWER
848,N22000233,KALYAN-KASARA 3RD LINE,CR,GOA,4-2011,12/2025,-,792.89,-,868.61,50.00,POWER
849,N22000250,WARDHA-SEWAGRAM NGP 3RD LINE,CR,GOA,4-2012,12/2025,-,540.02,-,729.82,80.00,POWER
850,N22000356,WARDHA-BALHARSHAH - 3RD LINE (132 KM),CR,GOA,2-2015,12/2025,-,"1,384.72",-,"1,517.52",67.00,POWER
851,N22000358,ITARSI-NAGPUR (BAL.) - 3RD LINE (267 KM),CR,GOA,2-2015,3/2027,-,"2,449.91",-,"1,704.81",50.00,POWER
852,N22000359,PUNE-MIRAJ-LONDA (467 KM),CR,GOA,2-2015,2/2025,-,"3,627.47","3,627.00","4,584.11",84.00,POWER
853,N22000360,DAUND - MANMAD (236 KM),CR,GOA,2-2016,12/2025,-,"2,081.27",-,"2,670.38",88.00,POWER
854,N22000361,MANMAD - JALGAON - 3RD LINE (160 KM),CR,GOA,2-2016,12/2024,-,"1,035.16",-,"1,636.16",80.00,POWER
855,N22000362,WARDHA - NAGPUR - 4TH LINE (76 KM),CR,GOA,2-2016,12/2025,-,638.00,-,941.27,80.00,POWER
856,N22000420,RAJNANDGAON - NAGPUR - 3RD LINE (SECR),SECR,GOA,9-2016,12/2024,-,"3,544.92",-,"3,023.12",95.00,POWER
857,N22000434,MUMBAI CENTRAL VIRAR VADODARA AHMEDABAAD TRAIN PROTECTION SYSTEM 500 RKM,WR,GOA,3-2010,10/2024,-,311.00,-,0.00,-,POWER
858,N22000480,WADSA-GADHCHIROLI NEW LINE (52.36 KM),SECR,GOA,6-2018,3/2027,-,"1,886.05",-,740.67,25.00,POWER
859,N22000511,PACHORA-JAMNER WITH EXTENSION UPTO MALKAPUR NG TO BG,CR,GOA,8-2022,8/2027,-,955.00,-,114.84,-,POWER
860,N22000513,SOLAPUR-TULJAPUR- OSMANABAD (UMBRELLA WORK),CR,GOA,1-2019,3/2028,-,904.92,-,"1,130.01",7.00,POWER
861,N22000514,DHULE (BORVIHIR)-NARDANA (UMBRELLA WORK),CR,GOA,1-2019,12/2026,-,492.76,-,198.13,5.00,POWER
862,N22000515,KALYAN-MURBAD VIA ULHASNAGAR (UMBRELLA WORK),CR,GOA,2-2023,3/2027,-,836.12,-,9.23,-,POWER
863,N22000615,BARAMATI - LONAND,CR,GOA,2-1999,3/2027,-,736.44,-,663.53,50.00,POWER
864,N22000627,MUMBAI URBAN TRANSPORT PROJECT IIIA,MRVC,GOA,4-2019,12/2027,-,"33,690.00",-,812.06,-,POWER
865,N22000629,NAGPUR- NAGBHIR RAILWAY LINE GAUGE CONVERSION PROJECT,MRIDC,GOA,10-2019,6/2024,-,"1,400.00",-,"1,739.70",85.00,POWER
866,N24000332,REHABILITATION AND UPGRADATION OF END OF AHMEDNAGAR BYPASS TO KHARWANDI KASAR SECTION OF NH-222 FROM,MoRTH,GOA,1-2015,(N.A.),-,225.81,-,167.96,96.00,POWER
867,N24000442,"CONSTRUCTION OF FLYOVER AT KM.544.650 INCLUDING ROB ,SERVICE ROADS ,FOOTPATH FOR RCC DRAINS ON URBAN",NHAI,GOA,12-2015,3/2019,11/2023,649.50,-,614.65,92.64,POWER
868,N24000560,NAGPUR RING ROAD PACKAGE- 2,NHAI,GOA,3-2016,7/2019,3/2024,591.66,-,632.40,98.73,POWER
869,N24000584,4-LANNING OF NH17 AND NEW NO. NH66 FROM KM 161/600 TO 205/400 UNDER HYBRID ANNUITY MODE,MoRTH,GOA,3-2016,(N.A.),-,"1,142.62","1,907.03","1,056.08",95.17,POWER
870,N24000585,4-LANNING OF NH17 AND NEW NO. NH66 FROM KM 241/300 TO 281/300 UNDER HYBRID ANNUITY MODE,MoRTH,GOA,3-2016,(N.A.),-,"1,101.58",-,608.53,-,POWER
871,N24000656,4-LANNING OF BODHRE-DHULE SECTION(KM 390.000 TO 452.800),NHAI,GOA,3-2017,3/2020,7/2022,744.64,-,467.65,94.65,POWER
872,N24000659,4-LANNING OF WARANGA- MAHAGAON SECTION(KM 253.7000 TO 320.580),NHAI,GOA,3-2017,3/2017,5/2021,"1,059.73","1,071.00",878.19,96.50,POWER
873,N24000851,CONSTRUCTION OF 8 LANING OF EXISTING 4 LANE VADAPE TO THANE FROM KM 539.202 TO KM 563.000 SECTION OF,NHAI,GOA,3-2018,7/2021,-,"1,162.92","1,182.87",412.38,59.00,POWER
874,N24001002,SARSAM TO KOTHARI,MoRTH,GOA,2-2016,7/2019,-,545.64,-,232.64,93.68,POWER
875,N24001003,AKOLA TO AKOT,MoRTH,GOA,1-2017,6/2019,-,313.95,-,270.26,99.00,POWER
876,N24001013,DIGRAS DARWAH KARANJA,MoRTH,GOA,1-2017,6/2019,-,391.06,391.00,287.60,92.76,POWER
877,N24001017,DAHEGAON TO KUHI,MoRTH,GOA,1-2017,6/2019,-,228.89,229.00,154.82,99.00,POWER
878,N24001018,BHANDARA TO GHOTITOK,MoRTH,GOA,1-2017,6/2019,-,392.83,393.00,274.75,100.00,POWER
879,N24001021,AMDI TO SAONER,MoRTH,GOA,1-2017,6/2019,-,396.91,397.00,289.79,98.69,POWER
880,N24001022,WADI TO ASOLA,MoRTH,GOA,1-2017,9/2019,-,363.82,364.00,154.65,93.15,POWER
881,N24001046,RALEGAON TO RAMTIRTH,MoRTH,GOA,1-2017,7/2019,-,210.81,-,210.81,96.50,POWER
882,N24001050,VITA TO NAGAJ,MoRTH,GOA,3-2018,12/2019,-,304.58,305.00,154.68,68.39,POWER
883,N24001057,KARAD PATAN CHIPLUN GUHAGAR,MoRTH,GOA,2-2017,6/2019,-,407.19,407.00,323.02,90.00,POWER
884,N24001058,KARWANDI TO RAJURI,MoRTH,GOA,3-2018,12/2019,-,276.95,277.00,160.94,92.00,POWER
885,N24001060,PALPHATA TO PHULAMBARI,MoRTH,GOA,3-2018,12/2019,-,227.19,227.00,141.92,95.00,POWER
886,N24001069,NANDED TO JALKOT,MoRTH,GOA,12-2017,9/2019,-,456.93,457.00,278.22,95.00,POWER
887,N24001078,PUNE TO MALE VILLAGE,MoRTH,GOA,3-2018,12/2019,-,228.31,-,100.97,93.83,POWER
888,N24001079,ARDHAPUR TO HIMAYATNAGAR,MoRTH,GOA,12-2017,6/2020,-,426.06,426.00,271.40,96.25,POWER
889,N24001080,MALE VILLAGE TO PUNE RAIGARH DISTRICT BORDER,MoRTH,GOA,3-2018,12/2019,-,256.15,-,126.62,98.00,POWER
890,N24001082,PUNE RAIGARH DISTRICT BORDER TO MANGAON,MoRTH,GOA,3-2018,12/2019,-,223.46,-,123.46,100.00,POWER
891,N24001090,KOLDE TO KHETIYA,MoRTH,GOA,1-2017,7/2019,-,509.18,-,283.13,94.81,POWER
892,N24001092,SATARA TO MHASWAD,MoRTH,GOA,1-2017,7/2019,-,653.46,-,369.62,77.00,POWER
893,N24001099,MHASWAD TO TEMBHURNI,MoRTH,GOA,1-2017,7/2019,-,488.60,-,279.42,76.50,POWER
894,N24001101,KURUDWADI TO PANDHARPUR,MoRTH,GOA,1-2017,7/2019,-,307.63,-,232.57,96.27,POWER
895,N24001102,PANDHARPUR TO SANGOLA,MoRTH,GOA,7-2017,7/2019,-,218.38,-,182.63,99.78,POWER
896,N24001106,PEN TO KHOPOLI,MoRTH,GOA,3-2018,3/2018,-,301.39,302.00,170.12,82.07,POWER
897,N24001107,PANCHARAL TO MANDANGHAR,MoRTH,GOA,7-2018,5/2020,-,381.08,302.00,45.66,-,POWER
898,N24001112,NASRATPUR TO BARASGAON,MoRTH,GOA,7-2016,9/2019,-,406.54,407.00,274.30,-,POWER
899,N24001114,INDAPUR TO VADPALE,MoRTH,GOA,1-2017,12/2019,-,"1,202.52","1,656.94","1,450.82",61.42,POWER
900,N24001122,PAITHAN TO SHIRUR,MoRTH,GOA,3-2017,6/2019,-,341.80,-,226.19,78.60,POWER
901,N24001123,SHIRUR TO KHARDA,MoRTH,GOA,2-2017,6/2019,-,381.77,-,199.48,83.93,POWER
902,N24001124,AURANGABAD TO SILLOD,MoRTH,GOA,2-2017,6/2019,-,456.32,541.93,355.54,94.00,POWER
903,N24001125,SILLOD TO FARDAPUR,MoRTH,GOA,2-2017,6/2019,-,337.46,432.98,335.30,92.00,POWER
904,N24001132,BHOGAN KHURD TO KASHEDI,MoRTH,GOA,9-2017,6/2021,-,743.21,743.00,911.64,88.69,POWER
905,N24001134,KANTE TO WAKED,MoRTH,GOA,3-2016,11/2019,-,"1,230.02","1,230.00",791.80,-,POWER
906,N24001138,PARLI PIMPLA DAHIGUDA,MoRTH,GOA,2-2017,6/2019,-,205.72,206.00,85.71,100.00,POWER
907,N24001448,UPGRADATION OF ADHALGAON- JAMKHED SECTION OF NH-548 D FROM KM 132/600 TO KM 195/375 TO TWO LANE WITH,MoRTH,GOA,11-2021,2/2022,-,223.35,-,209.36,87.88,POWER
908,N24001468,REPANPALLI TO SIRONCHA,MoRTH,GOA,3-2022,6/2022,-,282.07,-,34.65,-,POWER
909,N24001486,TUNNEL AT KHAMBATAKI GHAT SECTION AND ITS APPROACHES FROM EXISTING KM. 771.730 TO EXISTING KM. 782.0,NHAI,GOA,2-2019,2/2022,12/2024,493.00,-,399.49,76.49,POWER
910,N24001488,DHARAMPURI-LONAND FROM KM. 117.00 TO 166.40 (PKG-IV) ON MOHOL-ALANDI SECTION,NHAI,GOA,9-2021,9/2023,12/2024,618.45,-,639.23,96.20,POWER
911,N24001493,6L OF KAGAL-SATARA SECTION FROM KM 658.000 TO KM 725.000 OF NH-48 (PKG-II),NHAI,GOA,12-2022,12/2024,-,"1,749.86",-,"1,838.16",65.41,POWER
912,N24001495,4L OF RATNAGIRI - KOLHAPUR SECTION OF NH-166 FROM KM 0.000 TO KM 19.769 AND KM 31.000 TO KM 67.140 (,NHAI,GOA,11-2022,11/2024,-,930.00,-,618.34,75.90,POWER
913,N24001502,4L OF BARAMATI TO INDAPUR (PKG-II) FROM KM. 41.400 TO KM. 84.550 OF NH-965G (SAINT TUKARAM MARG),NHAI,GOA,9-2021,9/2023,5/2025,624.45,580.15,420.42,2.00,POWER
914,N24001503,4L OF INDAPUR TO TONDLE (PKG-III) FROM KM.84.550 TO KM. 131.00 OF NH-965G (SAINT TUKARAM MARG),NHAI,GOA,9-2021,9/2023,1/2025,667.66,666.21,610.63,3.00,POWER
915,N24001504,VADODARA MUMBAI EXPRESSWAY (PHASE II - PKG XI) [KM. 77.000 TO KM. 103.400] (GANJAD - TALSARI),NHAI,GOA,5-2022,5/2024,6/2025,"1,260.00",-,665.73,96.00,POWER
916,N24001505,VADODARA MUMBAI EXPRESSWAY (PHASE II - PKG XII) [KM. 50.700 TO KM. 77.000] (MASVAN - GANJAD),NHAI,GOA,3-2022,3/2024,6/2025,"1,549.02",-,699.00,78.13,POWER
917,N24001506,VADODARA MUMBAI EXPRESSWAY (PHASE II - PKG XIII) [KM. 26.582 TO KM. 50.700] (SHIRSAD - MASVAN),NHAI,GOA,2-2022,2/2024,6/2025,"2,747.00",-,"1,125.16",77.05,POWER
918,N24001507,VADODARA MUMBAI EXPRESSWAY (PHASE II - PKG XIV) [KM. 3.000 TO KM. 20.200 OF SPUR] (SHIRSAD - AKLOLI),NHAI,GOA,11-2022,5/2024,6/2025,"1,124.00",-,483.84,70.03,POWER
919,N24001508,VADODARA MUMBAI EXPRESSWAY (PHASE II - PKG XVI) [KM. 43.000 TO KM. 69.800 OF SPUR] (AMNE - BHOJ),NHAI,GOA,11-2022,10/2024,6/2025,"1,450.00",-,718.65,82.05,POWER
920,N24001521,VADODARA MUMBAI EXPRESSWAY (PHASE II - PKG XV) [KM. 20.200 TO KM. 43.000 OF SPUR] (AKLOLI - AMNE),NHAI,GOA,11-2022,10/2024,4/2025,990.00,-,406.91,70.25,POWER
921,N24001546,6L OF KAGAL-SATARA SECTION FROM KM 592.240 TO KM 658.000 OF NH-48 (PKG-I),NHAI,GOA,1-2023,1/2025,-,"1,025.20",-,446.14,43.52,POWER
922,N24001607,BALANCE WORKS OF 4L PANVEL- INDAPUR SECTION OF NH-66 (OLD NH-17) FROM KM 42.300 (KASU) TO KM 84.600 (,NHAI,GOA,10-2022,5/2024,12/2025,332.00,-,240.77,64.63,POWER
923,N24001608,VADODARA MUMBAI EXPRESSWAY (PHASE II - PKG XVII) [KM. 69.800 TO KM. 79.783 OF SPUR] (BHOJ - MORBE),NHAI,GOA,9-2021,7/2025,-,"2,208.68",-,565.20,73.73,POWER
924,N24001609,BALANCE WORK OF 4 LANING OF PANVEL TO INDAPUR SECTION OF NH-66(OLD NH- 17) FROM KM 0.000 (PANVEL) TO,NHAI,GOA,1-2023,12/2023,6/2025,151.26,-,153.74,86.38,POWER
925,N24001610,4L OF EXISTING 2/4L STRETCH FROM LONAND TO DIVE GHAT (KM 166.400 TO KM 220.900 ) OF MOHOL ? ALANDI S,NHAI,GOA,1-2022,5/2024,3/2025,"1,833.73",-,539.18,95.64,POWER
926,N24001795,FOUR LANING OF AURANGABAD- PAITHAN SECTION OF NH-752E ON EPC MODE IN THE STATE OF MAHARASHTRA .,NHAI,GOA,10-2022,7/2024,6/2025,490.40,-,275.78,91.00,POWER
927,N24001796,4L OF RAJURA-KORPANA- ADILABAD ROAD UPTO M.S. BORDER FROM KM 32.910 TO KM 89.090 OF NH-353B,NHAI,GOA,3-2022,10/2024,4/2025,"1,013.33","1,013.33",355.07,62.01,POWER
928,N24001797,6L OF WAINGANGA BRIDGE - BHANDARA (INCLUDING BHANDARA BYPASS) SECTION FROM KM 485.000 TO KM 499.800,NHAI,GOA,10-2021,1/2024,-,815.77,-,732.70,100.00,POWER
929,N24001798,4L MITIGATION MEASURE STRUCTURES ON CH/MH BORDER TO WAINGANGA BRIDGE SECTION OF NH-53,NHAI,GOA,2-2021,11/2023,-,540.21,-,451.46,100.00,POWER
930,N24001799,4L OF NAGPUR-KATOL SECTION FROM KM. 13.00 TO KM. 62.900 OF NH-353J,NHAI,GOA,2-2021,10/2023,-,"1,166.96",-,"1,078.48",80.97,POWER
931,N24001804,BAL. WORKS OF FAGNE (KM. 510.000) TO MAHARASHTRA/GUJARAT BORDER (KM. 650.794),NHAI,GOA,12-2019,9/2022,6/2024,"1,654.07",-,835.19,95.75,POWER
932,N24001834,4L OF RATNAGIRI - KOLHAPUR SECTION FROM KM 67.140 TO KM 112.340 OF NH-166 (PKG ? II),NHAI,GOA,5-2023,5/2025,-,839.00,-,437.79,54.00,POWER
933,N24001835,4L OF RATNAGIRI - KOLHAPUR SECTION FROM KM 112.340 TO KM 145.300 OF NH-166 (PKG?III),NHAI,GOA,5-2023,5/2025,-,986.00,-,474.23,52.10,POWER
934,N24001880,REHABILITATION AND UP- GRADATION TO 4 LANE ROAD WITH PAVED SHOULDER CONFIGURATION OF SECTION FROM UND,MoRTH,GOA,3-2022,7/2025,-,778.18,-,135.78,-,POWER
935,N24001882,CONSTRUCTION OF NEW FOUR LANE BYPASS TO PARBHANI CITY (PARWA TO ASOLA) KM 463/265 TO KM 481/180 (DES,MoRTH,GOA,3-2022,10/2024,-,496.64,-,0.00,8.00,POWER
936,N24001883,CONSTRUCTION OF 4 LANE FLYOVER AT NAGPUR RTO CHOWK TO NAGPUR UNIVERSITY CAMPUS FROM CH 2/250 TO 5/10,MoRTH,GOA,3-2021,3/2024,-,478.83,-,233.48,65.00,POWER
937,N24001884,REHABILITATION AND UPGRADATION OF SATANA TO MANGRUL (CHANDWAD) SECTION OF NH752 G DESIGN CH: KM 64.0,MoRTH,GOA,3-2023,5/2025,-,428.80,-,54.11,30.69,POWER
938,N24001885,REHABILITATION AND UP- GRADATION OF JINTUR- SHIRAD SHAHAPUR SECTION KM 258.300 TO KM 306.300 [DESIGN,MoRTH,GOA,2-2023,12/2024,-,414.81,-,0.00,-,POWER
939,N24001886,DEVELOPMENT/WIDENING OF TALEGAON ? CHAKAN ? SHIKRAPUR ? NHAVARA SECTION OF NH 548DG (NHAVARA TO CHOU,MoRTH,GOA,10-2022,8/2024,-,304.68,-,97.09,58.78,POWER
940,N24001887,REHABILITATION AND UPGRADATION OF BHOKARDAN TO KUMBHARI FATA DESIGN CH. (KM 13+500 TO 17+00) AND RAJ,MoRTH,GOA,8-2022,6/2024,-,291.37,-,102.94,78.44,POWER
941,N24001888,"UP-GRADATION OF TIRORA- GONDIA, STATE HIGHWAY FROM EXISTING KM 163+213 (ON SH-335, TIRORA) TO KM 191+",MoRTH,GOA,8-2021,4/2023,-,288.14,-,63.01,46.31,POWER
942,N24001889,2 LANE + PS PIMPLNER TO SATANA -[DESIGN CHAINAGE KM 21.427 TO 64.00 ] OF NH- 752G],MoRTH,GOA,9-2019,7/2021,-,277.81,-,148.68,90.00,POWER
943,N24001890,REHABILITATION AND UPGRADATION OF PARLI TO SIRSALA SECTION OF NH-361F (KM 136+700 TO 115+000) (LENGT,MoRTH,GOA,2-2023,12/2024,-,261.82,-,70.59,46.00,POWER
944,N24001891,BALANCE WORK OF REHABILITATION AND UP- GRADATION TO NH-166F FROM MAHAD JUNCTION (AT KM 123/400 ON NH-,MoRTH,GOA,7-2021,11/2023,-,256.54,-,80.10,59.66,POWER
945,N24001892,REHABILITATION AND UPGRADATION OF SHIRAPUR JUNCTION TO SHIVAJI CHOWK (DESIGN CHAINAGE KM. 130+00 TO,MoRTH,GOA,2-2023,12/2024,-,245.61,-,43.39,32.50,POWER
946,N24001894,2 LANE + PS ASTHAMODE - TIVATYAL [DESIGN CH. KM 24.300 - 62.00] [KM 134.98-172.95 OF NH-63],MoRTH,GOA,9-2019,7/2021,-,228.82,-,144.54,95.44,POWER
947,N24001895,REHABILATION AND UPGRADATION TO TWO LANES WITH PAVED SHOULDER CONFIGURATION FROM WATUR TO CHARTHANA,MoRTH,GOA,11-2021,9/2023,-,228.01,-,103.01,99.00,POWER
948,N24001896,UPGRADATIOBN AND REHABILITATION OF SECTION OF NH 361 F FROM PARLI (00/000) TO GANGAKHED (30/400) TO,MoRTH,GOA,11-2021,9/2023,-,224.44,-,75.34,45.63,POWER
949,N24001902,REHABILITATION AND UP- GRADATION OF SABALKHED TO ASHTI SECTION FROM KM 37+900 TO KM 55+100 AND CHINCH,MoRTH,GOA,12-2022,9/2024,-,213.32,-,20.00,34.00,POWER
950,N24001903,REHABILITATION AND UP- GRADATION OF MUDKHED TO NANDED SECTION FROM KM. 372+000 TO KM 388+400 OF NH 16,MoRTH,GOA,8-2022,4/2025,-,206.54,-,21.36,-,POWER
951,N24001904,KOPARGAON TO SAVALI VIHIR SECTION,MoRTH,GOA,9-2022,7/2024,-,195.38,-,29.59,19.76,POWER
952,N24001905,"CONSTRUCTION OF MAJOR BRIDGE ACROSS MANJRA RIVER NEAR YESGI VILLAGE @ KM, 166/500 ON NH 63 TQ BILOLI",MoRTH,GOA,10-2021,8/2023,-,188.69,-,111.26,95.80,POWER
953,N24001906,UP-GRADATION TO 4 LANING OF DAULTABAD T-POINT TO MALIWADA [FROM DESIGN KM.0.000 TO KM 4.000] AND UPG,MoRTH,GOA,8-2022,3/2024,-,185.59,-,63.56,48.00,POWER
954,N24001907,"CONSTRUCTION OF SIX LANE FLYOVER AT KATRAJ JUNCTION AT KM, 3/880 OF NH 548-DD (VADGAON - KATRAJ - KO",MoRTH,GOA,6-2021,2/2024,-,169.15,-,36.94,35.96,POWER
955,N24001908,UPGRADATION OF EXHISTING 2 LANE FLEXIBLE PAVEMENT TO 2 LANE PAVED SHOULDERS RIGID PAVEMENT FROM DESI,MoRTH,GOA,12-2021,5/2024,-,167.97,-,35.28,36.76,POWER
956,N24001909,"STRENGTHING AND WIDINING OF EXISTING CARRIAGEWAY TO 10 M IN KM, 156/160 TO 229/160 (TEMBHURNI - KUSL",MoRTH,GOA,11-2021,6/2024,-,157.72,-,55.38,90.41,POWER
957,N24001910,REHABILITATION AND UPGRADATION OF JAMKHED TO SAUTADA SECTION OF NH548 D (FROM KM 195.375 TO KM 208.7,MoRTH,GOA,9-2022,7/2024,-,157.62,-,13.86,17.03,POWER
958,N24001911,PANGAON TO DHARMAPURI AND PARALI TO INJEGAON 2L+PS,MoRTH,GOA,3-2018,7/2024,-,152.03,-,81.35,97.57,POWER
959,N24002071,4L OF INDORA CHOWK TO PACHPAOLI AND AGRASEN CHOWK - ASHOKA CHOWK,NHAI,GOA,3-2023,6/2026,-,998.27,-,318.58,42.12,POWER
960,N24002072,IMPROVEMENT OF EXISTING ALIGNMENT OF PANDHARPUR TOWN PART BYPASSED SECTION FROM WAKHARI TO LORD VITT,NHAI,GOA,7-2022,10/2025,-,150.21,150.21,24.66,2.00,POWER
961,N24002137,STRENGTHENING OF 6-LANE PIMPALGAON-NASHIK-GONDE (KM. 380 - KM. 440) SECTION OF NH-3 IN MAHARASHTRA U,NHAI,GOA,2-2024,3/2025,-,175.00,206.49,198.54,100.00,POWER
962,N24002169,REHABILITATION/UPGRADATION OF EXISTING HIGHWAY TO 2L+PS/4 LANE OF DHAWALI TO RAJOLI FROM DESIGN KM.1,MoRTH,GOA,3-2022,9/2025,-,316.44,-,0.00,-,POWER
963,N24002170,REHABILITATION/ UPGRADATION OF EXISTING HIGHWAY TO FOUR LANE STANDARDS IN KURKHEDA TOWN FROM (KM.413,MoRTH,GOA,3-2022,5/2025,-,163.86,-,0.00,-,POWER
964,N24002171,REHABILITATION AND UP- GRADATION FOR TALERE A?? GAGANBAWDAA?? KOLHAPUR ROAD (NH-166G) STRETCHES START,MoRTH,GOA,2-2023,4/2025,-,249.13,-,0.00,-,POWER
965,N24002172,"UP-GRADATION TO 4 LANE CONFIGURATION FOR THE WORK OF PETH NAKA TO SANGLI ROAD, NH-166H, FROM KM 0+00",MoRTH,GOA,2-2023,12/2025,-,856.82,-,0.00,-,POWER
966,N24002173,REHABILITATION AND UP- GRADATION TO 2 LANE WITH PAVED SHOULDER CONFIGURATION OF MAHUD SANGOLA ROAD NH,MoRTH,GOA,2-2023,4/2025,-,253.78,-,0.00,-,POWER
967,N24002174,UP-GRADATION TO FOUR LANE/ TWO LANE WITH PAVED SHOULDERS CONFIGURATION OF KALYAN - MURBAD - MALSHEJ,MoRTH,GOA,2-2023,8/2026,-,984.07,-,0.00,-,POWER
968,N24002175,CONSTRUCTION OF FOUR-LANE CONCRETE ROAD FROM POLICE HEADQUARTER GONDIA CITY TO RAWANWADI VILLAGE (BI,MoRTH,GOA,2-2023,8/2025,-,328.11,-,0.00,-,POWER
969,N24002176,REHABILITATION/UP GRADATION OF KARANJA ? KHERDA - MURTIZAPUR SECTION TO 4LANE+PAVED SHOULDER STANDA,MoRTH,GOA,3-2023,2/2026,-,594.44,-,0.00,-,POWER
970,N24002177,REHABILITATION / UPGRADATION TO 4 LANE WITH PAVED SHOULDER OF EXISTING SECTION IN SILLOD TOWN WITH D,MoRTH,GOA,3-2023,7/2025,-,153.79,-,0.00,-,POWER
971,N24002178,"REHABILITATION, UPGRADATION AND WIDENING OF EXISTING HIGHWAY TO RIGID PAVEMENT 2 LANE WITH PAVED SHO",MoRTH,GOA,2-2023,7/2026,-,723.13,-,0.00,-,POWER
972,N28000086,MUMBAI METRO LINE 3 (COLABA- BANDRA-SEEPZ),MMRCL,GOA,7-2013,3/2020,7/2025,"23,136.00",-,"28,615.78",95.00,POWER
973,N28000121,PUNE METRO RAIL PROJECT (PHASE 1),MMRC,GOA,12-2016,11/2021,9/2024,"11,420.00","13,656.22","13,036.65",100.00,POWER
974,N28000155,NAGPUR METRO RAIL PROJECT PHASE II,NMRCL,GOA,12-2022,12/2027,-,"6,708.00",-,768.34,21.60,POWER
975,N28000157,PCMC NIGDI PROJECT EXTENSION OF CORRIDOR 1 OF PUNE METRO PHASE 1,MMRC,GOA,10-2023,1/2027,-,910.18,-,81.34,14.97,POWER
976,N28000160,PUNE METRO PHASE-1 EXTENSION FROM SWARGATE TO KATRAJ,MMRC,GOA,9-2024,3/2029,-,"2,954.53",-,15.14,2.00,POWER
977,N04000100,"CONSTRUCTION OF NEW INTEGRATED TERMINAL BUILDING, CONTROL TOWER CUM TECHNICAL BLOCK, APRON, LINK TAX",AAI,GOA,11-2021,7/2024,3/2026,499.00,-,154.47,39.40,CIVIL AVIATION
978,220100288,JIRIBAM TO IMPHAL (TUPUI)(NL)(NEFR),NFR,GOA,4-2003,12/2026,3/2028,"14,322.79","12,274.06","15,265.40",68.70,RAILWAYS
979,N24001270,2-LANING OF CHURACHANDPUR TUIVAI SECTION OF NH-102B (PKG- 2A),NHIDCL,GOA,3-2020,6/2022,1/2025,292.24,-,130.66,89.72,RAILWAYS
980,N24001271,2-LANING OF CHURACHANDPUR TUIVAI SECTION OF NH-102B (PKG- 2B),NHIDCL,GOA,6-2020,8/2022,1/2025,365.53,-,156.31,77.36,RAILWAYS
981,N24001272,2-LANING OF CHURACHANDPUR TUIVAI SECTION OF NH-102B (PKG- 4A),NHIDCL,GOA,3-2020,6/2022,1/2025,167.95,204.12,88.05,69.89,RAILWAYS
982,N24001273,2-LANING OF CHURACHANDPUR TUIVAI SECTION OF NH-102B (PKG- 4B),NHIDCL,GOA,7-2020,8/2022,2/2025,177.76,-,89.67,80.53,RAILWAYS
983,N24001274,IMPROVEMENT/UPGRADATION OF EXISTING 2-LANE TO 4-LANE DIVIDED HIGHWAY FROM TAPHOU KUKI TO DAILI SECTI,NHIDCL,GOA,8-2020,4/2022,6/2025,379.39,-,214.93,67.72,RAILWAYS
984,N24001349,MARIAM - PEREN PKG-1A,NHIDCL,GOA,2-2021,12/2022,3/2025,226.32,-,104.95,74.48,RAILWAYS
985,N24001350,MARIAM - PEREN (PKG 1B),NHIDCL,GOA,2-2021,12/2022,10/2024,188.36,-,126.71,100.00,RAILWAYS
986,N24001353,IMPHAL - KHONGSANG PKG-2,NHIDCL,GOA,3-2021,12/2022,3/2025,195.14,-,61.81,50.79,RAILWAYS
987,N24001354,TAMENGLONG - MAHUR PKG-3,NHIDCL,GOA,3-2021,12/2022,9/2024,234.08,-,139.45,91.85,RAILWAYS
988,N24001400,SENAPATI- IMPHAL PKG-5B,NHIDCL,GOA,3-2021,1/2023,5/2025,211.70,-,83.79,68.65,RAILWAYS
989,N24001401,IMPHAL - KHONGSANG PKG-3,NHIDCL,GOA,7-2021,3/2023,3/2025,467.00,-,193.81,77.74,RAILWAYS
990,N24001402,TAMENGLONG - MAHUR PKG-1,NHIDCL,GOA,7-2021,3/2023,1/2025,185.80,-,117.78,100.00,RAILWAYS
991,N24001403,TAMENGLONG - MAHUR PKG-2,NHIDCL,GOA,7-2021,3/2023,8/2024,483.87,-,278.89,92.80,RAILWAYS
992,N24001404,TAMENGLONG - MAHUR PKG-4,NHIDCL,GOA,7-2021,3/2023,2/2025,198.77,-,127.86,100.00,RAILWAYS
993,N24001405,CHURACHANPUR TUIVAI PKG-3,NHIDCL,GOA,7-2021,10/2023,3/2025,673.27,-,377.12,78.46,RAILWAYS
994,N24001436,TAMENGLONG - MAHUR PKG-5,NHIDCL,GOA,8-2021,5/2023,1/2025,477.86,-,243.46,83.92,RAILWAYS
995,N24001437,TAMENGLONG - MAHUR PKG-6,NHIDCL,GOA,9-2021,5/2023,11/2024,311.18,-,186.15,81.65,RAILWAYS
996,N24001439,MARAM - PEREN PKG-3,NHIDCL,GOA,8-2021,5/2023,10/2024,467.41,-,264.83,100.00,RAILWAYS
997,N24001453,IMPHAL - KHONGSANG PKG-4,NHIDCL,GOA,8-2021,12/2023,7/2025,579.63,-,172.65,69.38,RAILWAYS
998,N24001473,CONSTRUCTION OF 2-LANING WITH HARD SHOULDER ROAD OF UKHRUL - TOLOI - TADUBI SECTION OF NH-102A FROM,NHIDCL,GOA,9-2021,2/2024,3/2025,310.76,-,129.15,96.77,RAILWAYS
999,N24001538,IMPHAL - KHONGSANG PKG-5,NHIDCL,GOA,12-2021,5/2024,2/2025,410.68,-,147.81,67.64,RAILWAYS
1000,N24001539,IMPHAL - KHONGSANG PKG-6,NHIDCL,GOA,12-2021,2/2025,9/2025,504.76,-,183.15,74.23,RAILWAYS
1001,N24001540,AKASH BRIDGE - JESSAMI SECTION PKG-2,NHIDCL,GOA,3-2022,2/2025,2/2025,152.11,-,73.48,100.00,RAILWAYS
1002,N24001974,CONSTRUCTION OF 2-LANING WITH HARD SHOULDER ROAD OF UKHRUL - TOLOI - TADUBI SECTION OF NH-102A FROM,NHIDCL,GOA,9-2021,1/2025,1/2025,315.56,-,121.49,79.40,RAILWAYS
1003,N24002028,LMPHAL TO JIRIBAM PKG-7,NHIDCL,GOA,1-2023,12/2025,12/2025,760.16,-,148.98,58.19,RAILWAYS
1004,N24002131,UKHRUL TOLOI TADUBI PKG-2,NHIDCL,GOA,3-2023,2/2026,3/2026,578.98,-,145.62,69.25,RAILWAYS
1005,N24002202,MARREM KHULLEN TO JESSAMI SECTION IMPHAL- UKHRUL - JESSAMI PKG-6 (DESIGN CHAINAGE KM 95.700 TO KM 14,NHIDCL,GOA,3-2023,12/2026,-,554.66,-,11.64,9.21,RAILWAYS
1006,N24002203,IMPHAL-KOHIMA ROAD PKG-4B,NHIDCL,GOA,9-2020,6/2026,-,268.98,-,13.14,14.91,RAILWAYS
1007,N24002227,JESSAMI TO LAYNEN BRIDGE UKHRUL - JESSAMI PKG-7,NHIDCL,GOA,3-2023,6/2026,-,164.89,-,1.46,3.28,RAILWAYS
1008,N24002232,IMPHAL-KOHIMA ROAD PKG-5A,NHIDCL,GOA,9-2020,8/2026,-,228.97,-,0.00,4.60,RAILWAYS
1009,N42000001,CONSTRUCTION AND DEVELOPMENT OF NATINAL INSTITUTE OF TECHNOLOGY MEGHALAYA PERMANENT CAMPUS AT SOHRA,RITES OF HIGHER,GOA,9-2013,9/2014,7/2025,484.32,429.70,295.55,83.00,"DEPARTMENT
OF HIGHER
EDUCATION"
1010,N24000771,WIDENING TO 2-LANE WITH GEOMETRIC IMPROVEMENTS OF TURA DALU ROAD UNDER JICA FUNDING FROM KM 85.000 T,NHIDCL,GOA,4-2017,9/2021,3/2025,553.51,610.09,419.49,84.94,"DEPARTMENT
OF HIGHER
EDUCATION"
1011,N24001313,IMPROVEMENT/WIDENING TO 2- L WITH PAVED SHOULDER FROM (DESIGN KM 0.00 TO KM 10.670) / 4-LANING FROM (,NHIDCL,GOA,11-2020,12/2023,10/2025,351.12,-,295.87,61.50,"DEPARTMENT
OF HIGHER
EDUCATION"
1012,N24001314,IMPROVEMENT/WIDENING TO 2- LANE WITH PAVED SHOULDER FROM (DESIGN KM 10.670 TO KM 37.550) BETWEEN SHIL,NHIDCL,GOA,11-2020,12/2023,-,525.68,-,425.76,31.00,"DEPARTMENT
OF HIGHER
EDUCATION"
1013,N24001334,IMPROVEMENT/WIDENING TO 2- LANE WITH PAVED SHOULDER FROM (DESIGN KM 45.760 TO KM 63.530) BETWEEN SHIL,NHIDCL,GOA,11-2020,12/2023,-,445.51,-,206.15,26.00,"DEPARTMENT
OF HIGHER
EDUCATION"
1014,N24001335,IMPROVEMENT/WIDENING TO 2- LANE WITH PAVED SHOULDER / 4-LANING FROM (DESIGN KM 63.530 TO KM 71.520) B,NHIDCL,GOA,11-2020,12/2023,-,284.21,-,100.93,23.10,"DEPARTMENT
OF HIGHER
EDUCATION"
1015,N24001339,RANIKOR-MAHESHKHOLA- BAGHMARA (RMB) PKG-4 (KANAI- RONGARA),NHIDCL,GOA,10-2020,4/2022,6/2024,157.86,146.92,152.95,100.00,"DEPARTMENT
OF HIGHER
EDUCATION"
1016,N24001360,RANIKOR-MAHESHKHOLA- BAGHMARA (RMB) PKG-3,NHIDCL,GOA,3-2021,12/2022,6/2024,260.21,-,239.35,100.00,"DEPARTMENT
OF HIGHER
EDUCATION"
1017,N24001441,REHABILITATION AND UPGRADATION OF NONGSTOIN TO WAHKAJI SECTION OF PROJECT ROAD KM 0.000 TO KM 43.06,MoRTH,GOA,8-2020,2/2022,3/2025,302.88,-,140.20,95.00,"DEPARTMENT
OF HIGHER
EDUCATION"
1018,N24001474,REHABITITATION AND UP GRADATION OF NONGSTOIN- RAMBRAI-KYRSHAI ROAD UP TO MEGHALAYA-ASSAM BORDER FROM,NHIDCL,GOA,9-2021,5/2024,12/2024,359.86,-,232.55,89.00,"DEPARTMENT
OF HIGHER
EDUCATION"
1019,N24001541,RANIKOR- MAHESHKHOLA- BAGHMARA PKG-2,NHIDCL,GOA,11-2021,6/2024,12/2024,283.50,-,256.07,96.93,"DEPARTMENT
OF HIGHER
EDUCATION"
1020,N24002156,CONSTRUCTION OF 2-LANE WITH PAVED SHOULDER OF SHILLONG WESTERN BYPASS STARTING FROM NH-06 NEAR LADUM,NHIDCL,GOA,3-2023,9/2026,-,620.30,-,210.58,28.00,"DEPARTMENT
OF HIGHER
EDUCATION"
1021,N24002157,SHILLONG WESTERN BYPASS PACKAGE-2,NHIDCL,GOA,3-2023,9/2026,-,686.00,-,281.90,23.00,"DEPARTMENT
OF HIGHER
EDUCATION"
1022,N24002158,CONSTRUCTION OF 2-LANE WITH PAVED SHOULDERS OF SHILLONG WESTERN BYPASS STARTING FROM NH-06 NEAR LADU,NHIDCL,GOA,3-2023,9/2026,-,562.48,-,297.79,24.00,"DEPARTMENT
OF HIGHER
EDUCATION"
1023,N24002233,DAINADUBI-DARUGIRI PKG-1B,NHIDCL,GOA,3-2023,3/2027,-,705.83,-,0.31,-,"DEPARTMENT
OF HIGHER
EDUCATION"
1024,N22000100,"BHAIRABI SAIRONG, NL, NEFR",NFR,GOA,4-2008,3/2025,-,"6,527.45","5,021.45","7,948.91",96.00,RAILWAYS
1025,N24000857,WIDENING AND UP-GRADATION TO 2-LANE WITH PAVED SHOULDER CONFIGURATION AND GEOMETRIC IMPROVEMENTS FRO,NHIDCL,GOA,4-2017,4/2023,-,519.09,-,667.78,96.60,RAILWAYS
1026,N24000858,WIDENING AND UP-GRADATION TO 2-LANE WITH PAVED SHOULDER CONFIGURATION AND GEOMETRIC IMPROVEMENTS FRO,NHIDCL,GOA,4-2017,7/2023,-,640.07,-,"1,192.26",98.90,RAILWAYS
1027,N24000861,WIDENING AND UP-GRADATION TO 2-LANE WITH PAVED SHOULDER CONFIGURATION AND GEOMETRIC IMPROVEMENTS FRO,NHIDCL,GOA,4-2017,4/2023,-,473.18,-,539.93,94.38,RAILWAYS
1028,N24000862,WIDENING AND UP-GRADATION TO 2-LANE WITH PAVED SHOULDER CONFIGURATION AND GEOMETRIC IMPROVEMENTS FRO,NHIDCL,GOA,4-2017,4/2023,-,537.82,-,768.85,96.82,RAILWAYS
1029,N24000863,WIDENING AND UP-GRADATION TO 2-LANE WITH PAVED SHOULDER CONFIGURATION AND GEOMETRIC IMPROVEMENTS FRO,NHIDCL,GOA,4-2017,6/2023,-,518.53,-,847.17,97.20,RAILWAYS
1030,N24000864,WIDENING AND UP-GRADATION TO 2-LANE WITH PAVED SHOULDER CONFIGURATION AND GEOMETRIC IMPROVEMENTS FRO,NHIDCL,GOA,4-2017,4/2024,-,404.29,-,654.75,97.71,RAILWAYS
1031,N24000865,WIDENING AND UP-GRADATION TO 2-LANE WITH PAVED SHOULDER CONFIGURATION AND GEOMETRIC IMPROVEMENTS FRO,NHIDCL,GOA,4-2017,9/2023,-,428.11,-,606.93,97.90,RAILWAYS
1032,N24001278,CONSTRUCTION OF TWO LANE WITH PAVED SHOULDER OF SELLING-DULTE SECTION OF NH-06 (PKG-I),NHIDCL,GOA,3-2020,7/2022,-,206.88,-,265.18,100.00,RAILWAYS
1033,N24001281,CONSTRUCTION OF TWO LANE WITH PAVED SHOULDER OF SELLING-DULTE SECTION OF NH-06 (PKG-III),NHIDCL,GOA,3-2020,7/2022,-,292.24,-,291.20,93.20,RAILWAYS
1034,N24001356,DULTE- KWALKULH - CHAMPAI PKG.2,NHIDCL,GOA,3-2021,12/2022,4/2024,233.25,-,172.09,100.00,RAILWAYS
1035,N24001358,TLABUNG - LUNGLEI PKG-A,NHIDCL,GOA,3-2021,12/2022,-,698.44,-,499.26,59.40,RAILWAYS
1036,N24001359,TLABUNG - LUNGLEI PKG-B,NHIDCL,GOA,3-2021,1/2023,-,740.58,-,362.71,57.40,RAILWAYS
1037,N24001440,KEIFANG - TUVAI PKG-1,NHIDCL,GOA,9-2021,5/2023,-,492.94,-,354.89,90.50,RAILWAYS
1038,N24001975,UP-GRADATION TO 2-LANE WITH PAVED SHOULDERS OF NGOPA - PAWLRANG SECTION OF NH 102B OF AIZAWL - IMPHA,NHIDCL,GOA,9-2021,2/2025,-,523.78,-,643.63,78.00,RAILWAYS
1039,N24002027,KEIFANG - TUVAI PKG-3,NHIDCL,GOA,12-2021,2/2025,-,500.88,-,250.46,65.10,RAILWAYS
1040,N24002204,ZORINPUI- HMAWNGBU- LONGMASU (NH-502A),NHIDCL,GOA,2-2023,12/2026,-,781.85,-,67.12,1.12,RAILWAYS
1041,N06000154,NILJAI EXPANSION (DEEP) OC (3.5 MTY),WCL,GOA,8-2016,3/2022,3/2025,319.76,319.76,183.67,98.00,COAL
1042,N06000192,BINA KAKRI AMALGAMATION OCP 14 MTPA,NCL,GOA,8-2020,3/2024,-,836.42,-,768.64,58.20,COAL
1043,N40000001,NATIONAL INDUSTRIAL CORRIDOR PROJECT,DMIC FOR DPIIT,GOA,9-2011,3/2027,3/2032,"20,084.00","26,684.00","4,969.89",50.99,DPIIT
1044,N16000285,KOCHI-KOOTTANAD- BANGALORE-MANGALORE PIPELINE PHASE-II,GAIL,GOA,6-2009,12/2012,12/2025,"2,915.00","5,909.00","4,191.90",93.80,PETROLEUM
1045,N16000388,SRIKAKULAM ANGUL PIPELINE PROJECT,GAIL,GOA,9-2019,7/2022,6/2025,"2,658.34",-,"2,173.30",94.20,PETROLEUM
1046,N16000391,DHAMRA HALDIA PIPELINE PROJECT,GAIL,GOA,3-2020,11/2022,12/2025,"1,030.65",-,831.80,86.30,PETROLEUM
1047,N16000398,MUMBAI NAGPUR JHARSUGUDA PIPELINE PROJECT,GAIL,GOA,6-2020,5/2023,6/2025,"7,844.25",-,"6,266.00",93.80,PETROLEUM
1048,N16000426,CGD PROJECT AT NAWADA AND KODERMA DISTRICTS,IOCL,GOA,6-2019,12/2029,3/2030,169.00,-,74.64,27.20,PETROLEUM
1049,N16000439,NORTH EAST GAS GRID,IGGL,GOA,11-2020,3/2024,7/2025,"9,265.00","9,265.00","6,270.19",84.51,PETROLEUM
1050,N16000531,GURDASPUR JAMMU PIPELINE,GAIL,GOA,7-2023,7/2026,7/2026,521.92,521.92,121.50,33.56,PETROLEUM
1051,N18000249,COMPREHENSIVE SCHEME FOR THE STRENGHTENING OF THE TRANSMISSION AND DISTRIBUTION SYSTEM IN A P,PGCIL,GOA,12-2014,12/2018,3/2025,"4,754.42","9,129.32","7,602.44",81.00,PETROLEUM
1052,N18000250,NORTH EASTERN REGION POWER SYSTEM IMPROVEMENT PROJECT (NERPSIP) FOR SIX (6) STATES,PGCIL,GOA,12-2014,12/2018,3/2025,"5,111.33","6,700.00","5,276.39",95.80,PETROLEUM
1053,N18000328,TS FOR EVACUATION OF POWER FROM PAKALDUL HEP IN CHENAB VALLEY HEPS - LTA SYSTEM,PGCIL,GOA,2-2022,4/2025,-,318.12,-,169.75,95.00,PETROLEUM
1054,N18000330,TRANSMISSION SYSTEM STRENGTHENING FOR SRINAGAR-LEH TRANSMISSION SYSTEM,PGCIL,GOA,3-2022,12/2024,-,288.71,-,144.79,48.00,PETROLEUM
1055,N18000331,TRANSMISSION SYSTEM STRENGTHENING SCHEME FOR EVACUATION OF POWER FROM SOLAR ENERGY ZONES IN RAJASTHA,PGCIL,GOA,2-2022,9/2023,-,359.47,-,314.16,84.00,PETROLEUM
1056,N18000332,TRANSMISSION SYSTEM STRENGTHENING SCHEME FOR EVACUATION OF POWER FROM SOLAR ENERGY ZONES IN RAJASTHA,PGCIL,GOA,5-2022,11/2023,-,"1,666.00",-,"1,490.62",90.30,PETROLEUM
1057,N18000337,TRANSMISSION NETWORK EXPANSION IN GUJARAT TO INCREASE ATC FROM ISTS: PART B,PGCIL,GOA,7-2022,6/2023,-,"4,546.26",-,"2,785.35",91.00,PETROLEUM
1058,N18000343,SYSTEM STRENGTHENING SCHEME FOR EASTERN AND NORTH EASTERN REGION,PGCIL,GOA,10-2022,10/2025,-,307.87,-,184.31,89.00,PETROLEUM
1059,N18000352,TRANSMISSION SYSTEM FOR KURNOOL WIND ENERGY ZONE SOLAR ENERGY ZONE (AP) PART-A PART B,PGCIL,GOA,3-2023,11/2024,-,"3,546.94",-,"2,202.14",89.00,PETROLEUM
1060,N18000353,ER WR TRANSMISSION LIMITED,PGCIL,GOA,3-2023,3/2025,-,281.16,-,162.14,91.00,PETROLEUM
1061,220100188,"NANGALDAM-TALWARA(NL),NR",NR,GOA,3-1981,12/2025,1/2027,"2,018.00",603.00,"1,579.04",75.00,PETROLEUM
1062,220100232,"LALITPUR-SATNA-REWA- SINGRULI NL, (NCR)",WCR,GOA,9-1998,3/2027,-,"8,913.94",63.57,"2,520.04",43.00,PETROLEUM
1063,N22000134,CHHAPRA-BALLIA UP,NER,GOA,3-2013,2/2025,-,941.05,954.00,"1,001.52",95.50,PETROLEUM
1064,N22000138,CHOTTAUDEPUR-DHAR(NL),WR,GOA,4-2007,12/2026,12/2027,"1,793.65","1,793.63","1,619.35",59.00,PETROLEUM
1065,N22000139,"DAHOD-INDORE VIA SARDARPUR, JHABUA AND DHAR (NL)",WR,GOA,4-2007,2/2027,2/2027,"1,942.00","1,873.10","2,913.16",59.00,PETROLEUM
1066,N22000148,GWALIOR-SEOPURKALA WITH EXTENSION TO KOTA (GC),NCR,GOA,4-2011,3/2025,-,"2,912.96",-,"1,024.32",-,PETROLEUM
1067,N22000158,DHOLPUR-SIRMUTTRA WITH EXTENSION TO GANGAPURCITY AND MOHARI-TANTPUR AND TANPUR-BANSI PAHARPUR,NCR,GOA,4-2010,2/2019,-,746.83,-,389.88,30.00,PETROLEUM
1068,N22000183,NEW BONGAIGAON-RANGIA- KAMAKGHYA DOUBLING,NFR,GOA,4-2013,8/2024,-,"2,047.51",-,"3,709.47",99.51,PETROLEUM
1069,N22000206,NEW BG LINE FROM BALURGHAT TO HILLY NFR,NFR,GOA,4-2010,3/2027,-,"1,208.67",-,412.99,7.00,PETROLEUM
1070,N22000207,NEW BG LINE FROM JAGBANI TO BIRATNAGAR,NFR,GOA,4-2010,3/2022,12/2026,401.65,485.96,361.33,86.00,PETROLEUM
1071,N22000208,MURKONGSELEK-PASIGHAT NL,NFR,GOA,4-2011,3/2025,-,435.06,-,752.82,53.00,PETROLEUM
1072,N22000219,PIRPAINTI-JASIDIH,ER,GOA,4-2013,3/2028,3/2028,"2,555.03",-,"1,124.78",45.00,PETROLEUM
1073,N22000261,KAZIPET-VIJAYAWADA 3RD LINE WITH ELECTRIFICATION,SCR,GOA,4-2012,2/2025,-,"1,953.00",-,"1,755.99",-,PETROLEUM
1074,N22000274,DEOBAND (MUZAFFARNAGAR)- ROORKEE NL,NR,GOA,4-2007,3/2024,-,"1,053.23",-,578.92,99.00,PETROLEUM
1075,N22000279,RAYADURGA-TUMKUR NL,SWR,GOA,4-2007,9/2015,-,"2,495.59","2,495.59","1,645.12",60.00,PETROLEUM
1076,N22000333,HOTGI-KUDGI-GADAG,SWR,GOA,3-2015,12/2024,-,"1,877.81","1,877.81","2,513.53",89.00,PETROLEUM
1077,N22000367,KAZIPET-BALHRSHA,SCR,GOA,4-2015,1/2025,-,"2,594.59",-,"2,797.55",-,PETROLEUM
1078,N22000463,MUMBAI AHMEDABAD HIGH SPEED RAIL PROJECT,NHSRCL,GOA,12-2015,8/2027,-,"108,000.00",-,"76,441.00",51.50,PETROLEUM
1079,N22000464,WESTERN DEDICATED FREIGHT CORRIDOR,DFCC,GOA,11-2007,3/2022,-,"51,101.00","51,101.00","47,476.00",83.00,PETROLEUM
1080,N22000467,CHANDIGARH-BADDI,NR,GOA,4-2007,6/2025,12/2026,"1,540.13","1,540.14",941.19,28.00,PETROLEUM
1081,N22000506,NARAYANGARH TO BHADRAK 3RD LINE (155 KM),SER,GOA,3-2019,12/2024,-,"2,400.00",-,"1,979.58",58.00,PETROLEUM
1082,N24000182,VARANASI-AURANGABAD KM.786 TO KM.978.40,NHAI,GOA,9-2011,3/2014,-,"2,848.00",-,"3,901.66",90.02,PETROLEUM
1083,N24001628,4/6L OF SPUR TO HARIDWAR (GREENFIELD) FROM KM. 0.000 TO KM. 49.000,NHAI,GOA,11-2021,2/2025,8/2025,"2,155.95",-,"1,280.30",66.80,PETROLEUM
1084,N24001629,6L WITH ACCESS CONTROL PROVISION SAHARANPUR BYPASS TO GANESHPUR SECTION FROM 13.89 KM TO 41.820 KM O,NHAI,GOA,4-2022,11/2024,5/2025,796.65,-,417.88,83.55,PETROLEUM
1085,N25000072,JAL MARG VIKAS PROJECT,IWAI,GOA,1-2018,3/2023,12/2025,"5,369.18","5,061.15","3,414.95",68.38,"SHIPPING AND
PORTS"
1086,N26000114,PHASE-I OF CONSOLIDATION OF EXISTING CDR DATA CENTERS AND NIB-P3 DATA CENTERS WITH STATE OF THE ART,BSNL,GOA,3-2020,6/2021,11/2021,461.42,461.42,166.02,81.00,"SHIPPING AND
PORTS"
1087,N26000115,SUPER EDGE ROUTERS FOR BSNL INTERNET PROTOCOL - MULTI PROTOCOL LEBEL SWITCHING (IPMPLS) NETWORK and,BSNL,GOA,3-2023,3/2024,7/2024,239.60,-,175.17,100.00,"SHIPPING AND
PORTS"
1088,N26000116,MPLS-IP BASED ACCESS AND AGGREGATION NETWORK (MAAN) IN BSNL ALONG WITH TEST AND MEASURING EQUIPMENT,BSNL,GOA,5-2023,8/2024,11/2024,645.13,-,346.27,86.89,"SHIPPING AND
PORTS"
1089,N26000117,PLANNIN ENGINEERING SUPPLY INSTALLATION TESTING COMMISSIONING INTEGARTION and ANNUAL MAINTENANCE OF,BSNL,GOA,6-2023,6/2025,-,"24,556.35","24,544.55","7,941.00",92.30,"SHIPPING AND
PORTS"
1090,N26000118,OPTICAL TRANSPORT NETWORK (OTN) PH-4 IN BSNL,BSNL,GOA,2-2024,8/2025,-,810.99,-,570.00,99.35,"SHIPPING AND
PORTS"
1091,N28000134,DELHI GHAZIABAD MEERUT RRTS CORRIDOR,NCRTC,GOA,3-2019,6/2025,-,"30,274.00",-,"25,204.71",85.50,"URBAN
DEVELOPMENT"
1092,N16000529,"AUGMENTATION OF DIMAPUR DEPOT, DIMAPUR",IOCL,GOA,8-2023,11/2027,-,227.62,-,4.54,17.50,PETROLEUM
1093,N22000124,NEW LINE FROM DIMAPUR TO ZUBZA(KOHIMA) NATIONAL PROJECT (NEFR),NFR,GOA,4-2006,3/2026,-,"6,663.20","6,663.20","4,611.24",71.00,RAILWAYS
1094,N24000686,FOUR LANING OF DIMAPUR KOHIMA ROAD FROM DESIGN KM 123.840 TO KM 138.775 (EXISTING KM 124.100 TO KM 1,NHIDCL,GOA,3-2016,9/2019,11/2022,373.07,534.41,382.50,99.81,RAILWAYS
1095,N24000688,FOUR LANING OF EXISTING DIMAPUR KOHIMA ROAD FROM DESIGN KM 152.490 TO KM 166.700 (EXISTING KM 156.00,NHIDCL,GOA,3-2016,8/2022,9/2025,429.52,794.74,321.40,90.84,RAILWAYS
1096,N24000752,(I) CONSTRUCTION OF FOUR/SIX LANING FROM KM 132.375 TO KM 158.058 (TOTAL NEW ALIGNMENT LENGTH OF 20.,NHIDCL,GOA,2-2017,9/2020,2/2023,387.00,688.12,389.81,100.00,RAILWAYS
1097,N24000753,(II) CONSTRUCTION OF DIMAPUR BYPASS (ASSAM PORTION) OF 4/6 LANE PAVEMENT ON EPC BASIS FROM EXISTING,NHIDCL,GOA,3-2018,11/2022,8/2024,500.09,698.81,393.53,100.00,RAILWAYS
1098,N24000763,CONSTRUCTION OF TWO LANE WITH HARD SHOULDERS OF MERANGKONG-TAMLU-MON ROAD FROM EXISTING KM 20.456 TO,NHIDCL,GOA,3-2018,12/2021,8/2022,215.79,-,127.85,77.10,RAILWAYS
1099,N24000765,CONSTRUCTION OF TWO LANE WITH HARD SHOULDERS OF MERANGKONG-TAMLU-MON ROAD FROM EXISTING KM 60.345 TO,NHIDCL,GOA,3-2018,9/2018,6/2023,323.98,-,112.43,52.47,RAILWAYS
1100,N24001179,CONSTRUCTION OF 2 LANE WITH PAVED SHOULDER FROM KM. 168 TO 183.783 (YESEMYONG TO UNGER) ON MOKOKCHUN,MoRTH,GOA,3-2017,11/2020,2/2023,217.35,-,214.18,100.00,RAILWAYS
1101,N24001180,WIDENING OF EXISTING SINGLE/INTERMEDIATE LANE ROAD TO 2 LANE ROAD FROM KM. 83.00 TO KM 101.00 ON NH-,MoRTH,GOA,3-2019,12/2022,1/2023,237.51,-,215.47,100.00,RAILWAYS
1102,N24001255,CONSTRUCTION OF 2-LANE WITH PAVED SHOULDER OF KOHIMA-BYPASS ROAD FROM DESIGN KM10.500 TO 21.00KM [D,NHIDCL,GOA,9-2020,10/2022,9/2024,277.44,-,168.88,66.12,RAILWAYS
1103,N24001257,CONSTRUCTION OF 2-LANE WITH PAVED SHOULDER OF KOHIMA-BYPASS ROAD FROM DESIGN KM21.0 TO KM32.0 [DESIG,NHIDCL,GOA,8-2020,10/2022,6/2025,159.85,342.29,101.93,29.36,RAILWAYS
1104,N24001258,CONSTRUCTION OF 2-LANE WITH PAVED SHOULDER OF KOHIMA-BYPASS ROAD FROM DSIGN KM32.0 TO KM43.454 [DES,NHIDCL,GOA,8-2020,4/2022,4/2023,202.36,-,75.17,30.80,RAILWAYS
1105,N24001259,UPGRADATION OF EXISTING ROAD TO 2-LANE WITH PAVED SHOULDER FROM KOHIMA TO MAO FROM KM 185.540 TO KM,NHIDCL,GOA,9-2020,4/2022,5/2024,315.63,-,116.70,74.23,RAILWAYS
1106,N24001282,2 LANING OF KOHIMA - JESSAMI SECTION (PACKAGE II),NHIDCL,GOA,3-2020,6/2022,-,355.79,-,114.35,63.20,RAILWAYS
1107,N24001286,2-LANING OF CHANGTONGYA TO LONGLENG ROAD OF NH-702 (PKG-I),NHIDCL,GOA,3-2020,6/2022,10/2022,278.95,-,166.29,100.00,RAILWAYS
1108,N24001287,2 LANING OF KOHIMA - JESSAMI SECTION (PACKAGE V),NHIDCL,GOA,4-2020,12/2021,11/2025,330.80,-,168.02,91.97,RAILWAYS
1109,N24001288,CONSTRUCTION OF 2-LANE WITH PAVED SHOULDER OF KOHIMA-BYPASS ROAD FROM DESIGN KM 0.00 TO KM 10.500 [D,NHIDCL,GOA,8-2020,4/2022,11/2026,232.29,350.88,69.98,14.42,RAILWAYS
1110,N24001389,CHANGTONGYA TO LONGLENG ROAD PKG-2,NHIDCL,GOA,3-2020,6/2022,9/2022,206.53,-,119.25,99.40,RAILWAYS
1111,N24001406,PEREN-DIMAPUR SECTION PKG- 2,NHIDCL,GOA,7-2021,3/2023,9/2025,258.52,-,83.96,77.90,RAILWAYS
1112,N24001438,MERANGKONG-TAMLU-MON (MTM) PKG-5,NHIDCL,GOA,7-2021,12/2023,-,161.73,-,62.08,66.76,RAILWAYS
1113,N24001465,WIDENING OF EXISTING SINGLE LANE / INTERMEDIATE LANE ROAD TO 2 LANE FROM KM 101 TO KM 125 OF NH 61 I,MoRTH,GOA,6-2020,9/2024,6/2026,252.19,-,11.97,14.50,RAILWAYS
1114,N24001466,WIDENING TO EXISTING SINGLE LANE /INTERMEDIATE LANE TO 2 LANE FROM KM185.00 TO KM 220.00 OF NH-61 (N,MoRTH,GOA,3-2021,7/2024,6/2025,297.24,-,137.57,76.20,RAILWAYS
1115,N24001467,WIDENING TO EXISTING SINGRE/INTERMEDIATE RANE TO 2 LANE FROM KM 135 TO KM 147 AND FROM KM 156.00 TO,MoRTH,GOA,3-2021,2/2024,3/2025,226.44,-,140.24,100.00,RAILWAYS
1116,N24001475,CONSTRUCTION OF 2 LANE WITH HARD SHOULDER FROM DESIGN CHAINAGE KM 283.000 TO KM 325.440 (5- LEGGED J,NHIDCL,GOA,3-2022,12/2024,-,605.36,-,273.21,100.00,RAILWAYS
1117,N24001855,WIDENING OF EXISTING SINGLE LANE ROAD TO INTERMEDIATE LANE ROAD FROM MOKOKCHUNG TO CHARE VIA DIKHU I,MoRTH,GOA,2-2021,6/2025,6/2025,192.93,-,103.62,88.60,RAILWAYS
1118,N24001912,PEREN-DIMAPUR PKG-3,NHIDCL,GOA,2-2021,6/2025,-,177.77,199.02,43.33,61.13,RAILWAYS
1119,N24001976,WIDENING TO 2 LANE WITH HARD SHOULDER OF AKEGWO- AVANGKHU SECTION OF NH- 202K FOR PACKAGE-I (DESIGN CH,NHIDCL,GOA,12-2022,2/2026,-,430.24,-,92.24,49.95,RAILWAYS
1120,N24001977,WIDENING TO 2 LANE WITH HARD SHOULDER OF AKEGWO- AVANGKHU SECTION OF NH- 202K FOR PACKAGE-II (DESIGN C,NHIDCL,GOA,12-2022,2/2026,-,442.54,-,39.97,22.28,RAILWAYS
1121,N24001978,WIDENING TO 2 LANE WITH HARD SHOULDER OF AKEGWO- AVANGKHU SECTION OF NH- 202K FOR PACKAGE-III (DESIGN,NHIDCL,GOA,12-2022,2/2026,-,497.18,-,159.36,59.20,RAILWAYS
1122,N06000112,BASUNDHARA (WEST) OC EXTN(7.00 MTY),MCL,GOA,5-2014,3/2019,-,479.15,-,267.10,63.04,RAILWAYS
1123,N06000113,SIARMAL OCP (40.00MTY),MCL,GOA,2-2021,3/2029,-,"5,194.96",-,"3,436.40",51.07,RAILWAYS
1124,N06000167,INTEGRATED LAKHANPUR- BELPAHAR-LILARI OCP,MCL,GOA,5-2018,3/2027,-,"2,434.75",-,"1,749.33",60.87,RAILWAYS
1125,N06000171,REORGANISATION OF BHARATPUR OCP EXPANSION,MCL,GOA,11-2018,3/2029,-,"2,838.87",-,"1,743.39",44.60,RAILWAYS
1126,N06000189,TALABIRA II AND III OCP,NLC,GOA,7-2017,1/2027,-,"2,401.07",-,"1,626.71",62.00,RAILWAYS
1127,N06000203,NAINI COAL MINE,SCCL,GOA,3-2020,3/2024,-,494.30,-,491.33,80.00,RAILWAYS
1128,N06000229,GOPALJI-KANIHA OCP,MCL,GOA,4-2022,3/2028,-,"6,107.87",-,"1,694.01",17.39,RAILWAYS
1129,N06000230,BALARAM EXPANSION OCP,MCL,GOA,8-2020,3/2029,-,"3,504.21",-,"1,022.30",50.17,RAILWAYS
1130,N06000249,SUBHADRA OCP,MCL,GOA,5-2021,3/2029,3/2029,"1,693.81",-,"1,180.35",39.30,RAILWAYS
1131,N06000270,NLC TALABIRA THERMAL POWER PROJECT (PHASE-1: 3 X 800 MW),NLC,GOA,1-2024,5/2029,3/2030,"27,213.00",-,"1,556.46",1.55,RAILWAYS
1132,N06000285,RPR OF HINGULA EXPANSION OCP,MCL,GOA,11-2022,3/2029,-,"1,561.85",-,47.49,3.57,RAILWAYS
1133,N06000286,BHUBANESWARI EXPANSION OCP,MCL,GOA,3-2024,3/2031,-,"5,366.28",-,0.82,3.39,RAILWAYS
1134,N06000288,BALABHADRA OCP,MCL,GOA,4-2023,3/2030,-,978.44,-,209.50,1.86,RAILWAYS
1135,N06000289,INTEGRATED KULDA GARJANBAHAL OCP,MCL,GOA,4-2023,3/2030,-,"3,563.50",-,6.72,1.00,RAILWAYS
1136,N28000126,INDIAN INSTITUTE OF SCIENCE EDUCATION AND RESEARCH BERHAMPUR,CPWD EDUCATION,GOA,1-2019,3/2022,-,790.79,-,701.39,96.00,"DEPARTMENT
OF HIGHER
EDUCATION"
1137,N10000010,5TH STREAM ALUMINA REFINERY EXPANSION PROJECT,NALCO,GOA,12-2014,4/2021,9/2025,"4,103.00","5,677.40","3,751.02",73.01,MINES
1138,N10000011,UTKAL D AND E COAL BLOCK,NALCO,GOA,5-2016,1/2020,11/2023,534.00,-,826.19,86.50,MINES
1139,N10000012,CONVERSION OF FLAT BOTTOM SETTLERS AND WASHERS WITH A SINGLE TRAIN OF HRDS AND DCWS IN STREAMS 1 AND,NALCO,GOA,12-2015,11/2020,9/2025,355.00,581.00,163.55,12.60,MINES
1140,N10000013,SOURCING OF BAUXITE ARRANGEMENT FOR 5TH STREAM ALUMINA REFINERY FROM SOUTH BLOCK MINING LEASE OF PAN,NALCO,GOA,11-2017,4/2021,5/2025,483.00,483.00,383.19,88.87,MINES
1141,N10000016,POTTANGI BAUXITE MINES,NALCO,GOA,5-2018,12/2024,-,"1,437.00",-,649.96,50.90,MINES
1142,N10000017,CONSTRUCTION OF RED MUD POND - II AT NALCO DAMANJODI ODISHA,NALCO,GOA,9-2019,3/2023,5/2024,225.79,-,5.00,100.00,MINES
1143,N16000361,ADDITIONAL STORAGE TANKS AT PARADIP,IOCL,GOA,11-2018,9/2021,12/2024,462.30,552.44,493.72,100.00,MINES
1144,N16000396,INTEGRATED PARA XYLENE (PX) AND PURIFIED TEREPHTHALIC ACID (PTA) PROJECT AT PARADIP REFINERY,IOCL,GOA,7-2020,1/2024,4/2025,"13,805.00",-,"7,173.59",89.20,MINES
1145,N18000351,EASTERN REGION EXPANSION SCHEME XXIX,PGCIL,GOA,3-2023,11/2025,-,524.04,-,359.97,99.00,POWER
1146,N18000364,TALCHER THERMAL POWER PROJECT STAGE III(2X660 MW),NTPC,GOA,8-2022,5/2027,-,"11,844.00",-,"3,218.10",21.40,POWER
1147,220100284,KHURDA ROAD- BOLANGIR(NL)ECOR,ECOR,GOA,4-1994,12/2026,12/2026,"3,550.00","3,791.66","4,690.64",84.00,POWER
1148,220100328,TALCHER- BIMALAGARH(NL)(ECOR),ECOR,GOA,4-2005,3/2025,-,"1,928.10",-,"1,686.57",40.00,POWER
1149,N22000316,BHADRAK - NERGUNDI 3RD LINE,ECOR,GOA,3-2013,11/2024,1/2026,"1,284.39","1,284.39","1,257.23",80.00,POWER
1150,N22000376,JAGADALPUR-KORAPUT DOUBLING,ECOR,GOA,4-2015,3/2024,-,"1,547.38",-,"1,273.36",93.50,POWER
1151,N22000379,KORAPUT - SINGAPUR ROAD DOUBLING,ECOR,GOA,4-2015,12/2027,3/2026,"2,362.00","2,361.74","1,752.26",78.00,POWER
1152,N22000380,JARAPADA - BUDHAPANK WITH FLY OVER AT TALCHER ROAD 3RD AND 4TH LINE,ECOR,GOA,4-2015,3/2027,-,820.61,-,573.95,-,POWER
1153,N22000381,BUDHAPANK - SALEGAON VIA RAJATGARH 3RD AND 4TH LINE.,ECOR,GOA,4-2015,3/2026,11/2025,"1,172.92",-,"1,906.43",80.00,POWER
1154,N22000409,VIZIANAGARAM -SAMABALPUR 3RD LINE,RVNL,GOA,1-1991,12/2026,-,"4,803.16",-,"4,691.52",-,POWER
1155,N22000418,EXECUTION OF RAIL CONNECTIVITY PROJECT FOR COAL TRANSPORTATION IN ODISHA FOR MCRL,IRCON,GOA,4-2016,3/2020,-,"5,200.00",-,0.00,17.40,POWER
1156,N22000516,JEYPORE MALKANGIRI NEW LINE,ECOR,GOA,2-2018,7/2033,-,"2,344.00",-,220.78,90.00,POWER
1157,N22000517,JEYPORE NABARANGPUR NEWLINE,ECOR,GOA,7-2017,7/2028,-,748.00,-,0.00,-,POWER
1158,N22000518,TALCHER - ANGUL NEW LINE WITH Y CONNECTION AT TALCHER,ECOR,GOA,7-2018,12/2026,-,278.96,495.00,29.50,-,POWER
1159,N22000519,KODINGAMALI BAUXITE MINES TO SINGARAM RAILWAY STATION,ECOR,GOA,8-2022,8/2027,-,190.90,-,10.00,-,POWER
1160,N22000520,GANDHAMARDAN IRON ORE MINES TO GOALDIH STATION,ECOR,GOA,9-2022,9/2027,-,189.93,-,14.04,-,POWER
1161,N22000521,BRUNDAMAL-JHARSUGUDA- FLYOVER CONNECTION FOR JOINING DN LINE,ECOR,GOA,12-2009,12/2026,-,296.51,-,302.50,10.00,POWER
1162,N22000522,BAGHUAPAL FLY OVER (20 KM),ECOR,GOA,8-2019,8/2027,8/2027,183.00,257.97,0.83,-,POWER
1163,N22000571,ROURKELA-BONDAMUNDA A- CABIN 5TH LINE (10 KM) (UMBRELLA WORK PB#57/2019- 20/NR),SER,GOA,9-2022,9/2026,-,209.75,-,59.29,10.00,POWER
1164,N24000619,DEVELOPMENT OF FOUR LANNING OF ANGUL- SAMBALPUR SECTION OF NATIONAL HIGHWAY NH-42 (NEW NH-55 IN THE S,NHAI,GOA,9-2016,8/2019,-,"2,510.04",-,"1,181.34",99.38,POWER
1165,N24000715,REHABILITATION AND UPGRADATION OF CUTTACK ANGUL SECTION OF NH-42 (NEW NH-55) TO 4 LANE (KM. 0+400 TO,NHAI,GOA,12-2017,7/2020,-,686.65,565.00,574.26,97.65,POWER
1166,N24000733,REHABILITATION AND UP- GRADATION OF EXISTING 2- LANE TO 4 LANE OF DUBURI (KM 388.376) TO CHANDIKHOLE (,NHAI,GOA,1-2018,8/2022,-,633.68,492.83,560.38,85.60,POWER
1167,N24000734,REHABILITATION AND UP- GRADATION OF EXISTING 2- LANE TO FOUR LANE FROM TALCHAR TO END OF KAMAKHYANAG,NHAI,GOA,1-2018,8/2021,-,614.48,503.30,664.48,100.00,POWER
1168,N24000736,REHABILITATION AND UPGRADATION OF CUTTACK- ANGUL SECTION TO 4 LANE (KM 60.20) TO (KM 112.0) PKG II ON,NHAI,GOA,1-2018,9/2020,-,686.65,504.09,479.81,97.50,POWER
1169,N24000738,REHABILITATION AND UPGRADATION OF SIX LANING OF BHADRAK BALESHWAR SECTION (KM 136.50) TO (KM 199.141,NHAI,GOA,1-2018,9/2021,-,999.00,"1,152.70",498.82,80.58,POWER
1170,N24000739,REHABILITATION AND UP- GRADATION TO 4-LANING OF RAJAMUNDA-BARKOTE SECTION OF NH-23 (NEW NH NO. 143) (,NHAI,GOA,1-2018,6/2021,5/2025,503.88,609.03,536.89,99.50,POWER
1171,N24000912,WIDENING TO 2LPS FROM 0/0 TO 119/0 OF NH-157 IN THE STATE OF ODISHA.,MoRTH,GOA,8-2016,2/2017,-,287.70,-,275.42,98.66,POWER
1172,N24000914,WIDENING TO 2LPS FROM 239/9 TO 294/3 OF NH-57 (NAYAGARH TO KHURDA) IN THE STATE OF ODISHA,MoRTH,GOA,12-2016,8/2018,-,223.50,-,220.50,92.00,POWER
1173,N24000917,WIDENING TO 2LPS FROM 269/30 TO 328/20 OF NH-49 IN THE STATE OF ODISHA,MoRTH,GOA,3-2018,8/2018,-,199.16,-,155.10,98.00,POWER
1174,N24001647,BALANCE WORK OF PANIKOILI RIMULI SECTION OF NEW NH-20 FROM KM 0.00 TO KM. 163.000,NHAI,GOA,8-2020,3/2022,-,200.00,154.73,150.38,99.62,POWER
1175,N24001665,6L GREENFIELD KANDILI - ALURU SECTION OF NH-130-CD ROAD FROM KM 342+500 TO KM 365+033 (PACKAGE-OD-8,NHAI,GOA,12-2021,10/2024,-,"1,592.00","1,592.00","1,067.86",76.49,POWER
1176,N24001666,6L GREENFIELD BARAJA - KANDILI SECTION OF NH- 130- CD ROAD FROM KM 338+500 TO KM 342+500 (PACKAGE-OD,NHAI,GOA,12-2021,9/2024,-,714.00,714.00,569.08,92.07,POWER
1177,N24001667,6L GREENFIELD KALIAGURA ? BAUNSAGUAR SECTION OF NH- 130-CD ROAD FROM KM 249+000 TO KM 293+000 (PACKAG,NHAI,GOA,9-2021,5/2024,-,"1,734.00","1,734.00","1,203.09",83.99,POWER
1178,N24001668,6L OF BADAKUMARI - KARKI SECTION FROM KM 179.000 TO KM 226.500 OF NH-130-CD (PACKAGE ? OD-3),NHAI,GOA,3-2021,4/2024,-,"1,249.00",-,465.59,84.06,POWER
1179,N24001669,6L OF DHANARA - HATIBENA SECTION FROM KM 124.611 TO KM 146.50 OF NH-130-CD (PACKAGE ? OD-1),NHAI,GOA,2-2021,3/2024,-,586.00,-,240.33,87.60,POWER
1180,N24001670,6L OF KARKI ? KALIAGURA SECTION FROM KM 226.500 TO KM 249.000 OF NH-130-CD (PACKAGE ? OD-4),NHAI,GOA,2-2021,3/2024,-,593.00,-,282.15,93.60,POWER
1181,N24001671,6L OF HATIBENA - BADAKUMARI SECTION FROM KM 146.50 TO KM 179.00 OF NH-130-CD (PACKAGE ? OD-2),NHAI,GOA,2-2021,3/2024,-,925.00,-,460.47,97.00,POWER
1182,N24001678,6L GREENFIELD BAUNSAGUAR - BARAJA SECTION OF NH-130-CD ROAD FROM KM 293+000 TO KM 338+500 (PACKAGE ?,NHAI,GOA,8-2021,6/2024,-,"1,460.00","1,460.00",947.94,87.92,POWER
1183,N24001857,CONSTRUCTION OF ROAD FROM KM 0/0 TO 72/0 OF NH-26 SUCH AS 4 LANE FROM KM 0/0 TO 21/0 (BARGARH TO BAR,MoRTH,GOA,6-2020,12/2023,8/2025,414.24,-,307.52,97.00,POWER
1184,N24001858,WIDENING AND STRENGTHENING TO 2L+PS INCLUDING LA OF KANDARPUR- BALIKUDA FROM KM 277/500 TO 318/970 OF,MoRTH,GOA,3-2022,6/2025,-,499.79,-,280.32,36.83,POWER
1185,N24001859,CONSTRUCTION OF BYPASS ON NH-59 FROM KM 336/350 TO 349/910 (13.56 KM) NEAR BERHAMPUR TOWN INCLUDING,MoRTH,GOA,3-2021,3/2024,-,196.94,-,68.15,15.00,POWER
1186,N24001860,CONSTRUCTION OF BYPASS TO NAYAGARH TOWN FROM KM 235.469 TO 252.482 OF NH-57 INCLUDING LAND ACQUISITI,MoRTH,GOA,1-2022,4/2025,-,300.33,-,199.19,50.00,POWER
1187,N24001861,CONSTRUCTION OF BYPASS TO KHORDHA TOWN FROM KM 294/000 TO 300/300 ON NH-57 INCLUDING LA IN THE STATE,MoRTH,GOA,2-2022,11/2024,8/2025,157.49,-,69.00,31.74,POWER
1188,N24001862,CONSTRUCTION OF BYPASS ROAD TO BALANGIR TOWN FROM KM 72/400 (DESING KM 0/0) TO KM 79/800 (DESIGN KM,MoRTH,GOA,2-2022,10/2025,11/2025,238.78,-,39.26,28.00,POWER
1189,N24001863,"CONSTRUCTION OF 5 HL BRIDGES AT KM 379/000 (PANGAM), KM 439/400 (POTTERU), KM 444/237 (KONGURUKONDA)",MoRTH,GOA,3-2021,6/2024,10/2025,154.05,-,47.47,30.00,POWER
1190,N24001864,CONSTRUCTION OF FOUR LANE ROB AND ITS APPROACHES IN LIEU OF EXISTING LEVEL CROSSING NO. RV-71 AT KM,MoRTH,GOA,11-2021,6/2025,-,154.49,-,59.92,32.00,POWER
1191,N24001865,CONSTRUCTION OF 4 LANE ROB WITH APPROACHES IN LIEU OF LC NO. RV-172 AT KM 176.00 OF NH-201 (PRESENT,MoRTH,GOA,12-2021,5/2025,8/2025,324.09,-,103.11,35.00,POWER
1192,N24002078,REHABILITATION AND UP GRADATION FROM 4 TO 8 LANING OF CHANDIKHOLE PARADIP SECTION OF NH 53 FROM KM.,NHAI,GOA,12-2023,12/2025,-,711.00,-,111.90,47.80,POWER
1193,N24002079,REHABILITATION AND UP GRADATION FROM 4 TO 8 LANING OF CHANDIKHOLE PARADIP SECTION OF NH 53 FROM KM,NHAI,GOA,12-2023,12/2025,-,742.25,-,186.57,51.75,POWER
1194,N24002080,REHABILITATION AND UP GRADATION FROM 4 TO 8 LANING OF CHANDIKHOLE PARADIP SECTION OF NH 53 FROM KM,NHAI,GOA,12-2023,12/2025,-,762.75,-,152.76,51.50,POWER
1195,N24002081,3L MAJOR BRIDGE OVER RIVER BRAHMANI AT KM. 401.250 (DUBURI CHANDIKHOLE SECTION) OF NH 200 (NEW NH 5,NHAI,GOA,8-2022,1/2025,-,153.61,-,14.22,34.49,POWER
1196,N24002135,WIDENING AND STRENGTHENLNG TO 2L+PS FROM KM 0.000 TO 40.000 (DHAUGAON- PODAMARI SECTION) OF NH 326 I,MoRTH,GOA,3-2022,2/2026,-,186.52,-,45.90,35.00,POWER
1197,N24002136,WIDENING AND STRENGTHENING TO 4L+PS/2L+PS FROM KM 0.000 TO 35.800 (KUAKHIA - MANGALPUR SECTION) OF N,MoRTH,GOA,3-2022,2/2026,-,636.10,-,260.43,33.06,POWER
1198,N24002219,REHABILITATION AND UP GRADATION FROM 4 TO 8 LANING OF CHANDIKHOLE ? PARADIP SECTION OF NH-53 (OLD NH,NHAI,GOA,3-2024,10/2026,-,882.45,-,1.70,11.05,POWER
1199,N12000122,REBUILDING OF COKE OVEN BATTERY-2 ALONGWITH AUGMENTATION OF COKE HANDLING AND GAS HANDLING FACILITY,SAIL,GOA,11-2020,5/2023,3/2025,377.18,-,434.90,,STEEL
1200,N12000125,INSTALLATION OF 4TH SLAB CASTER ALONG WITH ITS AUXILIARIES AND A NEW LADLE FURNACE IN SMS-II AT RSP,SAIL,GOA,1-2022,5/2025,-,970.18,-,664.38,89.40,STEEL
1201,N28000142,"CONSTRUCTION OF PERMANENT CAMPUS OF INDIAN INSTITUTE OF MANAGEMENT (IIM) AMRITSAR, PUNJAB.",CPWD EDUCATION,GOA,10-2019,5/2022,-,348.24,-,237.84,90.00,"DEPARTMENT
OF HIGHER
EDUCATION"
1202,N16000402,"SECOND GENERATION ETHANOL BIOREFINERY PROJECT, BATHINDA, PUNJAB",HPCL,GOA,5-2020,2/2023,9/2024,"1,421.46",-,"1,153.95",95.60,PETROLEUM
1203,N16000440,BHATINDA SANGRUR PIPELINE,HPCL,GOA,11-2021,5/2024,2/2025,367.00,397.00,329.59,89.00,PETROLEUM
1204,N16000488,CGD PROJECT AT PATHANKOT DISTRICT,IOCL,GOA,3-2022,3/2030,9/2033,151.00,-,8.43,2.00,PETROLEUM
1205,N22000502,"MANSA-BHATINDA (PHASE-I), INCL. NEW MATERIAL MODIFICATION FOR RAMA MANDI (RAMAN) - SADA SINGHWALA VI",NR,GOA,6-2009,8/2016,-,404.00,-,190.00,100.00,RAILWAYS
1206,N22000589,235,NR,GOA,9-2020,3/2025,-,235.00,-,3.88,98.00,RAILWAYS
1207,N22000614,FEROZPUR - PATTI (25.72 KM),NR,GOA,4-2017,3/2027,-,299.74,-,0.00,-,RAILWAYS
1208,N24000907,WIDENING AND PAVED SHOULDER OF TOHANA (IN HARYANA) PUNJAB/HARYANA BORDER TO MOONAK-JAKHAL- BUDHLADA,MoRTH,GOA,3-2018,8/2020,-,293.10,-,306.60,100.00,RAILWAYS
1209,N24000909,JALANDHAR-HOSHIARPUR SECTION OF NH-70 [NEW NH NO. 3] FROM EXISTING KM 11.400 TO KM 49.200,MoRTH,GOA,10-2017,10/2019,-,"1,069.59",-,739.08,-,RAILWAYS
1210,N24000910,REHABILITATION AND UP GRADATION TO 2 LANE WITH PAVED SHOULDER OF NH-703A FROM MAKHU (DESIGN CH 0 000,MoRTH,GOA,3-2018,11/2020,-,170.57,192.48,96.38,79.00,RAILWAYS
1211,N24001415,DELHI-AMRITSAR-KATRA EXPRESSWAY FROM JUNCTION WITH PATIALA-BATHINDA ROAD (NH-7) NEAR BHAWANIGARH TO,NHAI,GOA,12-2020,4/2024,7/2024,881.00,-,882.83,89.33,RAILWAYS
1212,N24001416,DELHI-AMRITSAR-KATRA EXPRESSWAY FROM JUNCTION WITH LUDHIANA-MALERKOTLA ROAD (SH-11) NEAR BHOGIWAL VI,NHAI,GOA,12-2020,1/2024,3/2025,989.66,-,324.77,31.08,RAILWAYS
1213,N24001417,DELHI-AMRITSAR-KATRA EXPRESSWAY FROM JUNCTION WITH LUDHIANA-MOGA ROAD (NH-5) NEAR MULLANPUR DAKHA TO,NHAI,GOA,12-2020,4/2024,9/2025,"1,234.40",-,792.35,57.84,RAILWAYS
1214,N24001418,DELHI-AMRITSAR-KATRA EXPRESSWAY FROM CH.KM 303+900 TO KM 319+400 OF MAIN EXPRESSWAY) AND AMRITSAR CO,NHAI,GOA,12-2020,4/2024,9/2025,"1,094.46",-,802.93,61.96,RAILWAYS
1215,N24001419,DELHI-AMRITSAR-KATRA EXPRESSWAY (PHASE-I PKG-XI) FROM JUNCTION WITH JALANDHAR - KAPURTHALA ROAD (NH-,NHAI,GOA,2-2021,4/2024,11/2024,"1,269.96",-,585.86,43.45,RAILWAYS
1216,N24001420,DELHI-AMRITSAR-KATRA EXPRESSWAY (PHASE-I PKG-XII) FROM JUNCTION WITH AMRITSAR-MEHTA- SRIHARGOBINDPUR-,NHAI,GOA,2-2021,4/2024,12/2025,853.66,-,132.99,15.33,RAILWAYS
1217,N24001630,4/6L GREENFIELD LUDHIANA RUPNAGAR HIGHWAY FROM JUNCTION WITH NE 05 VILLAGR NEAR TO MANEWAL (LUDHIANA,NHAI,GOA,7-2021,2/2025,-,"1,501.02",-,372.00,71.00,RAILWAYS
1218,N24001631,6L OF IT CITY CHOWK TO KURALI CHANDIGARH ROAD,NHAI,GOA,3-2021,10/2024,-,"1,525.31",-,368.00,85.00,RAILWAYS
1219,N24001632,CONSTRUCTION OF FOUR LANE GREENFIELD PROJECT OF DELHI-AMRITSAR-KATRA EXPRESSWAY (PHASE-I PKG-V) FROM,NHAI,GOA,1-2021,5/2024,6/2025,"1,741.86","2,281.02","1,278.00",96.00,RAILWAYS
1220,N24001636,CONSTRUCTION OF FOUR/SIX LANE GREENFIELD LUDHIANA ? RUPNAGAR NATIONAL HIGHWAY NO. NH-205K UNDER BHAR,NHAI,GOA,5-2021,12/2024,10/2026,"1,368.91","1,368.91",163.58,15.31,RAILWAYS
1221,N24001637,DEVELOPMENT OF 6 LANE JALANDHAR BYPASS FROM KAHLWAN NATIONAL HIGHWAY 03 DESIGN KM 0.00 ENDING AT K,NHAI,GOA,3-2021,1/2025,-,"1,754.84",-,"1,082.62",34.70,RAILWAYS
1222,N24001638,4L GREENFIELD A. MALOUT BYPASS FROM CH. KM 44.500 TO CH. KM 35.500 ON NH-07 AND CH. KM 0.000 TO KM 6,NHAI,GOA,11-2021,7/2024,8/2025,646.42,646.42,481.67,95.00,RAILWAYS
1223,N24001639,FOUR LANING OF MOGA TO BAJAKHANA LAMBWALI SECTION OF 105B GREENFIELD ALIGNMENT FROM DESIGN CHAINAGE,NHAI,GOA,5-2020,12/2024,8/2025,864.23,864.23,434.88,61.00,RAILWAYS
1224,N24001640,6L AMRITSAR BATHINDA GREENFIELD SECTION FROM VILLAGE TIBA ON NE 5A TO JN. WITH MOGA JALANDHAR ROAD N,NHAI,GOA,3-2021,11/2024,-,"1,229.38",-,729.77,45.30,RAILWAYS
1225,N24001641,DELHI AMRITSAR KATRA EXPRESSWAY PHASE I SPUR III FROM JUNCTION WITH AMRITSAR JALANDHAR ROAD NH3 NEAR,NHAI,GOA,3-2021,10/2024,12/2025,"1,641.75",-,187.88,26.30,RAILWAYS
1226,N24001642,FOUR LANING OF AMRITSAR BYPASS FROM NEW TARN TARAN ROAD TO AJNALA ROAD FROM DESIGN KM. 0.750 TO DESI,NHAI,GOA,2-2021,8/2024,12/2025,"1,474.77",-,441.47,73.26,RAILWAYS
1227,N24001643,4L OF AMRITSAR GHOMAN TANDA UNA SECTION FROM KM 8.270 TO KM 54.000 OF NH 503A PACKAGE I,NHAI,GOA,12-2020,6/2024,6/2025,857.91,-,127.71,39.50,RAILWAYS
1228,N24001644,AMRITSAR AIRPORT JUNCTION RAMDAS FROM KM. 100.835 TO KM. 139.813 PKG IV,NHAI,GOA,12-2020,9/2023,9/2025,524.88,416.58,157.14,73.00,RAILWAYS
1229,N24001960,UP-GRADATION TO TWO LANE WITH PAVED SHOULDER CONFIGURATION OF NH-354 SECTION ARIFKES-FEROZEPUR- MUKTS,MoRTH,GOA,3-2021,10/2023,-,263.19,-,22.48,42.00,RAILWAYS
1230,N24001961,WORK OF WIDENING/UPGRADATION OF 2- LANE WITH PAVED SHOULDER OF SRI MUKTSAR SAHIB TO MALOUT ROAD FROM,MoRTH,GOA,3-2022,10/2023,-,152.58,-,8.49,69.00,RAILWAYS
1231,N24002075,6L OF JODHPUR ROMANA (BATHINDA) - MANDI DABWALI (PUNJAB HARYANA BORDER) SECTION OF NH-54 FROM KM. 0.,NHAI,GOA,12-2020,8/2025,8/2025,757.13,757.00,246.51,97.00,RAILWAYS
1232,N24002076,6L AMRITSAR-BATHINDA GREENFIELD SECTION FROM JN. WITH BHAGTA BHAI KA- BHADAUR ROAD NEAR DYALPURA BHAI,NHAI,GOA,3-2021,10/2025,6/2026,"2,029.17","2,029.00",84.23,43.00,RAILWAYS
1233,N24002091,6L ACCESS CONTROLLED LUDHIANA-BATHINDA GREENFIELD HIGHWAY FROM JN. WITH AMRITSAR-BATHANDA GREENFIELD,NHAI,GOA,6-2021,9/2025,3/2026,906.51,906.51,221.31,48.40,RAILWAYS
1234,N24002092,6-LANE AMRITSAR-BATHINDA GREENFIELD SECTION OF NH- 754A FROM JUNCTION WITH MOGA JALANDHAR ROAD (NH-70,NHAI,GOA,3-2021,10/2025,-,"1,801.37",-,"1,003.20",40.83,RAILWAYS
1235,N24002098,6L OF AMBALA-CHANDIGARH GREENFIELD SECTION FROM KM. 0.000 TO KM. 25.000 WITH 4L SPUR TO LALRU FROM K,NHAI,GOA,3-2022,10/2025,-,"1,641.66",-,154.00,45.00,RAILWAYS
1236,N24002100,4L OF EXISTING BEAS ? BABA BAKALA - DERA BABA NANAK SECTION FROM START OF BATALA BYPASS TILL INTERSE,NHAI,GOA,10-2021,6/2025,-,"1,003.38",-,275.45,68.59,RAILWAYS
1237,N24002101,4L OF BEAS-MEHTA-BATALA- DERA BABA NANAK FROM INTERSECTION WITH JALANDHAR-AMRITSAR HIGHWAY (NH-3) NEA,NHAI,GOA,8-2021,6/2025,12/2025,809.51,-,218.47,50.96,RAILWAYS
1238,N24002102,DELHI-AMRITSAR-KATRA EXPRESSWAY (PHASE-I SPUR-I) FROM JN. WITH KAPURTHALA - SULTANPUR LODHI ROAD (NH,NHAI,GOA,1-2020,4/2026,-,"2,165.23",-,167.03,19.01,RAILWAYS
1239,N04000101,CONSTRUCTION OF NEW TERMINAL BUILDING AT JODHPUR AIRPORT,AAI,GOA,5-2022,11/2024,10/2025,480.00,-,217.20,60.00,CIVIL AVIATION
1240,N04000104,UDAIPUR AIRPORT- CONSTRUCTION OF NEW INTEGRATED PASSENGER TERMINAL BUILDING,AAI,GOA,6-2023,3/2026,-,887.00,-,300.51,59.14,CIVIL AVIATION
1241,N06000269,NLCIL 300 MW SOLAR POWER PROJECT (PART OF 510 MW CPSU SCHEME),NLC,GOA,3-2023,9/2024,-,"1,813.00",-,579.82,65.00,COAL
1242,N16000435,NEW MUNDRA-PANIPAT CRUDE OIL PIPELINE,IOCL,GOA,12-2021,10/2024,12/2025,"9,028.00",-,"6,597.37",79.96,COAL
1243,N16000496,"CGD PROJECT IN TONK, SAWAI MADHOPUR, DAUSA, KARAULI",HPCL,GOA,3-2022,3/2030,-,"1,751.00",-,292.81,24.20,COAL
1244,N16000512,SETTING UP OF PETROCHEMICAL EVACUATION MARKETING TERMINAL (PEMT) AT BARMER,HPCL,GOA,12-2023,12/2026,-,461.05,-,77.86,40.60,COAL
1245,N16000513,RAJASTHAN REFINERY PROJECT,HPCLRRL(JV),GOA,10-2017,10/2022,3/2025,"43,129.00","72,937.00","56,949.70",86.40,COAL
1246,N16000520,CGD PROJECTS AT FAZILKA (EXCEPT AREA ALREADY AUTHORIZED) GANGANAGAR AND HANUMANGARH DISTRICTS,BPCL,GOA,12-2022,6/2030,-,"3,207.00",-,298.80,19.80,COAL
1247,N18000286,SAMBHU KI BHURJ-II SOLAR 300MW,NTPC,GOA,3-2020,9/2021,-,"1,782.00",12.00,"1,369.88",95.00,COAL
1248,N18000293,BHENSARA 320 MW,NTPC,GOA,1-2021,7/2022,-,"1,221.73","1,521.00","1,133.99",-,COAL
1249,N18000320,NOKH PLOT-1 SOLAR PV PROJECT 245MW,NTPC,GOA,3-2022,8/2023,-,"1,352.71",-,"1,057.36",45.00,COAL
1250,N18000321,NOKH PLOT-2 SOLAR PV PROJECT 245MW,NTPC,GOA,3-2022,8/2023,-,"1,409.52",-,"1,403.89",95.00,COAL
1251,N18000322,NOKH PLOT-3 SOLAR PV PROJECT 245MW,NTPC,GOA,3-2022,8/2023,-,"1,426.94",-,"1,170.29",80.00,COAL
1252,N18000347,BHADLA-II 500MW SOLAR PV PROJECT,NTPC,GOA,6-2022,3/2024,-,"2,598.92",-,"1,705.70",12.00,COAL
1253,N18000356,TRANSMISSION SYSTEM SCHEME FOR EVACUATION OF POWER FROM REZ RAJASTHAN (8.1 GW) UNDER PHASE-II PART,PGCIL,GOA,3-2023,9/2024,-,"1,433.28",-,956.47,90.70,COAL
1254,N18000368,300 MW SOLAR POWER PROJECT UNDER CPSU SCHEME,NHPC,GOA,5-2022,11/2023,-,"1,677.12",-,"1,036.45",85.00,COAL
1255,N18000373,"TS FOR EVACUATION OF POWER FROM REZ IN RAJASTHAN (20GW) UNDER PHASE-III, PART E1",PGCIL,GOA,8-2023,2/2025,-,688.74,-,411.00,91.00,COAL
1256,N18000374,TS FOR EVACUATION POWER FROM REZ IN RAJASTHAN (20GW) UNDER PHASE-III PART H,PGCIL,GOA,10-2023,4/2025,-,"2,211.00",-,"1,227.63",57.00,COAL
1257,N18000375,TS FOR EVACUATION POWER FROM REZ IN RAJASTHAN (20GW) UNDER PHASE-III PART C1,PGCIL,GOA,10-2023,4/2025,10/2025,"1,796.00",-,929.48,67.00,COAL
1258,N18000376,TS FOR EVACUATION POWER FROM REZ IN RAJASTHAN (20GW) UNDER PHASE-III PART B1,PGCIL,GOA,9-2023,4/2025,-,"2,191.00",-,"1,103.26",64.00,COAL
1259,N18000378,TS FOR EVACUATION POWER FROM REZ IN RAJASTHAN (20GW) UNDER PHASE-III PART J,PGCIL,GOA,12-2022,3/2025,4/2026,331.00,-,8.66,26.00,COAL
1260,N18000379,TS FOR EVACUATION POWER FROM REZ IN RAJASTHAN (20GW) UNDER PHASE-III PART E2,PGCIL,GOA,11-2023,6/2025,-,428.00,-,0.00,35.00,COAL
1261,N18000386,TS FOR EVACUATION OF POWER FROM RAJASTHAN REZ PH-IV (PART-1) [BIKANER COMPLEX] PART A [BIKANER III N,PGCIL,GOA,12-2023,12/2025,-,"2,998.00",-,729.98,42.20,COAL
1262,N18000387,TS FOR EVACUATION OF POWER FROM RAJASTHAN REZ PH-IV (PART-1) [BIKANER COMPLEX] PART D [NEEMRANA II B,PGCIL,GOA,12-2023,12/2025,-,"2,056.00",-,847.00,47.00,COAL
1263,N18000389,TS FOR EVACUATION OF POWER FROM REZ IN RAJASTHAN (20GW) UNDER PH- III PART D [SIKAR KHETRI TRANSMISSI,PGCIL,GOA,2-2024,8/2025,-,"2,000.00",-,823.00,50.90,COAL
1264,N18000391,TS FOR EVACUATION POWER FROM RAJASTHAN REZ PH-IV (PART-2:5.5GW) PART-B (JAISALMER/BARMER COMPLEX),PGCIL,GOA,8-2024,8/2026,-,"3,279.00",-,134.00,10.90,COAL
1265,N18000393,TS FOR EVACUATION POWER FROM RAJASTHAN REZ PH-IV (PART-2:5.5GW) (JAISALMER/BARMER COMPLEX) PART-C,PGCIL,GOA,8-2024,8/2026,-,"2,227.00",-,123.00,13.50,COAL
1266,N18000394,TS FOR EVACUATION POWER FROM RAJASTHAN REZ PH-IV (PART-2:5.5GW) (JAISALMER/BARMER COMPLEX) PART-E,PGCIL,GOA,8-2024,8/2026,-,"3,251.00",-,241.00,11.60,COAL
1267,N18000396,ADDITIONAL TRANSMISSION SYSTEM FOR EVACUATION OF POWER FROM BHADLA-III PS AS PART OF RAJASTHAN REZ P,PGCIL,GOA,8-2024,2/2026,-,369.00,-,0.00,1.00,COAL
1268,N18000397,TRANSMISSION SYSTEM STRENGTHENING FOR INTERCONNECTIONS OF BHADLA-III AND BIKANER III COMPLEX [SPV NA,PGCIL,GOA,8-2024,8/2026,-,"1,382.00",-,0.00,1.00,COAL
1269,N18000401,TRANSMISSION SYSTEM FOR EVACUATION OF POWER FROM RAJASTHAN REZ PH -IV [PART-2 5.5 GW] [JAISALMER/BAR,PGCIL,GOA,11-2024,11/2026,-,"2,735.00",-,0.00,-,COAL
1270,N18000403,TRANSMISSION SYSTEM FOR EVACUATION OF POWER FROM RAJASTHAN REZ PH-IV [PART-3 (6GW)] [BIKANER COMPLEX,PGCIL,GOA,11-2024,11/2026,-,"5,969.00",-,0.00,-,COAL
1271,N18000404,TRANSMISSION SYSTEM FOR EVACUATION OF POWER FROM RAJASTHAN REZ PH-IV [PART-3 (6 GW)] [BIKANER COMPLE,PGCIL,GOA,11-2024,11/2026,-,"5,357.00",-,0.00,-,COAL
1272,N18000414,RAJASTHAN REZ PH-V (PART-1: 4 GW) [SIROHI/NAGAUR] COMPLEX,PGCIL,GOA,3-2025,3/2027,-,"5,028.00",-,0.00,-,COAL
1273,N18000415,"AUGMENTATION AT FATEHGARH-II PS, FATEHGARH- IV PS (SECTION-II) AND BARMER- I",PGCIL,GOA,3-2025,12/2026,-,404.00,-,0.00,-,COAL
1274,N22000553,AGRA FORT-BANDIKUI,NCR,GOA,6-2022,6/2027,5/2026,"1,389.81",-,42.46,12.00,RAILWAYS
1275,N22000593,GUDHA THATHANA MITHRI TEST TRACK FOR RDSO,NWR,GOA,4-2019,3/2025,-,528.48,-,351.06,80.00,RAILWAYS
1276,N22000594,DEDICATED TEST TRACK FOR RDSO (PHASE II),NWR,GOA,11-2021,11/2026,-,466.42,-,718.22,80.00,RAILWAYS
1277,N22000605,DOUBLING BETWEEN CHURU- RATANGARH (42.81 KM),NWR,GOA,2-2023,2/2028,-,422.60,-,189.74,72.00,RAILWAYS
1278,N22000607,SAWAIMADHOPUR - BYPASS LINE (6.98 KM) (UMBRELLA WORK PB#57/2019-20/NR),NWR,GOA,12-2022,6/2026,-,304.00,239.54,117.12,25.00,RAILWAYS
1279,N22000608,GC OF NATHDWARA - DEVGARH MADARIYA (82.5KM),NWR,GOA,1-2023,6/2028,-,968.92,-,377.63,38.00,RAILWAYS
1280,N24000795,CONSTRUCTION/ UP-GRATION OF FOUR/TWO LANE WITH PAVED SHOULDER OF NH68 FROM TANOT-RAMGARH BHADASAR-JA,NHAI,GOA,2-2018,4/2021,5/2025,741.86,649.00,672.53,99.21,RAILWAYS
1281,N24001411,4L+PS OF NH -58 FROM BEAWAR-GOMTI (OLD CH KM 58.245 TO KM. 108.600) PKG-I.,MoRTH,GOA,12-2020,10/2023,-,379.23,-,263.62,96.10,RAILWAYS
1282,N24001527,2L+PS FOR WORK OF NH-325 (BALOTRA TO SANDERAO VIA JALORE) BY CONSTRUCTION OF BYPASSES:(1) ASOTRA- BR,MoRTH,GOA,12-2021,5/2024,12/2025,411.40,-,213.61,69.00,RAILWAYS
1283,N24001528,WIDENING OF PACHPADRA- BAGUNDI SECTION TO 4 LANE FROM KM 73/60 TO 95/70 OF NH- 25 ON EPC MODE IN THE,MoRTH,GOA,1-2022,12/2024,8/2025,194.88,-,105.69,75.46,RAILWAYS
1284,N24001529,44 LANE DIVIDED CARRIAGEWAY OF BARMER BYPASS OF NH-15 (NEW NH-68) IN THE STATE OF RAJASTHAN ON EPC M,MoRTH,GOA,12-2021,8/2024,5/2025,451.66,-,401.78,99.00,RAILWAYS
1285,N24001530,UPGRADATION TO TWO LANE PAVED SHOULDER OF KOTHUN- LALSOT-KAROLI-DHOLPUR ROAD NH-23 (OLD NH-11B) IN TH,MoRTH,GOA,12-2021,9/2024,-,150.11,-,74.83,83.00,RAILWAYS
1286,N24001557,4L GREENFIELD SPUR FROM DELHI-VADODARA GREENFIELD EXPRESSWAY NEAR BANDIKUI TO JAIPUR,NHAI,GOA,3-2022,11/2024,5/2025,"1,636.15",-,791.63,91.22,RAILWAYS
1287,N24001558,4L OF KARWAR (KM. 281.980 OF NH-62 NAGAUR ROAD) TO DANGIYAVAS OF JODHPUR RING ROAD (PKG-II),NHAI,GOA,11-2021,8/2024,5/2025,736.75,-,253.43,93.25,RAILWAYS
1288,N24001559,2L PS SRIGANGANAGAR TO RAISINGHNAGAR (DESIGN CHAINAGE -0.500 KM TO DESIGN CHAINAGE 101.000 KM) (PACK,NHAI,GOA,9-2021,6/2024,4/2025,672.35,-,392.56,99.50,RAILWAYS
1289,N24001563,DEOGARH (NEAR DHANDHANIYA)- RAJASTHAN/GUJARAT BORDER (PHASE-I) (AJ/DRGB-PACKAGE-6),NHAI,GOA,10-2019,8/2023,5/2025,846.59,-,167.25,98.00,RAILWAYS
1290,N24001564,DEOGARH (NEAR DHANDHANIYA)- RAJASTHAN/GUJARAT BORDER (PHASE-I) (AJ/DRGB-PACKAGE-7),NHAI,GOA,10-2019,7/2023,5/2025,662.08,-,124.06,96.50,RAILWAYS
1291,N24001567,DELHI-VADODARA GREENFIELD ALIGNMENT (NH-148N) (PKG-10) (CH. 292.950 TO CH. 319.400) [END OF INTERCHA,NHAI,GOA,11-2019,10/2022,6/2025,"1,272.97",-,628.93,85.50,RAILWAYS
1292,N24001568,DELHI-VADODARA GREENFIELD ALIGNMENT (NH-148N) (PKG-14) (CH. 388.420 TO CH. 419.000) [JUNCTION WITH N,NHAI,GOA,11-2019,5/2023,4/2025,"1,119.35",-,"1,447.44",99.80,RAILWAYS
1293,N24001573,DELHI-VADODARA GREENFIELD ALIGNMENT (NH-148N) (PKG-09) (CH. 247.310 TO CH. 292.950) [JUNCTION WITH M,NHAI,GOA,11-2019,12/2022,4/2025,"1,658.06",-,180.53,99.90,RAILWAYS
1294,N24001612,DELHI-VADODARA GREENFIELD ALIGNMENT (NH-148N) (PKG-15) (CH. 419.000 TO CH.427.300) [JUNCTION WITH NH,NHAI,GOA,7-2020,1/2024,12/2025,"1,788.69",-,960.26,73.93,RAILWAYS
1295,N24001866,"CONSTRUCTION OF TWO LANE WITH PAVED SHOULDER FOR FATEHPUR BYPASS, MANDAWA BYPASS AND JHUNJHUNU BYPAS",MoRTH,GOA,3-2022,8/2024,-,186.29,-,142.69,78.00,RAILWAYS
1296,N24001867,UPGRADATION OF TWO LANE PAVED SHOULDER FROM SHAHPURA TO THANAGAZI OF NH-248A ON EPC MODE IN THE STAT,MoRTH,GOA,3-2022,7/2024,-,174.34,-,111.08,88.00,RAILWAYS
1297,N24001868,Sagwara Bypass and Garhi- Partapur Bypass of NH-927A in the State of Rajasthan.,MoRTH,GOA,3-2022,8/2025,-,187.65,-,114.57,83.00,RAILWAYS
1298,N24001869,UPGRADATION AND REHABILITATION TO TWO LANE WITH PAVED SHOULDER OF GHAGARIYA- MUNABAO SECTION FROM KM,MoRTH,GOA,12-2022,8/2025,-,235.15,-,152.69,99.00,RAILWAYS
1299,N24001927,UP-GRADATION TO 2 LANE WITH PAVED SHOULDER FROM CHARBHUJA AT DESIGN KM 0.00 (EXISTING KM 150.00) TO,MoRTH,GOA,2-2022,9/2025,-,838.43,-,405.87,95.00,RAILWAYS
1300,N24001928,CONSTRUCTION OF 2 LANE WITH PAVED SHOULDER NORTHERN BYPASS PHASE-II OF KOTA CITY FROM DESIGN CHAINAG,MoRTH,GOA,3-2022,4/2025,-,317.74,-,136.23,12.50,RAILWAYS
1301,N24002058,ADDITIONAL STRUCTURES ON 6LGURGAON-JAIPUR SECTION OF NH-48 BETWEEN KM 42.700 TO KM 273.00,NHAI,GOA,8-2022,6/2024,6/2025,409.64,-,238.22,77.10,RAILWAYS
1302,N24002167,UPGRADATION TO 2 LANE WITH PAVED SHOULDER OF HANUMANGARH TO KENCHIYAN OF NH 54 ON EPC MODE IN THE ST,MoRTH,GOA,3-2024,10/2026,-,334.64,-,123.00,40.00,RAILWAYS
1303,N24002168,UPGRADATION TO 2 LANE WITH PAVED SHOULDER FROM NEECHLI ODEN (NATHDWARA) AT DESIGN KM 88.800 TO BHATE,MoRTH,GOA,3-2023,10/2026,-,606.61,-,116.00,15.00,RAILWAYS
1304,N04000110,PAKYONG AIRPORT- WIDENING OF BASIC STRIP AT WESTERN SIDE OF RUNWAY CHAINAGE 80M TO 920M I/C SLOPE ST,AAI,GOA,11-2023,6/2026,-,323.26,-,24.98,9.90,CIVIL AVIATION
1305,N44000002,"CONSTRUCTION OF SIKKIM UNIVERSITY CAMPUS PHASE-I, PACKAGE -II AT YANGANG SOUTH SIKKIM",Sikkim Universi,GOA,8-2020,1/2025,-,314.06,-,157.24,76.00,"DEPARTMENT
OF HIGHER
EDUCATION"
1306,N18000325,TEESTA VI HE PROJECT,NHPC,GOA,3-2019,3/2024,-,"5,748.04",-,"4,249.86",67.08,POWER
1307,N18000326,RANGIT IV HE PROJECT,NHPC,GOA,3-2021,5/2024,-,938.29,-,"1,439.46",87.07,POWER
1308,N22000102,"SEVOK RANGPO, NEFR",NFR,GOA,4-2008,5/2015,12/2027,"7,876.92","11,963.43","8,569.25",76.50,RAILWAYS
1309,N24000767,CONSTRUCTION OF 2-LANE WITH PAVED SHOULDER INCLUDING GEOMETRIC IMPROVEMENT FROM KM 0.000 TO KM 16.00,NHIDCL,GOA,3-2017,4/2022,5/2022,375.80,-,288.56,96.55,RAILWAYS
1310,N24000768,CONSTRUCTION OF 2-LANE WITH PAVED SHOULDER INCLUDING GEOMETRIC IMPROVEMENT FROM KM 16.000 TO KM 32.5,NHIDCL,GOA,11-2017,10/2020,8/2023,290.05,-,218.36,100.00,RAILWAYS
1311,N24001251,CONSTUCTION/UPGRADATION OF EXISTING HIGHWAY TO 2 LANE WITH PAVED SHOULDER FROM KM 0.00 TO KM 13.00 N,NHIDCL,GOA,3-2019,4/2022,-,402.94,-,247.12,76.54,RAILWAYS
1312,N24001252,CONSTUCTION/UPGRADATION OF EXISTING HIGHWAY TO 2 LANE WITH PAVED SHOULDER FROM KM 13.00 TO KM 25.600,NHIDCL,GOA,8-2020,4/2023,11/2024,295.97,-,248.39,95.22,RAILWAYS
1313,N24001254,CONSTUCTION/UPGRADATION OF EXISTING HIGHWAY TO 2 LANE WITH PAVED SHOULDER FROM KM 26.10 TO KM 40.00,NHIDCL,GOA,3-2020,6/2022,-,242.97,-,246.91,100.00,RAILWAYS
1314,N24001261,CONSTRUCTION AND UPGRADATION OFEXISTINGROAD TO 2-LANE WITH PAVED SHOULDER INCLUDING GEOMETRIC IMPROV,NHIDCL,GOA,8-2020,4/2023,-,311.00,-,257.86,94.94,RAILWAYS
1315,N24001262,CONSTRUCTION AND UPGRADATION OFEXISTINGROAD TO 2-LANE WITH PAVED SHOULDER INCLUDING GEOMETRIC IMPROV,NHIDCL,GOA,7-2020,4/2023,8/2024,345.38,395.59,362.61,90.82,RAILWAYS
1316,N24001322,CONSTRUCTION OF 2-LANE ROAD WITH PAVED SHOULDER (GREENFIELD ALIGNMENT) OF EXISTING STRETCH BETWEEN L,NHIDCL,GOA,9-2020,5/2022,10/2023,183.31,439.56,355.31,51.85,RAILWAYS
1317,N24001325,CONSTRUCTION OF 2-LANE SPECIFICATION ROAD WITH PAVED SHOULDER AS REALIGNMENT (GREENFIELD ALIGNMENT),NHIDCL,GOA,9-2020,5/2023,8/2024,262.84,414.20,221.86,47.56,RAILWAYS
1318,N24001327,REHABILITATION AND UPGRADATION OF EXISTING ROAD TO 2-LANE WITH PAVED SHOULDER INCLUDING GEOMETRIC IM,NHIDCL,GOA,8-2020,5/2022,10/2023,292.80,-,202.92,60.80,RAILWAYS
1319,N24001336,CONSTRUCTION AND UPGRADATION OF EXISTING ROAD TO 2-LANE WITH PAVED SHOULDER FROM KM27.200 (END OF RO,NHIDCL,GOA,8-2020,4/2023,10/2024,230.45,244.91,206.95,82.32,RAILWAYS
1320,N24001337,CONSTRUCTION AND UPGRADATION OF EXISTING ROAD TO 2-LANE WITH PAVED SHOULDER FROM NEW ROLEP BRIDGE AT,NHIDCL,GOA,10-2020,11/2023,7/2025,493.42,478.79,302.83,55.21,RAILWAYS
1321,N24001338,CONSTRUCTION OF 2-LANE WITH PAVED SHOULDER OF NEW GREEN FIELD ALIGNMENT FROM CHOCHENPHERI AT KM 52.0,NHIDCL,GOA,10-2020,12/2023,6/2025,816.79,786.60,326.82,50.60,RAILWAYS
1322,N24001361,RISHI BORDER- ROLEP- MENLA PKG- 2A,NHIDCL,GOA,1-2021,9/2023,4/2025,332.20,348.92,149.38,41.04,RAILWAYS
1323,N24001362,RISHI BORDER- ROLEP- MENLA PKG- 3B,NHIDCL,GOA,12-2020,2/2024,4/2025,410.60,379.30,234.27,73.22,RAILWAYS
1324,N24001442,CONSTRUCTION OF 2-LANE WITH PAVED SHOULDER GANGTOK BYPASS ROAD FROM RANIPOOL TO BURTUK (L=23.316KM),MoRTH,GOA,10-2021,5/2024,1/2026,385.15,-,170.32,81.11,RAILWAYS
1325,N04000074,"MODERNIZATION OF CHENNAI AIRPORT PHASE II, CHENNAI",AAI,GOA,6-2018,2/2022,6/2026,"2,467.00",-,"1,586.75",70.00,CIVIL AVIATION
1326,N04000090,DEVELOPMENT OF TUTICORIN AIRPORT,AAI,GOA,6-2019,3/2022,4/2025,380.87,451.74,358.88,100.00,CIVIL AVIATION
1327,N06000259,JAWAHAR KHANI OPENCAST (JK OC) MINE,SCCL,GOA,12-2021,3/2025,-,297.88,-,46.37,20.00,COAL
1328,N06000279,50 MW SOLAR POWER PROJECT -NEYVELI MINED OUT AREA,NLC,GOA,5-2023,6/2025,-,218.03,-,137.84,37.00,COAL
1329,N28000109,CONSTRUCTION OF 726 Nos RESIDENTIAL QUARTERS CHENNAI,CPWD FOR FINANC,GOA,11-2017,11/2021,-,348.77,-,223.39,100.00,FINANCE
1330,N10000014,25.5 MW WIND POWER PROJECT AT KAYATHAR IN TAMILNADU,NALCO,GOA,9-2017,6/2019,3/2024,166.62,163.17,135.63,65.00,MINES
1331,N16000234,IRUGUR-DEVANGONTHI POL PIPELINE,BPCL,GOA,11-2012,2/2017,10/2025,678.00,"1,732.00",600.83,56.70,PETROLEUM
1332,N16000434,CBR 9 MMTPA PROJECT,CPCL,GOA,1-2021,6/2025,-,"31,580.00","31,580.00","1,321.70",10.20,PETROLEUM
1333,N16000438,"GRASS ROOT POL TERMINAL AT VALLUR, CHENNAI",IOCL,GOA,1-2022,7/2024,6/2025,827.00,887.71,568.48,84.79,PETROLEUM
1334,N16000455,LAYING OF POL PIPELINES IN COMMON CORRIDOR FOR PROPOSED GRASS ROOT TERMINAL AT VALLUR (CHENNAI),IOCL,GOA,1-2022,7/2024,5/2026,829.00,-,245.35,58.70,PETROLEUM
1335,N16000486,CGD PROJECT AT DHARMAPURI AND KRISHNAGIRI DISTRICTS,IOCL,GOA,3-2022,3/2030,-,501.00,-,101.45,5.30,PETROLEUM
1336,N16000521,CGD PROJECTS AT THE NILGIRIS AND ERODE DISTRICTS,BPCL,GOA,12-2022,3/2030,-,"3,685.00",-,193.42,10.40,PETROLEUM
1337,N18000408,TRANSMISSION SYSTEM UNDER ISTS FOR EVACUATION OF POWER FROM KUDANKULAM UNIT - 3 & 4 (2X1000 MW),PGCIL,GOA,1-2025,7/2028,-,548.00,-,0.00,-,POWER
1338,N22000028,"EXTENSION OF MRTS FROM VELACHERY TO STN. THOMAS, MTP",MRTP,GOA,4-2006,7/2024,5/2025,734.01,734.01,632.33,98.00,POWER
1339,N22000085,TIDIVANAM-NAGARI (NL),SR,GOA,9-2006,9/2016,3/2028,"3,631.34","3,631.34",854.85,14.00,POWER
1340,N22000568,CHENNAI BEACH-CHENNAI EGMORE (4.3 KM) (UMBRELLA WORK PB#57/2019-20/NR),SR,GOA,3-2022,3/2026,2/2025,359.60,274.20,264.96,95.00,POWER
1341,N22000618,MORAPPUR-DHARMAPURI,SR,GOA,2-2019,3/2028,3/2027,358.95,-,39.07,1.00,POWER
1342,N22000625,KARAIKAL PERALAM(23KM)-NEW LINE PROJECT,SR,GOA,1-2019,3/2026,3/2025,304.22,-,298.21,80.00,POWER
1343,N22000626,NAGAPATTINAM THIRUTURAIPUNDI (38KM)- NEW LINE PROJECT,SR,GOA,7-2008,3/2026,3/2027,677.12,-,142.44,19.00,POWER
1344,N24000697,FOUR LANNING OF CHOLOPURAM-THANJAVUR,NHAI,GOA,8-2017,9/2020,-,"1,176.37",-,"1,325.06",99.50,POWER
1345,N24000708,4-LANNING OF STHIYATHOPU- CHOLOPURAM,NHAI,GOA,9-2017,8/2020,4/2025,"1,227.87",-,"1,406.21",96.10,POWER
1346,N24000826,FOUR LANINIG OF CHETTIKULAM TO NATHAM SECTION OF NH-785 FROM CHETTIKULUM (KM 7.300) TO NATHAM (KM. 3,NHAI,GOA,3-2018,10/2022,5/2025,505.35,-,376.61,99.75,POWER
1347,N24001428,FOUR LANING OF VILUPPURAM TO PUDHUCHERRY (DESIGN CH. KM. 00/000 TO KM. 29/000) SECTION OF NH-45A ON,NHAI,GOA,3-2018,11/2021,12/2024,998.70,"1,358.32",975.68,98.32,POWER
1348,N24001429,FOUR LANING OF PUDUCHERRY (KM.29/000) TO POONDIYANKUPPAM (KM.67/000) SECTION OF NH-45A ON HAM UNDER,NHAI,GOA,3-2018,11/2021,12/2024,"1,294.47","1,588.40",865.37,98.68,POWER
1349,N24001430,FOUR LANING OF POONDIYANKUPPAM (KM.67/000) TO SATTANATHAPOURAM (KM.123/800) SECTION OF NH- 45A ON HAM,NHAI,GOA,3-2018,1/2022,12/2024,"2,120.40","2,565.63","1,588.17",99.80,POWER
1350,N24001431,FOUR LANING OF SATTANATHAPURAM (KM.123/800) TO NAGAPATTINAM (KM.179/555) SECTION OF NH- 45A ON HAM UN,NHAI,GOA,3-2018,10/2020,8/2025,"1,872.68","2,661.51","1,299.72",61.40,POWER
1351,N24001455,CONSTRUCTION OF 4 LANE WITH PAVED SHOULDERS THIRUVAYARU BYPASS IN BETWEEN EXISTING KM.55/926 TO 62/6,MoRTH,GOA,2-2022,8/2022,-,191.33,207.97,100.42,100.00,POWER
1352,N24001600,BALANCE WORK 2-LANE WITH PAVED SHOULDERS OF NAGAPATTINAM - THANJAVUR SECTION OF NH-67 (NEW NH-83),NHAI,GOA,10-2020,5/2023,5/2025,434.12,-,268.92,100.00,POWER
1353,N24001601,4-LANING OF KAMALAPURAM - ODDANCHATRAM SECTION OF NH-209,NHAI,GOA,1-2019,1/2023,6/2025,"1,051.69",-,587.09,81.54,POWER
1354,N24001602,4-LANING OF MADATHUKULAM - POLLACHI SECTION OF NH-209 (NEW NH-83),NHAI,GOA,1-2019,12/2022,5/2025,"1,409.38",-,658.19,90.91,POWER
1355,N24001603,4-LANING OF ODDANCHATRAM - MADATHUKULAM SECTION OF NH-209 (NEW NH-83),NHAI,GOA,1-2019,10/2022,5/2025,"1,518.53",-,915.40,100.00,POWER
1356,N24001605,"4-LANING OF MELUR - PILLAYARPATTI - KARAIKUDI SECTION OF NH-338, NH-36, NH- 383",NHAI,GOA,6-2018,3/2022,-,"1,103.86",-,568.15,82.00,POWER
1357,N24001606,4-LANING OF VADIPPATTI - THAMARAIPATTI SECTION OF NH-744A (MADURAI RING ROAD),NHAI,GOA,12-2018,3/2022,8/2025,854.94,-,400.13,74.72,POWER
1358,N24001692,BALANCE WORKS OF FOUR LANE FROM KM 43+950 (THIRUVALLUR BYPASS) TO KM 61+470 (VEPPAMPATTU BYPASS) PAS,NHAI,GOA,1-2022,9/2024,2/2025,467.99,-,24.19,78.12,POWER
1359,N24001693,FOUR LANING OF NERALURU TO THORAPALLI AGRAHARAM SECTION OF NH-844 (PKG-I) FROM KM.0+000 TO KM.23+350,NHAI,GOA,9-2021,10/2024,-,"1,751.18",-,49.69,-,POWER
1360,N24001694,FOUR LANING OF THORAPALLI AGRAHARAM TO JITTANDAHALLI SECTION OF NH-844 (PKG-II) FROM KM.23+350 TO KM,NHAI,GOA,2-2019,12/2023,12/2024,"1,243.57",-,171.63,-,POWER
1361,N24001696,FOUR LANING OF JITTANDAHALLI TO DHARMAPURI SECTION OF NH- 844 (PKG-III) FROM KM.60+100 TO KM.94+460,NHAI,GOA,2-2019,8/2023,12/2024,"1,291.37",-,215.02,-,POWER
1362,N24001716,THOPPUR METTUR BHAVANI ERODE SECTION OF NH 544H FOR A LENGTH OF 85 KM,NHAI,GOA,7-2022,8/2023,12/2024,186.50,242.40,17.15,100.00,POWER
1363,N24001717,BANGALORE CHENNAI EXPRESSWAY PHASE-III PACKAGE III (ARAKKONAM TO KANCHEEPURAM) FROM KM 204.500 TO K,NHAI,GOA,11-2020,8/2024,-,"1,155.49","1,525.10",489.94,53.45,POWER
1364,N24001718,BANGALORE CHENNAI EXPRESSWAY PHASE-III PACKAGE II (WALAJAHPET TO ARAKKONAM) FROM KM 180.000 TO KM 2,NHAI,GOA,12-2020,7/2024,-,843.48,"1,077.40",431.31,90.40,POWER
1365,N24001719,4L BANGALORE-CHENNAI EXPRESSWAY FROM KM. 230.000 TO KM. 261.705 OF KANCHEPURAM TO SRIPERUMBUDUR SECT,NHAI,GOA,2-2021,7/2024,-,"2,948.31","3,605.73",808.77,73.80,POWER
1366,N24001720,BANGALORE CHENNAI EXPRESSWAY PHASE-III ? PACKAGE I (GUDIPALA TO WALAJAJHPET) FROM KM 156.000 TO KM 1,NHAI,GOA,10-2020,5/2024,-,"1,023.91","1,438.62",635.04,83.57,POWER
1367,N24001721,FOUR LANING OF MAMALLAPURAM TO MUGAIYUR SECTION OF NH332A FROM KM 0.000 TO KM 31.000,NHAI,GOA,2-2019,5/2024,8/2025,"1,008.99","1,360.53",303.48,47.65,POWER
1368,N24001722,6L OF MADURAVOYAL TO SRIPERUMBUDUR SECTION FROM KM. 13.800 TO KM. 37.000 OF NH-4 THROUGH STATE HIGH,NHAI,GOA,11-2021,2/2023,-,463.44,463.07,334.80,99.00,POWER
1369,N24001723,KARAIPETTAI TO WALAJAPET FROM KM 71.015 TO 107.091,NHAI,GOA,10-2018,2/2021,-,707.90,766.51,526.39,88.95,POWER
1370,N24001725,6L OF SRIPERUMBUDUR TO KARAIPETTAI FROM KM 37.000 TO KM 71.015 OF NH 48,NHAI,GOA,1-2019,5/2021,-,819.89,"1,314.82",415.60,57.32,POWER
1371,N24001828,CONSTRUCTION OF BYPASS TO GUDIYATHAM TOWN IN KM 23/100 ? 29/250 INCLUDING LA AND SHIFTING OF NH-234,MoRTH,GOA,1-2022,11/2024,-,221.03,243.95,176.50,85.00,POWER
1372,N24001829,FOUR LANING OF OTTANCHATRAM TO PALANI SECTION FROM KM 30/700 TO KM 55/000 OF NH 209(NEW NH- 83) INCLU,MoRTH,GOA,10-2022,11/2024,-,172.15,-,157.48,99.00,POWER
1373,N24001968,CONSTRUCTION OF STRR (WEST SIDE)-NH948A- BALAGONDAPALLI (TAMIL NADU) TO KARNATAKA/TAMIL NADU BORDER F,NHAI,GOA,4-2022,5/2025,-,"1,260.74",-,487.46,44.95,POWER
1374,N24002084,4L OF THIRUMANGALAM TO VADUGAPATTI SECTION FROM KM 0.000 TO KM 36.000 OF NH- 744,NHAI,GOA,3-2022,2/2025,-,"1,076.97",-,540.46,86.82,POWER
1375,N24002107,CONSTRUCTION OF NEW DOUBLE TIER 4 LANE ELEVATED CORRIDOR FROM CHENNAI PORT TO MADURAVOYAL IN CHENNAI,NHAI,GOA,3-2023,5/2026,-,"1,382.00",-,0.00,-,POWER
1376,N24002108,CONSTRUCTION OF NEW DOUBLE TIER 4L ELEVATED CORRIDOR FROM CHENNAI PORT TO MADURAVOYAL IN CHENNAI DIS,NHAI,GOA,3-2023,5/2026,-,"1,618.96",-,0.00,-,POWER
1377,N24002109,CONSTRUCTION OF NEW DOUBLE TIER 4L ELEVATED CORRIDOR FROM CHENNAI PORT TO MADURAVOYAL IN CHENNAI DIS,NHAI,GOA,3-2023,5/2026,-,"1,301.37",-,0.00,-,POWER
1378,N24002110,CONSTRUCTION OF NEW DOUBLE TIER 4L ELEVATED CORRIDOR FROM CHENNAI PORT TO MADURAVOYAL IN CHENNAI DIS,NHAI,GOA,3-2023,5/2026,-,"1,207.40",-,0.00,-,POWER
1379,N24002111,FOUR LANING OF MUGAIYUR TO MARAKKANAM SECTION OF NH- 332A FROM KM 31.000 TO KM 62.000,NHAI,GOA,2-2019,12/2025,12/2025,825.94,"1,116.13",311.35,36.66,POWER
1380,N24002112,SIX LANING OF TUTICORIN PORT ROAD SECTION OF NH-7A (NEW NH-138) FROM KM 0.000 TO KM 6.140 [EFFECTIVE,NHAI,GOA,3-2023,7/2024,-,200.30,-,103.35,79.60,POWER
1381,N24002113,4L OF LEFT-OVER WORKS INCLUDING ADDITIONAL STRUCTURES FROM KERALA/TAMIL NADU BORDER TO KANYAKUMARI S,NHAI,GOA,3-2023,8/2025,-,"1,141.78",-,412.13,41.02,POWER
1382,N24002114,4L OF VADUGAPATTI TO THERKUVENGANALLUR (RAJAPALYAM) SECTION FROM KM 36.000 TO KM 71.600 OF NH744 UND,NHAI,GOA,2-2022,4/2025,-,"1,097.59",-,678.59,94.60,POWER
1383,N24002151,WIDENING TO 4L/4L+PS AND STRENGTHENING IN SELECTED STRETCHES FROM KM 0/8 TO 50/570 OF NH 532 INCLUD,MoRTH,GOA,3-2022,1/2024,-,257.14,294.70,228.36,82.00,POWER
1384,N24002152,WIDENING FROM 2L+PS TO 4L/4L+PS AND IMPROVEMENTS THE SELECTED STRETHCES FROM KM 26/5 - 81/2 INCLU,MoRTH,GOA,3-2023,11/2023,-,274.84,-,243.81,100.00,POWER
1385,N24002153,"STRENGTHENING OF 2L+PS FROM KM 17/8 ? 18/2, CONSTRUCTION OF 2L+PS FROM KM 18/2 TO KM 20/0 AND CONSTR",MoRTH,GOA,3-2023,2/2024,-,169.68,-,112.18,70.00,POWER
1386,N24002165,CONSTRUCTION OF BYPASS TO MADURAI - ACHAMBATHU - VIRATIPATHU IN KM 6/850 - 10/382 OF NH 49 EXTN. (NE,MoRTH,GOA,3-2022,8/2026,-,238.97,260.07,95.44,44.00,POWER
1387,N24002216,ACCESS CONTROLLED HIGHWAY OF 4 LANE WITH PAVED SHOULDERS FROM TIRUVALLUR (DESIGN CHAINAGE KM 17+56),NHAI,GOA,12-2024,12/2026,-,"1,376.10",-,0.00,5.11,POWER
1388,N06000161,KAKATIYAKHANI OPENCAST III PROJECT PHASE-1,SCCL,GOA,3-2017,3/2022,-,413.84,-,397.54,85.00,COAL
1389,N06000202,GODAVARIKHANI COAL MINE,SCCL,GOA,7-2019,3/2023,-,438.98,-,171.96,70.00,COAL
1390,N06000204,VENKATESH KHANI COAL MINE,SCCL,GOA,10-2020,3/2023,-,484.51,-,318.12,55.00,COAL
1391,N06000210,RCE OF RAMAGUNDAM OPENCAST II EXTENSION PROJECT,SCCL,GOA,11-2015,3/2023,-,489.62,-,405.54,70.00,COAL
1392,N06000211,RCE OF INDARAM OPENCAST PROJECT,SCCL,GOA,8-2017,3/2021,-,349.28,-,402.64,80.00,COAL
1393,N06000213,RCE OF KALYANIKHANI OPENCAST PROJECT,SCCL,GOA,3-2016,3/2020,-,384.32,-,255.02,75.00,COAL
1394,N06000214,RCE OF KAKATHIYAKHANI OC - 2 PROJECT,SCCL,GOA,8-2017,3/2020,-,442.42,-,203.00,63.00,COAL
1395,N06000258,GOLETI OPENCAST MINE,SCCL,GOA,7-2021,3/2026,-,345.60,-,68.47,20.00,COAL
1396,N21000031,"COMPREHENSIVE PLANNING, DESIGNING, EXECUTION OF ALL INDIA INSTITUTE OF MEDICAL SCIENCES AT BIBINAGAR",HITES,GOA,12-2018,7/2024,-,"1,110.55",-,734.90,81.62,"HEALTH AND
FAMILY
WELFARE"
1397,N28000098,ESTABLISHMENT OF NATIONAL ANIMAL RESOURCE FACILITY FOR BIOMEDICAL RESEARCH AT HYDERABAD,CPWD FOR HEALTH,GOA,10-2016,3/2020,1/2025,209.84,281.05,253.13,98.50,"HEALTH AND
FAMILY
WELFARE"
1398,N22000032,MANOHARABAD-KOTHPALL NEW LINE(SCR),SCR,GOA,4-2006,3/2027,-,"1,160.00",-,"1,510.20",-,RAILWAYS
1399,N24000245,REHABILITATION AND UPGRADATION OF NH -565 FROM KM 1.00 TO 86.057 (NAKREKAL TO NAGARJUNSAGAR DAM SECT,MoRTH,GOA,1-2014,3/2016,9/2019,270.00,-,0.00,72.15,RAILWAYS
1400,N24000247,REHABILITATION AND UPGRADATION OF NH-221 FROM KM 121/0 TO 165/00 (OF VIJAYAWADA-JAGDALPUR RUDRAMPUR,MoRTH,GOA,10-2014,2/2017,-,295.47,-,224.42,99.00,RAILWAYS
1401,N24000248,EPC- CORRIDOR APPROACH WORKS - NH (O): WIDENING EXISTING 2 LANE TO 2 LANE WITH PAVED SHOULDERS IN KM,MoRTH,GOA,3-2015,1/2017,-,153.21,-,100.96,94.00,RAILWAYS
1402,N24000980,WIDEINING TO TWO/FOUR LANE WITH PAVED SHOULDERS FROM EXISTING KM 182.120 TO KM 227.600 OF NH-167 ON,MoRTH,GOA,10-2016,2/2019,-,298.32,-,178.47,98.00,RAILWAYS
1403,N24000981,WIDEINING TO TWO/FOUR LANE WITH PAVED SHOULDERS FROM EXISTING KM 180.60 TO KM 223.00 OF NH-63 ON NIZ,MoRTH,GOA,10-2016,3/2019,-,248.83,-,173.79,100.00,RAILWAYS
1404,N24000982,WIDENING TO TWO LANE WITH PAVED SHOULDERS FROM KM 40/410 TO KM 84/037OF THIRUMALAGIRI TO SURYAPET SE,MoRTH,GOA,1-2017,5/2019,-,244.54,-,174.35,99.00,RAILWAYS
1405,N24000983,WIDENING TO TWO LANE WITH PAVED SHOULDERS FROM KM 0/970 TO KM 40/410 OF JANAGAON-THIRUMALAGIRI OF NH,MoRTH,GOA,1-2017,10/2019,-,196.52,-,125.53,96.00,RAILWAYS
1406,N24000984,WIDENING TO TWO LANE WITH PAVED SHOULDERS FROM KM 15.525 TO KM 62.880 OF JADCHERLA-KALWAKURTHY SECTI,MoRTH,GOA,1-2017,12/2019,-,283.00,-,259.15,99.00,RAILWAYS
1407,N24000986,WIDENING TO TWO LANE WITH PAVED SHOULDERS FROM KM 67.00 TO 114.425 OF KALWAKURTHY-MALLEPALLY SECTION,MoRTH,GOA,1-2017,5/2019,-,300.00,-,239.93,96.00,RAILWAYS
1408,N24000987,6 LANING FROM KM 9.90 TO KM 19.948 (ARAMGARH-SAMSHABAD SECTION) OF HYDERABAD- SAMSHABAD SECTION OF NH,MoRTH,GOA,1-2018,5/2020,-,283.15,-,270.01,93.00,RAILWAYS
1409,N24000988,WIDENING AND STRENGTHENING OF EXISTING 2-LANE TO 2-LANE WITH PAVED SHOULDERS FROM KM.159/0 TO 165/4,MoRTH,GOA,1-2018,12/2019,-,230.03,-,231.31,100.00,RAILWAYS
1410,N24000989,WIDENING AND STRENGTHENING OF EXISTING CARRIAGEWAY IN 2 LANE WITH PAVED SHOULDERS FROM KM.25/0 TO 59,MoRTH,GOA,2-2018,6/2020,-,206.13,-,190.94,98.00,RAILWAYS
1411,N24000990,REHABILITATION AND UPGRADATION OF NH-167 FROM DESIGN KM.113.900 TO 154.479 (MALLEPALLY - HALIYA SECT,MoRTH,GOA,2-2018,11/2019,-,294.13,-,198.75,87.00,RAILWAYS
1412,N24000993,REHABILITATION AND UPGRADATION OF NH-167 FROM DESIGN KM.187.723 TO 234.434 (MIRYALAGUDA TO KODAD SEC,MoRTH,GOA,3-2018,9/2020,-,322.81,-,315.23,98.00,RAILWAYS
1413,N24000994,CONSTRUCTION OF SIX LANE ELEVATED CORRIDOR FROM KM.7.950 (UPPAL) TO KM.14.200 OF NH-163 TO DE-CONGES,MoRTH,GOA,3-2018,7/2020,-,626.76,-,272.64,45.00,RAILWAYS
1414,N24000996,REHABILITATION AND UP- GRADATION TO TWO LANE WITH PAVED SHOULDERS FROM KM 0/0 TO 72/6 OF NH-365 (NAKR,MoRTH,GOA,1-2017,10/2019,-,605.08,-,413.37,100.00,RAILWAYS
1415,N24000997,REHABILITATION AND UP GRADATION FROM KM. 121/0 TO 154/0 OF NAKAREKAL ? MALLAMPALLY SECTION OF NH- 365,MoRTH,GOA,3-2018,7/2019,-,192.67,-,176.37,92.00,RAILWAYS
1416,N24000998,WIDENING AND STRENGTHENING/ RECONSTRUCTION OF EXISTING PAVEMENT TO FOUR ALNE WITH PAVED SHOULDERS FR,MoRTH,GOA,1-2019,(N.A.),-,193.19,-,222.58,95.00,RAILWAYS
1417,N24001482,KHAMMAM-DEVARAPALLE PKG I [4L ACCESS CONTROLLED (GREENFIELD) FROM THALLAMPADU VILLAGE TO SOMAVARAM,NHAI,GOA,8-2022,10/2024,-,772.11,-,515.01,75.21,RAILWAYS
1418,N24001483,KHAMMAM DEVARAPALLE PKG II 4L ACCESS CONTROLLED (GREENFIELD) FROM SOMAVARAM VILLAGE TO CHINTAGUDEM V,NHAI,GOA,2-2022,9/2024,-,637.11,-,398.90,82.00,RAILWAYS
1419,N24001484,KHAMMAM-DEVARAPALLE PKG III [4L ACCESS CONTROLLED (GREENFIELD) FROM CHINTAGUDEM VILLAGE TO RECHERLA,NHAI,GOA,9-2022,2/2024,12/2024,804.69,-,510.12,87.00,RAILWAYS
1420,N24001522,4L OF KODAD (DESIGN KM 0.00/EXISTING KM 185.00 OF NH- 65) TO KHAMMAM (DESIGN KM 31.800/EXISTING KM 29,NHAI,GOA,1-2021,1/2024,12/2024,"1,307.95",-,707.34,99.79,RAILWAYS
1421,N24001555,"6 LANING OF EXISTING 4-LANE STRETCH FROM KALKALLU AT KM.454+000 TO GUNDLA POCHAMPALLY AT KM.471+000,",NHAI,GOA,3-2022,1/2025,-,955.49,-,226.99,35.96,RAILWAYS
1422,N24001556,6L OF EXISTING 4L FROM GUNDLAPOCHAMPALLY TO BOWENPALLY FROM KM 471.300 TO KM 481.331 OF NH-44,NHAI,GOA,12-2021,7/2024,-,521.53,-,247.45,48.76,RAILWAYS
1423,N24001625,6L ACCESS CONTROLLED GREENFIELD HIGHWAY OF JULEKAL VILLAGE TO DINNEDEVARAPADU VILLAGE FROM KM 242.20,NHAI,GOA,1-2022,1/2025,-,"1,227.57",-,288.58,46.50,RAILWAYS
1424,N24001626,6L ACCESS CONTROLLED GREENFIELD HIGHWAY OF NANDINNE VILLAGE TO JULEKAL VILLAGE FROM KM 202.900 TO KM,NHAI,GOA,2-2022,1/2025,-,972.06,-,408.48,64.42,RAILWAYS
1425,N24002000,WIDENING AND STRENGTHENING OF EXISTING 2 LANE WITH PAVED SHOULDER TO 4 LANE WITH PAVED SHOULDER FRO,MoRTH,GOA,3-2021,7/2024,-,317.19,-,162.21,70.00,RAILWAYS
1426,N24002001,WIDENING TO 2 LANE WITH PAVED SHOULDERS OF MEDAK - SIDDIPET SECTION FROM KM 0/0 TO KM 69/978 OF NH-,MoRTH,GOA,1-2022,1/2025,-,882.18,-,206.02,71.00,RAILWAYS
1427,N24002002,WIDENING AND IMPROVEMENT OF EXISTING CARRIAGE WAY TO 2 LANE WITH PAVED SHOULDERS FROM KM. 86/160 TO,MoRTH,GOA,1-2022,12/2024,-,423.48,-,149.27,71.00,RAILWAYS
1428,N24002003,REHABILITATION AND UP- GRADATION OF VALIGONDA TO THORRUR SECTION TO TWO LANE WITH PAVED SHOULDERS FRO,MoRTH,GOA,1-2022,12/2024,-,549.28,-,103.51,70.00,RAILWAYS
1429,N24002004,REHABILITATION AND UPGRADATION OF LB-NAGAR TO MALKAPUR SECTION TO 6- LANE MAIN CARRIAGEWAY WITH SERVI,MoRTH,GOA,3-2021,7/2024,-,545.11,-,191.56,76.00,RAILWAYS
1430,N24002005,WIDENING TO TWO LANE WITH PAVED SHOULDERS OF 'BODHAN BASAR BHAINSA ' SECTION FROM KM 38/900 TO 95/3,MoRTH,GOA,3-2022,3/2025,-,644.45,-,182.85,93.00,RAILWAYS
1431,N24002006,"ONSTRUCTION OF 4-LANE FLYOVER AT AMBERPET-X ROAD, HYDERABAD ON NH-202 IN THE STATE OF TELANGANA",MoRTH,GOA,10-2017,6/2023,-,186.71,-,149.64,92.00,RAILWAYS
1432,N24002007,WIDENING TO TWO LANE WITH PAVED SHOULDERS FROM KM 0/000 TO KM 79/300 OF KALWAKURTHY - KOLLAPUR SECTI,MoRTH,GOA,3-2022,7/2025,-,886.69,-,90.46,59.00,RAILWAYS
1433,N24002008,WIDENING TO 2 LANE WITH PAVED SHOULDERS OF SIDDIPET-ELKATHURTHY SECTION FROM KM 69/978 TO KM 133/6,MoRTH,GOA,1-2022,12/2024,-,578.85,-,172.76,79.00,RAILWAYS
1434,N24002009,WIDENING AND STRENGTHENING TO 2/4 LANE WITH PAVED SHOULDERS OF MAHABUBNAGAR ? CHINCHOLI SECTION FROM,MoRTH,GOA,1-2022,1/2025,-,703.68,-,193.39,61.00,RAILWAYS
1435,N24002010,WIDENING AND STRENGTHENING TO 4 LANE / 2- LANE WITH PAVED SHOULDERS OF MAHABUBNAGAR- CHINCHOLI SECTION,MoRTH,GOA,3-2022,3/2024,-,631.49,-,7.92,25.00,RAILWAYS
1436,N24002082,IMPROVEMENT OF GEOMETRICS OF THONDUPALLY TO KOTHUR FROM KM 22.300 TO KM 34.14 OF NH-44-RCW,NHAI,GOA,2-2022,9/2024,-,541.58,-,34.78,-,RAILWAYS
1437,N24002083,FOUR LANING OF KARIMNAGAR- WARANGAL SECTION OF NH-563 FROM DESIGN CH.48.860 KM NEAR SH-1 CH.170.400 K,NHAI,GOA,3-2022,7/2025,-,"2,146.86","2,413.00",917.28,69.15,RAILWAYS
1438,N24002190,CONSTRUCTION OF 4-LANE ACCESS CONTROLLED GREENFIELD HIGHWAY SECTION ON NH-163G (KHAMMAM-VIJAYAWADA),NHAI,GOA,3-2023,8/2026,-,983.00,-,0.00,8.50,RAILWAYS
1439,N24002236,CONSTRUCTION OF 4-LANE ACCESS CONTROLLED GREENFIELD HIGHWAY SECTION ON NH-163G (KHAMMAM - VIJAYAWADA,NHAI,GOA,3-2023,3/2025,-,832.62,-,0.00,-,RAILWAYS
1440,N16000495,"GRASS ROOT RAIL FED DEPOT AT SEKERKOTE, AGARTALA AS RESITEMENT OF EXISTING DHARMANAGAR DEPOT",IOCL,GOA,6-2022,8/2025,9/2025,656.00,-,395.18,81.15,PETROLEUM
1441,N24001263,REHABILITATION AND UPGRADATION OF ROAD FROM KM 0.00 TO KM 18.600 OF KUMARGHAT-KAILASHAHAR SECTION,NHIDCL,GOA,6-2020,1/2022,2/2024,277.50,302.02,260.38,99.94,PETROLEUM
1442,N24001309,KAILASHAHAR TO KHOWAI PKG- 4,NHIDCL,GOA,11-2020,6/2022,10/2023,159.13,171.50,84.33,100.00,PETROLEUM
1443,N24001317,2-LANING FROM JOLAIBARI - BELONIA,NHIDCL,GOA,6-2020,1/2022,-,201.99,-,148.22,100.00,PETROLEUM
1444,N24001363,MANU-SIMLUNG ( PKG 4),NHIDCL,GOA,3-2021,12/2022,-,354.79,-,34.08,-,PETROLEUM
1445,N24001542,2 LANING FROM MANU-SIMLUNG PKG-2,NHIDCL,GOA,2-2022,1/2025,5/2025,456.88,-,122.23,49.17,PETROLEUM
1446,N24001914,IMPROVEMENT AND WIDENING TO 2-LANE WITH EARTHEN PAVED SHOULDER FROM UDAIPUR TO SRIMANTAPUR,NHIDCL,GOA,5-2023,11/2024,-,195.95,-,38.10,38.44,PETROLEUM
1447,N24002132,4 LANE WITH PAVED SHOULDER AGARTALA BYPASS (WESTERN SIDE) CONNECTING NH-8,NHIDCL,GOA,3-2023,3/2027,-,"2,026.05",-,18.44,7.96,PETROLEUM
1448,N24002159,REHABILITATION AND UP- GRADATION OF ROAD FROM DESIGN KM 25.250 TO KM 36.460 (TOTAL LENGH: 11.210 KM),NHIDCL,GOA,2-2020,3/2026,-,174.43,-,7.56,16.61,PETROLEUM
1449,N24002160,IMPROVEMENT AND WIDENING TO 2-LANE WITH PAVED SHOULDER OF ROAD FROM KM 101.300 TO KM 127.319 (TOTAL,NHIDCL,GOA,1-2024,7/2026,-,431.78,-,46.60,31.45,PETROLEUM
1450,N24002161,KHOWAI ?TELIAMURA-AMARPUR- HARINA-SABROOM PACKAGE-2,NHIDCL,GOA,1-2024,9/2026,-,657.21,-,11.96,27.50,PETROLEUM
1451,N24002162,KHOWAI ?TELIAMURA-AMARPUR- HARINA-SABROOM PACKAGE-3,NHIDCL,GOA,1-2024,9/2026,-,670.90,-,0.00,-,PETROLEUM
1452,N24002205,CHAMPAK NAGAR TO KHAYERPUR SECTION (DESIGN KM 242+500 TO KM 261+610),NHIDCL,GOA,12-2023,9/2026,-,920.66,-,63.55,18.60,PETROLEUM
1453,N24002228,KHOWAI ?TELIAMURA-AMARPUR- HARINA-SABROOM SECTION PKG-4,NHIDCL,GOA,1-2024,12/2026,-,726.90,-,0.00,2.25,PETROLEUM
1454,N04000077,"CCS INTERNATIONAL AIRPORT , LUCKNOW",AAI,GOA,6-2018,9/2021,10/2026,"1,383.00","1,938.00","2,631.82",79.95,CIVIL AVIATION
1455,N04000094,DEVELOPMENT OF AYODHYA AIRPORT PHASE-01,AAI,GOA,3-2021,12/2022,5/2025,242.14,328.00,344.58,99.90,CIVIL AVIATION
1456,N04000102,"PRAYAGRAJ AIRPORT - CONSTRUCTION OF NEW TERMINAL BUILDING, SECOND LINK TAXI TRACK, APRON EXPANSION,",AAI,GOA,5-2023,11/2024,6/2025,185.75,274.38,192.24,91.00,CIVIL AVIATION
1457,N04000113,AGRA: DEVELOPMENT OF NEW CIVIL ENCLAVE AT AGRA AIRPORT.,AAI,GOA,6-2024,7/2026,-,579.00,-,46.91,11.00,CIVIL AVIATION
1458,N04000114,"VARANASI: DEVELOPMENT OF LAL BAHADUR SHASTRI INTERNATIONAL AIRPORT, VARANASI.",AAI,GOA,7-2024,7/2027,-,"2,869.65",-,225.89,14.00,CIVIL AVIATION
1459,N06000152,NEYVELI UTTAR PRADESH POWER PROJECT LIMITED 1980 MW,NLC,GOA,7-2016,11/2021,10/2025,"17,237.00","21,780.94","19,780.67",90.41,COAL
1460,N06000208,KHADIA EXPANSION OCP,NCL,GOA,6-2021,3/2025,-,491.67,-,163.58,13.12,COAL
1461,N45000003,CONSTRUCTION OF 683 VARIOUS TYPE FAMILY QUARTERS AT GROUP CENTRE CRPF CHANDAULI,CPWD FOR MHA,GOA,5-2019,1/2022,3/2023,199.31,-,86.49,85.00,HOME AFFAIRS
1462,N16000429,60 KTA POLYPROPYLENE PROJECT,GAIL,GOA,3-2019,4/2024,4/2024,910.56,"1,299.02",956.00,95.30,PETROLEUM
1463,N16000505,AUGMENTATION OF FACILITIES AT MATHURA BITUMEN PLANT,IOCL,GOA,4-2022,4/2025,12/2026,260.12,-,1.03,25.00,PETROLEUM
1464,N16000506,GRASS-ROOT TERMINAL AT MIRZAPUR UTTAR PRADESH,IOCL,GOA,9-2022,6/2026,-,980.45,-,177.07,49.49,PETROLEUM
1465,N16000525,"CITY GAS DISTRIBUTION PROJECTS AT LAKHIMPUR KHERI , SITAPUR, BAHRAICH, SHRAVASTI,BALRAMPUR,",BPCL,GOA,12-2022,6/2030,-,"16,654.00",-,527.19,9.40,PETROLEUM
1466,N18000272,KHURJA SUPER THERMAL POWER PROJECT,THDCIL,GOA,3-2019,9/2023,-,"11,089.42",-,"12,251.20",95.20,PETROLEUM
1467,N18000382,"SINGRAULI SUPER THERMAL POWER PROJECT, STAGE-III (2X800 MW)",NTPC,GOA,3-2024,2/2030,-,"17,195.31",-,"1,302.80",0.50,PETROLEUM
1468,N18000407,TRANSMISSION SYSTEM FOR EVACUATION OF POWER FROM RAJASTHAN REZ PH-IV (PART-4: 3.5 GW): PART A,PGCIL,GOA,12-2024,12/2026,-,"5,846.00",-,0.00,-,PETROLEUM
1469,N22000401,VARANASI-MODHOSINGH- ALLAHABAD DOUBLING,RVNL,GOA,4-2015,12/2024,-,"2,018.23",-,"1,780.22",-,PETROLEUM
1470,N22000417,2880.4,ECR,GOA,8-2015,8/2024,-,"2,880.40","2,880.40","3,074.78",100.00,PETROLEUM
1471,N22000419,KARAILA ROAD - SHAKTINAGAR DOUBLING,ECR,GOA,8-2015,8/2024,-,762.97,762.97,808.96,100.00,PETROLEUM
1472,N22000468,BURHWAL - GONDA - 3RD RUNNING LINE.,NER,GOA,4-2016,3/2025,-,"1,015.59",-,"1,092.11",48.00,PETROLEUM
1473,N22000470,"SHAHGANJ-BHATNI-PHEPHNA- INDARA, MAU-SHAHGANJ (EXCL. MAU-INDARA) PATCH DOUBLING.",NER,GOA,4-2016,12/2024,-,"1,177.96",-,"2,042.60",80.50,PETROLEUM
1474,N22000495,JHANSI MANIKPUR AND KHAIRAR BHIMSEN DOUBLING,NCR,GOA,3-2018,3/2026,-,"4,329.53",-,"1,963.36",45.00,PETROLEUM
1475,N22000496,JHANSI BINA DOUBLING,NCR,GOA,9-2016,3/2022,-,"2,002.00",-,"1,717.20",90.00,PETROLEUM
1476,N22000501,MATHURA-JHANSI-3RD LINE (273.80 KM),RVNL,GOA,6-2016,12/2024,-,"5,323.39",-,"5,046.07",-,PETROLEUM
1477,N22000525,SURFACE TRIANGLE LINE BETWEEN BHADURA STATION AND NEW CROSSING STN KARMA DOUBLING,ECR,GOA,10-2022,10/2027,-,199.96,-,55.09,-,PETROLEUM
1478,N22000544,MUGHALSARAI - ALLAHABAD - 3RD LINE,NCR,GOA,8-2019,12/2026,-,"2,649.44",-,83.10,55.00,PETROLEUM
1479,N22000545,ALIGARH-HARDUAGANJ FLYOVER (22 KM),NCR,GOA,4-2020,6/2026,-,"1,456.89","1,244.13",10.14,8.10,PETROLEUM
1480,N22000546,LALITPUR - BIRARI WITH FLYOVER AT LALITPUR,NCR,GOA,3-2017,12/2024,-,356.09,-,196.15,65.00,PETROLEUM
1481,N22000562,ALIGARH-DAUD KHAN - 3RD LINE 6.9 KM AND CONSTRUCTION OF FLYOVER AT DAUD KHAN,NCR,GOA,4-2019,12/2025,-,451.99,779.49,99.70,38.10,PETROLEUM
1482,N22000563,ALLAHABAD-BAMHRAULI - 4TH LINE (10 KM) WITH FLY-OVER AT SUBEDARGANJ,NCR,GOA,4-2019,3/2026,-,494.11,-,42.61,42.00,PETROLEUM
1483,N22000564,BHANDAI - FLYOVER FOR ETAWAH BOUND DOWN TRAINS,NCR,GOA,4-2019,12/2025,-,187.21,-,1.29,8.00,PETROLEUM
1484,N22000565,SAHJANWA - DOHRIGHAT,NER,GOA,8-2019,3/2029,-,371.77,-,551.74,2.50,PETROLEUM
1485,N22000566,BAHRAICH - NANPARA - NEPALGANJ (56.15 KM),NER,GOA,7-2020,12/2024,-,950.00,-,300.63,21.50,PETROLEUM
1486,N22000569,BAHRAICH SRAVASTI BALRAMPUR (TULSIPUR),NER,GOA,10-2018,10/2030,-,"4,939.78",-,"1,079.60",5.00,PETROLEUM
1487,N22000583,JANGHAI PRATAPGARH AMETHI DOUBLING,NR,GOA,11-2017,3/2025,-,721.72,-,39.22,70.00,PETROLEUM
1488,N22000590,BARABANKI MALHAUR 3RD AND 4TH LINE (32.84 KM),NR,GOA,1-2019,3/2025,1/2026,323.85,-,5.17,58.00,PETROLEUM
1489,N22000591,DOUBLING BETWEEN JAUNPUR JN-ZAFFARABAD (6.28 KM),NR,GOA,3-2023,12/2026,-,177.33,-,0.89,10.00,PETROLEUM
1490,N22000596,JANGHAI-PHAPHAMAU - DOUBLING WITH ELECTRIFICATION (46.79 KM),RVNL,GOA,11-2018,3/2025,-,357.48,-,362.09,-,PETROLEUM
1491,N22000598,BHATNI - AUNRIHAR WITH ELECTRIFICATION (125 KM) (EXCL INDARA - MAU (116.95 KM)),RVNL,GOA,5-2018,12/2024,-,"2,529.46",-,"1,636.33",-,PETROLEUM
1492,N22000612,MATHURA - VRINDAVAN (11 KM),NCR,GOA,8-2022,6/2025,-,402.88,-,0.00,-,PETROLEUM
1493,N22000613,DOMINGARH - GORAKHPUR - GORAKHPUR CANTT - KUSUMHI - 3RD RUNNING LINE (21.15 KM),NER,GOA,11-2016,2/2025,-,351.03,-,464.91,86.00,PETROLEUM
1494,N24000331,CONSTRUCTION OF RING ROAD FOR RAEBARELI CITY (PHASE - I) ON EASTERN SIDE OF NH 24B,MoRTH,GOA,12-2019,4/2022,-,282.41,-,276.35,88.00,PETROLEUM
1495,N24000564,4-LANNING OF HARIDWAR- NAGINA SECTION OF NH 74 FROM (KM 204.300 OF NH 58) TO KM 73.00,NHAI,GOA,3-2016,7/2020,6/2025,"1,408.00","1,659.12","1,319.36",88.01,PETROLEUM
1496,N24000798,SIX LANING OF HAPUR BYPASS TO MORADABAD SECTION INCLUDING HAPUR BYPASS FROM KM 50.000 (DESIGN CHAINA,NHAI,GOA,3-2018,11/2021,-,"2,140.93",-,"2,067.09",98.90,PETROLEUM
1497,N24001306,TWO / FOUR LANING OF RAEBARELI - JAGDISHPUR SECTION OF NH-330A FROM KM. 0.000 TO KM. 47.800 (DESIGN,NHAI,GOA,10-2020,3/2023,-,724.60,-,569.96,96.00,PETROLEUM
1498,N24001421,CONSTRUCTION OF 6 LANE BRIDGE ON GANGA ON NH-96 AND ITS APPROACHES IN PHAPHAMAU ALLAHABAD ON EPC MOD,MoRTH,GOA,7-2018,2/2024,-,"1,948.25",-,"1,082.99",77.00,PETROLEUM
1499,N24001424,CONSTRUCTION OF FOUR-LANE ELEVATED VIADUCT FROM KM.4+634 TO KM.6+345 ON NH- 24A INCLUDING RETAINING W,MoRTH,GOA,3-2021,9/2023,-,185.09,269.81,266.35,100.00,PETROLEUM
1500,N24001456,REHABILITATION AND UPGRADATION TO 2 LANE WITH PS OF RADHAITA TO PILIBHIT SECTION OF 46.130 KM,MoRTH,GOA,4-2020,2/2024,-,199.39,212.96,200.01,100.00,PETROLEUM
1501,N24001457,REHABILITATION AND UPGRADATION TO 2 LANE WITH PS OF MIRANPUR KATRA TO RADHAITA SECTION OF NH-730C F,MoRTH,GOA,4-2020,7/2024,-,172.50,169.56,106.04,73.00,PETROLEUM
1502,N24001461,2-LANE WITH PS OF BEWAR TO NEAR KARRI VILLAGE SECTION OF NH-92 FROM KM.0.00 TO 30.00 UNDER GNHCP,MoRTH,GOA,4-2020,3/2024,-,236.47,-,145.81,87.00,PETROLEUM
1503,N24001462,2-LANE WITH PS OF NEAR KARRI VILLAGE TO ETAWAH SECTION OF NH-92 FROM KM.30.000 TO 57.346 UNDER GNHCP,MoRTH,GOA,4-2020,7/2024,-,211.09,-,147.58,95.00,PETROLEUM
1504,N24001464,PROJECTS- REHABILITATION AND UPGRADATION OF NH-731A FROM KM 0.00 TO KM.35.00,MoRTH,GOA,3-2021,8/2023,-,264.86,-,122.82,84.00,PETROLEUM
1505,N24001469,IMPROVEMENT AND UPGRADATION TO TWO LANE WITH PAVED SHOULDER CONFIGURATION FROM EXISTING KM 55.00 TO,MoRTH,GOA,11-2021,5/2024,-,307.11,-,199.38,88.00,PETROLEUM
1506,N24001471,R/U TO 2-LANE WITH PS OF BEWAR TO ALLAHGANJ SECTION OF NH-730C FROM KM.0.00 TO 52.770 UNDER GNHCP,MoRTH,GOA,4-2020,11/2024,-,325.24,340.16,284.33,96.00,PETROLEUM
1507,N24001479,WIDENING AND UPGRADATION TO FOUR LANE CONFIGURATION FROM KM.34.900 (BHADOHI) TO KM.73.134 (JAUNPUR),MoRTH,GOA,3-2021,5/2024,-,395.62,392.03,281.93,72.00,PETROLEUM
1508,N24001480,WIDENING AND STRENGTHENING FROM KM 0.00 TO KM 15.089 OF NH-334A (PURKAJI-LAKSAR-HARIDWAR ROAD) TO TW,MoRTH,GOA,10-2021,4/2024,-,227.06,-,141.89,100.00,PETROLEUM
1509,N24001523,6L ACCESS-CONTROLLED HIGHWAY FROM (GANESHPUR) TO(NEAR MOHAND) OF GANESHPUR ? DEHRADUN SECTION FROM K,NHAI,GOA,3-2021,10/2023,5/2025,836.24,-,792.55,98.85,PETROLEUM
1510,N24001524,6L OF ACCESS-CONTROLLED HIGHWAY FROM MOHAND TO DAAT KALI TUNNEL OF GANESHPUR ? DEHRADUN SECTION FROM,NHAI,GOA,3-2021,10/2023,5/2025,990.28,-,997.62,98.78,PETROLEUM
1511,N24001587,WIDENING AND STRENGTHENING OF SECTION FROM BHARTHANA CHOWK TO KODARKOOT (KM. 0.00 TO KM. 40.00) OF,MoRTH,GOA,3-2020,9/2024,-,262.37,343.77,278.90,84.00,PETROLEUM
1512,N24001726,4L SPUR OF SHAMLI- MUZZAFARNAGAR CONNECTING NH-709AD (PANIPAT-SHAMLI- MUZAFFARNAGAR) AND NH-58 (MEERUT,NHAI,GOA,1-2023,8/2024,-,391.26,-,14.12,80.30,PETROLEUM
1513,N24001727,"IMPROVEMENT AND UP- GRADATION OF EXISTING ROAD TO 2/4L PS FROM KM 40.000 TO 88.750, START OF KHUTAR B",NHAI,GOA,3-2022,2/2025,-,762.62,-,557.37,92.85,PETROLEUM
1514,N24001729,4L SPUR OF PANIPAT - SHAMLI CONNECTING NH-709AD (PANIPAT ? SHAMLI ? MUZAFFARNAGAR) AND NH- 709A (KARN,NHAI,GOA,8-2022,4/2024,-,326.79,-,109.08,96.00,PETROLEUM
1515,N24001730,4L FROM GAJU VILLAGE AT KM 32.982 TO DEVINAGAR BYPASS (END) AT KM 208.000 OF NH 530B (PKG 1C),NHAI,GOA,12-2021,1/2025,-,"1,384.79",-,657.94,97.98,PETROLEUM
1516,N24001731,6L GREENFIELD KANPUR - LUCKNOW (EXPRESSWAY) PKG II FROM KM. 28.500 TO KM. 73.744,NHAI,GOA,12-2021,5/2025,5/2025,"2,470.64",-,691.28,85.70,PETROLEUM
1517,N24001732,"IMPROVEMENT AND UP- GRADATION OF EXISTING ROAD TO 4L PS FROM KM 229.070 TO 260.800, END OF HARDOI DIS",NHAI,GOA,12-2021,10/2024,-,540.97,-,270.14,88.09,PETROLEUM
1518,N24001733,6L ACCESS CONTROLLED GREENFIELD HIGHWAY OF JUNCTION OF EPE (VILL.- MAVIKALAN) TO VILL.-LOHADDA FROM K,NHAI,GOA,3-2022,8/2024,-,"1,602.48",-,432.16,90.00,PETROLEUM
1519,N24001734,6L ACCESS CONTROL GREENFIELD HIGHWAY OF VILL- LOHADDA TO VILL-KARAUNDA MAHAJAN FROM KM. 27.000 TO KM.,NHAI,GOA,3-2022,8/2024,-,"1,335.45",-,449.57,77.00,PETROLEUM
1520,N24001735,6L ACCESS CONTROL GREENFIELD HIGHWAY OF VILL- KHYAWARI TO VILL-LATIFPUR AT SAHARANPUR BYPASS FROM KM,NHAI,GOA,3-2022,8/2024,-,"1,428.19",-,510.01,83.00,PETROLEUM
1521,N24001736,6L ACCESS CONTROL GREENFIELD HIGHWAY OF VILL- KARAUNDA MAHAJAN TO VILL- KHYAWARI FROM KM. 56.500 TO K,NHAI,GOA,1-2022,8/2024,-,"1,159.96",-,515.16,98.69,PETROLEUM
1522,N24001737,"4LPS OF MUZAFFARNAGAR TO MIRANPUR SECTION OF NH- 709AD, PKG-III",NHAI,GOA,11-2021,4/2024,-,923.15,-,455.61,100.00,PETROLEUM
1523,N24001738,"2LPS OF BIJNOR TO KOTAWALI SECTION OF NH-709AD, PKG-IV",NHAI,GOA,9-2021,10/2023,12/2024,300.79,-,122.56,74.53,PETROLEUM
1524,N24001739,REHABILITATION and UPGRADATION FROM 2 LANE TO 4 LANE OF NH STRETCH UNDER BHARATMALA PARIYOJANA FOR U,NHAI,GOA,10-2019,11/2023,12/2024,"1,779.83",-,"1,066.00",99.80,PETROLEUM
1525,N24001744,"4L OF SHAMLI BYAPSS- SAHARANPUR FROM KM 92.2 TO KM 155.025 SECTION OF NH- 709B, PKG-II",NHAI,GOA,5-2019,11/2022,-,779.17,-,64.10,96.45,PETROLEUM
1526,N24001745,KANPUR LUCKNOW EXPRESSWAY PKG-1 CONSTRUCTION OF 6-LANE TO EIGHT LANE OF KANPUR LUCKNOW EXPRESSWAY (N,NHAI,GOA,12-2021,7/2025,7/2025,"1,972.10",-,466.64,61.53,PETROLEUM
1527,N24001746,2-LANE EXISTING RAMPUR BYPASS OF RAMPUR TO BE DEVELOPED TO 4-LANE ON EPC MODE IN THE STATE OF UTTAR,NHAI,GOA,3-2021,4/2024,6/2025,364.47,-,202.47,90.72,PETROLEUM
1528,N24001753,4 LANING OF NAJIBABAD BYPASS OF NH-119 FROM KM. 105.423 TO KM. 118.373 (EXCLUDING 2.45 KM. OF NH-74,NHAI,GOA,2-2022,6/2024,4/2025,570.98,578.02,400.10,95.10,PETROLEUM
1529,N24001754,SPUR OF MEERUT-GARH- MUKTESHWAR SECTION(NH- 709A) CONNECTING NH-119 AND NH-58 BYPASSING MEERUT TOWN,NHAI,GOA,1-2022,10/2024,-,953.79,-,384.66,66.29,PETROLEUM
1530,N24001755,4-LANING OF MEERUT NAJIBABAD SECTION FROM KM. 11.500 TO KM 39.250 AND KM 86.590 TO KM. 112.545.IN TH,NHAI,GOA,10-2019,3/2023,12/2024,"1,936.68",-,"1,380.90",100.00,PETROLEUM
1531,N24001772,4 LANE CONNECTOR FROM DELHI MEERUT EXPRESSWAY KM 50.000 TO KM 8.520 OF NH 235 IN THE STATE OF UTTAR,NHAI,GOA,8-2021,3/2024,12/2024,"1,147.26",-,81.34,60.00,PETROLEUM
1532,N24001815,"4L BYPASSES FOR JAGATPUR, B4ABUGANJ, UNCHAHAR, ALAPUR BYPASS, AND SAI RIVER BRIDGE OF RAEBARELI- PRA",NHAI,GOA,12-2022,11/2024,-,"1,699.00","1,078.00",64.39,100.00,PETROLEUM
1533,N24001826,VARANASI RING ROAD (PKG-II) CONNECTING SANDAHA VILLAGE (KM 11.70 / NH-29) WITH REVASA VILLAGE (KM 81,NHAI,GOA,2-2019,2/2022,6/2025,927.77,-,"1,202.77",91.25,PETROLEUM
1534,N24001830,SIX LANE ACCESS CONTROLLED OF DELHI SAHARANPUR HIGHWAY FROM DELHI UP BORDER TO EPE JUNCTION CH.14.75,NHAI,GOA,6-2020,11/2023,12/2024,"2,002.79",-,"1,989.85",99.00,PETROLEUM
1535,N24001851,4L FROM MATHURA BYPASS (START) AT EXISTING KM. 154.20 OF NH-44 TO GAJU VILLAGE AT KM 32.982 OF NH-53,NHAI,GOA,1-2022,3/2025,-,"1,738.20",-,742.13,65.00,PETROLEUM
1536,N24001852,6L OF AGRA BYPASS (NORTHERN) CONNECTING KM. 174.500 OF NH-2 (NEW NH-19) TO KM. 141.000 OF YAMUNA EXP,NHAI,GOA,10-2021,2/2025,-,957.62,-,832.80,86.00,PETROLEUM
1537,N24001853,CONSTRUCTION OF LEFT OUT PORTION OF AGRA INNER RING ROAD CONNECTING VILLAGE DEORI TO NH-44 VILLAGE B,NHAI,GOA,10-2021,9/2024,3/2025,772.05,-,593.39,67.50,PETROLEUM
1538,N24001929,CONSTRUCTION OF 4-LANE GREEN FIELD HIGHWAY FROM KM. 35.000 TO KM. 49.155 OF NH- 731A WITH PAVED SHOUL,MoRTH,GOA,1-2022,10/2025,-,697.66,-,318.74,93.00,PETROLEUM
1539,N24001992,BALANCE WORKS OF 4-LANNING OF RAMPUR-KATHGODAM SECTION OF NH-87 (NEW NH NO. 09) FROM KM. 0.000 (KM 1,NHAI,GOA,8-2022,2/2024,5/2025,199.31,199.38,204.84,89.46,PETROLEUM
1540,N24001996,CONSTRUCTION OF TWO LANE WITH PAVED SHOULDER HIGHWAY FROM DESIGN CH.0.000 TO CH.49.2OO OF NH- 731B ON,MoRTH,GOA,3-2022,11/2025,-,640.18,602.76,468.29,77.00,PETROLEUM
1541,N24001997,CONSTRUCTION OF SHOHRATGARH BYPASS ON NH- 730 UNDER EPC MODE IN THE STATE OF UTTAR PRADESH,MoRTH,GOA,10-2022,5/2025,-,189.31,-,56.13,20.00,PETROLEUM
1542,N24002015,IMPROVEMENT AND UPGRADATION TO TWO LANE WITH PAVED SHOULDER CONFIGURATION FROM EXISTING KM 90.00 TO,MoRTH,GOA,11-2021,6/2025,-,403.36,328.49,130.45,63.00,PETROLEUM
1543,N24002016,CONSTRUCTION OF PRATAPGARH BYPASS (EXTENSION) CONNECTING NH- 31 TO NH-330,MoRTH,GOA,10-2022,6/2025,-,225.17,-,95.68,54.00,PETROLEUM
1544,N24002029,WIDENING TO FOUR LANE WITH PAVED SHOULDER FROM DESIGN KM.49.200 TO KM.89.285 OF NH-731B ON EPC MODE,MoRTH,GOA,3-2022,1/2026,-,917.91,956.30,583.55,44.00,PETROLEUM
1545,N24002031,CONSTRUCTION OF TWO LANE WITH PAVED SHOULDER FROM EXISTING KM.0.000 TO KM.55.610 (DESIGN KM. 0.000 T,MoRTH,GOA,12-2021,2/2026,-,840.93,773.58,492.26,38.00,PETROLEUM
1546,N24002032,CONSTRUCTION OF 4-LANE HIGHWAY WITH PAVED SHOULDERS FROM KM 49.155 TO KM 74.700 OF NH-731A ON HYBRID,MoRTH,GOA,1-2022,1/2026,-,"1,156.72",-,365.74,55.00,PETROLEUM
1547,N24002036,DEVELOPMENT OF SIX-LANE ACCESS CONTROLLED HIGHWAY FROM GOGWAN JALALPUR (SHAMLI DISTRICT) TO RANIPUR,NHAI,GOA,4-2022,5/2025,-,"1,843.59",-,843.83,49.00,PETROLEUM
1548,N24002073,GARHMUKTESHWAR (KM. 83.200 OF NH-24) TO MEERUT (KM. 9.860 OF NH-235) INCLUDING CONNECTOR TO NH-119,NHAI,GOA,10-2019,10/2023,-,"2,068.99","2,171.00",209.60,53.08,PETROLEUM
1549,N24002085,WIDENING OF RAEBARELI TO PRAYAGRAJ SECTION FROM KM. 82.650 TO KM. 161.450 OF NH-30 AND LINK ROAD FRO,NHAI,GOA,11-2023,3/2025,-,"1,470.93",-,69.56,100.00,PETROLEUM
1550,N24002086,CONSTRUCTION OF FOUR LANE HIGHWAY FORM GHAZIPUR BALLIA UP BIHAR STATE BORDER (GREENFIELD) SECTION OF,NHAI,GOA,10-2022,7/2025,-,"1,706.47",-,719.13,71.10,PETROLEUM
1551,N24002087,CONSTRUCTION OF FOUR LANE HIGHWAY FROM GHAZIPUR BALLIA UP BIHAR STATE BORDER (GREENFIELD) SECTION OF,NHAI,GOA,10-2022,10/2025,-,"1,493.14",-,93.30,59.87,PETROLEUM
1552,N24002088,CONSTRUCTION OF FOUR LANE HIGHWAY FROM GHAZIPUR BALLIA UP BIHAR STATE BORDER (GREENFIELD) SECTION OF,NHAI,GOA,10-2022,8/2025,-,"1,493.50",-,492.86,52.00,PETROLEUM
1553,N24002089,CONSTRUCTION OF FOUR LANE HIGHWAY FROM GHAZIPUR BALLIA UP BIHAR STATE BORDER GREENFIELD SECTION OF N,NHAI,GOA,10-2022,6/2025,-,617.87,-,106.20,67.60,PETROLEUM
1554,N24002090,CONSTRUCTION OF FOUR-LANE ?WESTERN SIDE SPUR OF RAMPUR-RUDRAPUR SECTION CONNECTING NH-24 TO NH-87 BY,NHAI,GOA,3-2021,11/2024,8/2025,646.27,-,69.11,42.88,PETROLEUM
1555,N24002093,"IMPROVEMENT , UP-GRADATION OF NH-734 SECTION OF MORADABAD - THAKURDWARA - KASHIPUR: ?PACKAGE-I: MORA",NHAI,GOA,10-2022,9/2025,-,"1,841.92",-,384.31,48.05,PETROLEUM
1556,N24002094,"IMPROVEMENT AND UP- GRADATION OF EXISTING ROAD TO 4L PS FROM KM 123.650 TO 175.080, FROM START OF SHA",NHAI,GOA,9-2022,11/2025,-,"1,212.26",-,329.52,29.08,PETROLEUM
1557,N24002095,FOUR LANING OF SONAULI GORAKHPUR SECTION OF NH 29E (NEW NH 24) FROM DESIGN CH. 0.000 TO DESIGN CH. 7,NHAI,GOA,12-2021,3/2025,-,"2,555.50",-,951.47,56.97,PETROLEUM
1558,N24002096,CONSTRUCTION OF 4 LANE GREEN FIELD NORTHERN EAST SIDE GORAKHPUR BYPASS (26.616 KMS) STARTING FROM NH,NHAI,GOA,2-2023,1/2026,-,"1,973.98",-,736.14,46.76,PETROLEUM
1559,N24002097,STRENGTHENING OF EXISTING 4L AYODHYA BYPASS SECTION FROM DESIGN KM.121.600 TO KM. 144.020 OF NH 28 (,NHAI,GOA,2-2023,9/2025,-,526.45,-,228.37,83.00,PETROLEUM
1560,N24002104,CONSTRUCTION OF RING ROAD AROUND KANPUR FROM KM.000 TO KM. 23.325 (CHACHENDI SACHENDI I TO MAHARAJPU,NHAI,GOA,1-2023,6/2026,-,"1,754.00",-,326.84,31.50,PETROLEUM
1561,N24002105,CONSTRUCTION OF NEW 4 LANE PRAYAGRAJ SOUTHERN BYPASS (PHASE-I) FROM DESIGN KM 43+200 (AT MAHUWARI VI,NHAI,GOA,8-2023,6/2026,-,"1,378.36",-,192.88,25.10,PETROLEUM
1562,N24002106,CONSTRUCTION OF NEW 4 LANE PRAYAGRAJ SOUTHERN BYPASS FROM DESIGN KM 50.860 (NABABA URF NIBI KALA UPA,NHAI,GOA,8-2023,3/2025,-,993.77,-,354.88,90.20,PETROLEUM
1563,N24002115,CONSTRUCTION OF MARIAHU BYPASS WITH FOUR LANE PAVED SHOULDER CONFIGURATION (KM.53.540 TO KM.59.200),MoRTH,GOA,3-2023,8/2025,-,438.24,362.39,202.30,31.00,PETROLEUM
1564,N24002116,REHABILITATION AND UPGRADATION FROM KM 51.600 TO KM 75.700 OF NH-321G (NUHKHAS TO ETAH SECTION) TO T,MoRTH,GOA,1-2022,8/2025,-,343.54,-,66.01,34.00,PETROLEUM
1565,N24002120,CONSTRUCTION OF JASRA BYPASS WITH FOUR LANE PAVED SHOULDER CONFIGURATION FROM KM. 379.670 ON NH-76 (,MoRTH,GOA,2-2023,9/2025,-,274.06,-,122.34,84.00,PETROLEUM
1566,N24002121,IMPROVEMENT AND UP- GRADATION TO TWO LANE WITH PAVED SHOULDER CONFIGURATION FROM EXISTING KM. 420.00,MoRTH,GOA,1-2022,9/2025,-,509.65,-,174.67,21.00,PETROLEUM
1567,N24002134,REHABILITATION AND UP- GRADATION FROM KM. 0.000 TO KM. 40.390 OF NH-730S (MAHARAJGANJ ? NICHLOUL ? TH,MoRTH,GOA,3-2023,12/2025,-,809.25,-,243.96,25.00,PETROLEUM
1568,N24002138,CONSTRUCTION OF FOUR LANE HIGHWAY WITH PAVED SHOULDER FROM KM.74.700 TO KM.112.950 OF NH-731A (I/C Y,MoRTH,GOA,3-2022,6/2026,-,"1,141.67",-,386.39,40.00,PETROLEUM
1569,N24002150,CONSTRUCTION OF BALRAMPUR BYPASS WITH 2L FLEXIBLE PAVEMENT CONFIGURATION FROM KM.223.000 OF NH-330 T,MoRTH,GOA,12-2022,2/2026,-,515.69,-,171.73,28.00,PETROLEUM
1570,N24002199,WIDENING TO 4L RIGID PAVEMENT CONFIGURATION FROM KM 90.00 TO KM 100.800 OF NH-96 (KM 42.O TO KM 53.3,MoRTH,GOA,12-2022,11/2026,-,309.63,-,6.79,15.00,PETROLEUM
1571,N24002201,IMPROVEMENT AND UP- GRADATION TO TWO LANE WITH PAVED SHOULDER/FOUR LANE CONFIGURATION FROM EXISTING K,MoRTH,GOA,1-2022,5/2027,-,974.19,-,586.49,6.00,PETROLEUM
1572,N24002211,REHABILITATION AND UPGRADATION TO FOUR LANE ROAD FROM KM 70.500 TO KM 78.600 OF NH-92 UNDER EPC MODE,MoRTH,GOA,1-2022,1/2027,-,296.02,-,27.68,-,PETROLEUM
1573,N24002212,WIDENING AND STRENGTHENING FROM DESIGN KM. 67.280 TO KM. 88.622 OF NH-727A (SALEMPUR- MAIRWA ROAD) TO,MoRTH,GOA,3-2023,7/2026,-,371.89,-,126.17,-,PETROLEUM
1574,N24002213,REHABILITATION and UP- GRADATION TO 2L+PS FROM KM. 0.0 TO KM. 7.80 AND KM. 35.400 TO KM. 52.345 (DESI,MoRTH,GOA,3-2023,7/2026,-,701.02,-,242.64,-,PETROLEUM
1575,N24002214,CONSTRUCTION OF AMETHI BYPASS (PART-II) AT KM.30.050 OF NH-931 UNDER EPC MODE IN THE STATE OF UTTAR,MoRTH,GOA,12-2022,2/2027,-,283.86,-,58.89,-,PETROLEUM
1576,N24002234,WIDENING TO 4L FROM KM.108.50 TO 139.00 OF NH-135A PKG-II (JAUNPUR TO AKBARPUR SECTION) ON HAM IN TH,MoRTH,GOA,3-2023,3/2027,-,"1,511.57",-,124.06,-,PETROLEUM
1577,N24002235,CONSTRUCTION OF RAEBARELI RING ROAD (PHASE-2) WITH FOUR LANE CONFIGURATION FOR RAEBARELI CITY IN THE,MoRTH,GOA,3-2022,5/2027,-,"1,273.72",-,330.12,-,PETROLEUM
1578,N28000144,KANPUR METRO RAIL PROJECT,LMRCL,GOA,5-2019,3/2024,-,"11,076.48",-,"8,651.58",72.00,"URBAN
DEVELOPMENT"
1579,N28000145,AGRA METRO RAIL PROJECT,LMRCL,GOA,5-2019,3/2024,-,"8,379.62",-,"4,902.53",53.40,"URBAN
DEVELOPMENT"
1580,N30000021,INTERCEPTION AND DIVERSION WORKS AND STP AT MUZAFFARNAGAR UTTAR PRADESH,UPJalNigam,GOA,1-2019,12/2021,1/2020,231.79,234.03,141.79,100.00,"URBAN
DEVELOPMENT"
1581,N30000024,SEWERAGE SCHEME INTERCEPTION AND DIVERSION WITH STP WORKS AT MEERUT UTTAR PRADESH,UPJalNigam,GOA,2-2019,6/2022,-,681.78,-,13.34,22.00,"URBAN
DEVELOPMENT"
1582,N04000085,"CONSTRUCTION OF DOMESTIC PASSENGER TERMINAL BUILDING AT DEHRADUN AIRPORT, DEHRADUN",AAI,GOA,7-2018,9/2020,9/2024,456.86,500.00,483.86,100.00,CIVIL AVIATION
1583,N18000010,TEHRI PUMPED STORAGE PLANT(1000MW),THDCIL,GOA,7-2006,7/2010,6/2022,"1,657.00","4,825.60","7,854.76",98.10,POWER
1584,N18000014,TAPOVAN-VISHNUGAD HEP (4X130MW),NTPC,GOA,11-2006,3/2013,12/2021,"2,978.48",-,"6,736.09",72.40,POWER
1585,N18000042,VISHNUGAD PIPALKOTI HYDRO ELECTRIC PROJECT,THDCIL,GOA,8-2008,6/2013,-,"2,491.58","3,860.35","4,652.11",70.00,POWER
1586,N18000142,LATA-TAPOVAN HYDRO ELECTRIC POWER PROJECT 3X57 MW,NTPC,GOA,7-2012,8/2017,-,"1,527.00",-,149.93,-,POWER
1587,N22000406,RISHIKESH - KARNAPRAYAG NEW LINE,RVNL,GOA,4-2011,12/2025,-,"38,953.15",-,"18,820.04",-,RAILWAYS
1588,N24000465,4-LANING OF KASHIPUR- SITARGANJ SECTION,AMR,GOA,11-2012,8/2016,-,605.84,-,0.00,-,RAILWAYS
1589,N24000741,CONSTRUCTION AND UPGRADATION OF EXISTING ROAD TO 2 LANE WITH PAVED SHOULDER FROM KM 368.00 TO KM 399,NHIDCL,GOA,3-2018,11/2020,3/2024,274.31,-,505.22,97.31,RAILWAYS
1590,N24000742,2 LANE WITH PAVED SHOULDER FROM KM 399.00 TO KM 430.00 OF KARANPARYAG TO CHAMOLI UNDER CHARDHAM PARI,NHIDCL,GOA,3-2018,11/2020,-,403.36,-,678.04,98.93,RAILWAYS
1591,N24000743,2 LANE WITH PAVED SHOULDER FROM KM 430.00 TO KM 468.00 OF CHAMOLI TO PAINI UNDER CHARDHAM PARIYOJNA,NHIDCL,GOA,3-2018,11/2020,-,417.24,-,688.40,99.88,RAILWAYS
1592,N24000772,RECONSTRUCTION WITH GEOMETRIC IMPROVEMENT OF EXISTING 2 LANE/INTERMEDIATE LANE TO 2LANE WITH PAVED S,MoRTH,GOA,12-2017,12/2019,-,257.34,-,232.69,100.00,RAILWAYS
1593,N24000773,RECONSTRUCTION WITH GEOMETRIC IMPROVEMENT OF EXISTING 2 LANE/INTERMEDIATE LANE TO 2LANE WITH PAVED S,MoRTH,GOA,12-2017,12/2019,-,200.34,253.43,227.98,100.00,RAILWAYS
1594,N24000774,WIDENING OF EXISTING SINGLE LANE ROAD TO TWO LANE WITH PAVED SHOULDERS CONFIGURATION FROM KM. 235.00,MoRTH,GOA,12-2017,12/2019,-,248.22,-,236.80,100.00,RAILWAYS
1595,N24000775,RECONSTRUCTION WITH GEOMETRIC IMPROVEMENT OF EXISTING 2 LANE/INTERMEDIATE LANE TO 2LANE WITH PAVED S,MoRTH,GOA,6-2017,6/2019,3/2023,282.08,-,234.97,100.00,RAILWAYS
1596,N24000776,RECONSTRUCTION WITH GEOMETIC IMPROVEMENT OF EXISTING TWO LANE TO 2- LANE WITH PAVED SHOULDERS CONFIG,MoRTH,GOA,11-2017,11/2019,-,232.81,-,201.58,100.00,RAILWAYS
1597,N24000777,RECONSTRUCTION WITH GEOMETIC IMPROVEMENT OF SINGLE LANE TO 2- LANE WITH PAVED SHOULDER CONFIGURATION,MoRTH,GOA,11-2017,11/2019,-,283.51,-,278.51,100.00,RAILWAYS
1598,N24000778,RECONSTRUCTION WITH GEOMETRIC IMPROVEMENT OF EXISTING SINGLE/INTERMEDIATE LANE TO 2LANE WITH PAVED S,MoRTH,GOA,11-2017,11/2019,-,266.52,-,250.34,100.00,RAILWAYS
1599,N24000779,RECONSTRUCTION WITH GEOMETRIC IMPROVEMENT OF EXISTING SINGLE/INTERMEDIATE LANE TO 2 LANE WITH EAR,MoRTH,GOA,2-2018,2/2020,3/2023,418.88,-,339.71,94.00,RAILWAYS
1600,N24000780,REHABILITATION AND UP GRADATION OF 2 LANE/ 2 LANE WITH PAVED SHOULDER FROM EXISTING KM. 172.900 TO K,MoRTH,GOA,2-2018,(4/2023),-,293.68,-,244.25,100.00,RAILWAYS
1601,N24000781,CONSTRUCTION OF KUND BYPASS FROM EXISTING KM 33+130 TO KM 41+260 (EXISTING LENGTH: 8.130 KM); DESIGN,MoRTH,GOA,5-2018,5/2020,12/2023,248.00,-,120.50,65.56,RAILWAYS
1602,N24000782,REHABILITATION AND UPGRADATION OF 2 LANE WITH PAVED SHOULDER FROM EXISTING KM. 195.175 TO KM. 220.00,MoRTH,GOA,3-2018,(N.A.),-,460.73,-,0.00,-,RAILWAYS
1603,N24000855,CONSTRUCTION OF 4.5 KM LONG SILKYARA TUNNEL BETWEEN KM 25.40 TO 50.25 KM (TUNNEL WORK),NHIDCL,GOA,3-2018,7/2022,-,"1,383.78",-,"1,391.00",63.61,RAILWAYS
1604,N24001130,RECONSTRUCTION WITH GEOMETRIC IMPROVMENT OF EXISTING INTERMEDIATE LANE TO 2 LANE WITH PAVED SHOULDER,MoRTH,GOA,8-2016,12/2017,-,234.88,273.49,237.19,100.00,RAILWAYS
1605,N24001525,6L ACCESS-CONTROLLED HIGHWAY OF DAAT KALI TUNNEL - DEHRADUN OF GANESHPUR ? DEHRADUN SECTION FROM KM.,NHAI,GOA,3-2021,3/2024,5/2025,169.08,-,105.77,99.99,RAILWAYS
1606,N24001526,UPGRADATION AND 4L OF HARIDWAR BYPASS FROM KM 0.000 (KM 188.100 OF NH-58) TO KM. 15.100 (KM 5.100 OF,NHAI,GOA,8-2021,10/2024,8/2025,"1,377.79","1,384.11",679.10,53.05,RAILWAYS
1607,N24001553,4L MEDINIPUR TO BALLUPUR FROM KM. 458.65 TO KM. 487.65 OF NH-07(PKG-2),NHAI,GOA,3-2022,2/2025,7/2025,"1,092.90","1,092.90",463.92,81.20,RAILWAYS
1608,N24001990,4L POANTA SAHEB?MEDNIPUR FROM KM. 435.65 TO KM. 458.65 OF NH-07(PKG-1),NHAI,GOA,6-2022,5/2025,6/2025,524.54,683.26,91.94,73.37,RAILWAYS
1609,N24001991,ACCESS ROAD/BRIDGE CONNECTIVITY FROM NH-09 AT KM.40 NEAR JAGBUDA BRIDGE (INDIA) TO BOUNDARY PILLAR,NHAI,GOA,5-2022,9/2024,11/2026,314.31,-,229.70,68.16,RAILWAYS
1610,N24002163,CONSTRUCTION FOR MITIGATION MEASURES KM 368.00-UTTARAKHAND-TO KM 433.00 ON NH-07-PKG-1,NHIDCL,GOA,12-2023,12/2025,-,216.88,-,76.07,73.00,RAILWAYS
1611,N24002164,CONSTRUCTION FOR MITIGATION MEASURES KM 450.00-UTTARAKHAND-TO KM 468.00 ON NH-07-PKG-3,NHIDCL,GOA,12-2023,12/2025,-,250.33,-,57.10,48.00,RAILWAYS
1612,N24002206,CONSTRUCTION FOR MITIGATION MEASURES PKG-2,NHIDCL,GOA,12-2023,6/2026,-,259.64,-,4.16,20.00,RAILWAYS
1613,N04000080,CONSTRUCTION OF ATC TOWER AND TECHNICAL BLOCK AT NSCBI AIRPORT KOLKATA,AAI,GOA,1-2016,3/2020,12/2023,458.00,-,251.64,100.00,CIVIL AVIATION
1614,N04000081,"AIRSIDE CAPACITY ENHANCEMENT OF NSBI AIRPORT, KOLKATA",AAI,GOA,1-2019,11/2021,5/2023,389.71,-,396.61,100.00,CIVIL AVIATION
1615,N04000109,"NSCBI AIRPORT KOLKATA: RE- CONSTRUCTION OF RIGID POSITIONS OF SECONDARY RUNWAY, 'K' AND 'A' TAXIWAY",AAI,GOA,4-2023,10/2025,-,328.30,-,79.39,36.00,CIVIL AVIATION
1616,N04000115,BAGDOGRA AIRPORT: DEVELOPMENT OF NEW CIVIL ENCLAVE AT BAGDOGRA AIRPORT. SUB-HEAD : CONSTRUCTION OF N,AAI,GOA,8-2024,3/2027,-,"1,549.00",-,181.32,8.00,CIVIL AVIATION
1617,N06000163,RANIGANJ MASTER PLAN,ECL,GOA,8-2009,8/2019,-,"2,661.73",-,779.50,42.00,CIVIL AVIATION
1618,N06000165,SIDULI MINE (OC AND UG),ECL,GOA,5-2018,3/2027,-,535.18,-,4.75,14.00,CIVIL AVIATION
1619,N06000170,NAKRAKONDA KUMARDIH B OCP,ECL,GOA,8-2018,3/2029,-,502.68,-,70.02,25.50,CIVIL AVIATION
1620,N06000191,SHYAMSUNDARPUR UG INCLUDING SAPI UNIT,ECL,GOA,4-2020,3/2026,3/2026,483.65,-,54.87,12.00,CIVIL AVIATION
1621,N06000195,2.0 MTPA BHOJUDIH NLW WASHERY,BCCL,GOA,12-2015,9/2020,-,384.57,-,347.98,97.00,CIVIL AVIATION
1622,N06000220,SONEPUR BAZARI EXPANSION OC,ECL,GOA,7-2021,3/2029,-,"5,365.88","5,366.00",550.61,17.00,CIVIL AVIATION
1623,N06000223,EXPANSION PR OF JHANJRA UG (5.00 MTY),ECL,GOA,4-2020,3/2029,-,"1,210.12",-,478.77,38.00,CIVIL AVIATION
1624,N06000236,MOHANPUR EXPANSION OC PHASE II,ECL,GOA,11-2020,3/2026,-,888.99,-,73.31,30.00,CIVIL AVIATION
1625,N06000244,BONJEMEHARI EXPANSION OCP,ECL,GOA,8-2021,3/2026,3/2026,570.12,-,81.09,16.00,CIVIL AVIATION
1626,N06000272,ITAPARA OC,ECL,GOA,12-2023,3/2030,-,929.10,-,63.74,7.00,CIVIL AVIATION
1627,N06000276,UCE OF TILABONI UG,ECL,GOA,1-2023,3/2029,-,749.07,-,51.59,10.00,CIVIL AVIATION
1628,N06000277,UCE OF PARASEA BELBAID REORGANISATION UG,ECL,GOA,1-2023,3/2029,3/2028,389.10,-,130.56,16.00,CIVIL AVIATION
1629,N06000281,PARASCOLE JAMBAD OCP,ECL,GOA,11-2024,3/2037,-,"1,193.55",-,0.00,-,CIVIL AVIATION
1630,N28000146,CONSTRUCTION OF TWO NOS GIRLS HOSTELS AND ONE NO BOYS HOSTEL OF 500 CAPACITY EACH G PLUS 8 STOREYED,CPWD EDUCATION,GOA,3-2020,6/2020,-,193.83,-,207.35,-,"DEPARTMENT
OF HIGHER
EDUCATION"
1631,N28000104,NSG AT KOLKATA,CPWD FOR MHA,GOA,10-2014,4/2018,-,162.88,210.83,193.91,92.50,HOME AFFAIRS
1632,N10000015,"CONSTRUCTION OF BASEMENTG FLOOR10 STORIES BUILDING FOR THE STATE OF THE ART, DG, GSI AT SECTOR-V, SA",CPWD,GOA,4-2019,4/2022,-,255.37,-,68.66,36.00,MINES
1633,N16000275,DURGAPUR-HALDIA PIPELINE PROJECT,GAIL,GOA,3-2017,12/2020,12/2025,"1,740.00","2,433.15","2,182.20",89.50,PETROLEUM
1634,N16000392,CITY GAS DISTRIBUTION IN WEST BENGAL,HPCL,GOA,3-2019,3/2031,3/2031,"5,830.20",-,875.27,32.52,PETROLEUM
1635,N16000478,HALDIA PANAGARH PIPELINE PROJECT,HPCL,GOA,11-2022,11/2025,-,"1,010.00",-,526.55,76.78,PETROLEUM
1636,N16000491,"CGD PROJECT AT EAST MEDNIPORE, WEST MEDNIPORE AND JHARGRAM DISTRICTS",IOCL,GOA,3-2022,3/2030,-,609.00,-,60.43,2.10,PETROLEUM
1637,N16000498,CGD PROJECT IN WEST BENGAL 11TH ROUND,HPCL,GOA,6-2022,6/2030,-,"2,628.00",-,308.32,21.70,PETROLEUM
1638,N16000522,CITY GAS DISTRIBUTION PROJECTS AT ALIPURDUAR AND COOCH BEHAR,BPCL,GOA,12-2022,3/2030,-,"1,017.00",-,158.78,29.80,PETROLEUM
1639,N18000178,RAMMAM-III HEPP (3X40 MW),NTPC,GOA,9-2014,9/2019,12/2024,"1,381.84",-,"1,302.76",43.68,POWER
1640,220100272,"TARAKESWAR - BISHNUPUR NEW BG LINE (NL), ER",ER,GOA,4-2000,3/2019,2/2026,"1,188.91",-,"1,247.41",75.00,POWER
1641,N22000108,NEW WORK FOR CONSTRUCTION OF METRO RAILWAY FROM NOAPARA- BARASAI VIA BIMANBANDER (MTP),KOMRCL,GOA,4-2010,8/2026,-,"4,829.60",-,197.20,17.00,POWER
1642,N22000109,NEW WORK FOR CONSTRUCTION OF METRO RAILWAY FROM BARANAGAR TO BARRACKPORE AND DAKSHINESHWAR (MTP),RVNL,GOA,4-2010,12/2026,-,"2,298.42",-,392.98,-,POWER
1643,N22000110,NEW WORK FOR CONSTRUCTION OF METRO RAILWAY FROM NSCB AIRPORT TO NEW GARIA VIA RAJARHAT (MTP),RVNL,GOA,4-2010,12/2025,-,"8,964.35",-,"7,387.40",-,POWER
1644,N22000111,NEW WORK FOR CONSTRUCTION OF METRO RAILWAY FROM JOKA TO BINOY BADAL DINESH BAGH.,RVNL,GOA,4-2010,12/2026,-,"4,834.54",-,"3,918.86",-,POWER
1645,N22000510,PURULIA TO KOTSHILA DOUBLING (39.1 KM),SER,GOA,4-2018,12/2024,-,393.83,-,302.80,100.00,POWER
1646,N22000609,AZIMGANJ-MURSHIDABAD (JIYAGANJ) INCL. RLY. BRIDGE OVER RIVER BHAGIRATHI,ER,GOA,10-2001,2/2024,-,164.33,-,160.82,100.00,POWER
1647,N22000624,NAHATI - RANAGHAT 3RD LINE (MM OF KALINARAYANPUR - KRISHNANAGAR),ER,GOA,7-2015,3/2025,-,"1,000.00",-,165.74,44.00,POWER
1648,N22000628,EAST WEST METRO CORRIDOR KOLKATA,KOMRCL,GOA,2-2009,9/2016,-,"4,874.58","8,575.00",0.00,-,POWER
1649,N22000630,KALIPAHARI - BAKHTARNAGAR 5TH LINE (17.61 KM),ER,GOA,4-2024,6/2027,-,350.46,-,0.00,-,POWER
1650,N22000631,SITARAMPUR BYE - PASS LINE (6.59 KM),ER,GOA,2-2023,3/2027,-,461.64,-,24.54,-,POWER
1651,N24000463,4 LANING OF NH-31D FROM GHOSHPUKUR - SALSALABARI ( KM 0.00 TO KM . 83.785),NHAI,GOA,12-2015,6/2018,5/2024,"1,083.00","1,414.01","1,080.05",100.00,POWER
1652,N24000515,SIX-LANING OF BARWA ADDA- PANAGARH,NHAI,GOA,4-2014,9/2016,-,"1,665.00",-,"4,972.99",100.00,POWER
1653,N24000788,REHABILITATION AND UP GRADATION OF EXISTING ROAD TO 2-LANE WITH PAVED SHOULDER CONFIGURATION IN PURU,NHAI,GOA,3-2018,9/2022,12/2022,841.57,708.30,"11,121.30",95.78,POWER
1654,N24000874,CONSTRUCTION OF NEW ROAD AT THE MISSING LINK PORTION OF NH-81 ALONG THE APPROVED ALIGNMENT BETWEEN H,MoRTH,GOA,3-2016,11/2018,12/2023,271.17,291.20,199.72,82.34,POWER
1655,N24000880,UPGRADATION OF NH-81 WITH A MINIMUM OF 2-LANE WITH PAVED SHOULDER CONFIGURATION STARTING FROM KM 19.,MoRTH,GOA,2-2018,9/2020,1/2024,426.18,426.18,364.92,100.00,POWER
1656,N24001747,SIX LANE OF PALSIT TO DANKUNI SECTION FROM 588.870 TO KM. 652.700,NHAI,GOA,3-2020,9/2024,-,"2,193.23","2,314.00","2,085.00",97.50,POWER
1657,N24001748,SIX LANING OF NATIONAL CORRIDOR NH19 FROM PANAGARH TO PALSIT IN THE STATE OF WEST BENGAL UNDER BHARA,NHAI,GOA,3-2021,9/2024,-,"2,200.93",-,"2,621.41",96.83,POWER
1658,N24001749,FOUR LANING OF PURULIYA BYPASS SECTION OF NH 32 IN THE STATE OF WEST BENGAL ON EPC MODE,NHAI,GOA,8-2021,8/2023,-,557.55,-,473.25,91.41,POWER
1659,N24001750,CONSTRUCTION OF NEW 4 LANE BRIDGE OVER RIVER GANGA AT DOWNSTREAM OF FARAKKA BARRAGE INCLUDING APPROA,NHAI,GOA,8-2018,12/2021,-,622.04,-,565.40,91.34,POWER
1660,N24001850,DEVELOPMENT TO 4/6-LANNING OF NH-31 (NEW NH-10) WITH BOTH SIDE SERVICE ROADS FROM KM 569.258 TO KM 5,MoRTH,GOA,3-2022,9/2025,9/2025,995.04,995.04,383.34,47.90,POWER
1661,N24002184,CONSTRUCTION OR 4 LANE RANIGANJ BYPASS OF LENGTH 5 261 KM ON NH 60 NEW NH 14 FROM KM 273 00 OF NH,MoRTH,GOA,3-2023,3/2026,3/2026,410.83,-,152.32,28.99,POWER
1662,N24002191,CONSTRUCTION OF ROB AND ITS APPROACHES IN LIEU OF LEVEL CROSSING NO 10 B T AT KM 307 050 OF NH 60 B,MoRTH,GOA,3-2016,8/2025,-,155.87,-,21.68,9.49,POWER
1663,N12000132,REBUILDING OF COKE OVEN BATTERY NO.4 OF DURGAPUR STEEL PLANT,SAIL,GOA,11-2023,12/2026,-,916.78,-,86.34,4.85,STEEL
1664,N12000138,INSTALLATION OF NEW BAR MILL AT DURGAPUR STEEL PLANT,SAIL,GOA,9-2024,6/2027,-,"2,115.44",-,61.67,4.50,STEEL
1665,N12000139,UP-GRADATION OF BLAST FURNACE NO. 3 AT DURGAPUR STEEL PLANT,SAIL,GOA,9-2024,6/2026,-,758.09,-,0.00,1.80,STEEL
1666,N12000140,REVAMPING OF AIR POLLUTION CONTROL SYSTEMS OF SP-1 AT DURGAPUR STEEL PLANT,SAIL,GOA,11-2024,5/2026,-,196.40,-,0.19,0.80,STEEL
1667,N12000141,THIRD LADLE FURNACE IN SECONDARY REFINERY UNIT AT IISCO STEEL PLANT,SAIL,GOA,11-2024,7/2026,-,227.96,-,2.58,18.98,STEEL
1668,N30000032,INTERCEPTION AND DIVERSION WITH STP AT MAHESHTALA,KMDA,GOA,5-2018,2/2022,-,198.43,224.69,75.88,95.00,STEEL
1669,N30000034,INTERCEPTION DIVERSION TREATMENT WORKS AT TOLLYS NULLAH ADI GANGA,KMDA,GOA,8-2017,9/2022,1/2023,307.12,-,0.00,-,STEEL
1670,N30000042,INTERCEPTION AND DIVERSION WITH STP AT HUGHLY- CHINSURAH,KMDA,GOA,5-2018,2/2022,9/2020,160.00,154.73,87.35,90.00,STEEL
