Sl.No,Project Code,Project Name,Agency,State,Date of Approval (MM/YYYY),Start Date (MM/YYYY),Original DoC (MM/YYYY),Revised DoC (MM/YYYY),Original Cost (Rs. Crore),Revised Cost (Rs. Crore),Cumulative Expenditure (Rs. Crore),SEP25 progress (%),Sector
1,612786,"Construction of New Domestic Terminal Building Building and miscellaneous works including maintenance, operations and AICMC at Kadapa Airport","Airport Authority of India [AAI]","Andhra Pradesh",03/2023,01/2024,01/2026,03/2026,265.91,265.91,59.43,35,"Aviation & Aviation Infrastructure"
2,701107,"Construction of New Integrated Terminal Building and associated works including apron to park 3 code E type of aircraft or 6 code C type of aircraft at Vijayawada Airport.","Airport Authority of India [AAI]","Andhra Pradesh",06/2020,09/2020,09/2022,12/2025,611.8,611.8,494.08,81,"Aviation & Aviation Infrastructure"
3,701121,"Construction of New Domestic Terminal Building at Rajahmundry Airport.","Airport Authority of India [AAI]","Andhra Pradesh",12/2022,08/2023,08/2025,12/2025,347.15,347.15,95.46,54,"Aviation & Aviation Infrastructure"
4,706724,"Guwahati Airport New Integrated Terminal Building Construction Project","Adani Airport Holdings Limited","Assam",12/2016,03/2018,03/2025,11/2025,1712,1712,2397.37,91,"Aviation & Aviation Infrastructure"
5,612183,"Development of New Civil Enclave at Bihta","Airport Authority of India [AAI]","Bihar",08/2024,03/2025,09/2027,-,1413,1413,0,1,"Aviation & Aviation Infrastructure"
6,612194,"Development of New Civil Enclave and associated works at Darbhanga Airport","Airport Authority of India [AAI]","Bihar",07/2024,07/2024,01/2026,-,911.66,911.66,191.27,32,"Aviation & Aviation Infrastructure"
7,701101,"Construction of New Domestic Terminal Building [Phase-I and II] and other allied structures at JPNI Airport, Patna","Airport Authority of India [AAI]","Bihar",12/2018,10/2018,07/2023,11/2025,1216.9,1216.9,1119.69,94,"Aviation & Aviation Infrastructure"
8,701105,"Goa Airport Terminal Building Extension Project","Airport Authority of India [AAI]","Goa",11/2017,12/2019,12/2021,09/2025,255.69,255.69,154.3,92,"Aviation & Aviation Infrastructure"
9,701126,"Development of Dholera International Greenfield Airport , Gujarat","Airport Authority of India [AAI]","Gujarat",06/2022,07/2022,06/2026,06/2026,1305,1551,696.39,66,"Aviation & Aviation Infrastructure"
10,611047,"Construction of NTB complex including apron, taxi track and other associated civil works and electrical & mechanical installations towards Tawi River side at CA Jammu.","Airport Authority of India [AAI]","Jammu and Kashmir",07/2022,07/2023,06/2026,06/2026,861.37,861.37,192.59,36,"Aviation & Aviation Infrastructure"
11,612787,"Construction of New Domestic Terminal Building and Miscellaneous works at Hubli Airport","Airport Authority of India [AAI]","Karnataka",06/2023,01/2024,01/2026,03/2026,320.47,320.47,71.37,41,"Aviation & Aviation Infrastructure"
12,612788,"Construction of New Domestic Terminal Building and Miscellaneous Works at Belagavi Airport.","Airport Authority of India [AAI]","Karnataka",06/2023,02/2024,01/2026,01/2026,322.45,322.45,132.01,55,"Aviation & Aviation Infrastructure"
13,612789,"Development of additional RESA on either end on Runway 10-28 at Calicut Airport. Construction of embankment with slope protection, drainage system and associated works for additional RESA on either end on Runway 10-28","Airport Authority of India [AAI]","Kerala",06/2023,02/2024,09/2025,03/2026,484.57,484.57,85.16,22,"Aviation & Aviation Infrastructure"
14,400010,"Construction of Terminal Building & Associated works at Leh Airport, Ladakh","Airport Authority of India [AAI]","Ladakh",07/2018,09/2018,09/2021,10/2025,480,640,456.22,71,"Aviation & Aviation Infrastructure"
15,706718,"C/o NITB Imphal Airport","Airport Authority of India [AAI]","Manipur",11/2021,07/2022,07/2024,12/2026,499,499,154.43,41,"Aviation & Aviation Infrastructure"
16,611570,"SITC of ATM Automation System and ASMGCS [Including SMR & MLAT] for Mumbai, Navi Mumbai, Jewar [earlier MOPA, without ASMGCS], HIAL & BIAL","Airport Authority of India [AAI]","Multi-States (Karnataka, Maharashtra, Telangana, Uttar Pradesh)",NA,10/2022,09/2025,08/2026,500.48,500.48,332.26,75,"Aviation & Aviation Infrastructure"
17,701127,"Construction of New Passenger Terminal Building for Domestic Operations at Jodhpur Airport.","Airport Authority of India [AAI]","Rajasthan",05/2022,04/2023,11/2024,10/2025,480,480,301.83,89,"Aviation & Aviation Infrastructure"
18,701128,"Construction of New Integrated Passenger Terminal Building at Udaipur Airport","Airport Authority of India [AAI]","Rajasthan",06/2023,11/2022,03/2026,10/2026,887,887,378.81,50,"Aviation & Aviation Infrastructure"
19,612793,"Widening of basic strip at Western Side of Runway Chainage 80m to 920m i/c slope stabilization Measures [Balance work] of uphill and Improvement of Storm Water Drainage System at Pakyong Airport, Sikkim on design & build basis [EPC] with integrated 10 years maintenance.","Airport Authority of India [AAI]","Sikkim",11/2023,12/2023,02/2026,-,323.26,323.26,34.3,13,"Aviation & Aviation Infrastructure"
20,611602,"Modernization of Chennai Airport, Phase II, Part 2","Airport Authority of India [AAI]","Tamil Nadu",05/2018,06/2023,07/2025,06/2026,1207,1207,164.13,24,"Aviation & Aviation Infrastructure"
21,612063,"Construction of New Terminal Building, Second Link Taxi Track, Apron Expansion, and associated works at Prayagraj Airport- On Design & Build Basis.","Airport Authority of India [AAI]","Uttar Pradesh",NA,08/2023,11/2024,08/2025,219.18,274.38,215.2,100,"Aviation & Aviation Infrastructure"
22,701091,"Lucknow Airport-Terminal 3- Phase 1 & Other Associated Works","Adani Airport Holdings Limited","Uttar Pradesh",06/2018,09/2018,03/2026,-,3100,3100,16024.42,100,"Aviation & Aviation Infrastructure"
23,701113,"Development of Lal Bahadur Shastri International airport, Varanasi including C/o New Terminal Building, Apron Extension, Runway Extension, PTT and allied works.","Airport Authority of India [AAI]","Uttar Pradesh",07/2024,07/2024,07/2027,07/2027,2869.65,2869.65,346.36,17,"Aviation & Aviation Infrastructure"
24,701122,"Development of New Integrated Civil Enclave at Agra Airport","Airport Authority of India [AAI]","Uttar Pradesh",06/2024,07/2024,07/2026,-,579,579,88.11,17,"Aviation & Aviation Infrastructure"
25,611495,"Development of New Civil Enclave at Bagdogra Airport","Airport Authority of India [AAI]","West Bengal",08/2024,10/2023,01/2027,01/2027,1549,1549,292.71,13,"Aviation & Aviation Infrastructure"
26,612791,"Re-Construction of Rigid portions of Secondary Runway, K and A Taxiway and Strengthening of C Taxiway at NSCBI Airport Kolkata.","Airport Authority of India [AAI]","West Bengal",04/2023,12/2023,02/2025,08/2026,328.3,328.3,105.41,47,"Aviation & Aviation Infrastructure"
27,615820,"TIKAK EXTENSION OCP","MIS MoCoal Integration Logins","Assam",07/2022,07/2022,07/2031,-,159.77,159.77,81.47,0,"Coal"
28,615821,"TIRAP OCP","MIS MoCoal Integration Logins","Assam",11/2022,11/2022,11/2030,-,289.46,289.46,105.6,3,"Coal"
29,400144,"PORDA CHIMTAPANI OCP [10 MTY]","South Eastern Coalfields Limited [SECL]","Chhattisgarh",12/2020,12/2020,03/2029,-,2310.12,2310.12,85.77,10,"Coal"
30,400145,"CHHAL OC SEAM III [6 MTY]","South Eastern Coalfields Limited [SECL]","Chhattisgarh",12/2013,12/2013,03/2022,10/2025,610.63,610.63,579.82,85,"Coal"
31,400147,"KUSMUNDA OC EXPANSION [15 TO 50 MTY]","South Eastern Coalfields Limited [SECL]","Chhattisgarh",08/2013,08/2013,03/2023,03/2030,7612.33,7612.33,4697.95,81,"Coal"
32,400149,"BAROUD OC EXPANSION [3.0-10.0M","South Eastern Coalfields Limited [SECL]","Chhattisgarh",08/2020,08/2020,03/2029,-,2309.8,2309.8,935.64,50,"Coal"
33,400354,"DIPKA EXPANSION OCP [40 MTY]","South Eastern Coalfields Limited [SECL]","Chhattisgarh",12/2020,12/2020,03/2029,-,5241.4,5241.4,2830.43,37,"Coal"
34,400424,"GEVRA OC [70 MTY]","South Eastern Coalfields Limited [SECL]","Chhattisgarh",03/2016,03/2016,03/2023,03/2026,11816.4,11816.4,6677.26,78,"Coal"
35,613795,"JAMPALI OC RCE [2.0 MTY]","South Eastern Coalfields Limited [SECL]","Chhattisgarh",05/2020,05/2020,03/2025,06/2025,278.64,278.64,210.07,82,"Coal"
36,613798,"AMERA OC RCE [1.0 MTY]","South Eastern Coalfields Limited [SECL]","Chhattisgarh",02/2015,02/2015,03/2026,-,335.97,335.97,88.24,42,"Coal"
37,613799,"AMGAON OC RCE [1.0 MTY]","South Eastern Coalfields Limited [SECL]","Chhattisgarh",07/2015,07/2015,03/2026,-,316.11,316.11,188.6,78,"Coal"
38,613800,"JAGANNATHPUR OC RCE PROJECT","South Eastern Coalfields Limited [SECL]","Chhattisgarh",07/2016,07/2016,03/2025,03/2026,459.49,459.49,274.35,96,"Coal"
39,613801,"MAHAMAYA OCP [1.50 MTY]","South Eastern Coalfields Limited [SECL]","Chhattisgarh",05/2018,05/2018,03/2026,-,410.26,410.26,181.59,54,"Coal"
40,615191,"KATKONA RO UG MINE","South Eastern Coalfields Limited [SECL]","Chhattisgarh",01/2023,01/2023,03/2029,-,329.21,329.21,60.81,2,"Coal"
41,616234,"PELMA OC MDO","South Eastern Coalfields Limited [SECL]","Chhattisgarh",10/2022,10/2022,03/2033,-,1725.04,1725.04,15.66,40,"Coal"
42,617287,"KUSMUNDA OC EXPANSION PROJECT","SECL - CIL","Chhattisgarh",11/2024,11/2024,03/2030,-,4516.88,4516.88,774.91,21,"Coal"
43,617288,"MANIKPUR OC EXPANSION PROJECT","South Eastern Coalfields Limited [SECL]","Chhattisgarh",01/2025,01/2025,03/2029,-,382.61,382.61,112.87,21,"Coal"
44,612838,"DIPKA OC","SECL - CIL","Gujarat",NA,01/2017,03/2025,-,7580,7580,3091,65,"Coal"
45,400018,"HURA C OCP","ECL - CIL","Jharkhand",08/2022,08/2022,03/2029,-,859.41,859.41,451.61,62,"Coal"
46,400073,"KONAR EXPANSION OCP","Ministry of Coal","Jharkhand",01/2022,01/2022,03/2032,-,799.34,799.34,429.42,45,"Coal"
47,400074,"KARO EXPANSION OCP","Ministry of Coal","Jharkhand",01/2022,01/2022,03/2029,-,908.47,908.47,269.18,22,"Coal"
48,400136,"SANGHMITRA OC","Ministry of Coal","Jharkhand",03/2024,03/2027,03/2032,-,2660,2660,0,0,"Coal"
49,400138,"CHANDRAGUPT OCP","Ministry of Coal","Jharkhand",08/2020,08/2020,03/2032,-,973.5,973.5,440.56,24,"Coal"
50,400139,"KOTRE BASANTPUR PACHMO OCP","Ministry of Coal","Jharkhand",08/2020,08/2020,03/2032,-,861.06,625.4,455.95,42,"Coal"
51,400142,"Pachwara South Coal Block","NLC India Limited [NLCIL]","Jharkhand",03/2016,11/2019,09/2028,-,2242.9,2242.9,1186.18,74,"Coal"
52,400150,"RPR MAGADH EXP OCP","Ministry of Coal","Jharkhand",08/2020,08/2020,03/2028,-,7254.37,7254.37,1548.41,38,"Coal"
53,400151,"NORTH URIMARI EXPANSION OCP","Ministry of Coal","Jharkhand",07/2021,07/2021,03/2029,-,778.8,778.8,696.05,67,"Coal"
54,400153,"EPR ROHINI - KARKETTA OCP","Central Coalfields Limited [CCL]","Jharkhand",01/2021,01/2021,03/2028,-,1020.42,1020.42,83.95,20,"Coal"
55,400154,"EPR PUNDI OCP","Ministry of Coal","Jharkhand",11/2020,11/2020,03/2027,-,713.35,713.35,236.58,10,"Coal"
56,400155,"EPR ASHOK OC","Ministry of Coal","Jharkhand",05/2021,05/2021,03/2031,-,2898.28,2898.28,179.7,24,"Coal"
57,400156,"EPR AMRAPALI OCP","Ministry of Coal","Jharkhand",02/2020,02/2020,03/2028,-,5136.15,5136.15,1159.17,42,"Coal"
58,400160,"RAJRAPPA RCE OCP","Ministry of Coal","Jharkhand",12/2009,12/2009,03/2016,03/2027,510.85,510.85,488.67,76,"Coal"
59,400172,"CHITRA EAST OC","Eastern Coal Fields Limited [ECL]","Jharkhand",08/2018,08/2018,03/2026,-,513.99,513.99,229.01,51,"Coal"
60,400352,"JHARKHAND-LAIYO OCP","Ministry of Coal","Jharkhand",08/2020,08/2020,03/2031,-,764.57,764.57,145.81,29,"Coal"
61,400425,"MOONIDIH XV SEAM UG","Ministry of Coal","Jharkhand",08/2011,08/2011,03/2019,05/2026,1230.27,1230.27,629.58,81,"Coal"
62,611017,"2.5 MTPA PATHERDIH NLW WASHERY","Ministry of Coal","Jharkhand",10/2015,04/2016,04/2018,03/2026,334.27,334.27,142.64,48,"Coal"
63,611864,"AMALAGAMATED NTST KUJAMA OCP 8.5MTY","Ministry of Coal","Jharkhand",01/2023,01/2023,03/2030,-,4011.85,4011.85,404.49,28,"Coal"
64,613808,"MURAIDIH UG PROJECT","Ministry of Coal","Jharkhand",02/2011,02/2011,04/2014,12/2026,339.87,339.87,191,70,"Coal"
65,615349,"TAPIN SOUTH EXPN","Ministry of Coal","Jharkhand",11/2020,11/2020,03/2028,-,230.41,230.41,22.02,20,"Coal"
66,615822,"SIRKA OC","Ministry of Coal","Jharkhand",05/2020,05/2020,03/2028,-,222.82,222.82,140.58,53,"Coal"
67,615843,"TETARIAKHAR OC","Ministry of Coal","Jharkhand",11/2019,11/2019,03/2025,03/2027,243.52,243.52,44.64,29,"Coal"
68,616225,"CHUPERBHITA SIMLONG OCP MDO 6 MTY","Eastern Coal Fields Limited [ECL]","Jharkhand",12/2023,12/2023,03/2037,-,979.08,979.08,0,0,"Coal"
69,616236,"JARANGDIH EXPN. OCP 1.5 MTY","CCL - CIL","Jharkhand",02/2020,02/2020,03/2029,-,414.37,414.37,85.6,32,"Coal"
70,616253,"BLOCK E OCP","Ministry of Coal","Jharkhand",03/2024,03/2024,03/2029,-,5850.83,5850.83,20.32,3,"Coal"
71,617416,"Revised Jharia Master Plan for Dealing with Fire, Subsidence & Rehabilitation of affected families in Jharia Coalfield- Reg.","Bharat Coking Coal Limited (BCCL)","Jharkhand",06/2025,07/2025,12/2028,-,5940.47,5940.47,0,6,"Coal"
72,400148,"AMADAND OCP[4.0MTY]","Ministry of Coal","Madhya Pradesh",03/2016,03/2016,03/2021,03/2027,869.44,869.44,275.35,75,"Coal"
73,400152,"RAMPUR BATURA OCP [4.0MTY]","South Eastern Coalfields Limited [SECL]","Madhya Pradesh",07/2019,07/2019,03/2026,-,1248.93,1248.93,495.4,44,"Coal"
74,400162,"BLOCK B EXPANSION [3.5 TO 8.0","Northern Coalfields Limited [NCL]","Madhya Pradesh",07/2019,07/2019,03/2023,03/2027,998.71,998.71,468.13,47,"Coal"
75,400321,"NIGAHI EXPANSION [15 TO 25 MTP","Northern Coalfields Limited [NCL]","Madhya Pradesh",11/2020,11/2020,03/2025,03/2028,1729.68,1729.68,827.47,47,"Coal"
76,613802,"KANCHAN OC EXP","South Eastern Coalfields Limited [SECL]","Madhya Pradesh",12/2014,12/2014,03/2026,-,371.04,371.04,144.61,58,"Coal"
77,613803,"JHIRIA WEST OCP [1.5 MTY]","South Eastern Coalfields Limited [SECL]","Madhya Pradesh",01/2024,01/2024,03/2029,-,366.94,366.94,34.06,41,"Coal"
78,613804,"RPR TAWA-III UG 0.84 MTY","Western Coalfields Limited [WCL]","Madhya Pradesh",12/2021,12/2021,03/2027,-,314.09,314.09,5.87,17,"Coal"
79,615185,"AMALGAMATED DHANKASA & JAMUNIA","Western Coalfields Limited [WCL]","Madhya Pradesh",09/2022,09/2022,03/2027,-,399.2,399.2,92.44,66,"Coal"
80,615187,"RPR OF VISHNUPURI UG TO OC","Western Coalfields Limited [WCL]","Madhya Pradesh",11/2022,11/2022,03/2029,-,220.62,220.62,0,11,"Coal"
81,615194,"URDHAN EXPANSION OC COST PLUS","Western Coalfields Limited [WCL]","Madhya Pradesh",07/2022,01/2023,03/2031,-,206.88,206.88,27.19,0,"Coal"
82,615195,"SHARDA UG MINE","Western Coalfields Limited [WCL]","Madhya Pradesh",07/2022,09/2023,03/2028,-,166.25,166.25,4.35,9,"Coal"
83,615206,"GANDHIGRAM UG MINE","Western Coalfields Limited [WCL]","Madhya Pradesh",08/2019,08/2019,03/2026,-,414.15,414.15,13.38,57,"Coal"
84,400033,"BHATADI EXPANSION OC","Western Coalfields Limited [WCL]","Maharashtra",02/2020,05/2022,03/2028,-,580.61,580.61,69.77,28,"Coal"
85,400177,"AMALGAMATED YEKONA I & YEKONA","Western Coalfields Limited [WCL]","Maharashtra",08/2015,08/2015,03/2025,03/2026,727.28,727.28,538.4,80,"Coal"
86,400178,"DINESH[MAKARDHOKRA-III] OC","Western Coalfields Limited [WCL]","Maharashtra",02/2020,02/2020,03/2027,-,822.88,822.88,621.73,35,"Coal"
87,400353,"DHUPTALA OC [SASTI UG TO OC ]","Western Coalfields Limited [WCL]","Maharashtra",10/2021,10/2021,03/2028,-,711.01,711.01,80.61,17,"Coal"
88,615184,"SAONER UG MINE -1 EXPANSION 1.","Western Coalfields Limited [WCL]","Maharashtra",01/2022,01/2022,03/2028,-,228.64,228.64,142.4,68,"Coal"
89,615186,"SASTI EXPANSION OPENCAST","Western Coalfields Limited [WCL]","Maharashtra",08/2020,08/2020,03/2026,-,319.04,319.04,90.31,20,"Coal"
90,615188,"NEW MAJRI UG TO OC 3 MTY COST","Western Coalfields Limited [WCL]","Maharashtra",05/2019,09/2022,03/2027,-,402.27,402.27,55.44,24,"Coal"
91,615189,"MAKARDHOKRA EXPN OC 4.9 MTY","Western Coalfields Limited [WCL]","Maharashtra",06/2022,06/2022,03/2026,-,361.87,361.87,70.22,11,"Coal"
92,615190,"SINGHORI DEEP OC MIN 2.0 MTY","Western Coalfields Limited [WCL]","Maharashtra",05/2022,05/2022,03/2029,-,335.75,335.75,26.98,6,"Coal"
93,615192,"GOKUL EXTENSION OC MINE","Western Coalfields Limited [WCL]","Maharashtra",04/2021,04/2021,03/2026,-,309.58,309.58,42.75,8,"Coal"
94,615199,"KOLGAON EXPANSION DEEP OC MINE 0.80 MTY","Western Coalfields Limited [WCL]","Maharashtra",01/2023,09/2023,03/2027,-,198.71,198.71,0.71,2,"Coal"
95,615330,"BALLARPUR NORTH WEST OC MINE","Western Coalfields Limited [WCL]","Maharashtra",12/2022,12/2022,03/2029,-,360.81,360.81,0.02,4,"Coal"
96,615331,"GADEGAON OC 3 MTY","Western Coalfields Limited [WCL]","Maharashtra",10/2023,10/2023,03/2030,-,497.41,497.41,0.08,0,"Coal"
97,615914,"GHONSA EXPANSION DEEP OC MINE","Western Coalfields Limited [WCL]","Maharashtra",03/2021,03/2021,03/2029,-,184.71,184.71,11.48,5,"Coal"
98,615916,"AMLG GAURI PAUNI EXPANSION OC","Western Coalfields Limited [WCL]","Maharashtra",04/2024,04/2024,03/2030,-,1225.21,1225.21,78.68,1,"Coal"
99,615917,"GAURIDEEP/GAURI CENTRAL OCP 7.","Western Coalfields Limited [WCL]","Maharashtra",08/2023,06/2024,03/2030,-,973.07,973.07,0.24,0,"Coal"
100,615918,"RPR OF BHANEGAON OC","Western Coalfields Limited [WCL]","Maharashtra",02/2017,09/2022,03/2028,-,405.2,405.2,12.36,7,"Coal"
101,615919,"N. EXTN. MUNGOLI NIRGUDA D OCP","Western Coalfields Limited [WCL]","Maharashtra",06/2024,06/2024,03/2029,-,1024.91,1024.91,169.91,0,"Coal"
102,615982,"NILJAI EXPANSION DEEP OCP","Western Coalfields Limited [WCL]","Maharashtra",08/2016,11/2018,03/2024,03/2026,319.75,319.75,367.6,79,"Coal"
103,616044,"UKNI DEEP OC MINE -COST PLUS","Western Coalfields Limited [WCL]","Maharashtra",11/2018,01/2019,03/2021,03/2026,237.06,237.06,165.57,87,"Coal"
104,616050,"AMALGAMATED INDER-KAMPTEE DEEP OC","Western Coalfields Limited [WCL]","Maharashtra",09/2018,09/2018,03/2024,03/2026,235.9,235.9,237.12,98,"Coal"
105,616223,"ADASA UG TO OC MINE","Western Coalfields Limited [WCL]","Maharashtra",11/2018,11/2018,03/2024,03/2026,316,316,308.84,86,"Coal"
106,616229,"AMAL GONDEGAON GHATROHANA EXPN","Western Coalfields Limited [WCL]","Maharashtra",09/2024,09/2024,03/2029,-,668.54,668.54,1.21,0,"Coal"
107,617233,"WAGHODA UG MINE [1.02 MTY]","Western Coalfields Limited [WCL]","Maharashtra",01/2024,01/2025,03/2030,-,379.3,379.3,0,0,"Coal"
108,617278,"KOLARPIMPRI EXPANSION OC [2.5 MTY]","Western Coalfields Limited [WCL]","Maharashtra",06/2024,02/2025,03/2030,-,630.37,630.37,0,0,"Coal"
109,400313,"Master Plan for Jharia and Raniganj Coalfields","Bharat Coking Coal Limited [BCCL]","Multi-States (Jharkhand, West Bengal)",08/2009,08/2009,08/2019,12/2028,2661.73,2661.73,789.85,43,"Coal"
110,400369,"BINA KAKRI AMALGAMATION EXPANS","Northern Coalfields Limited [NCL]","Multi-States (Madhya Pradesh, Uttar Pradesh)",08/2020,08/2020,03/2024,03/2027,836.42,836.42,805.98,89,"Coal"
111,615183,"KHADIA EXPANSION [10 TO 16 MTP","Northern Coalfields Limited [NCL]","Multi-States (Madhya Pradesh, Uttar Pradesh)",06/2021,06/2021,03/2025,03/2027,491.67,491.67,236.02,46,"Coal"
112,400165,"SUBHADRA OCP","Mahanadi Coalfields Limited [MCL]","Odisha",05/2021,05/2021,04/2032,-,1693.81,1693.81,1323.54,42,"Coal"
113,400166,"SIARMAL OCP","Mahanadi Coalfields Limited [MCL]","Odisha",02/2021,02/2021,03/2029,-,5194.95,5194.95,3456.71,55,"Coal"
114,400183,"BALARAM EXPANSION OCP","Mahanadi Coalfields Limited (MCL)","Odisha",06/2020,08/2020,03/2029,-,3504.21,3504.21,774.52,53,"Coal"
115,400185,"GOPALJI KANIHA OCP [10 TO 30 M","MCL - CIL","Odisha",04/2022,04/2022,03/2030,-,8416.19,6107.87,1730.11,17,"Coal"
116,400187,"INTEGRATED LAKHANPUR-BELPAHAR-","Mahanadi Coalfields Limited [MCL]","Odisha",05/2018,05/2018,03/2027,-,2434.75,2434.75,1814.65,69,"Coal"
117,400392,"BHARATPUR RE-ORGANIZATION OCP","Mahanadi Coalfields Limited (MCL)","Odisha",11/2018,11/2018,03/2029,-,2838.86,2838.86,1672.82,47,"Coal"
118,615193,"BASUNDHARA WEST EXTENSION OPEN","MCL - CIL","Odisha",05/2014,05/2014,03/2019,03/2029,479.15,479.15,273.75,64,"Coal"
119,615857,"Naini Coal Mine","Singareni Collieries Company Limited [SCCL]","Odisha",03/2020,03/2020,03/2026,-,494.3,494.3,491.33,80,"Coal"
120,616226,"INTEGRATED KULDA GARJANBAHAL O","Mahanadi Coalfields Limited [MCL]","Odisha",04/2023,04/2023,03/2033,-,3563.5,3563.5,568.54,3,"Coal"
121,616231,"BHUBANESWARI EXPN OCP 50 MTY","MCL - CIL","Odisha",03/2024,03/2024,03/2033,-,5366.27,5366.27,466.03,14,"Coal"
122,616232,"HINGULA II OC EXPN PH III 15 M","MCL - CIL","Odisha",11/2022,11/2022,03/2029,-,1561.85,1561.85,271.74,24,"Coal"
123,616233,"BALABHADRA OCP","MCL - CIL","Odisha",04/2023,04/2023,03/2030,-,978.44,978.44,211.37,11,"Coal"
124,615818,"Jawahar Khani Open Cast Mine","Singareni Collieries Company Limited [SCCL]","Telangana",12/2021,12/2021,03/2025,03/2027,297.88,297.88,46.82,20,"Coal"
125,615858,"Kalyanikhani Opencast Project","Singareni Collieries Company Limited [SCCL]","Telangana",03/2016,05/2017,03/2026,-,384.32,384.32,281.83,75,"Coal"
126,615859,"Kakathiya Khani Opencast - III Project Phase - I","Singareni Collieries Company Limited [SCCL]","Telangana",03/2017,05/2017,03/2026,-,413.84,413.84,397.55,79,"Coal"
127,615860,"Godavarikhani Coal Mine - 5","Singareni Collieries Company Limited [SCCL]","Telangana",07/2019,05/2019,03/2025,03/2026,607.04,607.04,191.08,71,"Coal"
128,615861,"Indaram Opencast Project","Singareni Collieries Company Limited [SCCL]","Telangana",08/2017,12/2022,03/2025,03/2026,424.81,424.81,402.64,80,"Coal"
129,615862,"Goleti Opencast Mine","Singareni Collieries Company Limited [SCCL]","Telangana",07/2021,08/2021,03/2026,-,345.6,345.6,75.87,21,"Coal"
130,615863,"Venkatesh Khani Coal Mine","Singareni Collieries Company Limited [SCCL]","Telangana",10/2020,06/2020,03/2026,-,484.5,484.5,466.62,96,"Coal"
131,615864,"Ramagundam OC-II Extension Project","Singareni Collieries Company Limited [SCCL]","Telangana",11/2015,06/2015,03/2026,-,489.62,489.62,405.54,77,"Coal"
132,615865,"Kakatiyakhani OC - 2 Project","Singareni Collieries Company Limited [SCCL]","Telangana",08/2017,09/2017,03/2025,03/2026,442.42,442.42,205.79,63,"Coal"
133,400173,"MOHANPUR EXPANSION OC -PHASE II","Eastern Coal Fields Limited [ECL]","West Bengal",11/2020,11/2020,03/2026,-,888.99,888.99,108.25,30,"Coal"
134,400180,"BONJEMEHARI EXPANSION OCP","Eastern Coal Fields Limited [ECL]","West Bengal",08/2021,08/2021,03/2026,03/2026,570.11,570.11,81.9,16,"Coal"
135,400181,"NAKRAKONDA KUMARDIH- B OCP","Eastern Coal Fields Limited [ECL]","West Bengal",08/2018,08/2018,03/2029,-,502.68,502.67,67.68,26,"Coal"
136,400182,"SIDULI [OC & UG]","ECL - CIL","West Bengal",05/2018,05/2018,03/2027,-,535.18,535.17,5.27,14,"Coal"
137,400186,"TILABONI UG","Eastern Coal Fields Limited [ECL]","West Bengal",01/2023,03/2023,03/2029,03/2029,749.08,749.08,52.18,10,"Coal"
138,400312,"JHANJRA EXPANSION UG","Eastern Coal Fields Limited [ECL]","West Bengal",04/2020,04/2020,03/2029,-,1210.12,1210.12,534.84,44,"Coal"
139,400315,"SONEPUR BAZARI EXPANSION OCP [12 MTY]","Eastern Coal Fields Limited [ECL]","West Bengal",07/2021,07/2021,03/2029,-,5365.88,5365.88,570.02,17,"Coal"
140,611016,"2.0 MTPA BHOJUDIH NLW WASHERY","Ministry of Coal","West Bengal",12/2015,03/2019,09/2020,11/2025,384.57,384.57,354.75,97,"Coal"
141,612816,"ITAPARA OCP","Eastern Coal Fields Limited [ECL]","West Bengal",12/2023,12/2023,03/2030,-,929.1,929.1,68.14,7,"Coal"
142,613793,"SHYAMSUNDARPUR UG INCLUDING SA","Eastern Coal Fields Limited [ECL]","West Bengal",04/2020,04/2020,03/2026,-,483.65,483.65,59.03,12,"Coal"
143,613794,"PARASEA-BELBAID UG PROJECT","Eastern Coal Fields Limited [ECL]","West Bengal",01/2023,01/2023,03/2028,-,389.1,389.1,131.42,17,"Coal"
144,616230,"PARASCOLE JAMBAD OCP","Eastern Coal Fields Limited [ECL]","West Bengal",11/2024,11/2024,03/2037,-,1193.55,1193.55,9.52,0,"Coal"
145,617299,"50 MW Wind Power Project","NLC India Limited [NLCIL]","Gujarat",07/2022,01/2024,06/2025,01/2026,383.84,383.84,303.5,41,"Electricity Generation"
146,400231,"NLC Talabira Thermal Power Project","NLC India Limited [NLCIL]","Odisha",01/2017,01/2024,03/2030,-,27212.96,27213,2517.13,1,"Electricity Generation"
147,612819,"300 MW SPP part of 510 MW CPSU scheme","NLC India Limited [NLCIL]","Rajasthan",07/2022,03/2023,09/2024,12/2025,1813,1813,1038.13,79,"Electricity Generation"
148,615327,"50 MW Solar PP Minedout Area","NLC India Limited [NLCIL]","Tamil Nadu",08/2023,02/2024,03/2025,12/2025,218.03,218.03,161.73,64,"Electricity Generation"
149,400259,"Ghatampur Thermal Power Plant 3 X 660 MW","NLC India Limited [NLCIL]","Uttar Pradesh",07/2015,02/2016,11/2020,12/2025,17237.8,21780.9,20510.47,92,"Electricity Generation"
150,400203,"Dharamjaigarh-Korba","Railway","Chhattisgarh",05/2018,03/2017,12/2026,08/2026,1686.22,1686.22,350.21,41,"Railways"
151,400416,"Shivpur-Kathautia New Rail [BG] Line [49 km] [Package II of Tori-Shivpur-Kathautia line]","Ministry of Coal","Jharkhand",02/2018,05/2022,06/2025,06/2026,1799.64,2564.34,1462.35,61,"Railways"
152,400192,"Tubed Coal Mine","Damodar Valley Corporation","Jharkhand",07/2016,10/2016,05/2026,05/2026,1581,1581,597.5,35,"Coal"
153,603293,"Badam Coal Mining project of NTPC","National Thermal Power Corporation [NTPC]","Jharkhand",02/2019,09/2019,12/2056,04/2027,502,784,313.88,59,"Coal"
154,602182,"Dibang Multipurpose Project","National Hydroelectric Power Corporation Limited [NHPC]","Arunachal Pradesh",02/2023,02/2023,02/2032,02/2032,31876.39,31876.4,3639.39,16,"Electricity Generation"
155,611698,"240MW Heo HE Project","North Eastern Electric Power Corporation Limited","Arunachal Pradesh",12/2024,05/2025,07/2029,-,1938.85,1938.85,49.69,3,"Electricity Generation"
156,611699,"186 MW Tato-I H E Project","North Eastern Electric Power Corporation Limited","Arunachal Pradesh",12/2024,05/2025,07/2029,-,1750.07,1750.07,116.08,2,"Electricity Generation"
157,602579,"Buxar Thermal Power Project [1320 MW]","Satluj Jal Vidyut Nigam [SJVN] Thermal Limited","Bihar",03/2019,06/2019,01/2024,12/2025,10439.09,13756.6,12426.32,92,"Electricity Generation"
158,611930,"Lara Super Thermal Power Project Stage-II [2 x 800 MW]","National Thermal Power Corporation [NTPC]","Chhattisgarh",08/2023,08/2023,06/2028,-,15530,15530,2812,15,"Electricity Generation"
159,617188,"Sipat Super Thermal Power Project, Stage-III [1x800 MW]","National Thermal Power Corporation [NTPC]","Chhattisgarh",09/2024,09/2024,09/2029,-,9791,9791,865.06,8,"Electricity Generation"
160,709747,"Bagodara Solar Power Project","Satluj Jal Vidyut Nigam [SJVN] Thermal Limited","Gujarat",03/2021,05/2021,12/2025,12/2025,339.35,339.35,317.59,51,"Electricity Generation"
161,602582,"Dhaulasidh Hydro Electric Project [66 MW]","Satluj Jal Vidyut Nigam [SJVN] Thermal Limited","Himachal Pradesh",10/2020,05/2021,11/2025,03/2027,687.97,1511.87,949.59,68,"Electricity Generation"
162,602593,"Luhri Stage-I Hydro Electric Project [210 MW]","Satluj Jal Vidyut Nigam [SJVN] Thermal Limited","Himachal Pradesh",11/2020,11/2020,01/2026,10/2029,1810.56,3584.53,1781.54,51,"Electricity Generation"
163,602633,"382 MW Sunni Dam HEP","Satluj Jal Vidyut Nigam [SJVN] Thermal Limited","Himachal Pradesh",NA,04/2018,03/2027,-,2615,2615,495.57,0.5,"Electricity Generation"
164,611586,"Sunni Dam Hydro Electric Project [382 MW]","Satluj Jal Vidyut Nigam [SJVN] Thermal Limited","Himachal Pradesh",01/2023,01/2023,04/2028,12/2029,2614.51,4540.71,970.01,30,"Electricity Generation"
165,602525,"Pakal Dul [Drangdhuran] Hydroelectric Project, 1000 MW","National Hydroelectric Power Corporation Limited [NHPC]","Jammu and Kashmir",10/2014,02/2018,04/2020,12/2026,8112.12,12728,7457.57,73,"Electricity Generation"
166,602532,"Kiru HE Project","National Hydroelectric Power Corporation Limited [NHPC]","Jammu and Kashmir",03/2019,02/2020,09/2023,12/2026,4287.59,5409,3035.03,70,"Electricity Generation"
167,602535,"Ratle HE Project - 850 MW, Ratle Hydroelectric Power Corporation Limited.","National Hydroelectric Power Corporation Limited [NHPC]","Jammu and Kashmir",02/2021,01/2022,02/2026,08/2029,5281.94,5281.94,1029.67,24,"Electricity Generation"
168,605155,"Kwar HE Project","National Hydroelectric Power Corporation Limited [NHPC]","Jammu and Kashmir",05/2022,11/2022,11/2026,03/2028,4526.12,4526.12,1156.37,24,"Electricity Generation"
169,400261,"Patratu Thermal Power Station Expansion Project Phase-I [3x800 MW]","National Thermal Power Corporation [NTPC]","Jharkhand",07/2017,11/2017,03/2023,11/2026,17112,20302,17860,85,"Electricity Generation"
170,611509,"Koderma Thermal Power Station Phase II [2X800 MW] At Koderma, Jharkhand","Damodar Valley Corporation","Jharkhand",04/2023,11/2024,03/2029,-,14358,14358,1255.79,3,"Electricity Generation"
171,602096,"Subansiri Lower HE Project [2000 MW]","National Hydroelectric Power Corporation Limited [NHPC]","Multi-States (Arunachal Pradesh, Assam)",09/2003,01/2005,09/2010,05/2026,6285.33,26075.5,25058.77,96,"Electricity Generation"
172,602961,"Talcher Thermal Power Station Stage III [2 x 660 MW] Expansion","National Thermal Power Corporation [NTPC]","Odisha",08/2022,09/2022,05/2027,03/2028,11843.75,12543,4574.68,34,"Electricity Generation"
173,709748,"BIKANER SOLAR POWER PROJECT","Satluj Jal Vidyut Nigam [SJVN] Thermal Limited","Rajasthan",10/2021,05/2022,04/2024,12/2025,5491.89,5491.89,5009.15,86,"Electricity Generation"
174,602181,"TEESTA-VI HE PROJECT, SIKKIM [500 MW], executed by LANCO TEESTA HYDRO POWER LIMITED [A wholly owned Subsidiary of NHPC LTD. acquired through NCLT]","National Hydroelectric Power Corporation Limited [NHPC]","Sikkim",03/2019,03/2020,03/2024,12/2027,5748.04,5748.04,4656.92,69,"Electricity Generation"
175,605156,"Rangit-IV HE Project [120 MW] executed by Jal Power Corporation Ltd. [JPCL] -A wholly owned subsidiary of NHPC Ltd. acquired through NCLT","National Hydroelectric Power Corporation Limited [NHPC]","Sikkim",03/2021,08/2021,05/2024,12/2025,938.29,1828.11,1445.5,93,"Electricity Generation"
176,602194,"Khurja super Thermal Power Plant [2X660 MW]","THDC India Limited","Uttar Pradesh",03/2019,08/2019,02/2024,09/2025,11089.42,13276.2,12888.23,100,"Electricity Generation"
177,612142,"Singrauli Super Thermal Power Project, Stage-III [2x800 MW]","National Thermal Power Corporation [NTPC]","Uttar Pradesh",03/2024,03/2024,02/2030,-,17195,17195,1916,10,"Electricity Generation"
178,602185,"Tapovan-Vishnugad HEP [4x130 MW]","National Thermal Power Corporation [NTPC]","Uttarakhand",11/2006,11/2006,03/2013,04/2029,2978,10907.3,7260.25,77,"Electricity Generation"
179,602193,"Tehri Pumped Storage Plant Project [4x250 MW]","THDC India Limited","Uttarakhand",07/2006,06/2011,06/2022,11/2025,4825.6,8339,8121.61,98,"Electricity Generation"
180,602195,"Vishnugad Pipalkoti Hydro Electric Project [444 MW]","THDC India Limited","Uttarakhand",08/2008,01/2014,12/2022,03/2027,3860.35,6823.72,5186.68,72,"Electricity Generation"
181,400062,"Raghunathpur Thermal Power Station Phase II [2X660 MW] at Raghunathpur, Purulia, West Bengal","Damodar Valley Corporation","West Bengal",01/2023,02/2025,06/2029,-,17673,17673,1372.17,2,"Electricity Generation"
182,602184,"Rammam-III HEPP [3x40 MW]","National Thermal Power Corporation [NTPC]","West Bengal",10/2014,09/2014,09/2019,03/2029,1381.84,1381.84,1303.42,47,"Electricity Generation"
183,602538,"Installation of FGD for 4x210 & 2x250 MW MTPS U 1-6","Damodar Valley Corporation","West Bengal",06/2019,02/2021,01/2024,12/2025,1037,1106,1098.16,92,"Electricity Generation"
184,611967,"Transmission Scheme for Solar Energy Zone in Ananthpuram 2500MW and Kurnool 1000MW","Power Grid Corporation of India Limited [POWERGRID]","Andhra Pradesh",09/2023,09/2023,09/2025,03/2026,1248.69,1248.69,924.03,84,"Transmission & Distribution"
185,612856,"Augmentation of 1x1500 MVA 3rd 765/400 kV transformation capacity at Kurnool New Substation","Power Grid Corporation of India Limited [POWERGRID]","Andhra Pradesh",05/2023,12/2023,09/2025,01/2026,163.61,163.61,71.98,56,"Transmission & Distribution"
186,617183,"Transmission system strengthening at Kurnool- III PS for integration of additional RE generation projects [POWERGRID Kurnool III PS RE Transmission Limited]","Power Grid Corporation of India Limited [POWERGRID]","Andhra Pradesh",03/2025,03/2025,12/2027,-,2886,2886,129.86,0,"Transmission & Distribution"
187,617375,"North Eastern Region Expansion Scheme-XXIII [NERES-XXIII]","Power Grid Corporation of India Limited [POWERGRID]","Arunachal Pradesh",08/2025,08/2025,02/2028,-,209.38,209.38,0.02,0,"Transmission & Distribution"
188,611737,"Western Region Expansion Scheme-XXV","Power Grid Corporation of India Limited [POWERGRID]","Chhattisgarh",02/2023,02/2023,11/2023,12/2025,385.84,385.84,378.74,97,"Transmission & Distribution"
189,608301,"Transmission system strengthening scheme for evacuation of power from solar energy zones in Rajasthan 8.1 GW under Phase II- Part- G1","Power Grid Corporation of India Limited [POWERGRID]","Delhi",02/2022,02/2022,09/2023,11/2025,359.47,359.47,336.11,94,"Transmission & Distribution"
190,611656,"Transmission scheme for evacuation of 4.5GW RE injection at Khavda PS under Phase II- Part B","Power Grid Corporation of India Limited [POWERGRID]","Gujarat",03/2023,03/2023,03/2025,10/2025,1167.55,1167,1105.5,94,"Transmission & Distribution"
191,611657,"Transmission scheme for evacuation of 4.5GW RE injection at Khavda PS under Phase II- Part C","Power Grid Corporation of India Limited [POWERGRID]","Gujarat",03/2023,03/2023,03/2025,11/2025,2820.99,2820.99,2639.03,90,"Transmission & Distribution"
192,611660,"Establishment of Khavda Pooling Station-2 KPS2 in Khavda RE Park KPS2 TRANSMISSION SYSTEM LIMITED","Power Grid Corporation of India Limited [POWERGRID]","Gujarat",03/2023,03/2023,12/2024,10/2025,966.79,966.79,911.97,96,"Transmission & Distribution"
193,612139,"Transmission system for Evacuation of Additional 7 GW RE power from Khavda RE park under Phase-III Part B [Vataman Transmission Limited]","Power Grid Corporation of India Limited [POWERGRID]","Gujarat",12/2023,12/2023,12/2025,12/2026,3751.82,3751.82,1688.32,25,"Transmission & Distribution"
194,612151,"Transmission System for Evacuation of Power from potential Renewable Energy zone in Khavda Area of Gujarat under Phase IV [7 GW] Part E3","Power Grid Corporation of India Limited [POWERGRID]","Gujarat",07/2023,07/2023,07/2025,12/2025,334,334,93.52,33,"Transmission & Distribution"
195,612855,"Transmission System for Evacuation of Power from Potential Energy Renewable Zone in Khavda Area of Gujarat under Ph-IV [7GW] Part E2","Power Grid Corporation of India Limited [POWERGRID]","Gujarat",05/2024,05/2024,05/2026,06/2026,679,679,101.85,24,"Transmission & Distribution"
196,615342,"Augmentation of Transformation Capacity at jam Khambhaliya PS [GIS] [SPV Name POWERGRID Jam Khambhaliya Transmission Limited]","Power Grid Corporation of India Limited [POWERGRID]","Gujarat",10/2024,10/2024,07/2026,-,329,329,10.17,2,"Transmission & Distribution"
197,615343,"Provision of Dynamic Reactive Compensation at Khavda pooling Station 1 [KPS1] and Khavda Pooling station 3 [KPS3]","Power Grid Corporation of India Limited [POWERGRID]","Gujarat",11/2024,11/2024,11/2026,-,501,501,6.11,1,"Transmission & Distribution"
198,615345,"Transmission System for Evacuation of Power from Potential Renewable Energy Zone in Khavda area of Gujarat under Phase-IV [7GW] Part B [SPV Name POWERGRID South Olpad Transmission Limited]","Power Grid Corporation of India Limited [POWERGRID]","Gujarat",10/2024,10/2024,10/2026,03/2027,4766,4766,667.24,8,"Transmission & Distribution"
199,617069,"Augmentation of Transformation Capacity at KPS1 [GIS] and KPS2 [GIS] [Phase-V Part B1 and Part B2 Scheme] [SPV Name- POWERGRID KPS1 and 2 Augmentation Transmission Limited]","Power Grid Corporation of India Limited [POWERGRID]","Gujarat",02/2025,02/2025,02/2027,-,466,466,23.3,1,"Transmission & Distribution"
200,617182,"Augmentation of Banaskantha [Raghanesda] PS [GIS] [POWERGRID Banaskantha Transco Limited]","Power Grid Corporation of India Limited [POWERGRID]","Gujarat",03/2025,03/2025,03/2027,-,172,172,7.37,3,"Transmission & Distribution"
201,617391,"Augmentation of Transformation Capacity at Bhuj-II PS [GIS]","Power Grid Corporation of India Limited [POWERGRID]","Gujarat",02/2025,02/2025,11/2026,03/2027,488.29,488.29,0.11,0,"Transmission & Distribution"
202,617405,"Jamnagar Transmission Limited","Adani Transmission Limited","Gujarat",NA,10/2024,10/2026,-,4000,4000,0,0,"Transmission & Distribution"
203,617272,"Implementation of LILO of both circuits of 400KV vindhyachal PS-Sasan D/C Line at Hindalco Switchyard","Power Grid Corporation of India Limited [POWERGRID]","Haryana",06/2024,06/2024,12/2026,-,370,370,5.55,1,"Transmission & Distribution"
204,608302,"Transmission system for evacuation of Power from Pakaldul HEP in Chenab Valley HEPs - LTA System","Power Grid Corporation of India Limited [POWERGRID]","Jammu and Kashmir",02/2022,02/2022,04/2025,09/2025,318.12,318.12,308.58,99,"Transmission & Distribution"
205,617179,"Transmission Scheme for evacuation of Power from Ratle HEP [850 MW] & kiru [624 MW] Part B","Power Grid Corporation of India Limited [POWERGRID]","Jammu and Kashmir",07/2024,07/2024,07/2026,03/2027,218.6,218.6,1.01,0,"Transmission & Distribution"
206,617326,"Implementation of Transmission Systems in the State of Jharkhand consisting of 400/220/132/33 kV transmission lines and substations under Jharkhand Consultancy Project","Power Grid Corporation of India Limited [POWERGRID]","Jharkhand",02/2012,02/2012,03/2026,-,1842.25,1842.25,1643,95,"Transmission & Distribution"
207,612140,"Transmission Scheme for Integration of Renewable Energy Zone [Phase II] in Koppal II [Phase A&B] and gadag II[Phase A] in Karnataka [POWERGRID KOPPAL GADAG TRANSMISSION LIMITED]","Power Grid Corporation of India Limited [POWERGRID]","Karnataka",12/2023,12/2023,12/2025,03/2026,2889.39,2889.39,1462.89,50,"Transmission & Distribution"
208,616672,"System Strengthening at Koppal-II and GadagII for integration of RE generation projects [SPV Name POWERGRID Koppal Gadag Augmentation Transmission Limited]","Power Grid Corporation of India Limited [POWERGRID]","Karnataka",01/2025,01/2025,06/2027,-,1354,1354,18.14,0,"Transmission & Distribution"
209,617068,"Augmentation of Transformation Capacity by 3x500 MVA, 400/220 KV ICTS [6th-8th] and 1x1500 MVA, 765/400 KV ICT [4th] at Bidar PS  [SPV Name- POWERGRID Bidar Augmentation Transmission Limited]","Power Grid Corporation of India Limited [POWERGRID]","Karnataka",02/2025,02/2025,06/2027,-,288,288,6.89,0,"Transmission & Distribution"
210,617184,"Transmission Scheme for integration of Davanagere/ Chitradurga and Bellary REZ in Karnataka  [POWERGRID Chitradurga Bellary REZ Transmission Limited]","Power Grid Corporation of India Limited [POWERGRID]","Karnataka",03/2025,03/2025,09/2027,-,3453,3453,47.99,0,"Transmission & Distribution"
211,615344,"Transmission System for Evacuation of Power from Rajasthan REZ Ph-IV [Part-2 5.5GW] [Jaisalmer/Barmer Complex] Part H1 [POWERGRID KURAWAR TRANSMISSION LIMITED]","Power Grid Corporation of India Limited [POWERGRID]","Madhya Pradesh",10/2024,10/2024,10/2026,03/2027,3674,3674,551.1,14,"Transmission & Distribution"
212,615346,"Transmission System for Evacuation of Power from Rajasthan REZ Ph-IV [Part-2 5.5 GW] [Jaisalmer/Barmer Complex] Part C [SPV Name POWERGRID Mandsaur Transmission Limited]","Power Grid Corporation of India Limited [POWERGRID]","Madhya Pradesh",08/2024,08/2024,08/2026,12/2026,2708,2708,920.72,37,"Transmission & Distribution"
213,617279,"Transmission System for evacuation of power from Mahan Energen Limited Generating Station in Madhya Pradesh [SPV Name - POWERGRID MEL Power Transmission Limited]","Power Grid Corporation of India Limited [POWERGRID]","Madhya Pradesh",06/2025,06/2025,12/2027,-,558,558,27.9,0,"Transmission & Distribution"
214,611966,"Transmission System for Evacuation of power from Potential RE Zone in Khavda Area of Gujarat under phase IV 7GW-Part E4","Power Grid Corporation of India Limited [POWERGRID]","Maharashtra",11/2023,11/2023,07/2025,12/2025,224.41,224.41,25.8,12,"Transmission & Distribution"
215,617185,"Transmission System for Integration of Kurnool-IV REZ  Phase-I [for 4.5 GW] [POWERGRID Kurnool-IV Transmission Limited]","Power Grid Corporation of India Limited [POWERGRID]","Multi-States (Andhra Pradesh, Karnataka)",03/2025,03/2025,03/2027,-,5550,5550,319.68,0,"Transmission & Distribution"
216,900808,"Transmission System for Kurnool Wind Energy Zone/ Solar Energy Zone Part-A and Part-B","Power Grid Corporation of India Limited [POWERGRID]","Multi-States (Andhra Pradesh, Telangana)",11/2022,03/2023,11/2024,12/2025,3546.94,3546.94,3263.18,96,"Transmission & Distribution"
217,602223,"Comprehensive Scheme for Strengthening of Transmission and Distribution [T&D] Systems [CSST&DS] in Arunachal Pradesh and Sikkim","Power Grid Corporation of India Limited [POWERGRID]","Multi-States (Arunachal Pradesh, Sikkim)",10/2014,10/2014,12/2018,03/2027,4754.42,9129.32,7598.33,82,"Transmission & Distribution"
218,607709,"NORTH EASTERN REGION POWER SYSTEM IMPROVEMENT PROJECT [NERPSIP]","Power Grid Corporation of India Limited [POWERGRID]","Multi-States (Assam, Manipur, Meghalaya, Mizoram, Nagaland, Tripura)",12/2014,03/2016,12/2018,12/2025,5111.33,6700,5295.68,96,"Transmission & Distribution"
219,617271,"Eastern Region Expansion Scheme-43 [ERES-43]","Power Grid Corporation of India Limited [POWERGRID]","Multi-States (Bihar, Odisha, West Bengal)",09/2024,09/2024,03/2026,06/2026,342.69,342.69,0.7,0,"Transmission & Distribution"
220,617270,"Eastern Region Expansion Scheme-44 [ERES-44]","Power Grid Corporation of India Limited [POWERGRID]","Multi-States (Bihar, West Bengal)",11/2024,11/2024,05/2026,03/2027,408.94,408.94,0.31,0,"Transmission & Distribution"
221,400005,"Transmission Network Expansion in Gujarat to increase its ATC from ISTS Part B","Power Grid Corporation of India Limited [POWERGRID]","Multi-States (Dadra & Nagar Haveli and Daman & Diu, Gujarat, Maharashtra)",01/2022,07/2022,06/2023,12/2025,4546.26,4546.26,4210.29,93,"Transmission & Distribution"
222,608922,"Transmission System Strengthening Scheme for evacuation of power from SEZ in Rajasthan 8.1 GW under Phase II Part G","Power Grid Corporation of India Limited [POWERGRID]","Multi-States (Delhi, Haryana, Rajasthan)",05/2022,05/2022,11/2023,11/2025,1666,2218,2129.28,95,"Transmission & Distribution"
223,611735,"Transmission system for evacuation of power from REZ in Rajasthan 20GW under Phase-III Part J","Power Grid Corporation of India Limited [POWERGRID]","Multi-States (Delhi, Rajasthan)",12/2022,12/2022,03/2025,04/2026,331,331,129.09,30,"Transmission & Distribution"
224,612132,"Transmission Scheme for Evacuation of power from REZ in Rajasthan [20 GW] under Phase-III Part D [Sikar Khetri Transmission Ltd]","Power Grid Corporation of India Limited [POWERGRID]","Multi-States (Delhi, Rajasthan)",02/2024,02/2024,08/2025,05/2026,2000,2000,1420,65,"Transmission & Distribution"
225,615347,"TRANSMISSION SYSTEM FOR EVACUATION OF POWER FROM POTENTIAL RENEWABLE ENERGY ZONE IN KHAVDA AREA OF GUJARAT UNDER PHASE-V [8 GW] PART A  [SPV Name POWERGRID West Central Transmission Limited]","Power Grid Corporation of India Limited [POWERGRID]","Multi-States (Gujarat, Maharashtra)",11/2024,11/2024,05/2029,-,24819,24819,1856.46,1,"Transmission & Distribution"
226,615339,"Transmission system for evacuation of power from Rajasthan REZ Ph-IV [Part-3/6GW] [Bikaner complex] Part A [SPV Name POWERGRID Bikaner IV Transmission Limited]","Power Grid Corporation of India Limited [POWERGRID]","Multi-States (Haryana, Punjab, Rajasthan)",11/2024,11/2024,11/2026,03/2027,5969,5969,344.41,8,"Transmission & Distribution"
227,615340,"TRANSMISSION SYSTEM FOR EVACUATION OF POWER FROM RAJASTHAN REZ PH-IV [PART-3/ 6 GW] [BIKANER COMPLEX] PART B [SPV Name POWERGRID Siwani Transmission Limited]","Power Grid Corporation of India Limited [POWERGRID]","Multi-States (Haryana, Rajasthan)",11/2024,11/2024,11/2026,03/2027,5357,5357,348.2,11,"Transmission & Distribution"
228,606781,"Transmission System for Strengthening of Srinagar-Leh Tr. System","Power Grid Corporation of India Limited [POWERGRID]","Multi-States (Jammu and Kashmir, Ladakh)",03/2022,03/2022,12/2024,10/2025,288.71,288.71,242.52,91,"Transmission & Distribution"
229,612138,"Transmission Scheme for Solar Energy Zone in Bidar [2500 MW], Karnataka [Bidar Transmission Ltd]","Power Grid Corporation of India Limited [POWERGRID]","Multi-States (Karnataka, Telangana)",02/2024,02/2024,02/2026,06/2026,2147.62,2147.62,1310.04,64,"Transmission & Distribution"
230,615333,"Transmission System for Evacuation of Power from Rajasthan REZ Ph-IV [Part-2 5.5 GW] [Jaisalmer/Barmer Complex] Part D [SPV Name POWERGRID Beawar Mandsaur Transmission Limited]","Power Grid Corporation of India Limited [POWERGRID]","Multi-States (Madhya Pradesh, Rajasthan)",08/2024,08/2024,08/2026,-,2227,2227,779.45,21,"Transmission & Distribution"
231,615334,"Transmission System for Evacuation of Power from Rajasthan REZ Ph-IV [Part-2 5.5 GW] [Jaisalmer/Barmer Complex] Part E [SPV Name POWERGRID Mewar Transmission Limited]","Power Grid Corporation of India Limited [POWERGRID]","Multi-States (Madhya Pradesh, Rajasthan)",08/2024,08/2024,08/2026,03/2027,3251,3251,910.28,20,"Transmission & Distribution"
232,617186,"Rajasthan REZ Ph-V [Part-1- 4 GW] [Sirohi/Nagaur] Complex [Rajasthan V Power Transmission Limited]","Power Grid Corporation of India Limited [POWERGRID]","Multi-States (Madhya Pradesh, Rajasthan)",03/2025,03/2025,03/2027,-,5028,5028,256.93,1,"Transmission & Distribution"
233,612133,"Transmission System for Evacuation of power from Rajasthan REZ Ph-IV [Part-1] [Bikaner Complex] Part D [Neemrana Bareilly Transmission Ltd]","Power Grid Corporation of India Limited [POWERGRID]","Multi-States (Rajasthan, Uttar Pradesh)",12/2023,12/2023,12/2025,06/2026,2056,2056,1583.12,60,"Transmission & Distribution"
234,616670,"Transmission System for evacuation of Power from Rajasthan REZ Ph-IV [Part-4 3.5 GW] Part A  [SPV name POWERGRID Ghiror Transmission Limited]","Power Grid Corporation of India Limited [POWERGRID]","Multi-States (Rajasthan, Uttar Pradesh)",12/2024,12/2024,12/2026,03/2027,5846,5846,391.68,6,"Transmission & Distribution"
235,611659,"Transmission system strengthening scheme for evacuation of power from solar energy zones in Rajasthan[8.1 GW] under phase-II- Part E","Power Grid Corporation of India Limited [POWERGRID]","Rajasthan",03/2023,03/2023,09/2024,10/2025,1433.28,1433,1390.01,97,"Transmission & Distribution"
236,611947,"Transmission System for Evacuation of Power from REZ in Rajasthan 20GW under Phase III- Part E2","Power Grid Corporation of India Limited [POWERGRID]","Rajasthan",11/2023,11/2023,06/2025,12/2025,428.3,428.3,205.58,54,"Transmission & Distribution"
237,611948,"Transmission system for evacuation of power from REZ in Rajasthan 20 GW under Phase-III part H","Power Grid Corporation of India Limited [POWERGRID]","Rajasthan",10/2023,10/2023,04/2025,12/2025,2211.29,2211.29,1879.59,84,"Transmission & Distribution"
238,611949,"Transmission system for evacuation of power from REZ in Rajasthan 20 GW under Phase-III part C1","Power Grid Corporation of India Limited [POWERGRID]","Rajasthan",10/2023,10/2023,04/2025,03/2026,1796.02,1796.02,1347.01,85,"Transmission & Distribution"
239,611950,"Transmission system for evacuation of power from REZ in Rajasthan 20 GW under Phase-III part B1","Power Grid Corporation of India Limited [POWERGRID]","Rajasthan",09/2023,09/2023,04/2025,12/2025,2190.54,2190.54,1905.77,89,"Transmission & Distribution"
240,611951,"Transmission system for evacuation of power from REZ in Rajasthan 20GW under Phase-III Part E1","Power Grid Corporation of India Limited [POWERGRID]","Rajasthan",12/2021,08/2023,02/2025,09/2025,688.74,688.74,633.42,97,"Transmission & Distribution"
241,612134,"Transmission System for Evacuation of power from Rajasthan REZ Ph-IV [Part-1] [Bikaner Complex] Part A [Bikaner Neemrana  Transmission Ltd]","Power Grid Corporation of India Limited [POWERGRID]","Rajasthan",12/2023,12/2023,12/2025,06/2026,2998.34,2998.34,1978.9,54,"Transmission & Distribution"
242,615332,"Transmission System for Evacuation of Power from Rajasthan REZ Ph-IV [Part-2 5.5 GW][Jaisalmer/Barmer Complex] Part B [SPV Name  POWERGRID Sirohi Transmission Limited]","Power Grid Corporation of India Limited [POWERGRID]","Rajasthan",08/2024,08/2024,08/2026,12/2026,3279,3279,819.75,23,"Transmission & Distribution"
243,615335,"Transmission System Strengthening for Interconnections of  Bhadla-III & Bikaner III Complex [SPV Name POWERGRID BHADLA BIKANER TRANSMISSION LIMITED]","Power Grid Corporation of India Limited [POWERGRID]","Rajasthan",08/2024,08/2024,08/2026,12/2026,1382,1382,113.46,7,"Transmission & Distribution"
244,615337,"Additional Transmission System for evacuation of Power from Bhadla-III PS as part of Rajasthan REZ Phase III Scheme [20 GW] [SPV Name POWERGRID Bhadla-III Power Transmission Limited]","Power Grid Corporation of India Limited [POWERGRID]","Rajasthan",08/2024,08/2024,02/2026,03/2026,369,369,92.26,19,"Transmission & Distribution"
245,615338,"TRANSMISSION SYSTEM FOR EVACUATION OF POWER FROM RAJASTHAN REZ PH -IV [PART-2 5.5 GW] [JAISALMER/BARMER COMPLEX] PART F [SPV Name POWERGRID BARMER I TRANSMISSION LIMITED]","Power Grid Corporation of India Limited [POWERGRID]","Rajasthan",11/2024,11/2024,11/2026,06/2027,2735,2735,156.44,10,"Transmission & Distribution"
246,617181,"Augmentation at Fatehgarh-II PS, Fatehgarh-IV PS [Section-II] and Barmer-I PS [POWERGRID Fatehgarh Barmer Augmentation Transmission Limited]","Power Grid Corporation of India Limited [POWERGRID]","Rajasthan",03/2025,03/2025,12/2026,03/2027,404,404,16.04,0,"Transmission & Distribution"
247,616671,"Transmission System under ISTS for evacuation of Power from Kudankulam Unit-3&4 [2x1000 MW]  [SPV Name POWERGRID Kudankulam Tarnsmission Limited]","Power Grid Corporation of India Limited [POWERGRID]","Tamil Nadu",01/2025,01/2025,12/2026,12/2026,548,548,23.72,7,"Transmission & Distribution"
248,617269,"Transmission System for Strengthening to facilitate evacuation of power from Bhadla/Bikaner Complex","Power Grid Corporation of India Limited [POWERGRID]","Uttar Pradesh",12/2024,12/2024,06/2026,08/2026,212.81,212.81,0.3,0,"Transmission & Distribution"
249,617282,"C/o 184 MS Flats for Hon'ble MPs at BKS Marg, New Delhi","Central Public Works Department [CPWD]","Delhi",01/2022,05/2022,05/2025,09/2025,646.53,646.52,540.04,100,"Urban Development"
250,617412,"Construction of One Tower of Office Complex  and another Tower of Residential quarters  consisting of 10Nos. Type-V, 10Nos. Type-VI & 1No.Type-VII Quarters i/c internal water supply, sanitary installation and all development and bulk services, Horticulture works on EPC Mode-I basis i/c comprehensive operation  and maintenance of Civil, E&M services for 7 years after completion of original construction work for Ranga Reddy, Secunderabad, Medchal, AuditI, Audit-II Commissionerates of Central Tax at Khajaguda, Serilingampally, Hyderabad.","Central Public Works Department - CPWD","Telangana",03/2024,11/2024,09/2027,-,644,644,87.6,6,"Urban Development"
251,702668,"Chennai Metro Rail Phase-II Development Project","Chennai Metro Rail Limited [CMRL]","Tamil Nadu",10/2024,11/2020,08/2029,-,63246,63246,27456.44,46,"Urban Transport"
252,707229,"Integrated Command control Center [ICCC] - Construction and Development of Integrated Command Control Center with Security, Surveillance, ITMS, Connecting Port, Ship Service, Smart Solid Waste Management, Smart Public Transport System","ministry of housing and urban affairs","Andaman & Nicobar",07/2021,11/2021,05/2023,-,209.88,209.88,0,70,"Urban Development"
253,400188,"Redevelopment of Seven General Pool Residential Accommodation [GPRA] Colonies in Delhi","National Buildings Construction Corporation [NBCC]","Delhi",07/2016,05/2018,12/2025,12/2025,32850,32850,0,0,"Urban Development"
254,701719,"Rehablitation in Junavadaj Area Smart City Project","ministry of housing and urban affairs","Gujarat",NA,06/2016,07/2022,-,539,539,39.63,50,"Urban Development"
255,701766,"Green Building Development Project","ministry of housing and urban affairs","Uttarakhand",NA,08/2019,11/2023,-,150.97,150.97,18.95,31,"Urban Development"
256,702627,"Patna Metro Rail Project","Patna Metro Rail Corporation Ltd. [PMRCL]","Bihar",02/2019,02/2019,02/2024,06/2027,13365.77,13365.8,4039.77,46,"Urban Transport"
257,617207,"Delhi Metro Rail Phase-IV [2 Corridors]","Delhi Metro Rail Corporation Limited [DMRC]","Delhi",03/2024,03/2024,03/2029,-,8399.81,8399.81,30.27,0,"Urban Transport"
258,702632,"DMRTS Phase - IV [3 Priority Corridors]","Delhi Metro Rail Corporation Limited [DMRC]","Delhi",NA,07/2019,03/2025,03/2026,24948.65,24948.7,17380.16,70,"Urban Transport"
259,702630,"Surat Metro Rail Project","Gujarat Metro Rail Corporation Limited [GMRCL]","Gujarat",03/2019,04/2019,03/2024,06/2026,12020.32,12020.3,7791.18,71,"Urban Transport"
260,702631,"Ahmedabad Metro Rail Project, Phase-II","Gujarat Metro Rail Corporation Limited [GMRCL]","Gujarat",03/2019,03/2019,03/2024,12/2025,5384.17,5384.17,4220.88,89,"Urban Transport"
261,702639,"Ahmedabad Metro Rail Project [Phase-I]","Gujarat Metro Rail Corporation Limited [GMRCL]","Gujarat",11/2014,02/2015,03/2018,10/2025,10773,12924.5,12201.13,99,"Urban Transport"
262,702635,"Construction of Bangalore Metro Rail Project Phase 2.","Bengaluru Metro Rail","Karnataka",02/2014,02/2016,03/2021,09/2026,26405.14,30695.1,29567.97,94,"Urban Transport"
263,702665,"Construction Bangalore Metro Rail Project Phase-2A & 2B","Bengaluru Metro Rail","Karnataka",06/2021,01/2019,06/2026,06/2026,14788.1,14788.1,8817.87,56,"Urban Transport"
264,702664,"Kochi Metro Rail Phase 2 Development Project","CSPCC Projects","Kerala",11/2022,11/2022,11/2026,11/2026,1957.05,1957.05,363.54,14,"Urban Transport"
265,702625,"Bhopal Metro Rail Project","Madhya Pradesh Metro Rail Co Limited [MPMRCL]","Madhya Pradesh",11/2018,11/2018,11/2022,06/2028,6941.4,6941.4,3598.51,45,"Urban Transport"
266,702626,"Indore Metro Rail Project","Madhya Pradesh Metro Rail Co Limited [MPMRCL]","Madhya Pradesh",11/2018,11/2018,11/2022,12/2028,7500.8,7500.8,4115.42,56,"Urban Transport"
267,617225,"PCMC To Nigdi- Extension Of North South Corridor Of Phase-1","Maharashtra Metro Rail Corporation Limited [MMRCL]","Maharashtra",10/2023,10/2023,01/2027,-,910.18,910.18,127.55,23,"Urban Transport"
268,617226,"Pune Metro Phase-1 Extension line towards south from Swargate to Katraj","Maharashtra Metro Rail Corporation Limited [MMRCL]","Maharashtra",09/2024,09/2024,03/2029,-,2954.53,2954.53,20.89,3,"Urban Transport"
269,617327,"Thane Integral Ring Metro Rail Project","Maharashtra Metro Rail Corporation Limited [MMRCL]","Maharashtra",09/2024,09/2024,09/2029,-,12200.1,12200.1,7.11,3,"Urban Transport"
270,701745,"New Suburba Station Development Project","ministry of housing and urban affairs","Maharashtra",NA,03/2019,07/2022,-,262.76,262.76,17.62,6,"Urban Development"
271,701991,"Kalyan Station Precinct Imporvement Project","ministry of housing and urban affairs","Maharashtra",NA,07/2020,07/2023,-,600,600,272.42,70,"Urban Development"
272,702637,"Mumbai Metro Line 3","Mumbai Metro Rail Corporation Limited [MMRC]","Maharashtra",07/2013,06/2016,03/2023,08/2025,23136,37276,31783.93,96,"Urban Transport"
273,702658,"Nagpur Metro Rail Phase II Development Project","Maharashtra Metro Rail Corporation Limited [MMRCL]","Maharashtra",12/2022,12/2022,12/2027,-,6708,6708,1147.88,27,"Urban Transport"
274,617206,"Delhi Metro Rail Phase-IV [Rithala - Kundli Corridor]","Delhi Metro Rail Corporation Limited [DMRC]","Multi-States (Delhi, Haryana)",01/2025,01/2025,01/2029,-,6230.99,6230.99,0.78,0,"Urban Transport"
275,702633,"Delhi-Ghaziabad-Meerut Regional Rapid Transit System [RRTS] corridor","National Capital Region Transport Corporation [NCRTC]","Multi-States (Delhi, Uttar Pradesh)",03/2019,03/2019,06/2025,10/2025,30274,30274,26612.45,95,"Urban Transport"
276,702628,"Kanpur Metro Rail Project","Uttar Pradesh metro rail corporation [UPMRC]","Uttar Pradesh",05/2019,11/2019,05/2024,03/2027,11076.48,11076.5,9085.11,74,"Urban Transport"
277,702629,"Agra Metro Rail Project","Uttar Pradesh metro rail corporation [UPMRC]","Uttar Pradesh",05/2019,12/2020,05/2024,06/2027,8379.62,8379.62,6060.21,63,"Urban Transport"
278,702674,"ESR - 8 nos., distribution system - 216 Km, new house service connections - 38760 nos. upgrading of feeder mains, pumping station etc. - Phase II","Ministry of Housing & Urban Affairs","Andhra Pradesh",NA,07/2018,03/2023,12/2025,172.22,172.22,710.62,82,"Urban Development"
279,702682,"Dibrugarh Water Supply Infrastructure Project","Ministry of Housing & Urban Affairs","Assam",NA,01/2020,03/2023,12/2025,186.8,186.8,1477.98,98,"Urban Development"
280,702699,"Muzaffarpur Storm Water Drainage Phase-I Project","Ministry of Housing & Urban Affairs","Bihar",NA,02/2019,10/2023,12/2025,158.78,158.78,509.5,83,"Urban Development"
281,702355,"Storm water drainag Development Project","ministry of housing and urban affairs","Dadra & Nagar Haveli and Daman & Diu",NA,12/2021,03/2024,-,210,210,0,20,"Urban Development"
282,707267,"Upgradation of Sewerage system in Gandhinagar City","ministry of housing and urban affairs","Gujarat",NA,03/2021,06/2023,-,200,200,100,10,"Urban Development"
283,702734,"Sewerage Management Scheme Part-3 Implementation","Ministry of Housing & Urban Affairs","Haryana",NA,11/2017,09/2023,03/2026,278.01,278.01,1776.64,88,"Urban Development"
284,702735,"Sewerage Management Scheme Part-3 Implementation","Ministry of Housing & Urban Affairs","Haryana",NA,10/2018,03/2023,12/2025,213.19,213.19,1250.06,91,"Urban Development"
285,702741,"Dhanbad Water Supply Infrastructure Project","Ministry of Housing & Urban Affairs","Jharkhand",NA,12/2018,03/2023,03/2026,216.55,216.55,825.64,72,"Urban Development"
286,702742,"SAAP-3 Water Supply Infrastructure SAAP-3 Project","Ministry of Housing & Urban Affairs","Jharkhand",NA,12/2018,10/2023,03/2026,159.31,159.31,700,65,"Urban Development"
287,702746,"Augmentation and Strenghthning of Urban Water Supply Phase 1 - SAAP 3","Ministry of Housing & Urban Affairs","Jharkhand",NA,12/2018,03/2023,03/2026,278.28,278.28,1410,78,"Urban Development"
288,702760,"Belgavi Improvement in Sewerage System Project","Ministry of Housing & Urban Affairs","Karnataka",NA,10/2016,07/2023,12/2025,162.73,162.73,642.21,80,"Urban Development"
289,702764,"24/7 water supply under AMRUT for Davanagere","Ministry of Housing & Urban Affairs","Karnataka",NA,01/2018,03/2023,12/2025,174.96,174.96,819.29,65,"Urban Development"
290,702793,"Indore Water Supply Infrastructure Project","Ministry of Housing & Urban Affairs","Madhya Pradesh",NA,11/2017,03/2023,12/2025,287.17,287.17,2018.5,99,"Urban Development"
291,702798,"Jabalpur Sewerage Management and Treatment Infrastructure Project","Ministry of Housing & Urban Affairs","Madhya Pradesh",NA,12/2017,03/2023,12/2025,362.31,362.31,2597.57,93,"Urban Development"
292,702808,"Satna Sewerage Management and Treatment Infrastructure Project","Ministry of Housing & Urban Affairs","Madhya Pradesh",NA,12/2016,03/2024,12/2025,191.56,191.56,1305.45,86,"Urban Development"
293,702810,"Singrauli Sewerage Management and Treatment Infrastructure Project","Ministry of Housing & Urban Affairs","Madhya Pradesh",NA,11/2017,03/2023,12/2025,402.01,402.01,2800.32,90,"Urban Development"
294,702833,"Kalyan-Dombivali Water Supply Infrastructure Project","Ministry of Housing & Urban Affairs","Maharashtra",NA,09/2019,10/2023,12/2025,194.2,194.2,919.08,70,"Urban Development"
295,702840,"Mira-Bhayandar Water Supply Infrastructure Project","Ministry of Housing & Urban Affairs","Maharashtra",NA,08/2018,03/2023,12/2025,204.55,204.55,1568.49,99,"Urban Development"
296,702842,"Nagpur Water Supply Infrastructure Project","Ministry of Housing & Urban Affairs","Maharashtra",NA,08/2018,03/2023,12/2025,273.78,273.78,2138.69,99,"Urban Development"
297,702851,"Pune Water Supply Infrastructure Project","Ministry of Housing & Urban Affairs","Maharashtra",NA,07/2017,03/2023,10/2025,235.95,235.95,1686.76,92,"Urban Development"
298,702854,"Solapur Sewerage Management Infrastructure Project","Ministry of Housing & Urban Affairs","Maharashtra",NA,04/2018,03/2023,12/2025,180.24,180.24,1281.38,91,"Urban Development"
299,703021,"Jalandhar Water Supply Infrastructure Project","Ministry of Housing & Urban Affairs","Punjab",NA,08/2020,08/2023,03/2026,258.53,258.53,1229.71,58,"Urban Development"
300,703057,"Patiala Water Supply Infrastructure Part-2 Project","Ministry of Housing & Urban Affairs","Punjab",NA,08/2020,10/2023,12/2025,287,287,612.68,74,"Urban Development"
301,702948,"Jaunpur Sewerage Management Infrastructure Project","Ministry of Housing & Urban Affairs","Uttar Pradesh",NA,08/2019,06/2023,12/2025,235.73,235.73,1695.47,87,"Urban Development"
302,702949,"Jhansi Water Supply Infrastructure Phase-II Project","Ministry of Housing & Urban Affairs","Uttar Pradesh",NA,06/2019,07/2023,09/2025,561.74,561.74,3123.27,91,"Urban Development"
303,617280,"Construction of Basement + Ground Floor+ 10 Storeyed building for State of the Art Director General, GSI Building at plot No.GN-40, Sector-V, Salt Lake, Kolkata","Central Public Works Department (CPWD)","West Bengal",04/2019,02/2020,08/2026,-,255.37,255.37,83.03,40,"Construction"
304,611798,"Rakha Underground Mining Project","Hindustan Copper Limited [HCL]","Jharkhand",12/2022,03/2024,03/2033,-,2705,2705,0,0,"Metals & Mining"
305,611800,"Surda Underground Copper Mining Project","Hindustan Copper Limited [HCL]","Jharkhand",02/2022,03/2024,03/2028,-,665.02,665.02,19.8,1,"Metals & Mining"
306,400426,"Expansion of Malanjkhand Copper Project","Hindustan Copper Limited [HCL]","Madhya Pradesh",09/2011,04/2015,04/2020,04/2026,1856.36,1856.36,935.32,80,"Metals & Mining"
307,400141,"Expansion of Alumina Refinery Plant with addition of 5th Stream having capacity enhancement of 1.0 Million Tonee Per Annum","National Aluminium Company Limited [NALCO]","Odisha",04/2017,04/2017,12/2022,09/2025,4103,5677.4,4111.16,77,"Metals & Mining"
308,400299,"Pottangi Bauxite Mines Project","National Aluminium Company Limited [NALCO]","Odisha",05/2018,05/2018,03/2025,05/2026,1381,1960.77,650.04,51,"Metals & Mining"
309,709829,"UTKAL D AND E COAL BLOCK","National Aluminium Company Limited [NALCO]","Odisha",NA,02/2016,03/2025,-,1021.97,1021.97,0,0,"Metals & Mining"
310,709830,"CONVERSION OF FLAT BOTTOM SETTLERS AND WASHERS WITH A SINGLE TRAIN OF HRDS AND DCWS IN STREAMS 1 AND","Ministry of Mines","Odisha",NA,04/2017,11/2026,-,355,581,0,0,"Metals & Mining"
311,709831,"SOURCING OF BAUXITE ARRANGEMENT FOR 5TH STREAM ALUMINA REFINERY FROM SOUTH BLOCK MINING LEASE OF PANCHPATMAILI MINES","National Aluminium Company Limited [NALCO]","Odisha",11/2017,11/2019,05/2025,06/2026,483,483,406.64,90,"Metals & Mining"
312,709832,"25.5 MW WIND POWER PROJECT AT KAYATHAR IN TAMILNADU","National Aluminium Company Limited [NALCO]","Tamil Nadu",09/2017,12/2017,03/2025,03/2026,166,166,135,65,"Metals & Mining"
313,613008,"Construction of Permanent Campus of Central Tribal University of Andhra Pradesh Phase-1","Central Tribal University of Andhra Pradesh","Andhra Pradesh",09/2019,12/2023,06/2027,-,305,305,84.96,25,"Education"
314,612898,"Construction of Permanent Campus of National Institute of Technology Arunachal Pradesh","National Institute of Technology, Arunachal Pradesh","Arunachal Pradesh",09/2009,03/2013,08/2026,-,592.61,592.61,550.22,75,"Education"
315,606112,"Tezpur University Projects","Tezpur University","Assam",05/2019,06/2021,11/2023,10/2025,153.71,153.71,124.33,97,"Education"
316,606013,"Additional Campus of NITPatna","NIT Patna","Bihar",07/2022,08/2022,07/2024,01/2026,499.21,499.21,434.67,98,"Education"
317,612851,"Phase 1B - Construction of Academic Block, Hostel, Residential Tower, Directors Residence and External Development works at National Institute of Technology, Delhi Campus on Engineering, Procurement and Construction basis","National Institute of Technology Delhi","Delhi",09/2009,11/2022,09/2025,-,333.49,336.42,283.21,93,"Education"
318,616886,"Delhi University Eastern Campus at Surajmal Vihar","Delhi University","Delhi",09/2024,03/2025,10/2026,-,373,373,21.13,15,"Education"
319,612916,"Construction of permanent campus of Central University of Gujarat at Village kundhela, Dist. Vadodara, Gujarat.","Central University of Gujarat","Gujarat",12/2020,02/2021,03/2025,03/2026,490.63,490.63,312.06,80,"Education"
320,602099,"Establishment of Permanent campus Phase 1 of IIM Sirmaur","Indian Institute of Management, Sirmaur","Himachal Pradesh",09/2018,08/2020,10/2023,02/2026,392.51,454.78,323.81,93,"Education"
321,612128,"Hostel blocks & dining hall block","Indian Institute of Technology, Mandi","Himachal Pradesh",03/2023,03/2024,03/2026,03/2026,166.66,166.66,84.25,70,"Education"
322,612894,"Construction of Permanent Campus of Central University of Himachal Pradesh at Dehra, District - Kangra, [H.P.] on Engineering. Procurement and Construction [EPC Mode 1] Basis.","Central University, Himachal Pradesh","Himachal Pradesh",03/2021,08/2022,11/2024,11/2025,251.98,300.45,183.44,79,"Education"
323,602098,"Construction of Permanent Campus for IIM Jammu Phase-1 at Jagti, Nagrota, Jammu, J&K","Indian Institute of Management, Jammu","Jammu and Kashmir",03/2019,10/2020,06/2023,09/2025,424.93,500.91,484.52,96,"Education"
324,610940,"Additional Infrastructure at IISc Bangalore-RCC Monolithic for Men Hostel S14, Women Hostel S11 , Postdoctoral Hostel S12 2 Block , International Hostel S 12 , D&E Block S 12 2 Block FR.","IISC Bangalore","Karnataka",08/2021,08/2021,03/2024,09/2025,420.41,420.41,364.44,99,"Education"
325,606431,"CONSTRUCTION OF PERMANENT CAMPUS FOR IIT PALAKKAD UNDER PHASE 1A","INDIAN INSTITUTE OF TECHNOLOGY PALAKKAD","Kerala",07/2017,03/2020,06/2022,11/2026,1006.45,1217.4,632.59,72,"Education"
326,611957,"Phase III A works at IIT Indore [03 Hostels, 01 Studio Apartment, 01 Housing, Heavy & Sophisticated lab complex, Academic POD and  Infrastructure for center of excellence]","Indian Institute of Technology, Indore","Madhya Pradesh",12/2023,04/2024,02/2027,-,496.28,496.28,38.62,36,"Education"
327,612135,"Hostel 4 -Earlier Known as Hostel 20","Indian Institute of Technology, Bombay","Maharashtra",09/2022,12/2023,09/2025,-,182.33,182.33,144.21,97,"Education"
328,612203,"Academic Block 1 & 2","Indian Institute of Technology, Bombay","Maharashtra",09/2022,05/2023,07/2026,03/2027,68,263.93,24.18,19,"Education"
329,612885,"Construction and Developement of National Institute of Technology Meghalaya Permanent Campus at Sohra","National Institute of Technology, Meghalaya","Meghalaya",09/2009,09/2014,03/2022,07/2025,494.52,494.52,413.57,86,"Education"
330,612876,"Construction of Permanent Campus for NIT Mizoram at Lengpui, Aizawl","NIT Mizoram","Mizoram",09/2009,06/2014,12/2029,12/2029,474.23,474.23,167.55,4,"Education"
331,613013,"Establishment of NIT Nagaland","NIT Nagaland","Nagaland",09/2009,12/2014,12/2025,-,275.63,275.63,261.24,97,"Education"
332,610315,"IISER BERHAMPUR","Indian Institutes of Science Education and Research, Behrampur","Odisha",10/2018,09/2019,03/2021,12/2025,1229.32,773.76,837.04,97,"Education"
333,612877,"Establishment of NIT Puducherry Permanent Campus [Phase-I and Phase-II]","National Institute of Technology, Puducherry","Puducherry",09/2009,07/2013,12/2024,08/2025,618.34,544.34,509.55,94,"Education"
334,605292,"Construction of Permanent Campus of Indian Institute of Management [IIM] Amritsar, Punjab, Phase-I","Indian intitue of Management, Amritsar","Punjab",10/2019,07/2020,06/2023,12/2025,348.31,348.31,290.39,91,"Education"
335,617221,"Construction of Girls Hostel 400 seater, Boys Hostel 600 seater, Academic Block, International Hostel 100 seater, VC Residence and Purchase of Equipment","Central University of Punjab","Punjab",08/2024,04/2025,10/2027,-,210.99,210.99,10,6,"Education"
336,609736,"Construction of Sikkim University Campus Phase-I Package-II at Yangang, South Sikkim","Sikkim University","Sikkim",08/2020,01/2022,01/2025,09/2025,314.06,314.06,238.22,83,"Education"
337,612883,"Establishment of Permanent Campus of NIT SIkkim at Khamdong-Gangtok District","NIT Sikkim","Sikkim",02/2024,03/2024,02/2028,12/2026,685.76,610.76,121.56,12,"Education"
338,609996,"Construction of Precast housing and hostels at IIT Hyderabad","Indian Institute of Technology, Hyderabad","Telangana",09/2022,11/2022,10/2024,01/2026,262,262,178.17,76,"Education"
339,606479,"Banaras Hindu University [ Kayakalp of Institute of Medical Sciences]","Banaras Hindu University","Uttar Pradesh",06/2020,06/2020,09/2022,03/2026,246,246,194.14,95,"Education"
340,611963,"Construction & Development of Infrastructural Facilities in the main campus of NIT Uttarakhand at Sumari, Pauri Garhwal","National Institute of Technology Uttarakhand","Uttarakhand",06/2020,04/2024,09/2027,-,650.85,650.85,195.52,30,"Education"
341,609019,"HEFA projects on development of student hostels, playgrounds, departmental buildings, class room complex and other campus facilities in IIT Kharagpur","Indian Institute of Technology, Kharagpur","West Bengal",06/2018,04/2019,03/2023,03/2026,500,442,383.6,88,"Education"
342,616235,"Construction of Aviation Fuel farm Facilities at Bhogapuram Airport","Ministry of Petroleum & Natural Gas","Andhra Pradesh",08/2024,08/2024,03/2026,03/2026,240,240,49.57,70,"Energy Storage"
343,709754,"Construction of LPG Facilities at Kamardanga, Assam","Hindustan Petroleum Corporation Limited","Assam",03/2023,03/2023,07/2027,07/2027,156.36,156.36,58.27,48,"Energy Storage"
344,709755,"Setting up of new rail fed POL facility at Kamardanga, Assam","Hindustan Petroleum Corporation Limited [HPCL]","Assam",03/2023,03/2023,07/2027,07/2027,384.04,384.04,129.97,55,"Energy Storage"
345,400235,"Setting up a common user Petroleum Terminal at Jammu, J&K for resitement of existing PSU OMC's Depots from Jammu City","Bharat Petroleum Corporation Limited [BPCL]","Jammu and Kashmir",04/2023,04/2023,03/2025,01/2026,676.89,715.89,535.94,82,"Energy Storage"
346,604833,"Andheri Residential Towers, Mumbai","Ministry of Petroleum & Natural Gas","Maharashtra",NA,06/2017,05/2025,06/2026,281.35,389.67,234.6,50,"Energy Storage"
347,701343,"Srikakulam Angul Gas Pipeline Project","Ministry of Petroleum & Natural Gas","Multi-States (Andhra Pradesh, Odisha)",09/2019,09/2019,07/2022,12/2025,2658.34,2810,2272.98,95,"Energy Storage"
348,701263,"Rajasthan Refinery Project","MinistryofPetroleumNaturalGas","Multi-States (Arunachal Pradesh, Gujarat, Rajasthan)",10/2017,10/2017,10/2022,03/2026,43129,79459,60545.24,88,"Energy Storage"
349,701349,"Paradip-Numaligarh Crude Oil Pipeline [PNCPL] & Crude Oil Import Terminal [COIT] at Paradip","Ministry of Petroleum & Natural Gas","Multi-States (Assam, Bihar, Jharkhand, Odisha, West Bengal)",NA,01/2019,07/2024,10/2025,10228,11407,9811.29,87,"Energy Storage"
350,400078,"New Mundra Panipat Crude Oil Pipeline","Ministry of Petroleum & Natural Gas","Multi-States (Gujarat, Haryana, Rajasthan)",NA,12/2021,12/2024,12/2025,9028,9028,7186.98,85,"Energy Storage"
351,400012,"Kandla Gorakhpur LPG Pipeline","Ministry of Petroleum & Natural Gas","Multi-States (Gujarat, Madhya Pradesh, Uttar Pradesh)",NA,12/2018,12/2021,12/2025,10088,10088,7979.86,93,"Energy Storage"
352,400301,"Multi Product Pipeline from Irugur to Devangonthi","Department of Water Resources, River Development & GR","Multi-States (Karnataka, Tamil Nadu)",11/2012,11/2012,02/2017,09/2026,678,1732,767.09,71,"Energy Storage"
353,709759,"Petrochemical evacuation marketing terminal at Barmer, Rajasthan","Hindustan Petroleum Corporation Limited [HPCL]","Rajasthan",12/2023,12/2023,12/2026,12/2026,461.05,461.05,127.84,60,"Energy Storage"
354,400043,"Laying of POL Pipelines in Common Corridor for proposed grass root terminal at Vallur [Chennai]","Ministry of Petroleum & Natural Gas","Tamil Nadu",NA,01/2022,05/2026,05/2026,829,829,320.63,66,"Energy Storage"
355,400077,"Grass root POL Terminal at Vallur, Chennai","Indian Oil Corporation Limited [IOCL]","Tamil Nadu",NA,01/2022,12/2024,03/2026,827,887.71,633.42,88,"Energy Storage"
356,400035,"Grass Root Rail-fed Depot at Sekerkote, Agartala as resitement of existing Dharmanagar Depot","Indian Oil Corporation Limited [IOCL]","Tripura",NA,06/2022,09/2025,06/2026,656,656,483.9,88,"Energy Storage"
357,604852,"Grass-root Terminal at Mirzapur, Uttar Pradesh","Ministry of Petroleum & Natural Gas","Uttar Pradesh",NA,09/2022,11/2026,11/2026,980.45,980.45,220.97,53,"Energy Storage"
358,400120,"KG-DWN-98/2 Cluster - II Development Project - NELP Block","Oil and Natural Gas Corporation Limited [ONGC]","Andhra Pradesh",03/2016,03/2016,06/2020,06/2026,34012,34012,33238.5,96,"Oil & Gas"
359,709752,"HP-COAT [Crude to Olefins and Aromatics Technology] demo unit at Visakh Refinery","Hindustan Petroleum Corporation Limited","Andhra Pradesh",09/2021,09/2021,06/2024,03/2026,160,220,89.34,72,"Oil & Gas"
360,709761,"HP Trijet Unit in Visakh Refinery","Hindustan Petroleum Corporation Limited","Andhra Pradesh",07/2024,07/2024,07/2027,07/2027,193,193,0.43,23,"Oil & Gas"
361,709766,"City Gas Distribution Project at Kurnool, Guntur & Prakasam Districts","MinistryofPetroleumNaturalGas","Andhra Pradesh",03/2022,03/2022,03/2030,03/2030,1420,1420,163.46,6,"Oil & Gas"
362,604791,"Numaligarh Refinery Expansion Project","Ministry of Petroleum & Natural Gas","Assam",NA,07/2020,07/2024,12/2025,12366,22494,17007.22,78,"Oil & Gas"
363,604863,"Development of Surface Facilities for production and evacuation of Crude Oil and Natural Gas from Nadua and East Khagorija","Ministry of Petroleum & Natural Gas","Assam",NA,01/2018,02/2020,12/2025,682.9,726.93,489.6,94,"Oil & Gas"
364,607701,"Guwahati Refinery Expansion [1.0 to 1.2 MMTPA] along with installation of CRU, Guwahati Refinery","Ministry of Petroleum & Natural Gas","Assam",NA,05/2021,10/2023,05/2026,412.3,577,435.92,86,"Oil & Gas"
365,616858,"Construction of Field Gas Gathering Station at Baghjan area for collection, processing & transportation of natural Gas to be produced from Baghjan Field","Ministry of Petroleum & Natural Gas","Assam",NA,12/2020,03/2024,12/2025,430.76,430.76,327.47,86,"Oil & Gas"
366,709776,"Augmentation/Revamping of Facilities at existing Guwahati Terminal at Betkuchi","MinistryofPetroleumNaturalGas","Assam",NA,04/2022,09/2026,09/2026,277,323.09,186.17,68,"Oil & Gas"
367,709779,"Capacity Expansion of Digboi Refinery from 0.65 to 1.0 MMTPA","MinistryofPetroleumNaturalGas","Assam",NA,06/2022,03/2026,07/2027,768,740,115.21,42,"Oil & Gas"
368,709847,"Pipeline Network Project Rudrasagar","Ministry of Petroleum & Natural Gas","Assam",01/2023,01/2023,04/2026,04/2026,344.99,344.99,211.1,48,"Oil & Gas"
369,709850,"Borholla GGS Life Extension Project [BLEP]","Ministry of Petroleum & Natural Gas","Assam",09/2023,09/2023,05/2026,05/2026,198.7,198.7,39.45,36,"Oil & Gas"
370,709864,"DCU Revamp Project","NRL","Assam",NA,08/2021,07/2024,10/2025,370,370,265.35,61,"Oil & Gas"
371,709865,"Power Recovery Turbine [PRT] in PFCCU unit as an Energy Conservation Scheme","NRL","Assam",NA,04/2023,12/2024,10/2025,293.5,293.5,97.22,95,"Oil & Gas"
372,617304,"Setting up of LPG Plant with Rail Unloading Facility at Hathua, Dist. Gopalganj, Bihar","MinistryofPetroleumNaturalGas","Bihar",NA,10/2023,03/2027,03/2027,340.15,340.15,94.41,28,"Oil & Gas"
373,701324,"Barauni Refinery Capacity Expansion from 6.0 to 9.0 MMTPA","Ministry of Petroleum & Natural Gas","Bihar",NA,01/2020,04/2023,08/2026,14810,16724,11997.29,88,"Oil & Gas"
374,709777,"Installation of Bitumen Manufacturing Unit along with allied facilities at Barauni Refinery","MinistryofPetroleumNaturalGas","Bihar",NA,01/2022,04/2025,10/2026,389.35,340,56.85,42,"Oil & Gas"
375,709792,"City Gas Distribution Projects at Darbhanga, Madhubani, Supaul, Sitamarhi and Sheohar districts","Bharat Petroleum Corporation Limited [BPCL]","Bihar",12/2022,12/2022,03/2030,03/2030,3638,3638,414.14,29,"Oil & Gas"
376,709793,"City Gas Distribution Projects at Gopalganj, Siwan, West Champaran, East Champaran and Deoria districts","Bharat Petroleum Corporation Limited [BPCL]","Bihar",12/2022,12/2022,06/2030,06/2030,3919,3919,412.83,19,"Oil & Gas"
377,400087,"Redevelopment of Sobhasan Complex","Oil and Natural Gas Corporation Limited [ONGC]","Gujarat",08/2021,08/2021,02/2026,02/2026,885.63,1286.67,830.89,79,"Oil & Gas"
378,400167,"Redevelopment of Santhal Field [Onshore-Mehsana Asset]","Oil and Natural Gas Corporation Limited [ONGC]","Gujarat",02/2017,02/2017,03/2026,03/2026,1162.56,1162.56,1157,94,"Oil & Gas"
379,400169,"Redevelopment of Linch Field","Oil and Natural Gas Corporation Limited [ONGC]","Gujarat",04/2021,04/2021,03/2025,10/2025,631.03,860.04,539.03,83,"Oil & Gas"
380,701329,"Petrochemical and Lube Integration Project at Gujarat Refinery","Ministry of Petroleum & Natural Gas","Gujarat",NA,09/2020,08/2024,06/2026,18936,17825,12645.17,84,"Oil & Gas"
381,709778,"Installation of new Biturox Unit along with allied facilities at Gujarat Refinery","MinistryofPetroleumNaturalGas","Gujarat",NA,01/2022,08/2025,09/2026,328.29,287,160.45,62,"Oil & Gas"
382,709838,"Commercial Polymer Flooding Project in Bechraji field","Oil and Natural Gas Corporation Limited [ONGC]","Gujarat",01/2022,01/2022,11/2024,11/2025,621.4,621.4,137.72,21,"Oil & Gas"
383,709840,"Restoration of Gas Terminal, Phase-I [Part-A], Hazira","Oil and Natural Gas Corporation Limited [ONGC]","Gujarat",05/2022,05/2022,02/2025,12/2025,249.43,249.43,209.89,94,"Oil & Gas"
384,709841,"Old Pipe Line Replacement [OPRP] Group-A","Oil and Natural Gas Corporation Limited [ONGC]","Gujarat",07/2021,07/2021,07/2025,03/2026,173.03,169.84,147.77,88,"Oil & Gas"
385,709842,"Kalol Redevelopment Project, Ahmedabad Asset","Oil and Natural Gas Corporation Limited [ONGC]","Gujarat",08/2022,08/2022,03/2027,03/2027,1487.41,1487.41,927.55,62,"Oil & Gas"
386,709845,"Revamping of SV Stations, Gas Terminal & Kribhco Terminal","Oil and Natural Gas Corporation Limited [ONGC]","Gujarat",11/2022,11/2022,08/2026,08/2026,837.34,837.34,257.06,54,"Oil & Gas"
387,604853,"Indian Oil Technology Development and Deployment Centre at R&D Campus-II, Faridabad","Ministry of Petroleum & Natural Gas","Haryana",NA,06/2019,12/2022,10/2026,2281.94,3200,1810.8,64,"Oil & Gas"
388,611917,"Poly Butadiene Rubber plant at Panipat","Indian Oil Corporation Limited [IOCL]","Haryana",NA,03/2022,03/2025,06/2026,1459,2531.44,1119.16,72,"Oil & Gas"
389,701289,"Capacity Expansion of Panipat Refinery from 15 to 25 MMTPA","Ministry of Petroleum & Natural Gas","Haryana",NA,02/2021,09/2024,06/2026,34627,36225,25028.79,89,"Oil & Gas"
390,709783,"Installation of Multiple Effect Evaporator [MEE] for ETP-1, 2 & 4 of Panipat Refinery and Petrochemical Complex.","MinistryofPetroleumNaturalGas","Haryana",NA,12/2020,06/2023,06/2026,165.13,247.69,138.35,74,"Oil & Gas"
391,709773,"City Gas Distribution Project at Jammu, Udhampur, Reasi, Samba and Kathua Districts","MinistryofPetroleumNaturalGas","Jammu and Kashmir",03/2022,03/2022,03/2032,03/2032,538,538,3.72,0,"Oil & Gas"
392,610984,"Development of Jharia CBM Block [Phase-1]","Oil and Natural Gas Corporation Limited [ONGC]","Jharkhand",11/2019,11/2019,01/2024,11/2025,431,431,217.93,59,"Oil & Gas"
393,709785,"Laying of Natural Gas Pipeline from Hazaribagh to Ranchi [HRPL]","MinistryofPetroleumNaturalGas","Jharkhand",NA,02/2023,02/2026,02/2026,202.07,202.07,60.23,47,"Oil & Gas"
394,612790,"Power System Upgradation Project","Mangalore Refinary and Petrochemicals Limited","Karnataka",NA,10/2023,11/2025,05/2026,385,385,151.3,67,"Oil & Gas"
395,616879,"Demo Bio-ATF Project","Ministry of Petroleum & Natural Gas","Karnataka",NA,03/2024,01/2027,01/2027,364,364,29.47,15,"Oil & Gas"
396,709774,"Revamping/ Augmentation of facilities at existing port terminal at Mangalore","Ministry of Petroleum & Natural Gas","Karnataka",NA,01/2022,12/2025,12/2025,463,500.62,277.72,82,"Oil & Gas"
397,709790,"Replacement and Extension of Jetty Pipelines [REJP] at KR","Bharat Petroleum Corporation Limited [BPCL]","Kerala",NA,03/2023,03/2026,03/2026,621.87,621.87,198.6,87,"Oil & Gas"
398,709799,"Setting up Polypropylene Unit at Kochi Refinery","MinistryofPetroleumNaturalGas","Kerala",NA,12/2023,10/2027,10/2027,4460,4460,287.8,15,"Oil & Gas"
399,709798,"Ethylene Cracker Project at Bina Refinery including downstream Petrochemical Plants and expansion of Refinery","MinistryofPetroleumNaturalGas","Madhya Pradesh",05/2023,05/2023,05/2028,05/2028,43367,43367,1913.6,15,"Oil & Gas"
400,400158,"Debottlenecking and Augmentation of Cryogenic facilities at Uran LPG Import Terminal","Department of Water Resources, River Development & GR","Maharashtra",04/2021,04/2021,02/2024,12/2025,1164.69,1629.86,947.22,88,"Oil & Gas"
401,400168,"500 KTA PDHPP Project, Usar","Ministry of Petroleum & Natural Gas","Maharashtra",04/2021,04/2021,04/2025,12/2025,8797,11256,6990.28,86,"Oil & Gas"
402,610985,"Construction of lube oil blending plant at Rasayani","Ministry of Petroleum & Natural Gas","Maharashtra",05/2022,05/2022,12/2023,12/2025,423.39,526.26,305.71,81,"Oil & Gas"
403,616933,"Lube Modernization & Bottom Upgradation Project at Mumbai Refinery","Ministry of Petroleum and Natural Gas","Maharashtra",12/2024,12/2024,03/2028,03/2028,4679,4679,200.79,5,"Oil & Gas"
404,709760,"HP TDAE Unit in Mumbai Refinery","Hindustan Petroleum Corporation Limited","Maharashtra",06/2024,06/2024,04/2026,04/2026,240,240,43.29,45,"Oil & Gas"
405,709771,"City Gas Distribution Project at Beed, Jalgaon and Jalna Districts","MinistryofPetroleumNaturalGas","Maharashtra",03/2022,03/2022,09/2031,09/2031,865,865,69.15,2,"Oil & Gas"
406,709780,"Construction of Additional Tankages and Allied Facilities at JNPT Terminal","MinistryofPetroleumNaturalGas","Maharashtra",NA,04/2022,08/2026,08/2026,341.43,436.14,284.39,51,"Oil & Gas"
407,709782,"ATF Pipeline from Jawaharlal Nehru Port Trust to Navi Mumbai International Airport","Indian Oil Corporation Limited [IOCL]","Maharashtra",NA,08/2022,08/2025,03/2026,165,165,94.21,75,"Oil & Gas"
408,709789,"Installation of Independent De- Aromatized Solvents [DAS] production facilities at MR","Bharat Petroleum Corporation Limited [BPCL]","Maharashtra",03/2023,03/2023,07/2025,12/2025,405,343,214.5,89,"Oil & Gas"
409,709797,"POL & LOBS Installations with Receipt Pipelines at Rasayani","Bharat Petroleum Corporation Limited [BPCL]","Maharashtra",05/2023,05/2023,05/2026,05/2026,2585,2585,678.79,63,"Oil & Gas"
410,709846,"Part Replacement Pipeline Project  [PRPP]","Oil and Natural Gas Corporation Limited [ONGC]","Maharashtra",11/2022,11/2022,05/2024,11/2025,1219.48,1145.1,745,90,"Oil & Gas"
411,616254,"Visakh Raipur Pipeline Project","Ministry of Petroleum and Natural Gas","Multi-States (Andhra Pradesh, Chhattisgarh, Odisha)",09/2024,09/2024,09/2027,09/2027,2212,2212,16.53,10,"Oil & Gas"
412,701346,"North East Gas Grid","Ministry of Petroleum & Natural Gas","Multi-States (Arunachal Pradesh, Assam, Manipur, Meghalaya, Mizoram, Nagaland, Sikkim, Tripura, West Bengal)",NA,04/2020,03/2024,03/2026,9265,9265,6426.54,85,"Oil & Gas"
413,701350,"Upgradation of Facilities of Numaligarh-Siliguri Product Pipeline [NSPL] for transportation of additional products from existing 1.72 MMTPA to 5.5 MMTPA","Ministry of Petroleum & Natural Gas","Multi-States (Assam, West Bengal)",NA,06/2021,12/2024,10/2025,860,860,615.47,98,"Oil & Gas"
414,709757,"CGD Project in Banka, Dumka, Godda, Jamtara, Pakur, Sahibganj GA ID 11A.02","Hindustan Petroleum Corporation Limited","Multi-States (Bihar, Jharkhand)",06/2022,06/2022,06/2030,06/2030,1377,1377,335.79,27,"Oil & Gas"
415,701354,"Mumbai Nagpur Jharsuguda Pipeline Project","Ministry of Petroleum & Natural Gas","Multi-States (Chhattisgarh, Madhya Pradesh, Maharashtra, Odisha)",06/2020,06/2020,05/2023,12/2025,7844.25,8255,6609.4,96,"Oil & Gas"
416,701330,"Mehsana-Bhatinda & Bhatinda-Jammu Natural Gas Pipeline","Ministry of Petroleum & Natural Gas","Multi-States (Gujarat, Haryana, Punjab, Rajasthan)",NA,07/2011,06/2024,12/2025,7392,7392,6308,90,"Oil & Gas"
417,612853,"Gurdaspur Jammu Pipeline","Gas Authority of India Limited [GAIL]","Multi-States (Jammu and Kashmir, Punjab)",07/2023,07/2023,07/2026,07/2026,521.9,521.9,206,37,"Oil & Gas"
418,701228,"Kochi - Koottanad - Bangalore - Mangalore Pipeline Phase-II","Ministry of Petroleum & Natural Gas","Multi-States (Karnataka, Kerala, Tamil Nadu)",06/2009,06/2009,12/2012,12/2025,2915,5909,4453.29,95,"Oil & Gas"
419,701338,"City Gas Distribution Maharashtra Natural Gas Limited","Ministry of Petroleum & Natural Gas","Multi-States (Karnataka, Maharashtra)",01/2006,01/2006,06/2031,06/2031,5535,5535,3883.25,0,"Oil & Gas"
420,701344,"Dhamra Haldia Pipeline Project","Ministry of Petroleum & Natural Gas","Multi-States (Odisha, West Bengal)",03/2020,03/2020,11/2022,12/2025,1030.65,1125,865.2,88,"Oil & Gas"
421,709794,"City Gas Distribution Projects at Fazilka [except area already authorized], Ganganagar and Hanumangarh districts","Bharat Petroleum Corporation Limited [BPCL]","Multi-States (Punjab, Rajasthan)",12/2022,12/2022,06/2030,06/2030,3207,3207,345.1,24,"Oil & Gas"
422,709786,"Augmentation/ Revamping of Dimapur Depot, Dimapur","MinistryofPetroleumNaturalGas","Nagaland",NA,08/2023,11/2027,11/2027,227.62,227.62,9.34,23,"Oil & Gas"
423,604859,"Integrated Para Xylene [PX] and Purified Terephthalic Acid [PTA] Project at Paradip Refinery","Ministry of Petroleum & Natural Gas","Odisha",NA,07/2020,01/2024,08/2026,13805,11783,8373.41,91,"Oil & Gas"
424,709800,"CUF POL Depot at Sadashibpur [Meramundali], Odisha","MinistryofPetroleumNaturalGas","Odisha",NA,04/2021,03/2026,03/2026,393.54,393.54,107.85,45,"Oil & Gas"
425,400119,"Life Extension of 48 well platforms of Mumbai High & Heera Fields","Oil and Natural Gas Corporation Limited [ONGC]","Offshore",12/2015,12/2015,04/2018,12/2025,3190.69,3375.9,3113.26,89,"Oil & Gas"
426,616950,"PRP-VIII [Group-A]","Ministry of Petroleum & Natural Gas","Offshore",09/2024,09/2024,02/2026,02/2026,1486.4,1486.4,272.3,21,"Oil & Gas"
427,709839,"Daman Upside Development Project","Oil and Natural Gas Corporation Limited [ONGC]","Offshore",06/2022,06/2022,10/2025,02/2026,4144.41,6406.9,4401.66,87,"Oil & Gas"
428,709848,"MHN TCPP PGC BGC Project [MTPBP]","Ministry of Petroleum & Natural Gas","Offshore",06/2022,06/2022,05/2026,05/2026,2329.45,2354.23,1148.9,56,"Oil & Gas"
429,709849,"PRP-VIII Group B [NH & BS Asset]","Ministry of Petroleum & Natural Gas","Offshore",06/2024,06/2024,02/2026,02/2026,2379.84,3165.53,1806.82,63,"Oil & Gas"
430,709851,"Integrated Development of 4 Contract Areas under DSF-II","Ministry of Petroleum & Natural Gas","Offshore",05/2023,05/2023,04/2027,04/2027,6183.79,6183.79,594.28,21,"Oil & Gas"
431,400171,"2G Ethanol Biorefinery at Bathinda","Hindustan Petroleum Corporation Limited [HPCL]","Punjab",05/2020,05/2020,02/2023,03/2026,1421.46,1421.46,1185.85,95,"Oil & Gas"
432,612998,"Bathinda Sangrur Pipeline","Ministry of Petroleum and Natural Gas","Punjab",11/2021,11/2021,05/2024,10/2025,367,397,347,94,"Oil & Gas"
433,709770,"City Gas Distribution Project at Pathankot District","MinistryofPetroleumNaturalGas","Punjab",03/2022,03/2022,09/2033,09/2033,151,151,8.74,2,"Oil & Gas"
434,604795,"CBR 9 MMTPA Project","Chennai Petroleum Corporation Limited [CPCL]","Tamil Nadu",NA,09/2021,06/2025,10/2028,31580,36354,1342.27,10,"Oil & Gas"
435,709750,"Laying of new 28 inch Desal Water Pipeline and 10 inch Reject Water Pipeline between CPCL Manali Refinery and CPCL Desalination plant at Ennore","Chennai Petroleum Corporation Limited [CPCL]","Tamil Nadu",NA,01/2024,09/2025,12/2025,205,205,51.31,48,"Oil & Gas"
436,709796,"City Gas Distribution Projects at the Nilgiris and Erode districts","Bharat Petroleum Corporation Limited [BPCL]","Tamil Nadu",12/2022,12/2022,03/2030,03/2030,3685,3685,238.05,18,"Oil & Gas"
437,709837,"Creation of Gas Dehydration  Facilities, Tripura Asset","Oil and Natural Gas Corporation Limited [ONGC]","Tripura",03/2022,03/2022,05/2024,12/2025,209.33,131.51,68.9,63,"Oil & Gas"
438,400161,"PP Project, Pata","Gas Authority of India Limited [GAIL]","Uttar Pradesh",03/2019,03/2019,01/2024,10/2025,910.56,1299.02,1029,98,"Oil & Gas"
439,709781,"Revamping / Augmentation of Facilities at Mathura Bitumen Plant","MinistryofPetroleumNaturalGas","Uttar Pradesh",NA,04/2022,06/2027,12/2026,260.12,260.12,1.11,28,"Oil & Gas"
440,709795,"City Gas Distribution Projects at Lakhimpur Kheri , Sitapur, Bahraich, Shravasti,Balrampur, Siddharth Nagar & Maharajganj districts","Bharat Petroleum Corporation Limited [BPCL]","Uttar Pradesh",12/2022,12/2022,06/2030,06/2030,16654,16654,590.67,11,"Oil & Gas"
441,617302,"Durgapur - Haldia Pipeline [Section-3B of JHBDPL Project]","Ministry of Petroleum & Natural Gas","West Bengal",03/2017,03/2017,12/2020,12/2025,1740,2493.15,2261,90,"Oil & Gas"
442,709753,"Haldia Panagarh Pipeline Project","Hindustan Petroleum Corporation Limited","West Bengal",11/2022,11/2022,11/2025,11/2025,1010,1010,669.15,82,"Oil & Gas"
443,709758,"CGD Project in Malda, Birbhum, Murshidabad, Dakshin Dinajpur GA ID 11A.03","Hindustan Petroleum Corporation Limited","West Bengal",06/2022,06/2022,06/2030,06/2030,2628,2628,340.69,28,"Oil & Gas"
444,709772,"City Gas Distribution Project at East Mednipore, West Mednipore & Jhargram Districts","MinistryofPetroleumNaturalGas","West Bengal",03/2022,03/2022,06/2031,06/2031,609,609,56.58,2,"Oil & Gas"
445,709791,"City Gas Distribution Projects at Alipurduar and Cooch Behar","Bharat Petroleum Corporation Limited [BPCL]","West Bengal",12/2022,12/2022,03/2030,03/2030,1017,1017,194.33,39,"Oil & Gas"
446,701173,"AIIMS Majra Rewari Haryana","PMSSY/Institute of National Importance (INI)","Haryana",12/2023,02/2019,02/2023,12/2026,1299,1299,349.41,28,"Healthcare"
447,701167,"AIIMS Kashmir at Awantipora Jammu & Kashmir","PMSSY/Institute of National Importance (INI)","Jammu and Kashmir",01/2019,11/2020,01/2025,12/2025,1828,1828,1565.25,67,"Healthcare"
448,701171,"AIIMS Bibinagar","PMSSY/Institute of National Importance (INI)","Telangana",12/2018,07/2022,09/2022,12/2025,1028,1365.95,821.99,85,"Healthcare"
449,708662,"Establishment of 600 bed super specialty hospital with optional development of Medical college and further expansion on PPP basis.","Mumbai Port Trust [MPT]","Maharashtra",08/2019,01/2022,06/2026,12/2027,693,693,58,0,"Healthcare"
450,701565,"Jal Marg Vikas Project","Inland Waterways Authority of India [IWAI]","Multi-States (Bihar, Jharkhand, Uttar Pradesh, West Bengal)",01/2018,02/2018,12/2023,12/2025,5369.18,5061.15,3488.6,71,"Inland Waterways"
451,611142,"Fairway Development in West Bengal Farakka - Kahelgaon","Inland Waterways Authority of India [IWAI]","Offshore",NA,08/2018,07/2023,04/2024,177,197,183.32,100,"Inland Waterways"
452,701570,"Replacement and revamping of pipeline projects in oil jetty area, Kandla","Deendayal Port Trust [DPT]","Gujarat",NA,09/2021,09/2023,03/2025,171,211.61,137.51,71,"Logistics Infrastructure"
453,701568,"Construction of oil jetty No.8 at old kandla through internal resources","Deendayal Port Trust [DPT]","Gujarat",NA,02/2021,02/2023,07/2024,100,225.85,166.48,90,"Oil & Gas"
454,609424,"Development of Container Terminal at Tuna-Tekra, Deendayal Port on BOT Basis Under PPP Mode","Deendayal Port Trust [DPT]","Gujarat",10/2022,12/2023,12/2026,-,4243.64,4243.64,70,10,"Shipping"
455,701564,"Construction of new dry dock at exisitng Cochin Shipyard Limited premises at Perumanoor, Kochi 682 015","Cochin Shipyard","Kerala",04/2018,05/2018,12/2022,03/2025,1799,1799,1558.39,96,"Shipping"
456,400382,"Rewas Port Project","Reliance Industries Ltd","Maharashtra",NA,01/2020,03/2023,-,6000,6000,5999.89,0,"Shipping"
457,701586,"Setting up of a Floating Storage and Regasification Unit [FSRU] - Mumbai","Mumbai Port Trust [MPT]","Maharashtra",NA,04/2021,11/2026,11/2026,900,900,65,0,"Shipping"
458,701574,"Deepening and Optimization of Inner Harbour facilities including development of Western Dock on BOT basis to handle Cape size vessels","Paradip Port Trust [PPT]","Odisha",05/2022,01/2023,12/2027,10/2028,3004.63,3004.63,1149.79,40,"Shipping"
459,701576,"Berth No. 2 [previously Berth 3] of HDC Mechanization Project","Haldia Dock Complex, Syama Prasad Mookerjee Port Authority","West Bengal",NA,03/2023,09/2025,01/2026,298.26,298.26,420,91,"Shipping"
460,701577,"Shalukkhali Liquid Cargo Handling Facility Development Project","Haldia Dock Complex, Syama Prasad Mookerjee Port Authority","West Bengal",NA,08/2022,08/2025,-,253.65,253.65,9.28,0,"Shipping"
461,707215,"National Maritime Heritage Complex [NMHC] Phase-I","Indian Port Rail & Ropeway Corporation Ltd. [IPRCL]","Gujarat",02/2019,01/2022,03/2024,09/2025,573,1238.05,496.63,66,"Tourism, Hospitality & Wellness"
462,615202,"Capacity expansion of Deposit-14 and 14 NMZ at Kirandul","National Mineral Development Corporation Limited [NMDC]","Chhattisgarh",08/2021,07/2022,12/2028,03/2028,1700,1756.2,124.9,4,"Metals & Mining"
463,617338,"Stamp Charge Battery No.12 Battery Proper at IISCO Steel Plant","Steel Authority of India Limited [SAIL]","Chhattisgarh",01/2025,02/2025,07/2028,-,2518.39,2518.39,62.72,4,"Steel"
464,617243,"Replacement of Hot Leveller No.1 of Plate Mill at Bhilai Steel Plant","Steel Authority of India Limited [SAIL]","Chhattisgarh",07/2024,08/2024,07/2026,-,198.62,198.62,11.98,12,"Steel"
465,617255,"Replacement of Converter Vessels, Trunnion Rings, Support System & Installation of Secondary Emission at Bhilai Steel Plant","Steel Authority of India Limited [SAIL]","Chhattisgarh",10/2023,12/2023,06/2026,-,471.83,471.83,136.99,44,"Steel"
466,617256,"Rebuilding of Coke Oven Battery No.7 & 8 at Bhilai Steel Plant","Steel Authority of India Limited [SAIL]","Chhattisgarh",11/2023,01/2024,10/2025,-,884.1,884.1,493.34,79,"Steel"
467,706811,"NMDC Slurry Pipeline Project Phase-1","National Mineral Development Corporation Limited [NMDC]","Chhattisgarh",11/2015,09/2020,06/2023,12/2025,2907,5427,3107.45,87,"Steel"
468,709826,"SCREENING PLANT-III AT KIRANDUL","National Mineral Development Corporation Limited [NMDC]","Chhattisgarh",NA,10/2021,01/2026,-,2718.84,2718.84,1362.18,73,"Steel"
469,709827,"CONSTRUCTION OF RESIDENTIAL TOWERS AT BIOM KIRANDUL COMPLEX","National Mineral Development Corporation Limited [NMDC]","Chhattisgarh",NA,10/2022,12/2025,-,349.75,349.75,288.8,91,"Steel"
470,400174,"New Sinter Plant at BSL, SAIL","Steel Authority of India Limited [SAIL]","Jharkhand",03/2015,10/2015,10/2017,06/2027,1034.01,1752.3,885.08,53,"Steel"
471,617249,"Replacement of existing Grinders in CRM-I & II at Bokaro Steel Plant","Steel Authority of India Limited [SAIL]","Jharkhand",01/2025,02/2025,01/2027,-,211.94,211.94,15.04,10,"Steel"
472,617250,"Secondary Emission Control in Converters of SMS-II at Bokaro Steel Plant","Steel Authority of India Limited [SAIL]","Jharkhand",01/2025,02/2025,10/2026,-,207.13,207.13,15.76,8,"Steel"
473,617253,"Revamping of old sub-systems of Blast Furnace 3 at Bokaro Steel Plant","Steel Authority of India Limited [SAIL]","Jharkhand",08/2023,03/2023,07/2025,11/2025,513.82,513.82,237.34,73,"Steel"
474,617254,"Replacement of remaining 04 sets of Battery Cyclones with 04 Nos. of ESPs in Sinter Plant-1 at Bokaro Steel Plant","Steel Authority of India Limited [SAIL]","Jharkhand",03/2024,04/2024,06/2026,-,260.37,260.37,51.12,22,"Steel"
475,617257,"Rebuilding of Coke Oven Battery No.6 at Bokaro Steel Plant","Steel Authority of India Limited [SAIL]","Jharkhand",11/2023,12/2023,11/2026,-,627.31,627.31,126.45,42,"Steel"
476,400121,"Construction of Screening Plant-II for Donimalai and Kumaraswamy Iron Ore Mining Complex of NMDC Limited at Ballari Dt, Karnataka.","National Mineral Development Corporation Limited [NMDC]","Karnataka",11/2014,06/2024,08/2026,-,1043.63,1043.63,262.34,32,"Steel"
477,400065,"Installation of 4th Slab Caster along with its Auxiliaries and a New Ladle Furnace in SMS-II at Rourkela Steel Plant","Steel Authority of India Limited [SAIL]","Odisha",01/2022,02/2022,05/2025,09/2025,1105.23,1105.23,769.08,99,"Steel"
478,612781,"Rebuilding of COB 4 at Durgapur Steel Plant","Steel Authority of India Limited [SAIL]","West Bengal",09/2023,09/2023,12/2026,-,916.78,916.78,137.01,18,"Steel"
479,617242,"Installation of New Bar Mill at Durgapur Steel Plant","Steel Authority of India Limited [SAIL]","West Bengal",07/2024,08/2024,06/2027,-,2115.44,2115.44,228.35,29,"Steel"
480,617246,"Up-gradation of Blast Furnace No. 3 at Durgapur Steel Plant","Steel Authority of India Limited [SAIL]","West Bengal",09/2024,08/2024,06/2026,-,758.09,758.09,67.14,6,"Steel"
481,617248,"Third Ladle Furnace in Secondary Refinery Unit at IISCO Steel Plant","Steel Authority of India Limited [SAIL]","West Bengal",11/2024,12/2024,07/2026,-,227.96,227.96,19.61,31,"Steel"
482,617251,"Revamping of Air Pollution Control Systems of SP-1 at Durgapur Steel Plant","Steel Authority of India Limited [SAIL]","West Bengal",07/2024,12/2024,05/2026,-,196.4,196.4,0.19,3,"Steel"
483,400298,"Nadikudi - Srikalahasti New Line","South Central Railway [SCR] - II","Andhra Pradesh",03/2012,12/2016,05/2027,03/2028,2312,5200,2179,54,"Railways"
484,611752,"GOOTY-PENDEKALLU DOUBLING 29.225 Km","South Central Railway [SCR] - II","Andhra Pradesh",03/2023,06/2023,03/2027,03/2027,351.83,351.83,18,25,"Railways"
485,611754,"GUNTAKAL WEST-MALLAPPA GATE RAIL OVER RAIL - ROR TRACK","South Central Railway [SCR] - II","Andhra Pradesh",07/2023,07/2023,07/2026,-,293.3,293.3,0,0,"Railways"
486,611927,"Kurnool - Setting up facilities for coach midlife rehabilitation workshop","WPO/Patna","Andhra Pradesh",01/2014,10/2017,12/2023,-,560.72,560.72,276.66,65,"Railways"
487,612827,"Flyover between Pendurthi and Simhachalam North to avoid surface crossing at Simhachalam 7.135 km PB 73 of 2023 24 NR","East Coast Railway [ECoR] - II","Andhra Pradesh",04/2023,05/2024,04/2027,-,183.65,183.65,5.11,11,"Railways"
488,616697,"3rd & 4th line between Vadlapudi -Gate Jn. cabin and Tie line between Gate Junction to Gangavaram port","East Coast Railway [ECoR] - II","Andhra Pradesh",04/2023,03/2024,06/2026,-,154.28,154.28,15.92,18,"Railways"
489,705253,"Kurnool Coach Midlife Rehabilitation Project","WPO/Patna","Andhra Pradesh",05/2016,07/2014,12/2020,-,563,563,120,0,"Railways"
490,705436,"Kotapalli - Narasapur New Line","South Central Railway [SCR] - II","Andhra Pradesh",03/2009,09/2013,03/2028,03/2028,2501,2501,1303.41,29,"Railways"
491,705633,"Guntur-Guntakal Doubling Project","South Central Railway [SCR] - II","Andhra Pradesh",03/2017,11/2017,12/2025,12/2026,3733,4295,4357.74,93,"Railways"
492,705648,"Vijaywada-Gudur 3rd Line","RVNL - II","Andhra Pradesh",08/2016,04/2018,11/2024,12/2025,6654,6654,5922,90,"Railways"
493,705789,"Penukonda - Dharmavaram Doubling Project [41.5 Km]","South Western Railway [SWR] - II","Andhra Pradesh",06/2018,12/2018,03/2026,03/2026,307.66,307.66,292.98,61,"Railways"
494,705572,"Doubling of New Bonggigaon to Kamakhya via Goalpara - 176 km","Northeast Frontier Railway [NFR]","Assam",09/2016,09/2016,03/2026,03/2026,4060,4961,3707.75,93,"Railways"
495,706922,"Guwahati-Dibrugarh via Tinsukia & Simaluguri-Dibrugarh","Central Organisation for Railway Electrification [CORE]","Assam",09/2020,09/2018,09/2020,06/2024,890.36,889.36,391.73,89,"Railways"
496,706940,"Mariani-Jorhat, Tinsukia-Dangri and Makum -TirapTrack Electrification Project","GM/C/ NFR","Assam",09/2018,01/2022,05/2024,-,183.99,183.99,0,0,"Railways"
497,706942,"Harmuty-Murkongselek Branch Line Electrification Project","GM/C/ NFR","Assam",09/2018,01/2022,05/2024,-,237.52,237.52,0,0,"Railways"
498,400254,"Sakri -Hasanpur [via Harnagar - Kusheshwar Asthan] New Railway line","East Central Railway [ECR] - I","Bihar",12/2023,08/1997,12/2024,03/2027,735.2,735.2,587.39,82,"Railways"
499,617373,"Jhajha-Batai New Line Project","East Central Railway [ECR] - I","Bihar",03/2023,03/2023,03/2027,-,588.18,588.18,2.74,0,"Railways"
500,705364,"Khagaria-Kusheshwar Asthan [42Km] new line project","East Central Railway [ECR] - I","Bihar",04/2019,12/1998,12/2024,03/2027,614,1384,485.71,55,"Railways"
501,705366,"Hajipur-Sagauli New line","East Central Railway [ECR] - I","Bihar",10/2007,10/2004,03/2020,12/2026,2067,2087,1997.26,74,"Railways"
502,705368,"Araria Supaul New BG Line","East Central Railway [ECR] - I","Bihar",06/2018,03/2009,03/2024,01/2027,1605,2514,1528.41,35,"Railways"
503,705373,"Fatuha-Islampur incl. MM for extn.of NL from Neora to Daniawan , Daniawan to Biharsharif, Biharsharif to Barbigha , Barbigha to Shekhpura","East Central Railway [ECR] - I","Bihar",08/2002,03/2002,03/2023,08/2025,1473,2882,2522.41,94,"Railways"
504,705450,"Jogbani-Biratnagar New Rail Line project","Indian Railway Construction International Limited [IRCON]","Bihar",06/2010,01/2011,03/2022,12/2026,402,486,367.54,86,"Railways"
505,705526,"Samastipur-Darbhanga Doubling Railway Project","East Central Railway [ECR] - I","Bihar",11/2015,12/2015,03/2025,10/2025,519,519,354.98,84,"Railways"
506,705527,"Sagauli-Valmiknagar","East Central Railway [ECR] - I","Bihar",03/2018,03/2017,12/2025,12/2025,1216,2222,2062.27,91,"Railways"
507,705528,"Muzaffarpur-Sugauli","East Central Railway [ECR] - I","Bihar",03/2018,03/2017,06/2024,02/2026,1586,1586,1465.64,99,"Railways"
508,706759,"Rampur Dumra-Tal-Rajendrapul Additional Bridge and Railway Line Doubling","Indian Railway Construction International Limited [IRCON]","Bihar",03/2016,05/2017,12/2024,12/2025,2373.64,1700.24,1414.12,96,"Railways"
509,706860,"Barauni-Bachwara [16 km] - 3rd & 4th line incl. Barauni yard remodelling [32 km]","East Central Railway [ECR] - I","Bihar",10/2022,08/2025,08/2025,10/2026,645,645,7.61,55,"Railways"
510,900874,"JHAJHA - BATIA","East Central Railway [ECR] - I","Bihar",03/2023,03/2023,03/2028,01/2030,588.18,588.18,0.49,0,"Railways"
511,400220,"Kharsia-Dharamjaygarh with Spur line [East Corridor-Phase 1]","Indian Railway Construction International Limited [IRCON]","Chhattisgarh",03/2016,01/2014,09/2018,03/2026,3055,3438,2587.28,94,"Railways"
512,400291,"Doubling of Kirandul-Jagdalpur Line [150 km]","East Coast Railway [ECoR] - II","Chhattisgarh",02/2013,03/2013,03/2020,12/2025,1589,1798,1542.79,92,"Railways"
513,602792,"Gauge Conversion of Kendri-Dhamtari including Abhanpur - Rajim Branch line 67.20 Kms - 2nd Material Modification to Raipur Titlagarh doubling.","SECR","Chhattisgarh",07/2011,05/2021,02/2025,11/2025,1171,1171,848,82,"Railways"
514,612815,"4th line between Nipania Bhatapara 14.4 Km","South East Central Railway [SECR] - II","Chhattisgarh",12/2022,05/2024,03/2027,-,170.49,170.49,0,2,"Railways"
515,613003,"Dharamjaigarh-Korba 63 km","CERL","Chhattisgarh",08/2023,07/2022,08/2026,-,1686.26,1686.26,288.83,18.5,"Railways"
516,617374,"Dallirajhara - Rowghat New Rail Line Project, Phase-I","Rail Vikas Nigam Limited","Chhattisgarh",NA,11/2009,03/2025,-,1516.45,1516.45,873.79,92,"Railways"
517,705433,"Dallirajhra- Rowghat New Railway Line - Phase I [95 km]","RVNL - II","Chhattisgarh",07/2009,12/2009,09/2025,12/2025,1628,1628,1440.85,82,"Railways"
518,705444,"Gevra Road-Pendra Road New Railway Line [135 km]","Indian Railway Construction International Limited [IRCON]","Chhattisgarh",04/2014,04/2014,03/2022,12/2025,4970,4970,4449.99,73,"Railways"
519,706854,"Boridand - Ambikapur Doubling Line Project","South East Central Railway [SECR] - II","Chhattisgarh",06/2022,04/2022,06/2030,06/2030,1376,1576.23,218,18,"Railways"
520,709814,"NIPANIA-BHATAPRA [14.4 KM] 4TH LINE [PB-72/NR/2022-23]","SECR","Chhattisgarh",12/2022,05/2024,12/2026,12/2026,170,184,0,2,"Railways"
521,709815,"4TH LINE - BHATAPARA-HATHBAND [8.8 KM] [PB-72/NR/2022-23]","SECR","Chhattisgarh",09/2022,05/2024,01/2027,12/2027,177.03,177.03,0,2,"Railways"
522,709816,"4TH LINE - BHILAI-BHILAI NAGAR [8.8 KM] [PB-72/NR/2022-23]","SECR","Chhattisgarh",09/2022,05/2024,02/2027,02/2027,177.34,177.34,1.64,4,"Railways"
523,709817,"4TH LINE - DADHAPARA-BELHA [9.2 KM] [PB-72/NR/2022-23]","SECR","Chhattisgarh",09/2022,05/2024,11/2026,11/2026,169.06,169.06,15.58,60,"Railways"
524,709818,"4TH LINE RAJNANDGAON-DONGARHGARH [31.2 KM] [PB-72/NR/2022-23]","SECR","Chhattisgarh",09/2022,05/2024,01/2027,01/2027,328.34,328.34,53.88,25,"Railways"
525,709819,"3RD AND 4TH LINE - SARAGBUNDIA AND MADWARANI","SECR","Chhattisgarh",09/2022,05/2025,12/2026,12/2026,167.64,167.64,0.04,3,"Railways"
526,613785,"Redevelopment of New Delhi Railway Station and construction of associated infrastructure","Rail Land Development Authority","Delhi",01/2023,06/2024,12/2028,-,4744,4744,119.71,1,"Railways"
527,617379,"Development of New Bijwasan Railway Terminal","Northern Railways","Delhi",02/2008,03/2013,03/2020,-,446.21,446.21,511.94,80,"Railways"
528,705298,"North Region Video Surveillance Project","RCIL","Delhi",06/2020,04/2023,03/2024,-,274.39,274.39,0,0,"Railways"
529,705583,"Anand Vihar-Tilak Bridge 3rd & 4th line","CAO/C/NR","Delhi",03/2013,03/2013,03/2023,12/2027,667,667,285.44,62,"Railways"
530,705694,"Provision of Work-site Tampers [WST] Railway Project","EDTK[MC]/RB","Delhi",01/2016,01/2016,12/2023,01/2026,187.72,187.72,141.91,100,"Railways"
531,705708,"WST Machine Procurement Project","EDTK[MC]/RB","Delhi",06/2018,06/2018,03/2024,12/2027,176,176,0,0,"Railways"
532,705710,"PCT Machine Procurement Project","EDTK[MC]/RB","Delhi",04/2019,04/2019,04/2024,06/2027,336,336,74.32,85,"Railways"
533,705712,"RBMV Machine Procurement Project","EDTK[MC]/RB","Delhi",10/2019,10/2019,06/2024,12/2027,480,480,0.33,7,"Railways"
534,705717,"SRGM Machine Procurement Project","EDTK[MC]/RB","Delhi",10/2019,10/2019,12/2023,03/2026,440,440,390.03,90,"Railways"
535,705720,"WST Machine Procurement Project","EDTK[MC]/RB","Delhi",12/2019,12/2019,04/2024,12/2026,384,384,0,0,"Railways"
536,705721,"DTS Machine Procurement Project","EDTK[MC]/RB","Delhi",12/2019,12/2019,12/2024,12/2026,447.6,447.6,0,0,"Railways"
537,705722,"BRM Machine Procurement Project","EDTK[MC]/RB","Delhi",09/2019,09/2019,06/2024,12/2027,210,210,0.02,0,"Railways"
538,705726,"Track Machine Procurement Project","EDTK[MC]/RB","Delhi",04/2020,04/2020,03/2025,01/2028,6339,6339,4166.47,41,"Railways"
539,611918,"Kosamba Umarpada 70 Km","PCE/WR","Gujarat",07/2023,07/2022,03/2027,-,468,468,20,8,"Railways"
540,611937,"Adraj Moti Vijapur 40 Kms","Western Railway [WR] - II","Gujarat",05/2022,05/2022,05/2026,05/2026,417.53,417.53,223,86,"Railways"
541,611938,"Vijapur Ambliyasan 42 km","PCE/WR","Gujarat",05/2022,05/2022,05/2026,05/2026,415.38,415.38,364,96,"Railways"
542,611939,"Himatnagar Khedbrahma  55 km","Railway","Gujarat",06/2022,04/2017,06/2001,06/2026,482.42,482.42,461,96,"Railways"
543,611943,"New broad gauge line between Naliya Jakhau Port 25 Kms","PCE/WR","Gujarat",02/2023,02/2023,01/2028,01/2028,410.26,410.26,6,4,"Railways"
544,611944,"Quadrupling between Gandhidham Adipur with Y connection at Adipur for providing direct entry towards Mundra Port and Bhuj and high level platform at Gopalpur 11Kms","PCE/WR","Gujarat",02/2023,02/2023,03/2026,03/2026,152.44,152.44,20,68,"Railways"
545,611945,"Petlad Bhadran 23 Kms","PCE/WR","Gujarat",05/2022,05/2022,05/2030,05/2030,307.11,307.11,82,17,"Railways"
546,611970,"Samlaya Timba Road 54 km","PCE/WR","Gujarat",02/2023,02/2023,03/2030,03/2030,670.17,670.17,102,12,"Railways"
547,611971,"Samni Jambusar 24 km","PCE/WR","Gujarat",05/2022,05/2022,03/2030,03/2030,350,349.93,87,31,"Railways"
548,611974,"Western Railway Samakhiali Gandhidham Quadrupiling 53 Kms","PCE/WR","Gujarat",08/2023,08/2023,12/2026,-,1430,1430,0,0,"Railways"
549,611977,"Dahod Creation of Infrastructure facilities for 9000 HP Electric locomotives Manufacturing  at","PCE/WR","Gujarat",05/2022,02/2023,02/2025,-,487,487,108.69,0,"Railways"
550,611978,"Dahod Rolling Stock Workshop Provision of Infrastructure for CBS at","PCE/WR","Gujarat",11/2022,03/2023,03/2025,-,158,158,47.31,0,"Railways"
551,611979,"Sabarmati Setting up of Maintenance Facilities for Train Sets Phase ii","PCE/WR","Gujarat",01/2023,04/2023,06/2025,-,250,250,0,0,"Railways"
552,612072,"4th LINE BETWEEN BAREJADI NANDEJ-SANAND-AHMEDABAD BYPASS","Western Railway","Gujarat",02/2023,02/2023,03/2027,03/2027,961.67,961.67,333.21,17,"Railways"
553,613786,"Redevelopment of Ahmedabad railway station and associated infrastructure on engineering, procurement and construction mode","Rail Land Development Authority","Gujarat",01/2023,11/2023,03/2028,-,2379,2379,682.86,18,"Railways"
554,705458,"Miyagam-Karjan-Dabhoi-Samlaya [GC]","Western Railway [WR] - II","Gujarat",01/2017,01/2017,03/2021,12/2026,483.88,1039.13,621.37,41,"Railways"
555,706757,"Modasa-Shamlaji Road Railway Line Project","SECR","Gujarat",09/2012,04/2008,03/2025,03/2027,262,262,203,58,"Railways"
556,706763,"Rajkot - Kanalus Doubling Project [111.2 Kms]","Western Railway [WR] - II","Gujarat",10/2021,12/2021,10/2026,10/2026,1080.58,1080.58,787.69,76,"Railways"
557,709812,"NADIAD-PETLAD [37.26 KM]","Railway","Gujarat",05/2022,NA,06/2030,06/2030,461.91,461.91,75,7,"Railways"
558,709813,"NEW BG LINE INTERSECTION [5 NOS] BETWEEN GERATPUR-SANAND & BOTAD-AHMEDABAD [16.51 KM]  [PB#29/NR/202","SECR","Gujarat",10/2022,NA,10/2027,10/2027,437.21,437.21,43,15,"Railways"
559,611884,"Bhiwani - Dobh Bahali Doubling Project [42.30 Km]","North Western Railway [NWR]","Haryana",02/2023,02/2023,02/2028,02/2028,471,471,208.84,65,"Railways"
560,617372,"Doubling between Pradhankunta-Patherih-Bhojudih of East Central Railway","East Central Railway [ECR] - I","Jharkhand",11/2022,11/2022,12/2025,-,349.22,349.22,86.48,70,"Railways"
561,705765,"Gomoh - Flyover for DN trains","East Central Railway [ECR] - I","Jharkhand",01/2018,01/2018,03/2026,03/2026,686,686,546.05,59,"Railways"
562,705785,"Lodhma - Piska - Link Line bypassing Hatia/Ranchi with Y connection","South Eastern Railway [SER] - I","Jharkhand",08/2021,03/2019,06/2026,05/2027,473,473,287.38,5,"Railways"
563,706837,"Pradhan Kuntha Jn Line Doubling Project","East Central Railway [ECR] - I","Jharkhand",11/2022,11/2022,11/2027,11/2027,349.22,349.22,100.96,62,"Railways"
564,703585,"Yeshvanthpur - Channasandra Doubling Project [21.70 Km]","Karnataka Rail Infrastructure Development Company Limited [K-RIDE]","Karnataka",04/2019,10/2019,03/2024,03/2026,314.1,683.57,152.31,53,"Railways"
565,705434,"New Railway Line between Ginigera and Raichur [165.57 km]","South Western Railway [SWR] - II","Karnataka",03/2008,05/2009,03/2019,03/2027,2565,3034.98,2096.35,66,"Railways"
566,705490,"Gadag-Wadi New Railway Line [257 km]","South Western Railway [SWR] - II","Karnataka",04/2013,08/2017,03/2027,12/2027,2842,6700,1383.77,30,"Railways"
567,705492,"Kadur - Chickamagalur - Sakleshpur [93km]","South Western Railway [SWR] - II","Karnataka",01/2014,11/2016,06/2025,12/2025,825,825,799.76,83,"Railways"
568,705495,"Bagalkot-Kudachi New Railway Line [142 km]","South Western Railway [SWR] - II","Karnataka",10/2013,11/2012,03/2027,01/2027,1378,1649,700.24,35,"Railways"
569,705496,"Tumkur-Chitradurga-Davangere New Rail Line Project [191 km]","South Western Railway [SWR] - II","Karnataka",10/2013,01/2017,03/2019,12/2027,1876,1876,530.62,13,"Railways"
570,705663,"Bangalore-Whitefield-Bangalore City-Krishnarajapuram [23.08 km] - Quadrupling","South Western Railway [SWR] - II","Karnataka",02/2018,06/2022,02/2026,02/2026,493,493,252.45,82,"Railways"
571,705761,"SHIMOGA - SHIKARIPURA - RANEBENNUR [96 Km]","South Western Railway [SWR] - II","Karnataka",09/2019,02/2023,12/2027,06/2028,1454,1454,69.95,11,"Railways"
572,705638,"Kumbalam-Turavur doubling project [15.59 Km]","Southern Railway [SR] - II","Kerala",04/2023,04/2023,03/2027,03/2027,813,802.8,66.69,17,"Railways"
573,705639,"Ernakulam-Kumbalam doubling project [7.71 Km]","SR-ERS","Kerala",04/2023,04/2023,03/2028,02/2027,601,595.39,289.52,18,"Railways"
574,705480,"Lalitpur-Satna, Rewa-Singrauli & Mahoba-Khajuraho","North Central Railway","Madhya Pradesh",01/2007,03/1998,03/2027,12/2027,8914,8914,5013.49,72,"Railways"
575,705651,"Katni - Bina Third Railway Line [279 km]","West Central Railway WCR I","Madhya Pradesh",06/2016,01/2017,03/2022,12/2025,2478.23,4127.23,3301.89,90,"Railways"
576,705659,"Satna-Rewa Railway Line Doubling Project","West Central Railway [WCR] - II","Madhya Pradesh",11/2015,08/2017,03/2026,03/2026,500,584,561.38,80,"Railways"
577,705660,"Doubling of Katni - Singrauli Railway Line [261 km]","Indian Railway Construction International Limited [IRCON]","Madhya Pradesh",03/2016,03/2017,12/2025,12/2025,2445,4377,3218.87,100,"Railways"
578,705661,"Katni Grade Separator/Bye Pass","Indian Railway Construction International Limited [IRCON]","Madhya Pradesh",03/2016,09/2017,09/2024,03/2026,1248,1248,1615.7,94,"Railways"
579,705763,"Indore - Budni New Railway Line [198 kms]","RVNL - II","Madhya Pradesh",08/2019,10/2020,09/2030,09/2030,7474,7474,1698.94,23,"Railways"
580,705933,"Nimach-Ratlam Doubling [133 Km]","Western Railway [WR] - II","Madhya Pradesh",10/2021,10/2021,10/2027,10/2027,1095.88,1095.88,1067.49,89,"Railways"
581,400019,"DHULE [BORVIHIR] - NARDANA NEW LINE [50.60 KMS]","Central Railway (CR) - II","Maharashtra",01/2019,04/2023,12/2026,09/2027,492.76,1170.83,256.28,16,"Railways"
582,400271,"Wardha-Nanded Via Yavatmal New BG Line","Central Railway [CR] - II","Maharashtra",12/2017,04/2008,03/2028,03/2028,3445,3445,3002.93,50,"Railways"
583,611751,"AURANGABAD-ANKAI - DOUBLING PROJECT 98.25 Km","South Central Railway [SCR] - II","Maharashtra",05/2023,05/2023,03/2027,-,960.64,960.64,0,0.01,"Railways"
584,613015,"Redevelopment of Chhatrapati Shivaji Maharaj Terminus [CSMT] and construction of associated infrastructure","Rail Land Development Authority","Maharashtra",04/2023,07/2023,03/2027,-,1813,1813,584.61,14,"Railways"
585,617215,"Doubling between Parbhani  Parli Vaijanath stations  64.71 Km","South Central Railway [SCR] - II","Maharashtra",12/2023,12/2023,03/2028,-,769.93,769.93,0,0,"Railways"
586,617361,"Babupeth - Sasti New Rail Line [13.114 KMs]","Central Railway (CR) - II","Maharashtra",10/2024,10/2024,03/2028,-,362.81,362.81,0,0,"Railways"
587,617364,"Double Chord line Between Nilaje-Kopar","Central Railway (CR) - II","Maharashtra",01/2025,01/2025,07/2028,-,338.33,205,3.42,0,"Railways"
588,705300,"Western Region Video Surveillance Project","RCIL","Maharashtra",06/2020,04/2023,12/2023,-,227.59,227.59,0,0,"Railways"
589,705356,"Ahmednagar - Beed - Parli - Vaijnath  New Broad Gauge Line Railway Project [261.3 km]","Central Railway [CR] - II","Maharashtra",01/1999,10/2002,03/2026,03/2026,2538.67,4957.27,5015.05,98,"Railways"
590,705357,"Baramati Lonand New Line Project","Central Railway (CR) - II","Maharashtra",03/2016,03/1999,03/2027,03/2027,138.48,1843.9,748.88,51,"Railways"
591,705479,"Wadsa-Gadchiroli","South East Central Railway","Maharashtra",05/2017,03/2012,03/2027,03/2027,1886,1886,727.28,52,"Railways"
592,705498,"3rd Line Kalyan - Kasara [67.35 Kilometres]","Central Railway (CR) - II","Maharashtra",09/2015,09/2015,12/2026,12/2026,792.89,1395.79,912.1,51,"Railways"
593,705500,"3rd Line Wardha - Sewagram - Nagpur","Central Railway [CR] - II","Maharashtra",09/2015,05/2016,12/2025,12/2025,540.02,944.24,764.69,81,"Railways"
594,705502,"3rd Line Wardha - Ballarshah [132 Kilometres]","Central Railway (CR) - II","Maharashtra",03/2016,12/2016,12/2025,02/2026,1384.72,2033.59,1655.88,68,"Railways"
595,705503,"Pune - Miraj-Londa  [467 Kilometres]","Central Railway (CR) - II","Maharashtra",06/2016,06/2016,02/2025,08/2025,4027.53,4872.52,4833.04,85,"Railways"
596,705504,"Doubling of Daund Manmad Line [247.6 km]","Central Railway (CR) - II","Maharashtra",10/2017,03/2017,12/2025,03/2026,2081.27,3267.06,2829.9,88,"Railways"
597,705505,"4th Line Wardha - Nagpur [78.7 Kilometres]","Central Railway [CR] - II","Maharashtra",04/2017,05/2018,12/2025,02/2026,637.95,1341.28,988.87,81,"Railways"
598,705506,"3rd Line Manmad - Jalgaon [160 Kilometres]","Central Railway [CR] - II","Maharashtra",05/2017,04/2018,12/2024,08/2025,1035.16,1558.75,1726.94,95,"Railways"
599,705735,"Solapur-tuljapur-Osmanabad","Central Railway (CR) - II","Maharashtra",08/2018,12/2023,03/2027,03/2028,904.92,3295.74,1134.58,12,"Railways"
600,705799,"Nagpur- Nagbhir Railway Line Gauge Conversion Project","MRIDC","Maharashtra",10/2019,04/2020,12/2025,12/2025,1400,1400,1472,80,"Railways"
601,706779,"Mumbai Urban Transport Project [MUTP] - PHASE II","Mumbai Rail Vikas Corporation Ltd.[MRVC]","Maharashtra",05/2008,04/2008,03/2014,12/2027,8087,8087,7364,87,"Railways"
602,706780,"Mumbai Urban Transport Project [MUTP]  Phase-IIIA","Mumbai Rail Vikas Corporation Ltd.[MRVC]","Maharashtra",04/2019,04/2019,12/2027,12/2027,33690,33690,2361.45,16,"Railways"
603,706781,"Mumbai Urban Transport Project Phase-III","Mumbai Rail Vikas Corporation Ltd.[MRVC]","Maharashtra",11/2016,12/2016,03/2022,12/2026,10947,10947,5303.76,65,"Railways"
604,709808,"PACHORA-JAMNER WITH EXTENSION UPTO MALKAPUR NG TO BG","CR","Maharashtra",08/2022,01/2022,08/2027,03/2028,955.39,2093.82,130.42,11,"Railways"
605,705391,"Jiribam-Imphal new line project","Northeast Frontier Railway [NFR]","Manipur",03/2013,12/2007,12/2026,06/2029,14323,21885.9,15598.11,69,"Railways"
606,705491,"Marikuppam - Kuppam New Line Project [23.70 Km]","South Western Railway [SWR] - II","Multi-States (Andhra Pradesh, Karnataka)",04/2012,10/2018,06/2026,06/2026,297,297,131.13,15,"Railways"
607,705494,"Rayadurg-Tumkur via Kalyandurg New Line [207 km]","South Western Railway [SWR] - II","Multi-States (Andhra Pradesh, Karnataka)",03/2008,07/2010,09/2015,02/2028,2496,2496,1730.22,68,"Railways"
608,705610,"Renigunta, Wadi & Gooty Bypass Railway Project","South Central Railway [SCR] - I","Multi-States (Andhra Pradesh, Karnataka)",04/2016,04/2016,12/2025,12/2025,302,543,381,50,"Railways"
609,617212,"Doubling between Mudkhed Medchal & Mahbubnagar  Dhone section 417.88 Km","South Central Railway [SCR] - II","Multi-States (Andhra Pradesh, Maharashtra, Telangana)",08/2023,08/2023,03/2029,-,4686.09,4686.09,0,0,"Railways"
610,400253,"Vizianagaram - Titlagarh 3rd line  [272 Km including By - pass line of 7.68 KM]","RVNL - II","Multi-States (Andhra Pradesh, Odisha)",06/2016,11/2016,12/2026,12/2026,4803,6670,5722.01,89,"Railways"
611,705512,"Doubling of Kottavalasa-Koraput Rail Line [189 KM]","East Coast Railway [ECoR] - II","Multi-States (Andhra Pradesh, Odisha)",12/2015,01/2016,03/2022,03/2028,2500,2500,1999.9,70,"Railways"
612,705520,"Vizianagaram-Sambhalpur 3rd Line Project","RVNL","Multi-States (Andhra Pradesh, Odisha)",06/2016,12/2016,03/2025,-,4803.16,4803.16,2979.23,0,"Railways"
613,400275,"Tindivanam-Nagari New Line Project [184.5 km]","Southern Railway [SR] - II","Multi-States (Andhra Pradesh, Tamil Nadu)",07/2008,10/2008,09/2016,03/2028,3631,3631,1113.53,18,"Railways"
614,616857,"Doubling between Motumari  Vishnupuram - 88.81 Km and Rail over Rail - RoR at Motumari - 10.877 Km","South Central Railway [SCR] - II","Multi-States (Andhra Pradesh, Telangana)",02/2024,03/2025,03/2029,-,1595.55,1595.55,9.59,1,"Railways"
615,617211,"Doubling of Guntur Bibinagar 239 Km","South Central Railway [SCR] - II","Multi-States (Andhra Pradesh, Telangana)",08/2023,08/2023,03/2029,-,2853.23,2853.23,46.87,1,"Railways"
616,705612,"Kazipet-Vijayawada 3rd line with electrification [220 km]","South Central Railway [SCR] - II","Multi-States (Andhra Pradesh, Telangana)",03/2013,08/2014,02/2025,12/2025,1953,3363,3246.08,92,"Railways"
617,705632,"Vijayawada - Kazipet Byepass line","South Central Railway [SCR] - II","Multi-States (Andhra Pradesh, Telangana)",04/2016,04/2016,01/2025,12/2025,647,904,901.1,92,"Railways"
618,705401,"Murkongselek-Pasighat","Northeast Frontier Railway (NFR) - II","Multi-States (Arunachal Pradesh, Assam)",02/2011,03/2023,03/2025,05/2026,435,1250,540.27,60,"Railways"
619,616701,"Lumding Furkating Doubling Project 140 km","Northeast Frontier Railway [NFR]","Multi-States (Assam, Nagaland)",02/2024,01/2025,02/2028,-,2123.7,2123.7,13.74,0,"Railways"
620,705392,"Dimapur [Dhansiri]-Sukhobi Kohima [Zubza] NL [82.5 Km]","Northeast Frontier Railway [NFR]","Multi-States (Assam, Nagaland)",08/2015,02/2016,03/2025,12/2025,6663,6663,5518.32,81,"Railways"
621,705794,"New Delhi- Howrah Speed Booster[160Kmph] Project","PCE/NCR","Multi-States (Bihar, Delhi, Jharkhand, Uttar Pradesh, West Bengal)",09/2019,09/2019,03/2024,-,6684.81,6684.81,127.03,0,"Railways"
622,400234,"Third Railway Line between Patratu-Sonnagar [281 kms]","RVNL - II","Multi-States (Bihar, Jharkhand)",11/2016,08/2018,03/2026,07/2026,8975,8975,4950,88,"Railways"
623,616699,"Multi tracking of Son Nagar-Andal 374.53 rkm & 814.38 tkm","East Central Railway [ECR] - I","Multi-States (Bihar, Jharkhand)",08/2023,08/2023,03/2028,-,12333.57,12333.6,508.44,12,"Railways"
624,705375,"Koderma-Tilaiya New Line","East Central Railway [ECR] - I","Multi-States (Bihar, Jharkhand)",11/2004,03/2002,02/2025,02/2026,1626,2020,2000.4,95,"Railways"
625,705385,"Pirpainti - Jasidih [100.52 Km] New BG line","Eastern Railway [ER] - I","Multi-States (Bihar, Jharkhand)",03/2014,03/2022,03/2028,03/2028,2555,2555,773.15,48,"Railways"
626,611669,"NER Provision of Automatic Block Signalling on Gorakhpur Cantt[Excl]  Chhapra Gramin & Burhwal Jn [Excl]  Sitapur Jn section of high density routes","North Eastern Railway [NER]","Multi-States (Bihar, Uttar Pradesh)",NA,06/2023,03/2027,-,380.47,380.47,24.53,0,"Railways"
627,617224,"Gorakhpur-Valmikinagar Doubling project","NER","Multi-States (Bihar, Uttar Pradesh)",08/2023,03/2024,12/2027,-,1120,1120,220.18,21,"Railways"
628,705562,"Chhapra-Ballia Patch Doubling","North Eastern Railway [NER]","Multi-States (Bihar, Uttar Pradesh)",03/2013,12/2015,02/2025,03/2026,963,1046,911.66,95,"Railways"
629,706844,"Katihar - Kumedpur Doubling Line Project","GM/C/ NFR","Multi-States (Bihar, West Bengal)",08/2022,NA,08/2027,08/2027,942,942,356,45,"Railways"
630,705617,"Rajnandgaon - Nagpur [Kalumna] Third Railway Line [228.30 km]","South East Central Railway [SECR] - II","Multi-States (Chhattisgarh, Maharashtra)",09/2016,12/2016,12/2024,06/2026,3545,3545,3466.53,96,"Railways"
631,617390,"Sardega -Bhalumuda New Double line [37.24 Km]","SECR","Multi-States (Chhattisgarh, Odisha)",09/2024,09/2024,03/2028,-,1281.81,1281.81,128,0,"Railways"
632,705511,"Jagdalpur-Koraput","East Coast Railway [ECoR] - II","Multi-States (Chhattisgarh, Odisha)",12/2015,03/2016,03/2024,12/2026,1547,1547,1323.05,90,"Railways"
633,705616,"Jharsuguda-Bilaspur Fourth Railway Line [206 km]","SECR","Multi-States (Chhattisgarh, Odisha)",09/2016,09/2016,10/2024,12/2025,2140,2979,2160.07,92,"Railways"
634,705728,"Mumbai-Ahmedabad High Speed Rail Project- 508 km","National High Speed Rail Corporation [NHSRC]","Multi-States (Dadra & Nagar Haveli and Daman & Diu, Gujarat, Maharashtra)",03/2015,09/2017,08/2027,12/2029,108000,108000,81242.89,54,"Railways"
635,705793,"New Delhi- Mumbai Speed Booster[160Kmph] Project","PCE/WR","Multi-States (Delhi, Gujarat, Madhya Pradesh, Maharashtra, Rajasthan)",09/2019,09/2019,03/2024,-,6806.44,6806.44,135.65,0,"Railways"
636,705650,"Hospet - Tinaighat - Vasco Rail Doubling Project","RVNL - II","Multi-States (Goa, Karnataka)",03/2010,07/2012,03/2027,12/2027,5060,5060,5007.82,86,"Railways"
637,706950,"Hospet-Hubli-Vasco da Gama Line Electrification Project","RVNL","Multi-States (Goa, Karnataka)",07/2015,05/2018,03/2023,03/2024,744.49,1122.62,969.05,95,"Railways"
638,705237,"Western Dedicated Freight Corridor","DFCCIL","Multi-States (Gujarat, Haryana, Maharashtra, Rajasthan, Uttar Pradesh)",02/2008,01/2012,03/2022,12/2025,51101,124005,124623,96,"Railways"
639,705453,"New line Dahod-Indore via Sardarpur, Jabuwa and Dhar","Western Railway [WR] - II","Multi-States (Gujarat, Madhya Pradesh)",06/2012,06/2012,02/2027,02/2027,456.07,3516.77,3531,48,"Railways"
640,705454,"Chhota Udaipur - Dhar New Line Project [157 km]","Western Railway [WR] - II","Multi-States (Gujarat, Madhya Pradesh)",11/2008,01/2014,12/2025,12/2025,1794,1794,1812.56,80,"Railways"
641,611452,"MUMBAI CENTRAL VIRAR VADODARA AHMEDABAAD TRAIN PROTECTION SYSTEM 500 RKM","Western Railway","Multi-States (Gujarat, Maharashtra)",09/2019,03/2023,12/2025,06/2025,311,311,208,92,"Railways"
642,400022,"Taranga Hill-Abu Road via Ambaji","North Western Railway [NWR]","Multi-States (Gujarat, Rajasthan)",07/2022,07/2022,07/2030,07/2030,2798,2798,1931.66,16,"Railways"
643,616842,"LUNI- SAMDARI- BHILDI DOUBLING","North Western Railway [NWR]","Multi-States (Gujarat, Rajasthan)",02/2024,02/2024,07/2027,-,3085.59,3085.59,277.6,12,"Railways"
644,705424,"Chandigarh-Baddi New Rail Line- 36 km","Northen Railway [NR]","Multi-States (Haryana, Himachal Pradesh)",02/2018,02/2018,12/2026,12/2026,1540,1540.13,522.31,31,"Railways"
645,611861,"Rewari - Kathuwas Doubling Project [27.72 Km]","North Western Railway [NWR]","Multi-States (Haryana, Rajasthan)",02/2023,12/2022,06/2027,06/2027,352,352,258.15,65,"Railways"
646,705410,"Nangal Dam-Talwara New Broad Gauge Line [84 KM] and Taking Over Siding Mukerian-Talwara [29 KM]","Northen Railway [NR]","Multi-States (Himachal Pradesh, Punjab)",03/1983,05/1985,12/2025,01/2027,2018,2018,2053.9,45,"Railways"
647,705428,"Bhanupalli-Bilaspur-Beri New Railway Line Project","RVNL - II","Multi-States (Himachal Pradesh, Punjab)",03/2009,04/2015,12/2026,12/2027,13447,13447,6902.81,60,"Railways"
648,705628,"Doubling of Hatia [Ranchi]-Bondamunda Rail Line - 159 km","South Eastern Railway - JH","Multi-States (Jharkhand, Odisha)",03/2016,02/2017,06/2025,06/2026,3029,3029,2487.31,86,"Railways"
649,705668,"KHARAGPUR-ADITYAPUR THIRD RAIL LINE- 132 KM","RVNL - II","Multi-States (Jharkhand, West Bengal)",09/2016,01/2018,03/2025,12/2025,3250,3250,3176.46,97,"Railways"
650,705662,"Hotgi-Kudgi-Gadag Doubling Project","South Western Railway [SWR] - II","Multi-States (Karnataka, Maharashtra)",04/2014,01/2016,12/2024,03/2026,1878,2459,2668.28,92,"Railways"
651,703586,"Baiyyappanahalli - Hosur Doubling Project [48 km]","Karnataka Rail Infrastructure Development Company Limited [K-RIDE]","Multi-States (Karnataka, Tamil Nadu)",04/2019,02/2019,03/2024,01/2026,498.7,748.7,630.41,86,"Railways"
652,705635,"Trivandrum- Kanyakumari","Southern Railway (SR) - I","Multi-States (Kerala, Tamil Nadu)",08/2017,03/2016,03/2024,12/2027,1432,3785,2451,46,"Railways"
653,705457,"Ratlam-Mhow-Khandwa-Akola Gauge Conversion","Western Railway [WR] - II","Multi-States (Madhya Pradesh, Maharashtra)",04/2008,03/2010,03/2027,09/2028,1656.25,6499.86,4433.45,80,"Railways"
654,705507,"Itarsi - Nagpur Third Railway Line [280 km]","Central Railway (CR) - II","Multi-States (Madhya Pradesh, Maharashtra)",09/2016,09/2016,03/2027,03/2027,2449.91,2506.68,1850.73,51,"Railways"
655,617406,"RATLAM- DUNGARPUR VIA BANSWARA NEW LINE PROJECT","North Western Railway [NWR]","Multi-States (Madhya Pradesh, Rajasthan)",10/2015,05/2023,03/2028,-,2417.24,2417.24,5.66,7,"Railways"
656,705419,"Gwalior - Seopurkala with extension to Kota [Gauge Conversion]","North Central Railway","Multi-States (Madhya Pradesh, Rajasthan)",03/2011,07/2018,03/2025,02/2026,2913,2913,2097.51,78,"Railways"
657,705481,"Ramganjmandi-Bhopal New Line Project [262 km]","West Central Railway [WCR] - II","Multi-States (Madhya Pradesh, Rajasthan)",03/2001,10/2004,12/2025,12/2027,3032,5073,3669.29,70,"Railways"
658,705764,"Nimach-Badi Sadri  New Rail Line Project","Western Railway [WR] - II","Multi-States (Madhya Pradesh, Rajasthan)",04/2017,09/2021,03/2026,06/2026,495,825,107.83,55,"Railways"
659,705667,"Mathura-Jhansi Third Railway Line [274 Km]","RVNL - II","Multi-States (Madhya Pradesh, Rajasthan, Uttar Pradesh)",12/2015,03/2018,12/2024,12/2026,5961,5961,4928.62,94,"Railways"
660,705598,"Jhansi - Bina Third Railway Line [153 Km]","CAO/C/NCR","Multi-States (Madhya Pradesh, Uttar Pradesh)",09/2016,03/2018,03/2022,03/2026,2002,2002,1806.86,93,"Railways"
661,705608,"Jhansi-Khairar-Manikpur & Khirar-Bhimsen","North Central Railway","Multi-States (Madhya Pradesh, Uttar Pradesh)",03/2018,04/2019,03/2026,03/2026,4330,4330,2362.91,60,"Railways"
662,705613,"Third Line [new] between Kazipet - Balharshah  with electrification [201.04 Km]","South Central Railway [SCR] - II","Multi-States (Maharashtra, Telangana)",09/2016,10/2016,01/2025,11/2025,2595,3071,3293.04,94,"Railways"
663,705629,"Narayangarh-Bhadrak 3rd line","South Eastern Railway [SER] - I","Multi-States (Odisha, West Bengal)",03/2019,03/2017,12/2025,06/2026,2400,2400,2278.8,65,"Railways"
664,400223,"Nagapattinam-Tiruturaipundi and Karaikal-Peralam New Line","Southern Railway [SR] - II","Multi-States (Puducherry, Tamil Nadu)",07/2008,01/2019,03/2026,03/2027,713,981,598.38,80,"Railways"
665,705432,"Sivok-Rangpo New Rail Line","Indian Railway Construction International Limited [IRCON]","Multi-States (Sikkim, West Bengal)",10/2009,05/2010,05/2015,12/2027,7877,12133,9039.91,84,"Railways"
666,602797,"Sainthia, Sitarampur, Mughalsarai, Allahabad & Etawah - Bypass Line Project","Eastern Railway [ER] - I","Multi-States (Uttar Pradesh, West Bengal)",08/2017,12/2017,03/2027,03/2027,461.64,461.64,192.67,8,"Railways"
667,400045,"Proposed 6 nos Road Over Bridge [ROB] at different locations under MCL Talcher Under Deposit Scheme.","East Coast Railway [ECoR] - II","Odisha",08/2022,07/2022,03/2025,01/2025,168.32,168.32,69.85,82,"Railways"
668,400232,"Brundamal-Jharsuguda- flyover connection for joining downline","East Coast Railway [ECoR] - II","Odisha",01/2014,01/2014,12/2026,12/2026,297,297,193.22,30,"Railways"
669,612834,"3rd & 4th line between Sarla - Sason [8 km] [PB 73/2023-24/NR]","East Coast Railway [ECoR] - II","Odisha",04/2023,04/2023,12/2025,-,252,252,79.55,45,"Railways"
670,616695,"Paradeep - Badabandha 3rd & 4th Line / 18.51kms","East Coast Railway [ECoR] - II","Odisha",08/2023,04/2025,11/2028,-,300.15,300.15,0.01,0,"Railways"
671,617290,"Jeypore - Malkangiri New BG Line Project","Indian Railways","Odisha",NA,02/2018,12/2030,-,2343.64,2343.64,437.48,2,"Railways"
672,617320,"New B.G Railway Line between Jeypore & Navarangpur [38 Km] with Electrification","Indian Railway and Govt of Odisha","Odisha",07/2017,09/2022,09/2025,-,747.91,747.91,5.71,0,"Railways"
673,705358,"Khurda-Bolangir New Broad Gauge Rail Link [301km]","East Coast Railway [ECoR] - II","Odisha",03/1994,03/2001,12/2026,12/2026,3792,5089,5027.62,89,"Railways"
674,705359,"Talcher-Bimlagarh New Railway Line","East Coast Railway [ECoR] - II","Odisha",03/2004,12/2004,03/2025,03/2027,1928,1928,1952.83,48,"Railways"
675,705510,"Bhadrak-Nergundi Third Line","East Coast Railway [ECoR] - II","Odisha",10/2015,04/2015,11/2024,01/2026,1284,1284,1298,80,"Railways"
676,705513,"Koraput - Singapur Railway Doubling","East Coast Railway [ECoR] - II","Odisha",12/2015,12/2015,12/2027,03/2028,2362,2362,1798.71,68,"Railways"
677,705514,"Jarapada- Budhapank with flyover at Talcher road 3rd and 4th Line","East Coast Railway [ECoR] - II","Odisha",11/2015,12/2015,11/2018,03/2026,1000,810.02,406.76,37,"Railways"
678,705515,"3rd & 4th Railway Line Project from Salegaon to Budhapank via Rajathgarh.","East Coast Railway [ECoR] - II","Odisha",07/2013,12/2015,03/2026,03/2026,1173,2092,1971,80,"Railways"
679,705741,"Jeypore-Navarangpur New  Rail Line Project","East Coast Railway [ECoR] - II","Odisha",07/2017,04/2023,07/2028,12/2029,748,748,10.56,1,"Railways"
680,706898,"Khurda Road - Balangir Electrification of Railway Track Project","Ministry of Railways","Odisha",09/2018,09/2019,03/2021,-,267.61,267.61,0,0,"Railways"
681,706900,"Jharsuguda-Sambalpur- Titlagarh and Titlagarh - Rayagada Railway track Electrification Project","Rail Vikas Nigam Limited","Odisha",06/2012,01/2015,12/2017,12/2024,1166,1166,505.77,91,"Railways"
682,709825,"SAMBALPUR DIVISION : 3RD AND 4TH LINE BET JERIKELA-ROURKELA [30 KM] [PB 72/2022-23/NR]","Railway","Odisha",04/2022,NA,03/2026,03/2026,453.68,453.68,70,50,"Railways"
683,602796,"Patiala - Setting up Diesel Loco Component Factory Phase I","DMW / PTa","Punjab",04/2013,10/2013,12/2025,-,192.21,192.21,118.82,23,"Railways"
684,611843,"Churu - Ratangarh Doubling Project 42.66 Km","North Western Railway [NWR]","Rajasthan",02/2023,12/2022,12/2026,12/2026,442,442,203.49,60,"Railways"
685,611844,"Dighu - Sujangarh Doubling Project 45.41 Km","North Western Railway [NWR]","Rajasthan",02/2023,02/2023,12/2026,12/2026,380,380,246,80,"Railways"
686,611847,"Thathana Mithri - Nawan City Doubling Project  15.93 Km","North Western Railway [NWR]","Rajasthan",02/2023,02/2023,03/2025,03/2025,182,182,109.11,92,"Railways"
687,611848,"Chandsawal - Degana Doubling Project  13.48 Km","North Western Railway [NWR]","Rajasthan",02/2023,02/2023,03/2026,03/2026,168,168,76.54,65,"Railways"
688,611849,"Pipar Road - Raika Bagh Doubling Project  44.91 Km","North Western Railway [NWR]","Rajasthan",02/2023,02/2023,06/2025,06/2025,357,357,117.84,65,"Railways"
689,611854,"Bhinmal - Raniwara Doubling Project  31.52 Km","North Western Railway [NWR]","Rajasthan",02/2023,02/2023,12/2027,12/2027,330,330,73.1,30,"Railways"
690,611859,"Jalor - Modran Doubling Project  34.88 Km","North Western Railway [NWR]","Rajasthan",02/2023,02/2023,12/2027,12/2027,364,364,59.39,25,"Railways"
691,611860,"Modran - Bhinmal Doubling Project  27.91 Km","North Western Railway [NWR]","Rajasthan",02/2023,02/2023,12/2027,12/2027,301,301,57.17,25,"Railways"
692,611864,"Bikaner - Sudsar Doubling Project 47.93 Km","North Western Railway [NWR]","Rajasthan",02/2023,02/2023,03/2026,03/2026,458,458,111.9,40,"Railways"
693,611866,"Suratgarh - Sarupsar Doubling Project  21.36 Km","North Western Railway [NWR]","Rajasthan",02/2023,02/2023,12/2025,12/2025,234,234,81.33,70,"Railways"
694,611868,"Chittaurgarh - Nimach Doubling Project [55.33 Km]","North Western Railway [NWR]","Rajasthan",10/2021,10/2021,10/2026,10/2026,423.86,423.86,220.12,65,"Railways"
695,611871,"Suratgarh - Rai Singh Nagar Doubling Project [56.40 Km]","North Western Railway [NWR]","Rajasthan",02/2023,02/2023,03/2026,03/2026,419,419,109.91,65,"Railways"
696,611874,"Sadulpur - Churu Doubling Project [57.85 Km]","North Western Railway [NWR]","Rajasthan",02/2023,02/2023,12/2026,12/2026,460,460,250.84,65,"Railways"
697,611876,"Karjoda - Palanpur Doubling Project 5.41 Km","North Western Railway [NWR]","Rajasthan",02/2023,02/2023,12/2025,12/2025,178,178,61.94,50,"Railways"
698,611877,"Sujangarh - Ladnun Doubling Project 9.77 Km","North Western Railway [NWR]","Rajasthan",02/2023,02/2023,12/2026,12/2026,160,160,105.77,80,"Railways"
699,611883,"Samdari - Mokalsar Doubling Project 26.24 Km","North Western Railway [NWR]","Rajasthan",02/2023,02/2023,12/2025,12/2025,263,263,33.09,20,"Railways"
700,611885,"Didwana - Khatu Doubling Project [21.05 Km]","North Western Railway [NWR]","Rajasthan",02/2023,02/2023,03/2026,03/2026,204,204,78.23,60,"Railways"
701,611887,"Khatu - Dighu Doubling Project [21.57 Km]","North Western Railway [NWR]","Rajasthan",02/2023,02/2023,12/2026,12/2026,203,203,119.55,80,"Railways"
702,611889,"Makrana - Borawar Doubling Project 5.37 Km","North Western Railway [NWR]","Rajasthan",02/2023,02/2023,03/2026,03/2026,183,183,38.2,30,"Railways"
703,611891,"Nawan City - Kuchaman City Doubling Project [15.65 Km]","North Western Railway [NWR]","Rajasthan",02/2023,02/2023,03/2026,03/2026,180,180,95.3,80,"Railways"
704,611893,"Sirohi Road - Swaroopganj Doubling Project 15.61 Km","North Western Railway [NWR]","Rajasthan",02/2023,02/2023,03/2025,03/2025,188,188,141.05,80,"Railways"
705,611894,"Balotra - Samdari Doubling Project 32.61 Km","North Western Railway [NWR]","Rajasthan",02/2023,02/2023,12/2025,12/2025,284,284,54.8,20,"Railways"
706,611896,"Sudsar - Sri Dungargarh Doubling Project  23.82 Km","North Western Railway [NWR]","Rajasthan",02/2023,02/2023,03/2026,03/2026,211,211,81.16,65,"Railways"
707,611898,"Mokalsar - Jalor Doubling Project [32.81 Km]","North Western Railway [NWR]","Rajasthan",02/2023,02/2023,12/2025,12/2025,321,321,79.52,30,"Railways"
708,612845,"Abu Road-Sarotra Road-Doubling 31.28 km","North Western Railway [NWR]","Rajasthan",02/2023,02/2023,03/2026,03/2026,306,306,128.93,50,"Railways"
709,612846,"Swaroopganj - Abu Road Doubling 25.39 Km","North Western Railway [NWR]","Rajasthan",02/2023,02/2023,03/2026,03/2026,296,296,156.45,65,"Railways"
710,612847,"Keshavganj - Sirohi Road Doubling 22.12 km","North Western Railway [NWR]","Rajasthan",02/2023,02/2023,03/2026,03/2026,244,244,142.33,70,"Railways"
711,612848,"Sarotra Road - Karjoda Doubling Project 23.59 Km","North Western Railway [NWR]","Rajasthan",02/2023,02/2023,12/2025,12/2025,249,249,158.74,80,"Railways"
712,705423,"Tharad-Vav-Suigam New Railway Line","NWR","Rajasthan",08/2023,08/2023,08/2028,08/2028,401.76,401.76,5.32,0,"Railways"
713,705435,"Dausa-Gangapurcity New Railway Line","North Western Railway [NWR]","Rajasthan",04/1997,12/1996,03/2024,03/2026,375.31,1022.95,785.49,94,"Railways"
714,705477,"Tonk-Deoli [70km]- MM to Ajmer-Pushkar new line","North Western Railway [NWR]","Rajasthan",03/2016,03/2016,06/2025,03/2026,1087,1087,0,0,"Railways"
715,705574,"Degana - Phulera [108.85 km]","North Western Railway [NWR]","Rajasthan",09/2019,09/2019,12/2026,12/2026,677,677,419.86,95,"Railways"
716,602798,"Construction of new bypass railway line at Chennai in connection with proposed 3rd & 4th Line between Chennai Beach & Korukupet","Southern Railway (SR) - I","Tamil Nadu",04/2018,11/2018,05/2026,12/2025,320,320,13.92,10,"Railways"
717,705465,"Salem-Karur","Southern Railway [SR] - II","Tamil Nadu",04/1997,04/1997,03/2013,12/2028,229,1397,1086.4,98,"Railways"
718,705468,"Madurai-Tuticorin Via Aruppukottai [New Line]","Southern Railway [SR] - II","Tamil Nadu",01/2012,02/2014,03/2020,03/2027,513,1288,574.63,40,"Railways"
719,705581,"Rameswaram-Dhanushkodi new line 17.20 kms","Southern Railway [SR] - II","Tamil Nadu",03/2019,03/2019,12/2026,12/2026,208.2,208.2,85.69,32,"Railways"
720,705743,"Oamlur-Mettur Dam Doubling Rail Line [29 Km]","Southern Railway [SR] - II","Tamil Nadu",08/2017,10/2018,03/2026,03/2026,206,206,170.61,84,"Railways"
721,705829,"Chengalpattu - Villupuram Rail Doubling Project","Rail Vikas Nigam Limited","Tamil Nadu",03/2006,03/2007,04/2018,06/2026,389,842.16,773.09,92,"Railways"
722,709804,"AYANAVARAM-4TH LINE AT CENTRAL STN END OF AYANAVARAM ALONG WITH NEW BRIDGE ACROSS THE OTTERI NALLAH [","Railway","Tamil Nadu",02/2014,02/2014,03/2026,03/2026,161.4,161.4,59.39,36,"Railways"
723,709805,"CONSTRUCTION OF FOURTH LINE B/W MMC AND BASIN BRIDGE IN C/W FOURTH LINE BETWEEN CHENNAI BEACH- KORUK","Railway","Tamil Nadu",03/2015,10/2016,03/2026,03/2026,163.63,163.63,77.74,40,"Railways"
724,617208,"Quadrupling between Secunderabad & Moula Ali 10 Km","South Central Railway [SCR] - II","Telangana",09/2023,09/2023,03/2027,-,175.7,175.7,0,0,"Railways"
725,617209,"New BG line - Hasanparthi - Kazipet - By pass 10.70 Km","South Central Railway [SCR] - II","Telangana",01/2024,01/2024,03/2028,-,191.17,191.17,0,0,"Railways"
726,617210,"Bhadrachalam-Malkangiri New Railway Line","South Central Railway [SCR] - II","Telangana",09/2021,09/2021,03/2028,-,3593.68,3593.68,172.93,1,"Railways"
727,617213,"Doubling between Bolarum - Medchal 14.15 Km","South Central Railway [SCR] - II","Telangana",08/2023,08/2023,03/2027,-,225.86,225.86,28,0,"Railways"
728,705437,"Manoharabad - Kothapalli New BG Line Project","South Central Railway [SCR] - II","Telangana",04/2006,06/2006,12/2010,03/2027,1160,1160,2484.58,74,"Railways"
729,705438,"Armoor - Adilabad - Via Nirmal New Line","South Central Railway [SCR] - II","Telangana",03/2019,03/2019,03/2026,03/2026,2800,2800,2660.1,62,"Railways"
730,705488,"Akkannapet - Medak New Line [17.2 Km]","South Central Railway [SCR] - II","Telangana",03/2012,08/2012,03/2016,12/2026,118,206,170.83,96,"Railways"
731,705489,"Bhadhrachalam-Sathupalli New Railway Line [56.25 Km]","South Central Railway [SCR] - II","Telangana",12/2010,08/2015,12/2024,12/2026,704,927.94,847.4,98,"Railways"
732,705607,"Secunderabad - Mahabubnagar Doubling Project [85 Km]","South Central Railway [SCR] - II","Telangana",10/2015,12/2015,02/2024,12/2025,727.65,1031.57,988.66,95,"Railways"
733,705649,"Kazipet Bypass [10.65 km]","South Central Railway [SCR] - II","Telangana",02/2017,02/2017,12/2025,12/2025,248.8,248.8,51.81,5,"Railways"
734,706915,"Manuguru - Ramagundam Railway line electrification Project","Central Organisation for Railway Electrification [CORE]","Telangana",02/2018,05/2018,03/2021,12/2026,211.36,252.02,159.26,95,"Railways"
735,705445,"Agartala-Akhaura New Railway Line Project [9.78 Km]","Indian Railway Construction International Limited [IRCON]","Tripura",07/2013,11/2013,12/2021,12/2025,252,973,810.15,95,"Railways"
736,400030,"Lucknow - Varanasi via Pratapgarh","Northern Railways","Uttar Pradesh",03/2017,03/2017,03/2026,03/2026,3035.8,3035.8,2468,76,"Railways"
737,400263,"Bhatni-Aunrihar","North Eastern Railway (NER) - I","Uttar Pradesh",03/2016,05/2017,03/2024,03/2027,1184.28,1184.28,799.3,77,"Railways"
738,400267,"Aunrihar- Jaunpur Doubling Railway Project [59 km]","North Eastern Railway [NER]","Uttar Pradesh",03/2016,03/2016,12/2023,12/2025,487,487,419.03,89,"Railways"
739,602795,"Barauni - Kanpur [654 km]- provision of LTE","Northern Railways","Uttar Pradesh",08/2022,08/2022,06/2025,12/2026,208,208,0,0,"Railways"
740,611910,"Dhanari Rajghat Narora 23.9 KMs","PCE/NR","Uttar Pradesh",03/2022,03/2022,03/2025,03/2025,188,188,4,4,"Railways"
741,612806,"Lucknow-Kanpur Quadrupling (Between Utratia-Kanpur Bridge) 68.3 km","Northern Railways","Uttar Pradesh",03/2023,08/2023,03/2027,-,1730,1730,3,1,"Railways"
742,612807,"Nani - Jhusi 5.25 Km","Northern Railways","Uttar Pradesh",03/2023,04/2023,03/2026,-,127,127,24,11,"Railways"
743,616694,"Doubling/Multi Tracking Phaphamau -Unchahar Jn [73 KMs]","Northern Railways","Uttar Pradesh",08/2023,08/2023,08/2028,-,811.23,811.23,0.3,0,"Railways"
744,705252,"Mau-Ghazipur-Tarighat Rail Project","RVNL - II","Uttar Pradesh",10/2015,12/2015,03/2024,03/2027,1766,2200,2037.19,89,"Railways"
745,705442,"Aligarh-Harduaganj flyover Railway project","North Central Railway","Uttar Pradesh",10/2015,04/2018,04/2020,03/2026,289,289,335.77,88,"Railways"
746,705542,"Ghoradongri-Maramjhiri 3rd line","West Central Railway [WCR] - II","Uttar Pradesh",10/2014,10/2014,12/2025,02/2026,170,170,303.11,94,"Railways"
747,705561,"Rosa-Sitapur-Burhwal Patch Doubling","North Eastern Railway [NER]","Uttar Pradesh",03/2016,03/2016,03/2025,03/2026,1295,1295,1087,83,"Railways"
748,705564,"Mathura-Palwal 4th line Railway Project","North Central Railway","Uttar Pradesh",10/2015,08/2018,03/2025,03/2026,668,668,542,66,"Railways"
749,705565,"Indara -Dohrighat Gauge conversion 35 Km","North Eastern Railway [NER]","Uttar Pradesh",08/2017,04/2019,03/2024,03/2026,206,206,177.56,92,"Railways"
750,705566,"Varanasi - Madhosingh - Allahabad Gauge Conversion","North Eastern Railway [NER]","Uttar Pradesh",03/2017,11/2018,03/2024,03/2026,629,629,661.12,94,"Railways"
751,705586,"Jhansi-Bhimsen","North Central Railway","Uttar Pradesh",09/2015,10/2015,03/2026,03/2026,1080,1080,750,91,"Railways"
752,705590,"Utretia-Zafrabad","Northern Railways","Uttar Pradesh",09/2015,10/2015,03/2024,03/2026,1402.16,1402.16,1048.97,71,"Railways"
753,705591,"Shahjahanpur-Rosa Bypass","Northern Railways","Uttar Pradesh",03/2016,03/2016,12/2025,12/2025,178,178,57.17,19,"Railways"
754,705593,"Rose-Sitapur Cantt.-Burhwal Cantt.","Northern Railways","Uttar Pradesh",03/2016,03/2016,03/2026,03/2026,1295.34,1295.34,152.05,2,"Railways"
755,705602,"Allahabad-Bamhrauli- 4th line","North Central Railway","Uttar Pradesh",10/2016,12/2017,03/2025,03/2026,211,211,218.42,88,"Railways"
756,705609,"Rooma-Chakeri-Chanderi-3rd Line","North Central Railway","Uttar Pradesh",02/2018,03/2019,03/2025,03/2026,303,303,267.33,78,"Railways"
757,705622,"Doubling of Ayodhya-Akbarpur [59.04 km]","Northern Railways","Uttar Pradesh",09/2016,09/2016,03/2025,03/2025,662,662,631,88,"Railways"
758,705623,"Doubling of Akbarpur-GoshainGanj [22.42 km]","Northern Railways","Uttar Pradesh",09/2016,09/2016,03/2025,03/2025,231.25,231.25,188,71,"Railways"
759,705625,"Gonda-Bahraich-UP","North Eastern Railway [NER]","Uttar Pradesh",08/2018,10/2018,03/2026,03/2026,584.07,584.07,185,55,"Railways"
760,705703,"Roza-Sitapur [Doubling]","Northern Railways","Uttar Pradesh",12/2018,12/2018,12/2025,12/2025,617,617,552,70,"Railways"
761,705786,"Mau - Azamgarh - Shahganj Railway Line Doubling Project [99.75 km]","North Eastern Railway [NER]","Uttar Pradesh",03/2019,08/2018,03/2026,03/2026,1048.8,1048.8,321.35,32,"Railways"
762,705792,"Moradabad-Saharanpur Railway Doubling Project","Northern Railways","Uttar Pradesh",03/2019,03/2019,12/2025,12/2025,1789,1789,328.66,4,"Railways"
763,706856,"Akbarpur-Zafarabad Rail Doubling Project [84 km]","Northern Railways","Uttar Pradesh",01/2015,10/2015,03/2026,03/2026,812.51,812.51,691,73,"Railways"
764,706857,"Bandhua-Varanasi Doubling Rail Project","Northern Railways","Uttar Pradesh",08/2018,10/2018,03/2026,03/2026,204.64,204.64,152,70,"Railways"
765,706858,"Chilbila-Pratapgarh Doubling Rail Project","Northern Railways","Uttar Pradesh",01/2016,10/2016,03/2026,03/2026,517.96,517.96,412,85,"Railways"
766,706859,"Zafarabad-Varanasi Doubling Rail Project","Northern Railways","Uttar Pradesh",08/2018,10/2018,03/2026,03/2026,672,672,217,35,"Railways"
767,706917,"Gorakhpur Cantt- Valmiki Nagar- Doubling project","North Eastern Railway [NER]","Uttar Pradesh",09/2020,09/2020,03/2025,02/2026,1120.25,1120.25,175,25,"Railways"
768,706927,"Varanasi City-Manduadih Railway Line Doubling project","North Eastern Railway [NER]","Uttar Pradesh",09/2018,01/2019,03/2025,03/2026,606.33,606.33,391,32,"Railways"
769,709823,"MALHAUR-DALIGANJ DOUBLING [12.62KM]","Railway","Uttar Pradesh",02/2016,02/2016,03/2026,03/2026,192.51,192.51,123.01,84,"Railways"
770,709824,"PHEPHNA - INDARA [50.43KM]","Railway","Uttar Pradesh",03/2016,03/2016,03/2026,03/2026,458.74,458.74,424.81,95,"Railways"
771,705439,"Deoband-Roorkee New Railway Line","Northern Railways","Uttarakhand",02/2007,02/2007,12/2026,12/2026,304,1166,973.91,84,"Railways"
772,612803,"3rd line bw Bhattanagar - Baltikuri 1.9 km & 4th line bw Dankuni-Bhattanagar 14.5 Km","South Eastern Railway [SER] - I","West Bengal",04/2023,04/2023,12/2026,-,331.06,331.06,17.44,14,"Railways"
773,612812,"Andal - Sitarampur 3rd 4th line","Eastern Railway [ER] - I","West Bengal",03/2023,03/2023,12/2026,-,1688,1688,8,0,"Railways"
774,612816,"Azhimgunj Jn-Poradanga Jn 3.86 km bypass line with double line avoiding Murshidabad & Nalhati","Eastern Railway [ER] - I","West Bengal",03/2023,04/2023,03/2026,-,162,162,60.67,10,"Railways"
775,612822,"Kalaikunda - Jhargram Third Line [30.13 KMs]","South Eastern Railway [SER] - I","West Bengal",03/2023,03/2023,12/2026,-,363.66,363.66,0,0,"Railways"
776,705404,"Kalyani - Bangaon  New BG line [41.34Km]","Eastern Railway [ER] - I","West Bengal",12/2023,03/2010,03/2028,03/2028,735.6,735.6,0,0,"Railways"
777,705408,"Arambag - Bowaichandi [31.42 Km] New BG line","Eastern Railway [ER] - I","West Bengal",03/2013,11/2016,03/2028,03/2028,477,477,7.03,0,"Railways"
778,705409,"Ghatal - Chandrakona Road [20 Km] New BG line","Eastern Railway [ER] - I","West Bengal",03/2013,03/2023,03/2027,03/2027,511,511,1.83,0,"Railways"
779,705413,"Katwa - Mukharjee Hat [11.05 Km] New BG line","Eastern Railway [ER] - I","West Bengal",12/2023,02/2012,03/2028,03/2028,247,247,38,15,"Railways"
780,705414,"Burdwan - Katwa [ 52.88 Km] Gauge Conversion","Eastern Railway [ER] - I","West Bengal",03/2007,03/2007,03/2028,03/2028,527,1087,839,81,"Railways"
781,705417,"Nabadwipghat - Krishnanagar - Shantipur [ 26.24 Km] Gauge Conversion","Eastern Railway [ER] - I","West Bengal",03/2007,03/2016,03/2028,03/2028,142,397,143,30,"Railways"
782,705537,"Barasat-Hasnabad [53 km] Doubling","Eastern Railway [ER] - I","West Bengal",03/2015,11/2014,03/2029,03/2029,484.58,484.58,74.72,1,"Railways"
783,705540,"Habra-Bangaon [32 km] Doubling","Eastern Railway [ER] - I","West Bengal",03/2015,11/2014,03/2028,03/2028,321,321,79.88,14,"Railways"
784,705543,"Sonarpur-Canning - Doubling Project","Eastern Railway [ER] - I","West Bengal",03/2014,04/2022,03/2028,03/2028,217,398.92,44.97,11,"Railways"
785,705548,"Lalgola-Jiaganj [22.75 km] Doubling","Eastern Railway [ER] - I","West Bengal",04/2015,04/2015,03/2026,03/2026,171.74,171.74,166,95,"Railways"
786,705549,"Jhargram - Chakulia Third Line [29.61 Km]","South Eastern Railway [SER] - I","West Bengal",03/2014,10/2015,12/2026,12/2026,206,206,128.84,75,"Railways"
787,705553,"Third Line Bandel - Bainchi","Eastern Railway [ER] - I","West Bengal",03/2011,04/2012,03/2026,03/2026,259.63,556.55,302.26,60,"Railways"
788,705554,"Monigram-Nimtita [21 km] Doubling","Eastern Railway [ER] - I","West Bengal",03/2016,11/2014,03/2026,03/2026,140,256,134.82,90,"Railways"
789,705556,"Guma-Bira - 3rd Line","Eastern Railway [ER] - I","West Bengal",03/2016,03/2016,03/2027,03/2027,337.5,337.5,0,0,"Railways"
790,705557,"Hasnabad-Hingalganj [16 km] Doubling","Eastern Railway [ER] - I","West Bengal",03/2016,03/2016,03/2028,03/2028,252.12,252.12,0,0,"Railways"
791,705558,"Bainchi - Shaktigarh 3rd Line Project [25.8 Km]","Eastern Railway [ER] - I","West Bengal",03/2013,10/2014,03/2026,03/2026,258.91,659.18,521.84,80,"Railways"
792,705757,"KRISHNANAGAR-LALGOLA [128.53 KM] Doubling Project","Eastern Railway [ER] - I","West Bengal",03/2010,03/2010,03/2027,03/2027,1176.4,1176.4,705.82,75,"Railways"
793,705788,"Dakshineswar - Dankuni 4 th Line","Eastern Railway [ER] - I","West Bengal",02/2018,02/2018,03/2027,03/2027,171.18,171.18,2,0,"Railways"
794,706852,"Krishnanagar - Nabadwipghat Doubling Project [15 Km]","Eastern Railway [ER] - I","West Bengal",03/2018,03/2018,03/2027,03/2027,157.06,157.06,0.37,0,"Railways"

